kegiatan_id;kode;nama;satuan_kerja_id;anggaran;tahun_kinerja
1370;5.03.01.1.01.0001;Penyusunan Dokumen Perencanaan Perangkat Daerah;5;80000000;2026
1370;5.03.01.1.01.0002;Koordinasi dan Penyusunan Dokumen RKA- SKPD;5;15000000;2026
1370;5.03.01.1.01.0003;Koordinasi dan Penyusunan Dokumen Perubahan RKA-SKPD;5;5000000;2026
1370;5.03.01.1.01.0004;Koordinasi dan Penyusunan DPA-SKPD;5;8000000;2026
1370;5.03.01.1.01.0005;Koordinasi dan Penyusunan Perubahan DPA- SKPD;5;5000000;2026
1370;5.03.01.1.01.0006;Koordinasi dan Penyusunan Laporan Capaian Kinerja dan Ikhtisar Realisasi Kinerja SKPD;5;10000000;2026
1370;5.03.01.1.01.0007;Evaluasi Kinerja Perangkat Daerah;5;25000000;2026
1370;5.03.01.1.01.0008;Pelaksanaan Pengumpulan Data Statistik Sektoral Daerah;5;15000000;2026
1370;5.03.01.1.01.0009;Pelaksanaan Forum Perangkat Daerah Berdasarkan Bidang Urusan yang Diampu dalam Rangka Penyusunan Dokumen Perencanaan Perangkat Daerah;5;95000000;2026
1370;5.03.01.1.01.0010;Penyelenggaraan Walidata Pendukung Statistik Sektoral Daerah;5;20000000;2026
1371;5.03.01.1.02.0001;Penyediaan Gaji dan Tunjangan ASN;5;11678875709;2026
1371;5.03.01.1.02.0003;Pelaksanaan Penatausahaan dan Pengujian/Verifikasi Keuangan SKPD;5;340000000;2026
1371;5.03.01.1.02.0005;Koordinasi dan Penyusunan Laporan Keuangan Akhir Tahun SKPD;5;27000000;2026
1371;5.03.01.1.02.0006;Pengelolaan dan Penyiapan Bahan Tanggapan Pemeriksaan;5;10000000;2026
1372;5.03.01.1.03.0001;Penyusunan Perencanaan Kebutuhan Barang Milik Daerah SKPD;5;5000000;2026
1372;5.03.01.1.03.0005;Rekonsiliasi dan Penyusunan Laporan Barang Milik Daerah pada SKPD;5;5000000;2026
1372;5.03.01.1.03.0006;Penatausahaan Barang Milik Daerah pada SKPD;5;15000000;2026
1373;5.03.01.1.05.0005;Monitoring, Evaluasi, dan Penilaian Kinerja Pegawai;5;5000000;2026
1373;5.03.01.1.05.0011;Bimbingan Teknis Implementasi Peraturan Perundang-Undangan;5;10000000;2026
1374;5.03.01.1.06.0001;Penyediaan Komponen Instalasi Listrik/Penerangan Bangunan Kantor;5;15000000;2026
1374;5.03.01.1.06.0003;Penyediaan Peralatan Rumah Tangga;5;20000000;2026
1374;5.03.01.1.06.0005;Penyediaan Barang Cetakan dan Penggandaan;5;210000000;2026
1374;5.03.01.1.06.0009;Penyelenggaraan Rapat Koordinasi dan Konsultasi SKPD;5;230000000;2026
1374;5.03.01.1.06.0010;Penatausahaan Arsip Dinamis pada SKPD;5;5000000;2026
1374;5.03.01.1.06.0011;Dukungan Pelaksanaan Sistem Pemerintahan Berbasis Elektronik pada SKPD;5;10000000;2026
1375;5.03.01.1.07.0001;Pengadaan Kendaraan Perorangan Dinas atau Kendaraan Dinas Jabatan;5;0;2026
1375;5.03.01.1.07.0002;Pengadaan Kendaraan Dinas Operasional atau Lapangan;5;0;2026
1375;5.03.01.1.07.0005;Pengadaan Mebel;5;0;2026
1375;5.03.01.1.07.0006;Pengadaan Peralatan dan Mesin Lainnya;5;50000000;2026
1375;5.03.01.1.07.0010;Pengadaan Sarana dan Prasarana Gedung Kantor atau Bangunan Lainnya;5;0;2026
1376;5.03.01.1.08.0001;Penyediaan Jasa Surat Menyurat;5;15000000;2026
1376;5.03.01.1.08.0002;Penyediaan Jasa Komunikasi, Sumber Daya Air dan Listrik;5;460000000;2026
1376;5.03.01.1.08.0003;Penyediaan Jasa Peralatan dan Perlengkapan Kantor;5;35000000;2026
1376;5.03.01.1.08.0004;Penyediaan Jasa Pelayanan Umum Kantor;5;600000000;2026
1377;5.03.01.1.09.0001;Penyediaan Jasa Pemeliharaan, Biaya Pemeliharaan dan Pajak Kendaraan Perorangan Dinas atau Kendaraan Dinas Jabatan;5;400000000;2026
1377;5.03.01.1.09.0002;Penyediaan Jasa Pemeliharaan, Biaya Pemeliharaan, Pajak dan Perizinan Kendaraan Dinas Operasional atau Lapangan;5;110000000;2026
1377;5.03.01.1.09.0006;Pemeliharaan Peralatan dan Mesin Lainnya;5;125000000;2026
1377;5.03.01.1.09.0009;Pemeliharaan/Rehabilitasi Gedung Kantor dan Bangunan Lainnya;5;0;2026
1377;5.03.01.1.09.0010;Pemeliharaan/Rehabilitasi Sarana dan Prasarana Gedung Kantor atau Bangunan Lainnya;5;0;2026
1378;5.03.02.1.01.0001;Perumusan Bahan Kebijakan Pengadaan ASN;5;10000000;2026
1378;5.03.02.1.01.0002;Penyusunan Rencana Kebutuhan, Jenis dan Jumlah Jabatan untuk Pelaksanaan Pengadaan ASN;5;15000000;2026
1378;5.03.02.1.01.0003;Koordinasi dan Fasilitasi Pengadaan PNS dan PPPK;5;340000000;2026
1378;5.03.02.1.01.0004;Evaluasi Pengadaan ASN dan Pengadaan ASN;5;5000000;2026
1378;5.03.02.1.01.0006;Koordinasi Pelaksanaan Administrasi Pemberhentian;5;100000000;2026
1378;5.03.02.1.01.0008;Fasilitasi Lembaga Profesi ASN;5;200000000;2026
1378;5.03.02.1.01.0010;Pengelolaan Sistem Informasi Kepegawaian;5;150000000;2026
1378;5.03.02.1.01.0011;Pengelolaan Data Kepegawaian;5;95000000;2026
1378;5.03.02.1.01.0012;Evaluasi Data, Informasi dan Sistem Informasi Kepegawaian;5;5000000;2026
1379;5.03.02.1.02.0001;Pengelolaan Mutasi ASN;5;90000000;2026
1379;5.03.02.1.02.0002;Pengelolaan Kenaikan Pangkat ASN;5;200000000;2026
1379;5.03.02.1.02.0003;Pengelolaan Promosi ASN;5;450000000;2026
1380;5.03.02.1.03.0001;Peningkatan Kapasitas Kinerja ASN;5;220000000;2026
1380;5.03.02.1.03.0002;Pengelolaan Assessment Center;5;125000000;2026
1380;5.03.02.1.03.0004;Pengelolaan Pendidikan Lanjutan ASN;5;560000000;2026
1380;5.03.02.1.03.0005;Koordinasi dan Kerja Sama Pelaksanaan Diklat;5;10000000;2026
1380;5.03.02.1.03.0014;Fasilitasi Pengembangan Karir dalam Jabatan Fungsional;5;80000000;2026
1381;5.03.02.1.04.0002;Pelaksanaan Penilaian dan Evaluasi Kinerja Aparatur;5;130000000;2026
1381;5.03.02.1.04.0003;Evaluasi Hasil Penilaian dan Evaluasi Kinerja Aparatur;5;20000000;2026
1381;5.03.02.1.04.0005;Pengelolaan Tanda Jasa bagi Pegawai;5;60000000;2026
1381;5.03.02.1.04.0006;Evaluasi Pelaksanaan Pemberian Penghargaan dan Tanda Jasa Aparatur;5;5000000;2026
1381;5.03.02.1.04.0007;Pembinaan Disiplin ASN;5;85000000;2026
1381;5.03.02.1.04.0008;Pengelolaan Penyelesaian Pelanggaran Disiplin ASN;5;50000000;2026
1381;5.03.02.1.04.0009;Pelayanan Proses Izin Perceraian Pegawai;5;15000000;2026
1382;8.01.01.1.01.0001;Penyusunan Dokumen Perencanaan Perangkat Daerah;2;5820000;2026
1382;8.01.01.1.01.0006;Koordinasi dan Penyusunan Laporan Capaian Kinerja dan Ikhtisar Realisasi Kinerja SKPD;2;44923700;2026
1382;8.01.01.1.01.0007;Evaluasi Kinerja Perangkat Daerah;2;112558000;2026
1383;8.01.01.1.02.0001;Penyediaan Gaji dan Tunjangan ASN;2;7193008056;2026
1383;8.01.01.1.02.0002;Penyediaan Administrasi Pelaksanaan Tugas ASN;2;984450000;2026
1383;8.01.01.1.02.0005;Koordinasi dan Penyusunan Laporan Keuangan Akhir Tahun SKPD;2;35221200;2026
1384;8.01.01.1.03.0003;Koordinasi dan Penilaian Barang Milik Daerah SKPD;2;89944400;2026
1384;8.01.01.1.03.0005;Rekonsiliasi dan Penyusunan Laporan Barang Milik Daerah pada SKPD;2;19800000;2026
1384;8.01.01.1.03.0006;Penatausahaan Barang Milik Daerah pada SKPD;2;0;2026
1385;8.01.01.1.05.0002;Pengadaan Pakaian Dinas Beserta Atribut Kelengkapannya;2;59253750;2026
1385;8.01.01.1.05.0009;Pendidikan dan Pelatihan Pegawai Berdasarkan Tugas dan Fungsi;2;5000000;2026
1386;8.01.01.1.06.0002;Penyediaan Peralatan dan Perlengkapan Kantor;2;25044750;2026
1386;8.01.01.1.06.0005;Penyediaan Barang Cetakan dan Penggandaan;2;22828150;2026
1386;8.01.01.1.06.0006;Penyediaan Bahan Bacaan dan Peraturan Perundang-Undangan;2;45400000;2026
1386;8.01.01.1.06.0008;Fasilitasi Kunjungan Tamu;2;29500000;2026
1386;8.01.01.1.06.0009;Penyelenggaraan Rapat Koordinasi dan Konsultasi SKPD;2;413146400;2026
1387;8.01.01.1.07.0002;Pengadaan Kendaraan Dinas Operasional atau Lapangan;2;20000000;2026
1387;8.01.01.1.07.0005;Pengadaan Mebel;2;940000;2026
1387;8.01.01.1.07.0006;Pengadaan Peralatan dan Mesin Lainnya;2;679320;2026
1388;8.01.01.1.08.0002;Penyediaan Jasa Komunikasi, Sumber Daya Air dan Listrik;2;112752000;2026
1388;8.01.01.1.08.0003;Penyediaan Jasa Peralatan dan Perlengkapan Kantor;2;102261033;2026
1388;8.01.01.1.08.0004;Penyediaan Jasa Pelayanan Umum Kantor;2;67200000;2026
1389;8.01.01.1.09.0001;Penyediaan Jasa Pemeliharaan, Biaya Pemeliharaan dan Pajak Kendaraan Perorangan Dinas atau Kendaraan Dinas Jabatan;2;679834000;2026
1389;8.01.01.1.09.0006;Pemeliharaan Peralatan dan Mesin Lainnya;2;53025000;2026
1390;8.01.02.1.01.0002;Perumusan Kebijakan Teknis di Bidang Ideologi Wawasan Kebangsaan, Bela Negara, Karakter Bangsa, Pembauran Kebangsaan, Bhineka Tunggal Ika dan Sejarah Kebangsaan;2;10000150;2026
1390;8.01.02.1.01.0003;Pelaksanaan Kebijakan di Bidang Ideologi Wawasan Kebangsaan, Bela Negara, Karakter Bangsa, Pembauran Kebangsaan, Bhineka Tunggal Ika dan Sejarah Kebangsaan;2;133548775;2026
1390;8.01.02.1.01.0004;Pelaksanaan Koordinasi di Bidang Ideologi Wawasan Kebangsaan, Bela Negara, Karakter Bangsa, Pembauran Kebangsaan, Bhineka Tunggal Ika dan Sejarah Kebangsaan;2;60338025;2026
1390;8.01.02.1.01.0005;Pelaksanaan Monitoring Evaluasi dan Pelaporan di Bidang Ideologi Wawasan Kebangsaan, Bela Negara, Karakter Bangsa, Pembauran Kebangsaan, Bhineka Tunggal Ika dan Sejarah Kebangsaan;2;72204850;2026
1390;8.01.02.1.01.0006;Pembentukan dan Penumbuhan Karakter Keluarga Melalui Peningkatan Kesadaran Masyarakat akan Pentingnya Penghayatan dan Pengamalan Pancasila dalam Semua Aspek Kehidupan Bermasyarakat, Berbangsa, dan Bernegara;2;118950025;2026
1390;8.01.02.1.01.0007;Pengangkatan Purnapaskibraka Duta Pancasila;2;33279750;2026
1390;8.01.02.1.01.0008;Pembinaan terhadap aktivitas kepaskibrakaan dan  Purnapaskibraka;2;40883500;2026
1390;8.01.02.1.01.0009;Pelaksanaan tugas Paskibraka;2;129849100;2026
1390;8.01.02.1.01.0010;Pelaksanaan tugas Purnapaskibraka Duta Pancasila;2;0;2026
1390;8.01.02.1.01.0011;Pembinaan Lanjutan kepada Purnapaskibraka Duta  Pancasila;2;0;2026
1390;8.01.02.1.01.0012;Pembentukan Paskibraka;2;999999850;2026
1391;8.01.03.1.01.0002;Penyusunan Bahan Perumusan Kebijakan di Bidang Pendidikan Politik, Etika Budaya Politik, Peningkatan Demokrasi, Fasilitasi Kelembagaan Pemerintahan, Perwakilan dan Partai Politik, Pemilihan Umum/Pemilihan Umum Kepala Daerah, serta Pemantauan Situasi Politik di Daerah;2;1532250000;2026
1391;8.01.03.1.01.0003;Pelaksanaan Kebijakan di Bidang Pendidikan Politik, Etika Budaya Politik, Peningkatan Demokrasi, Fasilitasi Kelembagaan Pemerintahan, Perwakilan dan Partai Politik, Pemilihan Umum/Pemilihan Umum Kepala Daerah, serta Pemantauan Situasi Politik di Daerah;2;84794000;2026
1391;8.01.03.1.01.0004;Pelaksanaan Koordinasi di Bidang Pendidikan Politik, Etika Budaya Politik, Peningkatan Demokrasi, Fasilitasi Kelembagaan Pemerintahan, Perwakilan dan Partai Politik, Pemilihan Umum/Pemilihan Umum Kepala Daerah, serta Pemantauan Situasi Politik di Daerah;2;234508450;2026
1391;8.01.03.1.01.0005;Pelaksanaan Monitoring, Evaluasi dan Pelaporan di Bidang Pendidikan Politik, Etika Budaya Politik, Peningkatan Demokrasi, Fasilitasi Kelembagaan Pemerintahan, Perwakilan dan Partai Politik, Pemilihan Umum/Pemilihan Umum Kepala Daerah, serta Pemantauan Situasi Politik di Daerah;2;153389900;2026
1392;8.01.04.1.01.0002;Penyusunan Bahan Perumusan Kebijakan Dibidang Pendaftaran Ormas, Pemberdayaan Ormas, Evaluasi dan Mediasi Sengketa Ormas, Pengawasan Ormas dan Ormas Asing di Daerah;2;1800000000;2026
1392;8.01.04.1.01.0003;Pelaksanaan Kebijakan Dibidang Pendaftaran Ormas, Pemberdayaan Ormas, Evaluasi dan Mediasi Sengketa Ormas, Pengawasan Ormas dan Ormas Asing di Daerah;2;91177300;2026
1392;8.01.04.1.01.0004;Pelaksanaan Koordinasi Dibidang Pendaftaran Ormas, Pemberdayaan Ormas, Evaluasi dan Mediasi Sengketa Ormas, Pengawasan Ormas dan Ormas Asing di Daerah;2;74535100;2026
1392;8.01.04.1.01.0005;Pelaksanaan Monitoring Evaluasi dan Pelaporan Dibidang Pendaftaran Ormas, Pemberdayaan Ormas, Evaluasi dan Mediasi Sengketa Ormas, Pengawasan Ormas dan Ormas Asing di Daerah;2;85616850;2026
1393;8.01.05.1.01.0003;Pelaksanaan Kebijakan di Bidang Ketahanan Ekonomi, Sosial, Budaya dan Fasilitasi Pencegahan Penyalagunaan Narkotika, Fasilitasi Kerukunan Umat Beragama dan Penghayat Kepercayaan di Daerah;2;73858950;2026
1393;8.01.05.1.01.0004;Pelaksanaan Koordinasi di Bidang Ketahanan Ekonomi, Sosial, Budaya dan Fasilitasi Pencegahan Penyalagunaan Narkotika, Fasilitasi Kerukunan Umat Beragama dan Penghayat Kepercayaan di Daerah;2;76272950;2026
1393;8.01.05.1.01.0005;Pelaksanaan Monitoring, Evaluasi dan Pelaporan di Bidang Ketahanan Ekonomi, Sosial, Budaya dan Fasilitasi Pencegahan Penyalagunaan Narkotika, Fasilitasi Kerukunan Umat Beragama dan Penghayat Kepercayaan di Daerah;2;94958950;2026
1394;8.01.06.1.01.0002;Penyusunan Bahan Perumusan Kebijakan di Bidang Kewaspadaan Dini, Kerja Sama Intelijen, Pemantauan Orang Asing, Tenaga Kerja Asing dan Lembaga Asing, Kewaspadaan Perbatasan Antar Negara, Fasilitasi Kelembagaan Bidang Kewaspadaan, serta Penanganan Konflik di Daerah;2;27876600;2026
1394;8.01.06.1.01.0003;Pelaksanaan Kebijakan di Bidang Kewaspadaan Dini, Kerja Sama Intelijen, Pemantauan Orang Asing, Tenaga Kerja Asing dan Lembaga Asing, Kewaspadaan Perbatasan Antar Negara, Fasilitasi Kelembagaan Bidang Kewaspadaan, serta Penanganan Konflik di Daerah;2;68978500;2026
1394;8.01.06.1.01.0004;Pelaksanaan Koordinasi di Bidang Kewaspadaan Dini, Kerja Sama Intelijen, Pemantauan Orang Asing, Tenaga Kerja Asing dan Lembaga Asing, Kewaspadaan Perbatasan Antar Negara, Fasilitasi Kelembagaan Bidang Kewaspadaan, serta Penanganan Konflik di Daerah;2;175542050;2026
1394;8.01.06.1.01.0005;Pelaksanaan Monitoring, Evaluasi dan Pelaporan di Bidang Kewaspadaan Dini, Kerja Sama Intelijen, Pemantauan Orang Asing, Tenaga Kerja Asing dan Lembaga Asing, Kewaspadaan Perbatasan Antar Negara, Fasilitasi Kelembagaan Bidang Kewaspadaan, serta Penanganan Konflik di Daerah;2;153195600;2026
1394;8.01.06.1.01.0006;Pelaksanaan Forum Koordinasi Pimpinan Daerah Provinsi;2;344409050;2026
1395;1.05.01.1.01.0001;Penyusunan Dokumen Perencanaan Perangkat Daerah;8;22900500;2026
1395;1.05.01.1.01.0002;Koordinasi dan Penyusunan Dokumen RKA- SKPD;8;0;2026
1395;1.05.01.1.01.0004;Koordinasi dan Penyusunan DPA-SKPD;8;150000150;2026
1395;1.05.01.1.01.0006;Koordinasi dan Penyusunan Laporan Capaian Kinerja dan Ikhtisar Realisasi Kinerja SKPD;8;0;2026
1395;1.05.01.1.01.0007;Evaluasi Kinerja Perangkat Daerah;8;60198500;2026
1395;1.05.01.1.01.0008;Pelaksanaan Pengumpulan Data Statistik Sektoral Daerah;8;0;2026
1396;1.05.01.1.02.0001;Penyediaan Gaji dan Tunjangan ASN;8;9524624083;2026
1396;1.05.01.1.02.0002;Penyediaan Administrasi Pelaksanaan Tugas ASN;8;2040000000;2026
1396;1.05.01.1.02.0003;Pelaksanaan Penatausahaan dan Pengujian/Verifikasi Keuangan SKPD;8;330898250;2026
1396;1.05.01.1.02.0004;Koordinasi dan Pelaksanaan Akuntansi SKPD;8;0;2026
1396;1.05.01.1.02.0005;Koordinasi dan Penyusunan Laporan Keuangan Akhir Tahun SKPD;8;0;2026
1396;1.05.01.1.02.0006;Pengelolaan dan Penyiapan Bahan Tanggapan Pemeriksaan;8;0;2026
1396;1.05.01.1.02.0007;Koordinasi dan Penyusunan Laporan Keuangan Bulanan/ Triwulanan/Semesteran SKPD;8;0;2026
1396;1.05.01.1.02.0008;Penyusunan Pelaporan dan Analisis Prognosis Realisasi Anggaran;8;53907950;2026
1397;1.05.01.1.03.0001;Penyusunan Perencanaan Kebutuhan Barang Milik Daerah SKPD;8;0;2026
1397;1.05.01.1.03.0002;Pengamanan Barang Milik Daerah SKPD;8;0;2026
1397;1.05.01.1.03.0003;Koordinasi dan Penilaian Barang Milik Daerah SKPD;8;0;2026
1397;1.05.01.1.03.0004;Pembinaan, Pengawasan, dan Pengendalian Barang Milik Daerah pada SKPD;8;0;2026
1397;1.05.01.1.03.0005;Rekonsiliasi dan Penyusunan Laporan Barang Milik Daerah pada SKPD;8;0;2026
1397;1.05.01.1.03.0006;Penatausahaan Barang Milik Daerah pada SKPD;8;91724250;2026
1398;1.05.01.1.05.0001;Peningkatan Sarana dan Prasarana Disiplin Pegawai;8;0;2026
1398;1.05.01.1.05.0002;Pengadaan Pakaian Dinas Beserta Atribut Kelengkapannya;8;0;2026
1398;1.05.01.1.05.0003;Pendataan dan Pengolahan Administrasi Kepegawaian;8;0;2026
1398;1.05.01.1.05.0004;Koordinasi dan Pelaksanaan Sistem Informasi Kepegawaian;8;0;2026
1398;1.05.01.1.05.0005;Monitoring, Evaluasi, dan Penilaian Kinerja Pegawai;8;0;2026
1398;1.05.01.1.05.0009;Pendidikan dan Pelatihan Pegawai Berdasarkan Tugas dan Fungsi;8;0;2026
1399;1.05.01.1.06.0001;Penyediaan Komponen Instalasi Listrik/Penerangan Bangunan Kantor;8;0;2026
1399;1.05.01.1.06.0002;Penyediaan Peralatan dan Perlengkapan Kantor;8;66255800;2026
1399;1.05.01.1.06.0003;Penyediaan Peralatan Rumah Tangga;8;0;2026
1399;1.05.01.1.06.0005;Penyediaan Barang Cetakan dan Penggandaan;8;0;2026
1399;1.05.01.1.06.0009;Penyelenggaraan Rapat Koordinasi dan Konsultasi SKPD;8;88116000;2026
1400;1.05.01.1.07.0002;Pengadaan Kendaraan Dinas Operasional atau Lapangan;8;0;2026
1400;1.05.01.1.07.0006;Pengadaan Peralatan dan Mesin Lainnya;8;0;2026
1400;1.05.01.1.07.0007;Pengadaan Aset Tetap Lainnya;8;0;2026
1400;1.05.01.1.07.0010;Pengadaan Sarana dan Prasarana Gedung Kantor atau Bangunan Lainnya;8;55561480;2026
1400;1.05.01.1.07.0011;Pengadaan Sarana dan Prasarana Pendukung Gedung Kantor atau Bangunan Lainnya;8;0;2026
1401;1.05.01.1.08.0002;Penyediaan Jasa Komunikasi, Sumber Daya Air dan Listrik;8;209840000;2026
1401;1.05.01.1.08.0004;Penyediaan Jasa Pelayanan Umum Kantor;8;24200000;2026
1402;1.05.01.1.09.0002;Penyediaan Jasa Pemeliharaan, Biaya Pemeliharaan, Pajak dan Perizinan Kendaraan Dinas Operasional atau Lapangan;8;0;2026
1402;1.05.01.1.09.0006;Pemeliharaan Peralatan dan Mesin Lainnya;8;102450000;2026
1402;1.05.01.1.09.0007;Pemeliharaan Aset Tetap Lainnya;8;0;2026
1403;1.05.03.1.01.0003;Penyusunan Kajian Risiko Bencana Provinsi;8;0;2026
1403;1.05.03.1.01.0004;Sosialisasi, Komunikasi, Informasi dan Edukasi (KIE) Rawan Bencana Provinsi (Per Jenis Ancaman);8;0;2026
1404;1.05.03.1.02.0013;Penguatan Kapasitas Kawasan untuk Pencegahan dan Kesiapsiagaan bencana;8;0;2026
1404;1.05.03.1.02.0022;Penyusunan Rencana Penanggulangan Kedaruratan Bencana;8;0;2026
1404;1.05.03.1.02.0023;Gladi Kesiapsiagaan Terhadap Bencana;8;0;2026
1404;1.05.03.1.02.0024;Penyusunan Rencana Penanggulangan Bencana Provinsi;8;0;2026
1404;1.05.03.1.02.0025;Penyusunan Rencana Kontijensi;8;0;2026
1404;1.05.03.1.02.0027;Pengembangan Kapasitas Tim Reaksi Cepat (TRC) Bencana;8;0;2026
1404;1.05.03.1.02.0028;Penyediaan Peralatan Perlindungan dan Kesiapsiagaan Bencana;8;0;2026
1404;1.05.03.1.02.0030;Pelatihan Pencegahan dan Mitigasi Bencana;8;0;2026
1405;1.05.03.1.03.0009;Penyusunan Rencana Operasi Kedaruratan Bencana Provinsi;8;0;2026
1405;1.05.03.1.03.0025;Pencarian, Pertolongan dan Evakuasi Korban Bencana;8;0;2026
1405;1.05.03.1.03.0026;Peningkatan Kapasitas Sumber Daya Aparatur dalam penangananan keadaan darurat Provinsi;8;0;2026
1405;1.05.03.1.03.0028;Penyediaan Logistik Penyelamatan dan Evakuasi Korban Bencana;8;672928700;2026
1405;1.05.03.1.03.0030;Respon Cepat Penanganan Darurat Bencana;8;294000000;2026
1405;1.05.03.1.03.0031;Aktivasi Sistem Komando Penanganan Darurat Bencana;8;0;2026
1406;1.05.03.1.04.0006;Pelatihan Keluarga Tanggap Bencana Alam;8;0;2026
1406;1.05.03.1.04.0007;Penanganan Pasca Bencana Provinsi;8;0;2026
1406;1.05.03.1.04.0009;Koordinasi Penanganan Pascabencana Provinsi;8;0;2026
1406;1.05.03.1.04.0010;Peningkatan partisipasi masyarakat dan dunia usaha dalam penanganan Pascabencana Provinsi;8;0;2026
1406;1.05.03.1.04.0013;Bimbingan Teknis Pasca Bencana Provinsi;8;0;2026
1406;1.05.03.1.04.0018;Penguatan Kelembagaan Bencana Daerah;8;229305000;2026
1406;1.05.03.1.04.0021;Peningkatan Kapasitas SDM Aparatur Dalam Penanganan Keadaan Darurat  Provinsi;8;0;2026
1406;1.05.03.1.04.0023;Pembinaan dan Pengawasan Penerapan Standar Pelayanan Minimal (SPM) Sub Urusan Bencana Kabupaten/Kota;8;97168200;2026
1407;5.02.01.1.01.0001;Penyusunan Dokumen Perencanaan Perangkat Daerah;3;175977645;2026
1407;5.02.01.1.01.0006;Koordinasi dan Penyusunan Laporan Capaian Kinerja dan Ikhtisar Realisasi Kinerja SKPD;3;282272400;2026
1407;5.02.01.1.01.0008;Pelaksanaan Pengumpulan Data Statistik Sektoral Daerah;3;0;2026
1407;5.02.01.1.01.0010;Penyelenggaraan Walidata Pendukung Statistik Sektoral Daerah;3;0;2026
1408;5.02.01.1.02.0001;Penyediaan Gaji dan Tunjangan ASN;3;65385339626;2026
1408;5.02.01.1.02.0003;Pelaksanaan Penatausahaan dan Pengujian/Verifikasi Keuangan SKPD;3;2472620750;2026
1408;5.02.01.1.02.0005;Koordinasi dan Penyusunan Laporan Keuangan Akhir Tahun SKPD;3;116460000;2026
1409;5.02.01.1.03.0005;Rekonsiliasi dan Penyusunan Laporan Barang Milik Daerah pada SKPD;3;82850000;2026
1410;5.02.01.1.04.0001;Perencanaan Pengelolaan Retribusi Daerah;3;0;2026
1410;5.02.01.1.04.0002;Analisa dan Pengembangan Retribusi Daerah, serta Penyusunan Kebijakan Retribusi Daerah;3;0;2026
1410;5.02.01.1.04.0003;Penyuluhan dan Penyebarluasan Kebijakan Retribusi Daerah;3;0;2026
1410;5.02.01.1.04.0004;Pendataan dan Pendaftaran Objek Retribusi Daerah;3;0;2026
1410;5.02.01.1.04.0007;Pelaporan Pengelolaan Retribusi Daerah;3;0;2026
1411;5.02.01.1.05.0002;Pengadaan Pakaian Dinas Beserta Atribut Kelengkapannya;3;0;2026
1411;5.02.01.1.05.0003;Pendataan dan Pengolahan Administrasi Kepegawaian;3;104891350;2026
1411;5.02.01.1.05.0009;Pendidikan dan Pelatihan Pegawai Berdasarkan Tugas dan Fungsi;3;71000000;2026
1411;5.02.01.1.05.0010;Sosialisasi Peraturan Perundang-Undangan;3;13538750;2026
1412;5.02.01.1.06.0001;Penyediaan Komponen Instalasi Listrik/Penerangan Bangunan Kantor;3;27376656;2026
1412;5.02.01.1.06.0002;Penyediaan Peralatan dan Perlengkapan Kantor;3;399177309;2026
1412;5.02.01.1.06.0005;Penyediaan Barang Cetakan dan Penggandaan;3;10800000;2026
1412;5.02.01.1.06.0009;Penyelenggaraan Rapat Koordinasi dan Konsultasi SKPD;3;89200000;2026
1412;5.02.01.1.06.0011;Dukungan Pelaksanaan Sistem Pemerintahan Berbasis Elektronik pada SKPD;3;49999000;2026
1413;5.02.01.1.07.0002;Pengadaan Kendaraan Dinas Operasional atau Lapangan;3;660000000;2026
1413;5.02.01.1.07.0008;Pengadaan Aset Tak Berwujud;3;0;2026
1413;5.02.01.1.07.0010;Pengadaan Sarana dan Prasarana Gedung Kantor atau Bangunan Lainnya;3;329800000;2026
1414;5.02.01.1.08.0002;Penyediaan Jasa Komunikasi, Sumber Daya Air dan Listrik;3;5797142363;2026
1414;5.02.01.1.08.0003;Penyediaan Jasa Peralatan dan Perlengkapan Kantor;3;39135000;2026
1414;5.02.01.1.08.0004;Penyediaan Jasa Pelayanan Umum Kantor;3;3826500000;2026
1415;5.02.01.1.09.0001;Penyediaan Jasa Pemeliharaan, Biaya Pemeliharaan dan Pajak Kendaraan Perorangan Dinas atau Kendaraan Dinas Jabatan;3;0;2026
1415;5.02.01.1.09.0002;Penyediaan Jasa Pemeliharaan, Biaya Pemeliharaan, Pajak dan Perizinan Kendaraan Dinas Operasional atau Lapangan;3;273150000;2026
1415;5.02.01.1.09.0006;Pemeliharaan Peralatan dan Mesin Lainnya;3;892091600;2026
1415;5.02.01.1.09.0007;Pemeliharaan Aset Tetap Lainnya;3;702889150;2026
1416;5.02.04.1.01.0001;Perencanaan Pengelolaan Pajak Daerah;3;56371000;2026
1416;5.02.04.1.01.0002;Analisa dan Pengembangan Pajak Daerah, serta Penyusunan Kebijakan Pajak Daerah;3;65585000;2026
1416;5.02.04.1.01.0003;Penyuluhan dan Penyebarluasan Kebijakan Pajak Daerah;3;312645000;2026
1416;5.02.04.1.01.0005;Pendataan dan Pendaftaran Objek Pajak Daerah;3;1754161540;2026
1416;5.02.04.1.01.0006;Pengolahan, Pemeliharaan, dan Pelaporan Basis Data Pajak Daerah;3;149999950;2026
1416;5.02.04.1.01.0007;Penetapan Wajib Pajak Daerah;3;55606000;2026
1416;5.02.04.1.01.0008;Pelayanan dan Konsultasi Pajak Daerah;3;14694000;2026
1416;5.02.04.1.01.0009;Penelitian dan Verifikasi Data Pelaporan Pajak Daerah;3;0;2026
1416;5.02.04.1.01.0010;Penagihan Pajak Daerah;3;1155816206;2026
1416;5.02.04.1.01.0011;Penyelesaian Keberatan Pajak Daerah;3;0;2026
1416;5.02.04.1.01.0012;Pengendalian, Pemeriksaan dan Pengawasan Pajak Daerah;3;100000000;2026
1416;5.02.04.1.01.0013;Pembinaan dan Pengawasan Pengelolaan Pajak Daerah dan Retribusi Daerah;3;191120000;2026
1416;5.02.04.1.01.0014;Elektronifikasi Transaksi Pemerintah Daerah;3;99999950;2026
1417;5.02.01.1.01.0001;Penyusunan Dokumen Perencanaan Perangkat Daerah;4;151634951;2026
1417;5.02.01.1.01.0002;Koordinasi dan Penyusunan Dokumen RKA- SKPD;4;56551000;2026
1417;5.02.01.1.01.0003;Koordinasi dan Penyusunan Dokumen Perubahan RKA-SKPD;4;65200000;2026
1417;5.02.01.1.01.0004;Koordinasi dan Penyusunan DPA-SKPD;4;64350000;2026
1417;5.02.01.1.01.0005;Koordinasi dan Penyusunan Perubahan DPA- SKPD;4;42850000;2026
1417;5.02.01.1.01.0007;Evaluasi Kinerja Perangkat Daerah;4;396654100;2026
1417;5.02.01.1.01.0008;Pelaksanaan Pengumpulan Data Statistik Sektoral Daerah;4;51970000;2026
1417;5.02.01.1.01.0010;Penyelenggaraan Walidata Pendukung Statistik Sektoral Daerah;4;52010000;2026
1418;5.02.01.1.02.0001;Penyediaan Gaji dan Tunjangan ASN;4;499463498710;2026
1418;5.02.01.1.02.0003;Pelaksanaan Penatausahaan dan Pengujian/Verifikasi Keuangan SKPD;4;266180000;2026
1418;5.02.01.1.02.0004;Koordinasi dan Pelaksanaan Akuntansi SKPD;4;41061250;2026
1418;5.02.01.1.02.0005;Koordinasi dan Penyusunan Laporan Keuangan Akhir Tahun SKPD;4;107250000;2026
1418;5.02.01.1.02.0006;Pengelolaan dan Penyiapan Bahan Tanggapan Pemeriksaan;4;304877100;2026
1418;5.02.01.1.02.0007;Koordinasi dan Penyusunan Laporan Keuangan Bulanan/ Triwulanan/Semesteran SKPD;4;40961500;2026
1418;5.02.01.1.02.0008;Penyusunan Pelaporan dan Analisis Prognosis Realisasi Anggaran;4;25250000;2026
1419;5.02.01.1.03.0001;Penyusunan Perencanaan Kebutuhan Barang Milik Daerah SKPD;4;19500000;2026
1419;5.02.01.1.03.0002;Pengamanan Barang Milik Daerah SKPD;4;58377050;2026
1419;5.02.01.1.03.0006;Penatausahaan Barang Milik Daerah pada SKPD;4;81825200;2026
1420;5.02.01.1.05.0002;Pengadaan Pakaian Dinas Beserta Atribut Kelengkapannya;4;191475000;2026
1420;5.02.01.1.05.0003;Pendataan dan Pengolahan Administrasi Kepegawaian;4;37851150;2026
1420;5.02.01.1.05.0005;Monitoring, Evaluasi, dan Penilaian Kinerja Pegawai;4;81768500;2026
1420;5.02.01.1.05.0009;Pendidikan dan Pelatihan Pegawai Berdasarkan Tugas dan Fungsi;4;59008000;2026
1420;5.02.01.1.05.0010;Sosialisasi Peraturan Perundang-Undangan;4;174984000;2026
1420;5.02.01.1.05.0011;Bimbingan Teknis Implementasi Peraturan Perundang-Undangan;4;248350000;2026
1421;5.02.01.1.06.0001;Penyediaan Komponen Instalasi Listrik/Penerangan Bangunan Kantor;4;43637990;2026
1421;5.02.01.1.06.0002;Penyediaan Peralatan dan Perlengkapan Kantor;4;339247650;2026
1421;5.02.01.1.06.0003;Penyediaan Peralatan Rumah Tangga;4;13166000;2026
1421;5.02.01.1.06.0005;Penyediaan Barang Cetakan dan Penggandaan;4;117637500;2026
1421;5.02.01.1.06.0009;Penyelenggaraan Rapat Koordinasi dan Konsultasi SKPD;4;719754000;2026
1422;5.02.01.1.07.0001;Pengadaan Kendaraan Perorangan Dinas atau Kendaraan Dinas Jabatan;4;44160000;2026
1422;5.02.01.1.07.0005;Pengadaan Mebel;4;177171300;2026
1422;5.02.01.1.07.0006;Pengadaan Peralatan dan Mesin Lainnya;4;550916588;2026
1422;5.02.01.1.07.0009;Pengadaan Gedung Kantor atau Bangunan Lainnya;4;50000000;2026
1423;5.02.01.1.08.0001;Penyediaan Jasa Surat Menyurat;4;107235000;2026
1423;5.02.01.1.08.0002;Penyediaan Jasa Komunikasi, Sumber Daya Air dan Listrik;4;1690120400;2026
1423;5.02.01.1.08.0003;Penyediaan Jasa Peralatan dan Perlengkapan Kantor;4;258113600;2026
1423;5.02.01.1.08.0004;Penyediaan Jasa Pelayanan Umum Kantor;4;2263570429;2026
1424;5.02.01.1.09.0001;Penyediaan Jasa Pemeliharaan, Biaya Pemeliharaan dan Pajak Kendaraan Perorangan Dinas atau Kendaraan Dinas Jabatan;4;1012850000;2026
1424;5.02.01.1.09.0010;Pemeliharaan/Rehabilitasi Sarana dan Prasarana Gedung Kantor atau Bangunan Lainnya;4;140000000;2026
1424;5.02.01.1.09.0011;Pemeliharaan/Rehabilitasi Sarana dan Prasarana Pendukung Gedung Kantor atau Bangunan Lainnya;4;173640000;2026
1425;5.02.02.1.01.0001;Koordinasi dan Penyusunan KUA dan PPAS;4;481088250;2026
1425;5.02.02.1.01.0002;Koordinasi dan Penyusunan Perubahan KUA dan Perubahan PPAS;4;257380250;2026
1425;5.02.02.1.01.0003;Koordinasi, Penyusunan dan Verifikasi RKA- SKPD;4;610326875;2026
1425;5.02.02.1.01.0005;Koordinasi, Penyusunan dan Verifikasi DPA- SKPD;4;88294125;2026
1425;5.02.02.1.01.0007;Koordinasi dan Penyusunan Peraturan Daerah tentang APBD dan Peraturan Kepala Daerah tentang Penjabaran APBD;4;1598018500;2026
1425;5.02.02.1.01.0008;Koordinasi dan Penyusunan Peraturan Daerah tentang Perubahan APBD dan Peraturan Kepala Daerah tentang Penjabaran Perubahan APBD;4;190251148;2026
1425;5.02.02.1.01.0013;Pembinaan Perencanaan Penganggaran Daerah Pemerintah Provinsi;4;526277350;2026
1426;5.02.02.1.02.0002;Evaluasi Rancangan Peraturan Daerah tentang APBD Kabupaten/Kota dan Rancangan Peraturan Kepala Daerah tentang Penjabaran APBD Kabupaten/Kota;4;430357125;2026
1426;5.02.02.1.02.0003;Evaluasi Rancangan Peraturan Daerah tentang Perubahan APBD Kabupaten/Kota dan Rancangan Peraturan Kepala Daerah tentang Penjabaran Perubahan APBD Kabupaten/Kota;4;195864400;2026
1427;5.02.02.1.03.0001;Koordinasi dan Pengelolaan Kas Daerah;4;203762300;2026
1427;5.02.02.1.03.0003;Penyiapan, Pelaksanaan Pengendalian dan Penerbitan Anggaran Kas dan SPD;4;271858515;2026
1427;5.02.02.1.03.0004;Penatausahaan Pembiayaan Daerah;4;322879210;2026
1427;5.02.02.1.03.0005;Koordinasi, Fasilitasi, Asistensi, Sinkronisasi, Supervisi, Monitoring, dan Evaluasi Pengelolaan Dana Perimbangan dan Dana Transfer Lainnya;4;401621330;2026
1427;5.02.02.1.03.0007;Koordinasi dan Penyusunan Laporan Realisasi Penerimaan dan Pengeluaran Kas Daerah, Laporan Aliran Kas, dan Pelaksanaan Pemungutan/Pemotongan dan Penyetoran Perhitungan Fihak Ketiga (PFK);4;243814000;2026
1427;5.02.02.1.03.0008;Koordinasi Pelaksanaan Piutang dan Utang Daerah yang Timbul Akibat Pengelolaan Kas, Pelaksanaan Analisis Pembiayaan dan Penempatan Uang Daerah sebagai Optimalisasi Kas;4;161379993;2026
1427;5.02.02.1.03.0009;Rekonsiliasi Data Penerimaan dan Pengeluaran Kas serta Pemungutan dan Pemotongan atas SP2D dengan Instansi Terkait;4;526409000;2026
1427;5.02.02.1.03.0010;Penyusunan Petunjuk Teknis Administrasi Keuangan yang Berkaitan dengan Penerimaan dan Pengeluaran Kas serta Penatausahaan dan Pertanggungjawaban Sub Kegiatan;4;716592550;2026
1428;5.02.02.1.04.0002;Rekonsiliasi dan Verifikasi Aset, Kewajiban, Ekuitas, Pendapatan, Belanja, Pembiayaan, Pendapatan-LO, dan Beban;4;511255100;2026
1428;5.02.02.1.04.0004;Konsolidasi Laporan Keuangan SKPD, BLUD dan Laporan Keuangan Pemerintah Daerah;4;765884400;2026
1428;5.02.02.1.04.0005;Koordinasi dan Penyusunan Rancangan Peraturan Daerah tentang Pertanggungjawaban Pelaksanaan APBD Provinsi dan Rancangan Peraturan Kepala Daerah tentang Penjabaran Pertanggungjawaban Pelaksanaan APBD Provinsi;4;706912450;2026
1428;5.02.02.1.04.0010;Penyusunan Sistem dan Prosedur Akuntansi dan Pelaporan Keuangan Pemerintah Daerah;4;595456000;2026
1428;5.02.02.1.04.0011;Pembinaan Akuntansi, Pelaporan dan Pertanggungjawaban Pemerintah Provinsi;4;304244050;2026
1428;5.02.02.1.04.0012;Pembinaan Pengelolaan Keuangan BLUD Provinsi;4;201169850;2026
1429;5.02.02.1.05.0008;Analisis Perencanaan dan Penyaluran Bantuan Keuangan;4;73464000000;2026
1429;5.02.02.1.05.0009;Pengelolaan Dana Darurat dan Mendesak;4;10000000000;2026
1429;5.02.02.1.05.0010;Pengelolaan Dana Bagi Hasil Provinsi;4;616189637686;2026
1430;5.02.03.1.01.0001;Penyusunan Standar Harga;4;167944850;2026
1430;5.02.03.1.01.0003;Penyusunan Rencana Kebutuhan Barang Milik Daerah;4;107436700;2026
1430;5.02.03.1.01.0005;Penatausahaan Barang Milik Daerah;4;847261850;2026
1430;5.02.03.1.01.0006;Inventarisasi Barang Milik Daerah;4;242395300;2026
1430;5.02.03.1.01.0007;Pengamanan Barang Milik Daerah;4;5139613950;2026
1430;5.02.03.1.01.0008;Penilaian Barang Milik Daerah;4;270020900;2026
1430;5.02.03.1.01.0009;Pengawasan dan Pengendalian Pengelolaan Barang Milik Daerah;4;237991950;2026
1430;5.02.03.1.01.0010;Optimalisasi Penggunaan, Pemanfaatan, Pemindahtanganan, Pemusnahan, dan Penghapusan Barang Milik Daerah;4;232802550;2026
1430;5.02.03.1.01.0011;Rekonsiliasi dalam rangka Penyusunan Laporan Barang Milik Daerah;4;320863200;2026
1430;5.02.03.1.01.0012;Penyusunan Laporan Barang Milik Daerah;4;217668750;2026
1431;5.04.01.1.01.0001;Penyusunan Dokumen Perencanaan Perangkat Daerah;6;552640356;2026
1431;5.04.01.1.01.0006;Koordinasi dan Penyusunan Laporan Capaian Kinerja dan Ikhtisar Realisasi Kinerja SKPD;6;40999750;2026
1431;5.04.01.1.01.0007;Evaluasi Kinerja Perangkat Daerah;6;25690850;2026
1431;5.04.01.1.01.0008;Pelaksanaan Pengumpulan Data Statistik Sektoral Daerah;6;157070850;2026
1431;5.04.01.1.01.0010;Penyelenggaraan Walidata Pendukung Statistik Sektoral Daerah;6;95146000;2026
1432;5.04.01.1.02.0001;Penyediaan Gaji dan Tunjangan ASN;6;11204032746;2026
1432;5.04.01.1.02.0002;Penyediaan Administrasi Pelaksanaan Tugas ASN;6;1050983800;2026
1432;5.04.01.1.02.0003;Pelaksanaan Penatausahaan dan Pengujian/Verifikasi Keuangan SKPD;6;19550100;2026
1432;5.04.01.1.02.0006;Pengelolaan dan Penyiapan Bahan Tanggapan Pemeriksaan;6;38380150;2026
1432;5.04.01.1.02.0008;Penyusunan Pelaporan dan Analisis Prognosis Realisasi Anggaran;6;101750000;2026
1433;5.04.01.1.03.0001;Penyusunan Perencanaan Kebutuhan Barang Milik Daerah SKPD;6;14600000;2026
1433;5.04.01.1.03.0005;Rekonsiliasi dan Penyusunan Laporan Barang Milik Daerah pada SKPD;6;108530000;2026
1433;5.04.01.1.03.0006;Penatausahaan Barang Milik Daerah pada SKPD;6;33661600;2026
1434;5.04.01.1.05.0009;Pendidikan dan Pelatihan Pegawai Berdasarkan Tugas dan Fungsi;6;844300000;2026
1435;5.04.01.1.06.0001;Penyediaan Komponen Instalasi Listrik/Penerangan Bangunan Kantor;6;105740800;2026
1435;5.04.01.1.06.0005;Penyediaan Barang Cetakan dan Penggandaan;6;40000050;2026
1435;5.04.01.1.06.0006;Penyediaan Bahan Bacaan dan Peraturan Perundang-Undangan;6;20300000;2026
1435;5.04.01.1.06.0009;Penyelenggaraan Rapat Koordinasi dan Konsultasi SKPD;6;262634000;2026
1436;5.04.01.1.07.0006;Pengadaan Peralatan dan Mesin Lainnya;6;97437608;2026
1437;5.04.01.1.08.0002;Penyediaan Jasa Komunikasi, Sumber Daya Air dan Listrik;6;1407696100;2026
1437;5.04.01.1.08.0004;Penyediaan Jasa Pelayanan Umum Kantor;6;329574524;2026
1438;5.04.01.1.09.0001;Penyediaan Jasa Pemeliharaan, Biaya Pemeliharaan dan Pajak Kendaraan Perorangan Dinas atau Kendaraan Dinas Jabatan;6;378900000;2026
1438;5.04.01.1.09.0006;Pemeliharaan Peralatan dan Mesin Lainnya;6;185170000;2026
1438;5.04.01.1.09.0010;Pemeliharaan/Rehabilitasi Sarana dan Prasarana Gedung Kantor atau Bangunan Lainnya;6;58000000;2026
1439;5.04.02.1.01.0003;Penyelenggaraan Pengembangan Kompetensi Teknis Umum, Inti, dan Pilihan bagi Jabatan Administrasi Penyelenggara Urusan Pemerintahan Konkuren, Perangkat Daerah Penunjang, dan Urusan Pemerintahan Umum;6;598402000;2026
1439;5.04.02.1.01.0004;Pembinaan, Pengoordinasian, Fasilitasi, Pemantauan, Evaluasi, dan Pelaporan Pengembangan Kompetensi Teknisumum, Inti, dan Pilihan bagi Jabatan Administrasi Penyelenggara Urusan Pemerintahan Konkuren, Perangkat Daerah Penunjang, dan Urusan Pemerintahan Umum;6;309212000;2026
1440;5.04.02.1.02.0001;Penyusunan Kebijakan Teknis dan Rencana Sertifikasi Kompetensi, Pengelolaan Kelembagaan, Tenaga Pengembang Kompetensi, Sumber Belajar, Kerjasama, Pengembangan Kompetensi Pimpinan Daerah, Jabatan Pimpinan Tinggi, Kepemimpinan dan Prajabatan, serta Jabatan Fungsional;6;19999800;2026
1440;5.04.02.1.02.0002;Pengelolaan Lembaga Sertifikasi Penyelenggara Pemerintahan Dalam Negeri Provinsi;6;40000000;2026
1440;5.04.02.1.02.0003;Pelaksanaan Sertifikasi Kompetensi di Lingkungan Pemerintah Provinsi dan Kabupaten/Kota;6;1482162950;2026
1440;5.04.02.1.02.0004;Pengelolaan Kelembagaan, Tenaga Pengembang Kompetensi, dan Sumber Belajar;6;739999750;2026
1440;5.04.02.1.02.0005;Pelaksanaan Kerja Sama Antar Lembaga;6;579999700;2026
1440;5.04.02.1.02.0006;Penyusunan Standar Perangkat Pembelajaran Pemerintahan Dalam Negeri bagi Pimpinan Daerah, Jabatan Pimpinan Tinggi, dan Jabatan Fungsional;6;19999900;2026
1440;5.04.02.1.02.0007;Penyelenggaraan Pengembangan Kompetensi bagi Pimpinan Daerah, Jabatan Pimpinan Tinggi, Jabatan Fungsional, Kepemimpinan, dan Prajabatan;6;2887999996;2026
1440;5.04.02.1.02.0008;Pembinaan, Pengoordinasian, Fasilitasi, Pemantauan, Evaluasi, dan Pelaporan Pelaksanaan Sertifikasi, Pengelolaan Kelembagaan dan Tenaga Pengembang Kompetensi, Pengelolaan Sumber Belajar, dan Kerja Sama, serta Pengembangan Kompetensi Pimpinan Daerah, Jabatan Pimpinan Tinggi, Kepemimpinan, dan Prajabatan;6;199999800;2026
1441;5.04.02.1.03.0001;Penyelenggaraan Pengembangan Kompetensi Fasilitator atau Pengajar Kompetensi Pemerintahan Dalam Negeri;6;2802851900;2026
1441;5.04.02.1.03.0005;Koordinasi Penyelenggaraan Pengembangan Kompetensi Pemerintahan Dalam Negeri Provinsi;6;192537850;2026
1442;5.07.01.1.01.0006;Koordinasi dan Penyusunan Laporan Capaian Kinerja dan Ikhtisar Realisasi Kinerja SKPD;6;511610000;2026
1443;5.07.01.1.02.0001;Penyediaan Gaji dan Tunjangan ASN;6;5541287270;2026
1443;5.07.01.1.02.0002;Penyediaan Administrasi Pelaksanaan Tugas ASN;6;1405584000;2026
1444;5.07.01.1.05.0011;Bimbingan Teknis Implementasi Peraturan Perundang-Undangan;6;69200000;2026
1445;5.07.01.1.06.0002;Penyediaan Peralatan dan Perlengkapan Kantor;6;55387809;2026
1446;5.07.01.1.07.0002;Pengadaan Kendaraan Dinas Operasional atau Lapangan;6;49920000;2026
1446;5.07.01.1.07.0006;Pengadaan Peralatan dan Mesin Lainnya;6;50669090;2026
1447;5.07.01.1.08.0004;Penyediaan Jasa Pelayanan Umum Kantor;6;599812788;2026
1448;5.07.01.1.09.0001;Penyediaan Jasa Pemeliharaan, Biaya Pemeliharaan dan Pajak Kendaraan Perorangan Dinas atau Kendaraan Dinas Jabatan;6;624739500;2026
1448;5.07.01.1.09.0006;Pemeliharaan Peralatan dan Mesin Lainnya;6;51089600;2026
1448;5.07.01.1.09.0009;Pemeliharaan/Rehabilitasi Gedung Kantor dan Bangunan Lainnya;6;432602400;2026
1449;5.07.02.1.01.0001;Peningkatan Kualitas Pelayanan Publik bagi Aparatur dan Masyarakat;6;290984050;2026
1449;5.07.02.1.01.0002;Pelayanan Kelembagaan Aparatur dan Masyarakat;6;391787250;2026
1449;5.07.02.1.01.0003;Peningkatan Fasilitasi Promosi Produk Unggulan dan Pelestarian Seni Budaya;6;390625820;2026
1449;5.07.02.1.01.0004;Kegiatan Fasilitasi Pameran Produk Unggulan dan Pelestarian Seni Budaya;6;225987500;2026
1450;5.01.01.1.01.0001;Penyusunan Dokumen Perencanaan Perangkat Daerah;1;331082500;2026
1450;5.01.01.1.01.0002;Koordinasi dan Penyusunan Dokumen RKA- SKPD;1;14067500;2026
1450;5.01.01.1.01.0003;Koordinasi dan Penyusunan Dokumen Perubahan RKA-SKPD;1;0;2026
1450;5.01.01.1.01.0004;Koordinasi dan Penyusunan DPA-SKPD;1;13317500;2026
1450;5.01.01.1.01.0005;Koordinasi dan Penyusunan Perubahan DPA- SKPD;1;0;2026
1450;5.01.01.1.01.0006;Koordinasi dan Penyusunan Laporan Capaian Kinerja dan Ikhtisar Realisasi Kinerja SKPD;1;62218750;2026
1450;5.01.01.1.01.0007;Evaluasi Kinerja Perangkat Daerah;1;187408750;2026
1450;5.01.01.1.01.0008;Pelaksanaan Pengumpulan Data Statistik Sektoral Daerah;1;49950000;2026
1450;5.01.01.1.01.0009;Pelaksanaan Forum Perangkat Daerah Berdasarkan Bidang Urusan yang Diampu dalam Rangka Penyusunan Dokumen Perencanaan Perangkat Daerah;1;194800000;2026
1450;5.01.01.1.01.0010;Penyelenggaraan Walidata Pendukung Statistik Sektoral Daerah;1;52500000;2026
1450;5.01.01.1.01.0012;Sinkronisasi dan Harmonisasi Pusat dan Daerah dalam Rangka Mendukung Target Pembangunan Nasional melalui  Koordinasi Teknis Pembangunan;1;95910000;2026
1450;5.01.01.1.01.0013;Koordinasi Peningkatan Partisipasi Masyarakat dalam Penyelenggaraan Urusan Pemerintahan Daerah yang Diampu;1;0;2026
1451;5.01.01.1.02.0001;Penyediaan Gaji dan Tunjangan ASN;1;17342443446;2026
1451;5.01.01.1.02.0002;Penyediaan Administrasi Pelaksanaan Tugas ASN;1;389190000;2026
1451;5.01.01.1.02.0005;Koordinasi dan Penyusunan Laporan Keuangan Akhir Tahun SKPD;1;331486200;2026
1451;5.01.01.1.02.0006;Pengelolaan dan Penyiapan Bahan Tanggapan Pemeriksaan;1;335920000;2026
1452;5.01.01.1.03.0005;Rekonsiliasi dan Penyusunan Laporan Barang Milik Daerah pada SKPD;1;274376000;2026
1453;5.01.01.1.05.0001;Peningkatan Sarana dan Prasarana Disiplin Pegawai;1;10890000;2026
1453;5.01.01.1.05.0002;Pengadaan Pakaian Dinas Beserta Atribut Kelengkapannya;1;205515000;2026
1453;5.01.01.1.05.0003;Pendataan dan Pengolahan Administrasi Kepegawaian;1;11290000;2026
1453;5.01.01.1.05.0004;Koordinasi dan Pelaksanaan Sistem Informasi Kepegawaian;1;5940000;2026
1453;5.01.01.1.05.0005;Monitoring, Evaluasi, dan Penilaian Kinerja Pegawai;1;6990000;2026
1453;5.01.01.1.05.0009;Pendidikan dan Pelatihan Pegawai Berdasarkan Tugas dan Fungsi;1;20000000;2026
1453;5.01.01.1.05.0010;Sosialisasi Peraturan Perundang-Undangan;1;96750000;2026
1453;5.01.01.1.05.0011;Bimbingan Teknis Implementasi Peraturan Perundang-Undangan;1;114480000;2026
1454;5.01.01.1.06.0001;Penyediaan Komponen Instalasi Listrik/Penerangan Bangunan Kantor;1;52457370;2026
1454;5.01.01.1.06.0002;Penyediaan Peralatan dan Perlengkapan Kantor;1;689698811;2026
1454;5.01.01.1.06.0003;Penyediaan Peralatan Rumah Tangga;1;0;2026
1454;5.01.01.1.06.0004;Penyediaan Bahan Logistik Kantor;1;0;2026
1454;5.01.01.1.06.0005;Penyediaan Barang Cetakan dan Penggandaan;1;108685000;2026
1454;5.01.01.1.06.0006;Penyediaan Bahan Bacaan dan Peraturan Perundang-Undangan;1;0;2026
1454;5.01.01.1.06.0008;Fasilitasi Kunjungan Tamu;1;132500000;2026
1454;5.01.01.1.06.0009;Penyelenggaraan Rapat Koordinasi dan Konsultasi SKPD;1;503168000;2026
1454;5.01.01.1.06.0011;Dukungan Pelaksanaan Sistem Pemerintahan Berbasis Elektronik pada SKPD;1;110000000;2026
1455;5.01.01.1.07.0001;Pengadaan Kendaraan Perorangan Dinas atau Kendaraan Dinas Jabatan;1;0;2026
1455;5.01.01.1.07.0005;Pengadaan Mebel;1;55000000;2026
1455;5.01.01.1.07.0010;Pengadaan Sarana dan Prasarana Gedung Kantor atau Bangunan Lainnya;1;402428489;2026
1455;5.01.01.1.07.0011;Pengadaan Sarana dan Prasarana Pendukung Gedung Kantor atau Bangunan Lainnya;1;0;2026
1456;5.01.01.1.08.0001;Penyediaan Jasa Surat Menyurat;1;2150000;2026
1456;5.01.01.1.08.0002;Penyediaan Jasa Komunikasi, Sumber Daya Air dan Listrik;1;1110588500;2026
1456;5.01.01.1.08.0003;Penyediaan Jasa Peralatan dan Perlengkapan Kantor;1;334750000;2026
1456;5.01.01.1.08.0004;Penyediaan Jasa Pelayanan Umum Kantor;1;2411488000;2026
1457;5.01.01.1.09.0001;Penyediaan Jasa Pemeliharaan, Biaya Pemeliharaan dan Pajak Kendaraan Perorangan Dinas atau Kendaraan Dinas Jabatan;1;1045600000;2026
1457;5.01.01.1.09.0006;Pemeliharaan Peralatan dan Mesin Lainnya;1;292400000;2026
1457;5.01.01.1.09.0011;Pemeliharaan/Rehabilitasi Sarana dan Prasarana Pendukung Gedung Kantor atau Bangunan Lainnya;1;276244740;2026
1458;5.01.02.1.01.0001;Analisis Kondisi Daerah, Permasalahan, dan Isu Strategis Pembangunan Daerah;1;800043580;2026
1458;5.01.02.1.01.0002;Koordinasi Penelaahan Dokumen Perencanaan Pembangunan Daerah dengan Dokumen Kebijakan Lainnya;1;0;2026
1458;5.01.02.1.01.0003;Pelaksanaan Konsultasi Publik;1;22925000;2026
1458;5.01.02.1.01.0004;Koordinasi Pelaksanaan Forum Perangkat Daerah/Lintas Perangkat Daerah;1;137430000;2026
1458;5.01.02.1.01.0005;Pelaksanaan Musrenbang Provinsi;1;397644600;2026
1458;5.01.02.1.01.0006;Koordinasi Penyusunan dan Penetapan Dokumen Perencanaan Pembangunan Daerah Provinsi;1;310187700;2026
1459;5.01.02.1.02.0001;Analisis Data dan Informasi Perencanaan  Pembangunan Daerah;1;119244075;2026
1459;5.01.02.1.02.0002;Pembinaan dan Pemanfaatan Data dan Informasi Perencanaan Pembangunan Perangkat Daerah;1;61057085;2026
1459;5.01.02.1.02.0003;Pembinaan dan Pemanfaatan Data dan Informasi Pemerintahan Daerah Bidang Perencanaan Pembangunan Daerah Kabupaten/Kota;1;26828850;2026
1459;5.01.02.1.02.0004;Penyusunan Profil Pembangunan Daerah Provinsi;1;48664000;2026
1460;5.01.02.1.03.0001;Koordinasi Pengendalian Perencanaan dan Pelaksanaan Pembangunan Daerah di Provinsi;1;213306950;2026
1460;5.01.02.1.03.0002;Pengendalian Pelaksanaan Kerja Sama Daerah;1;85975300;2026
1460;5.01.02.1.03.0003;Monitoring, Evaluasi dan Penyusunan Laporan Berkala Pelaksanaan Pembangunan Daerah;1;140605750;2026
1460;5.01.02.1.03.0004;Fasilitasi/Evaluasi Dokumen Perencanaan Pembangunan Daerah Kabupaten/Kota;1;162750000;2026
1461;5.01.02.1.04.0001;Pengelolaan Data dalam Sistem Informasi Pemerintahan Daerah di Bidang Pembangunan Daerah;1;0;2026
1461;5.01.02.1.04.0002;Penerapan Sistem Informasi Pemerintahan Daerah di Bidang Pembangunan Daerah;1;230976000;2026
1462;5.01.03.1.01.0001;Koordinasi Penyusunan Dokumen Perencanaan Pembangunan Daerah Bidang Pemerintahan (RPJPD, RPJMD dan RKPD);1;240406600;2026
1462;5.01.03.1.01.0002;Asistensi Penyusunan Dokumen Perencanaan Pembangunan Perangkat Daerah Bidang Pemerintahan;1;10000000;2026
1462;5.01.03.1.01.0003;Pelaksanaan Monitoring dan Evaluasi Penyusunan Dokumen Perencanaan Pembangunan Perangkat Daerah Bidang Pemerintahan;1;191756100;2026
1462;5.01.03.1.01.0004;Koordinasi Pelaksanaan Sinergitas dan Harmonisasi Perencanaan Pembangunan Daerah Bidang Pemerintahan;1;11750000;2026
1462;5.01.03.1.01.0005;Koordinasi Penyusunan Dokumen Perencanaan Pembangunan Daerah Bidang Pembangunan Manusia (RPJPD, RPJMD dan RKPD);1;340948200;2026
1462;5.01.03.1.01.0006;Asistensi Penyusunan Dokumen Perencanaan Pembangunan Perangkat Daerah Bidang Pembangunan Manusia;1;38205000;2026
1462;5.01.03.1.01.0007;Pelaksanaan Monitoring dan Evaluasi Penyusunan Dokumen Perencanaan Pembangunan Perangkat Daerah Bidang Pembangunan Manusia;1;3333255000;2026
1462;5.01.03.1.01.0008;Koordinasi Pelaksanaan Sinergitas dan Harmonisasi Perencanaan Pembangunan Daerah Bidang Pembangunan Manusia;1;23195550;2026
1463;5.01.03.1.02.0001;Koordinasi Penyusunan Dokumen Perencanaan Pembangunan Daerah Bidang Perekonomian (RPJPD, RPJMD dan RKPD);1;202225750;2026
1463;5.01.03.1.02.0002;Asistensi Penyusunan Dokumen Perencanaan Pembangunan Perangkat Daerah Bidang Perekonomian;1;137506000;2026
1463;5.01.03.1.02.0003;Pelaksanaan Monitoring dan Evaluasi Penyusunan Dokumen Perencanaan Pembangunan Perangkat Daerah Bidang Perekonomian;1;100634150;2026
1463;5.01.03.1.02.0004;Koordinasi Pelaksanaan Sinergitas dan Harmonisasi Perencanaan Pembangunan Daerah Bidang Perekonomian;1;141504300;2026
1463;5.01.03.1.02.0005;Koordinasi Penyusunan Dokumen Perencanaan Pembangunan Daerah Bidang SDA (RPJPD, RPJMD dan RKPD);1;650038876;2026
1463;5.01.03.1.02.0006;Asistensi Penyusunan Dokumen Perencanaan Pembangunan Perangkat Daerah Bidang SDA;1;70846800;2026
1463;5.01.03.1.02.0007;Pelaksanaan Monitoring dan Evaluasi Penyusunan Dokumen Perencanaan Pembangunan Perangkat Daerah Bidang SDA;1;137179950;2026
1463;5.01.03.1.02.0008;Koordinasi Pelaksanaan Sinergitas dan Harmonisasi Perencanaan Pembangunan Daerah Bidang SDA;1;322645125;2026
1464;5.01.03.1.03.0001;Koordinasi Penyusunan Dokumen Perencanaan Pembangunan Daerah Bidang Infrastruktur (RPJPD, RPJMD dan RKPD);1;182864250;2026
1464;5.01.03.1.03.0002;Asistensi Penyusunan Dokumen Perencanaan Pembangunan Perangkat Daerah Bidang Infrastruktur;1;17150300;2026
1464;5.01.03.1.03.0003;Pelaksanaan Monitoring dan Evaluasi Penyusunan Dokumen Perencanaan Pembangunan Perangkat Daerah Bidang Infrastruktur;1;138117450;2026
1464;5.01.03.1.03.0004;Koordinasi Pelaksanaan Sinergitas dan Harmonisasi Perencanaan Pembangunan Daerah Bidang Infrastruktur;1;92720200;2026
1464;5.01.03.1.03.0005;Koordinasi Penyusunan Dokumen Perencanaan Pembangunan Daerah Bidang Kewilayahan (RPJPD, RPJMD dan RKPD);1;162764000;2026
1464;5.01.03.1.03.0006;Asistensi Penyusunan Dokumen Perencanaan Pembangunan Perangkat Daerah Bidang Kewilayahan;1;45350000;2026
1464;5.01.03.1.03.0007;Pelaksanaan Monitoring dan Evaluasi Penyusunan Dokumen Perencanaan Pembangunan Perangkat Daerah Bidang Kewilayahan;1;120737500;2026
1464;5.01.03.1.03.0008;Koordinasi Pelaksanaan Sinergitas dan Harmonisasi Perencanaan Pembangunan Daerah Bidang Kewilayahan;1;132568950;2026
1465;5.05.01.1.01.0001;Penyusunan Dokumen Perencanaan Perangkat Daerah;7;500000050;2026
1465;5.05.01.1.01.0002;Koordinasi dan Penyusunan Dokumen RKA- SKPD;7;57499950;2026
1465;5.05.01.1.01.0006;Koordinasi dan Penyusunan Laporan Capaian Kinerja dan Ikhtisar Realisasi Kinerja SKPD;7;35000100;2026
1465;5.05.01.1.01.0007;Evaluasi Kinerja Perangkat Daerah;7;34999750;2026
1465;5.05.01.1.01.0008;Pelaksanaan Pengumpulan Data Statistik Sektoral Daerah;7;4999900;2026
1465;5.05.01.1.01.0010;Penyelenggaraan Walidata Pendukung Statistik Sektoral Daerah;7;4999950;2026
1466;5.05.01.1.02.0001;Penyediaan Gaji dan Tunjangan ASN;7;8576826669;2026
1466;5.05.01.1.02.0002;Penyediaan Administrasi Pelaksanaan Tugas ASN;7;969210000;2026
1466;5.05.01.1.02.0005;Koordinasi dan Penyusunan Laporan Keuangan Akhir Tahun SKPD;7;160768050;2026
1467;5.05.01.1.03.0003;Koordinasi dan Penilaian Barang Milik Daerah SKPD;7;4437150;2026
1468;5.05.01.1.05.0002;Pengadaan Pakaian Dinas Beserta Atribut Kelengkapannya;7;100150000;2026
1468;5.05.01.1.05.0009;Pendidikan dan Pelatihan Pegawai Berdasarkan Tugas dan Fungsi;7;11409800;2026
1468;5.05.01.1.05.0010;Sosialisasi Peraturan Perundang-Undangan;7;29600000;2026
1469;5.05.01.1.06.0001;Penyediaan Komponen Instalasi Listrik/Penerangan Bangunan Kantor;7;16331570;2026
1469;5.05.01.1.06.0002;Penyediaan Peralatan dan Perlengkapan Kantor;7;50000600;2026
1469;5.05.01.1.06.0003;Penyediaan Peralatan Rumah Tangga;7;26845410;2026
1469;5.05.01.1.06.0005;Penyediaan Barang Cetakan dan Penggandaan;7;209296750;2026
1469;5.05.01.1.06.0009;Penyelenggaraan Rapat Koordinasi dan Konsultasi SKPD;7;276688100;2026
1470;5.05.01.1.07.0010;Pengadaan Sarana dan Prasarana Gedung Kantor atau Bangunan Lainnya;7;789249600;2026
1471;5.05.01.1.08.0001;Penyediaan Jasa Surat Menyurat;7;2207500;2026
1471;5.05.01.1.08.0002;Penyediaan Jasa Komunikasi, Sumber Daya Air dan Listrik;7;220025000;2026
1471;5.05.01.1.08.0003;Penyediaan Jasa Peralatan dan Perlengkapan Kantor;7;5000000;2026
1471;5.05.01.1.08.0004;Penyediaan Jasa Pelayanan Umum Kantor;7;64800000;2026
1472;5.05.01.1.09.0001;Penyediaan Jasa Pemeliharaan, Biaya Pemeliharaan dan Pajak Kendaraan Perorangan Dinas atau Kendaraan Dinas Jabatan;7;22255000;2026
1472;5.05.01.1.09.0002;Penyediaan Jasa Pemeliharaan, Biaya Pemeliharaan, Pajak dan Perizinan Kendaraan Dinas Operasional atau Lapangan;7;613660000;2026
1472;5.05.01.1.09.0006;Pemeliharaan Peralatan dan Mesin Lainnya;7;56580000;2026
1473;5.05.02.1.01.0001;Fasilitasi, Pelaksanaan dan Evaluasi Penelitian dan Pengembangan Bidang Penyelenggaraan Otonomi Daerah;7;0;2026
1474;5.05.02.1.02.0001;Penelitian dan Pengembangan Bidang Aspek- Aspek Sosial;7;0;2026
1474;5.05.02.1.02.0009;Penelitian dan Pengembangan Tenaga Kerja;7;0;2026
1474;5.05.02.1.02.0010;Penelitian dan Pengembangan Partisipasi Masyarakat;7;0;2026
1475;5.05.02.1.03.0004;Penelitian dan Pengembangan Pertanian, Perkebunan dan Pangan;7;0;2026
1475;5.05.02.1.03.0007;Penelitian dan Pengembangan Lingkungan Hidup;7;0;2026
1476;5.05.02.1.04.0001;Penelitian, Pengembangan, dan Perekayasaan di Bidang Teknologi dan Inovasi;7;0;2026
1476;5.05.02.1.04.0002;Uji Coba dan Penerapan Rancang Bangun/Model Replikasi dan Invensi di Bidang Difusi Inovasi dan Penerapan Teknologi;7;0;2026
1476;5.05.02.1.04.0003;Diseminasi Jenis, Prosedur dan Metode Penyelenggaraan Pemerintahan Daerah yang Bersifat Inovatif;7;0;2026
1477;5.05.03.1.01.0001;Fasilitasi dan pembinaan pelaksanaan penelitian, pengembangan, pengkajian, dan penerapan;7;501769700;2026
1477;5.05.03.1.01.0002;Koordinasi sistem ilmu pengetahuan dan teknologi di daerah;7;249999900;2026
1477;5.05.03.1.01.0003;Penyusunan kebijakan berbasis hasil riset;7;49998200;2026
1477;5.05.03.1.01.0004;Bimbingan teknis dan supervisi di bidang penelitian, pengembangan, pengkajian, dan penerapan, kerja sama pembangunan ilmu pengetahuan dan teknologi, serta kemitraan penelitian, pengembangan, pengkajian, dan penerapan;7;0;2026
1477;5.05.03.1.01.0005;Pemantauan dan evaluasi penelitian, pengembangan, pengkajian, dan penerapan;7;0;2026
1477;5.05.03.1.01.0006;Koordinasi dan sinkronisasi pelaksanaan kebijakan penelitian, pengembangan, pengkajian, dan penerapan;7;0;2026
1478;5.05.03.1.02.0001;Fasilitasi dan pembinaan untuk apresiasi prestasi Inovasi;7;74199850;2026
1478;5.05.03.1.02.0002;Fasilitasi dan pembinaan untuk penguatan kemitraan antar kelembagaan;7;0;2026
1478;5.05.03.1.02.0003;Penyusunan kebijakan di bidang invensi dan inovasi;7;0;2026
1478;5.05.03.1.02.0004;Bimbingan teknis dan supervisi, kerja sama, serta kemitraan invensi dan inovasi;7;249999850;2026
1478;5.05.03.1.02.0005;Fasilitasi dan pembinaan untuk reformasi kebijakan Riset dan Inovasi di daerah;7;0;2026
1478;5.05.03.1.02.0006;Fasilitasi dan pembinaan untuk penyediaan sarana pendukung Riset dan Inovasi di daerah;7;0;2026
1478;5.05.03.1.02.0007;Fasilitasi dan pembinaan untuk pengembangan infrastruktur dasar Riset dan Inovasi;7;250000250;2026
1478;5.05.03.1.02.0008;Fasilitasi dan pembinaan untuk peningkatan kepedulian isu internasional yang mempengaruhi pengembangan Ekosistem Riset dan Inovasi di Daerah;7;0;2026
1478;5.05.03.1.02.0009;Pemantauan dan evaluasi invensi dan inovasi;7;104829750;2026
1478;5.05.03.1.02.0010;Fasilitasi dan pembinaan untuk penyediaan anggaran Riset dan Inovasi;7;0;2026
1478;5.05.03.1.02.0011;Fasilitasi dan pembinaan untuk penyesuaian kebijakan antara Pemerintah Pusat dan Pemerintah Daerah;7;99999750;2026
1478;5.05.03.1.02.0012;Pelaksanaan pembangunan, pengembangan, pengelolaan dan pemanfaatan sistem informasi ilmu pengetahuan dan teknologi di daerah;7;0;2026
1478;5.05.03.1.02.0013;Koordinasi dan sinkronisasi pelaksanaan kebijakan invensi dan inovasi;7;0;2026
1478;5.05.03.1.02.0014;Fasilitasi dan pembinaan untuk pengembangan perusahaan pemula berbasis riset;7;49999900;2026
1478;5.05.03.1.02.0015;Fasilitasi dan pembinaan untuk peningkatan praktik baik kepada pelaku inovasi dan diseminasi hasil Riset dan Inovasi kepada pelaku inovasi,;7;49989200;2026
1478;5.05.03.1.02.0016;Fasilitasi dan pembinaan untuk promosi dan kampanye Inovasi;7;0;2026
1478;5.05.03.1.02.0017;Fasilitasi dan pembinaan untuk prakarsa pengembangan Riset dan Inovasi  di daerah berdasarkan kebutuhan daerah untuk promosi produk unggulan daerah dan/atau mengatasi permasalahan daerah;7;99999850;2026
1478;5.05.03.1.02.0018;Fasilitasi dan pembinaan untuk penyelenggaraan pengembangan klaster Inovasi berbasis produk unggulan daerah daerah;7;0;2026
1478;5.05.03.1.02.0019;Koordinasi pelaksanaan penelitian dan pengabdian kepada masyarakat berbasis penelitian, pengembangan, pengkajian, dan penerapan ilmu pengetahuan dan teknologi yang dihasilkan oleh lembaga/pusat/organisasi penelitian lainnya di daerah;7;69199950;2026
1478;5.05.03.1.02.0020;Fasilitasi dan pembinaan untuk pengelolaan kebun raya daerah;7;0;2026
1478;5.05.03.1.02.0021;Fasilitasi dan pembinaan untuk penguatan kerjasama internasional;7;0;2026
1478;5.05.03.1.02.0022;Fasilitasi dan pembinaan untuk penguatan kelembagaan Riset dan Inovasi di daerah;7;0;2026
1478;5.05.03.1.02.0023;Fasilitasi dan pembinaan untuk penataan basis data Riset dan Inovasi;7;0;2026
1478;5.05.03.1.02.0024;Fasilitasi dan pembinaan untuk inventarisasi, pengembangan, dan perlindungan pengetahuan dan/atau teknologi masyarakat;7;0;2026
1478;5.05.03.1.02.0025;Fasilitasi dan pembinaan untuk peningkatan perlindungan dan pemanfaatan kekayaan intelektual;7;99999700;2026
1478;5.05.03.1.02.0026;Fasilitasi dan pembinaan untuk peningkatan difusi Inovasi;7;299999750;2026
1479;1.03.01.1.01.0001;Penyusunan Dokumen Perencanaan Perangkat Daerah;13;100028000;2026
1479;1.03.01.1.01.0004;Koordinasi dan Penyusunan DPA-SKPD;13;49950000;2026
1479;1.03.01.1.01.0006;Koordinasi dan Penyusunan Laporan Capaian Kinerja dan Ikhtisar Realisasi Kinerja SKPD;13;49950000;2026
1479;1.03.01.1.01.0007;Evaluasi Kinerja Perangkat Daerah;13;79998200;2026
1479;1.03.01.1.01.0008;Pelaksanaan Pengumpulan Data Statistik Sektoral Daerah;13;10000000;2026
1479;1.03.01.1.01.0010;Penyelenggaraan Walidata Pendukung Statistik Sektoral Daerah;13;10000000;2026
1480;1.03.01.1.02.0001;Penyediaan Gaji dan Tunjangan ASN;13;22317407712;2026
1480;1.03.01.1.02.0003;Pelaksanaan Penatausahaan dan Pengujian/Verifikasi Keuangan SKPD;13;202502200;2026
1480;1.03.01.1.02.0005;Koordinasi dan Penyusunan Laporan Keuangan Akhir Tahun SKPD;13;35000000;2026
1480;1.03.01.1.02.0006;Pengelolaan dan Penyiapan Bahan Tanggapan Pemeriksaan;13;8641000;2026
1481;1.03.01.1.03.0001;Penyusunan Perencanaan Kebutuhan Barang Milik Daerah SKPD;13;0;2026
1481;1.03.01.1.03.0003;Koordinasi dan Penilaian Barang Milik Daerah SKPD;13;99999850;2026
1481;1.03.01.1.03.0005;Rekonsiliasi dan Penyusunan Laporan Barang Milik Daerah pada SKPD;13;0;2026
1481;1.03.01.1.03.0006;Penatausahaan Barang Milik Daerah pada SKPD;13;0;2026
1482;1.03.01.1.05.0002;Pengadaan Pakaian Dinas Beserta Atribut Kelengkapannya;13;50000000;2026
1482;1.03.01.1.05.0003;Pendataan dan Pengolahan Administrasi Kepegawaian;13;0;2026
1482;1.03.01.1.05.0004;Koordinasi dan Pelaksanaan Sistem Informasi Kepegawaian;13;49999700;2026
1482;1.03.01.1.05.0005;Monitoring, Evaluasi, dan Penilaian Kinerja Pegawai;13;0;2026
1482;1.03.01.1.05.0009;Pendidikan dan Pelatihan Pegawai Berdasarkan Tugas dan Fungsi;13;0;2026
1482;1.03.01.1.05.0010;Sosialisasi Peraturan Perundang-Undangan;13;0;2026
1482;1.03.01.1.05.0011;Bimbingan Teknis Implementasi Peraturan Perundang-Undangan;13;50070000;2026
1483;1.03.01.1.06.0001;Penyediaan Komponen Instalasi Listrik/Penerangan Bangunan Kantor;13;49999619;2026
1483;1.03.01.1.06.0002;Penyediaan Peralatan dan Perlengkapan Kantor;13;50000000;2026
1483;1.03.01.1.06.0004;Penyediaan Bahan Logistik Kantor;13;0;2026
1483;1.03.01.1.06.0005;Penyediaan Barang Cetakan dan Penggandaan;13;0;2026
1483;1.03.01.1.06.0006;Penyediaan Bahan Bacaan dan Peraturan Perundang-Undangan;13;49999950;2026
1483;1.03.01.1.06.0007;Penyediaan Bahan/Material;13;50000000;2026
1483;1.03.01.1.06.0009;Penyelenggaraan Rapat Koordinasi dan Konsultasi SKPD;13;250042000;2026
1483;1.03.01.1.06.0010;Penatausahaan Arsip Dinamis pada SKPD;13;0;2026
1483;1.03.01.1.06.0011;Dukungan Pelaksanaan Sistem Pemerintahan Berbasis Elektronik pada SKPD;13;50000000;2026
1484;1.03.01.1.07.0002;Pengadaan Kendaraan Dinas Operasional atau Lapangan;13;44440000;2026
1484;1.03.01.1.07.0003;Pengadaan Alat Besar;13;0;2026
1484;1.03.01.1.07.0005;Pengadaan Mebel;13;97000000;2026
1484;1.03.01.1.07.0006;Pengadaan Peralatan dan Mesin Lainnya;13;97416800;2026
1484;1.03.01.1.07.0010;Pengadaan Sarana dan Prasarana Gedung Kantor atau Bangunan Lainnya;13;200000000;2026
1485;1.03.01.1.08.0001;Penyediaan Jasa Surat Menyurat;13;0;2026
1485;1.03.01.1.08.0002;Penyediaan Jasa Komunikasi, Sumber Daya Air dan Listrik;13;686668000;2026
1485;1.03.01.1.08.0003;Penyediaan Jasa Peralatan dan Perlengkapan Kantor;13;49999790;2026
1485;1.03.01.1.08.0004;Penyediaan Jasa Pelayanan Umum Kantor;13;2328529000;2026
1486;1.03.01.1.09.0001;Penyediaan Jasa Pemeliharaan, Biaya Pemeliharaan dan Pajak Kendaraan Perorangan Dinas atau Kendaraan Dinas Jabatan;13;0;2026
1486;1.03.01.1.09.0002;Penyediaan Jasa Pemeliharaan, Biaya Pemeliharaan, Pajak dan Perizinan Kendaraan Dinas Operasional atau Lapangan;13;250000000;2026
1486;1.03.01.1.09.0003;Penyediaan Jasa Pemeliharaan, Biaya Pemeliharaan dan Perizinan Alat Besar;13;150000000;2026
1486;1.03.01.1.09.0006;Pemeliharaan Peralatan dan Mesin Lainnya;13;99959000;2026
1486;1.03.01.1.09.0009;Pemeliharaan/Rehabilitasi Gedung Kantor dan Bangunan Lainnya;13;250000000;2026
1487;1.03.10.1.01.0030;Rehabilitasi Jalan;13;0;2026
1487;1.03.10.1.01.0031;Rekonstruksi Jalan;13;75153514890;2026
1487;1.03.10.1.01.0041;Penyusunan Rencana, Kebijakan, Strategi dan Teknis Pengembangan Jaringan Jalan serta Perencanaan Teknis Penyelenggaraan Jalan dan Jembatan;13;12650307074;2026
1487;1.03.10.1.01.0043;Survey Kondisi Jalan/Jembatan;13;200000000;2026
1487;1.03.10.1.01.0044;Pengelolaan Leger Jalan;13;0;2026
1487;1.03.10.1.01.0045;Pemeliharaan Rutin Jalan;13;15200000000;2026
1487;1.03.10.1.01.0046;Penggantian Jembatan;13;200000000;2026
1487;1.03.10.1.01.0047;Pemeliharaan Berkala Jembatan;13;0;2026
1487;1.03.10.1.01.0052;Rehabilitasi Jembatan;13;0;2026
1487;1.03.10.1.01.0053;Pengawasan Penyelenggaraan Jalan Kewenangan Provinsi;13;200000000;2026
1487;1.03.10.1.01.0054;Pembangunan Jembatan;13;0;2026
1487;1.03.10.1.01.0056;Pemeliharaan Berkala Jalan;13;200000000;2026
1487;1.03.10.1.01.0057;Pemeliharaan Rutin Jembatan;13;200000000;2026
1487;1.03.10.1.01.0058;Pembangunan Jalan;13;10000000000;2026
1487;1.03.10.1.01.0059;Pemantauan dan Evaluasi Penyelenggaraan Jalan/Jembatan Kewenangan Provinsi;13;99500000;2026
1488;1.03.11.1.01.0009;Penyediaan Instruktur/Asesor/Penyelenggara Pelatihan Tenaga Ahli Konstruksi;13;0;2026
1488;1.03.11.1.01.0010;Penyediaan Training Need Assessment (TNA) Pelatihan Tenaga Kerja Konstruksi Kualifikasi Ahli;13;0;2026
1488;1.03.11.1.01.0011;Pelatihan Tenaga Kerja Konstruksi Kualifikasi Ahli;13;145565200;2026
1488;1.03.11.1.01.0012;Pembinaan dan Peningkatan Kapasitas Kelembagaan Konstruksi;13;0;2026
1488;1.03.11.1.01.0013;Penyediaan SOP Penyelenggaraan Pelatihan Tenaga Kerja Konstruksi Kualifikasi Ahli;13;0;2026
1488;1.03.11.1.01.0014;Fasilitasi Sertifikasi Tenaga Kerja Konstruksi Kualifikasi Ahli;13;104435000;2026
1488;1.03.11.1.01.0015;Pemantauan dan Evaluasi Pelatihan Tenaga Kerja Konstruksi Kualifikasi Ahli;13;0;2026
1488;1.03.11.1.01.0016;Identifikasi Potensi Kerja Sama dan Pemberdayaan Jasa Konstruksi;13;0;2026
1489;1.03.11.1.02.0006;Operasionalisasi Layanan Informasi Jasa Konstruksi;13;73484200;2026
1489;1.03.11.1.02.0007;Penyediaan Perangkat Pendukung Layanan Informasi Jasa Konstruksi;13;0;2026
1489;1.03.11.1.02.0008;Penyediaan Data dan Informasi Jasa Konstruksi Cakupan Provinsi;13;28907300;2026
1489;1.03.11.1.02.0009;Peningkatan Kapasitas Pengelolaan SIPJAKI;13;0;2026
1490;1.03.11.1.03.0004;Pengawasan dan Evaluasi Tertib Penyelenggaraan Jasa Konstruksi Provinsi dan Lintas Kabupaten/Kota;13;137530450;2026
1490;1.03.11.1.03.0005;Pengawasan dan Evaluasi Tertib Pemanfaatan Produk Jasa Konstruksi Provinsi dan Lintas Kabupaten/Kota;13;0;2026
1490;1.03.11.1.03.0006;Pembinaan Tertib Usaha, Tertib Penyelenggaraan, dan Tertib Pemanfaatan Produk Jasa Konstruksi;13;0;2026
1490;1.03.11.1.03.0007;Pengawasan dan Evaluasi Tertib Usaha Jasa Konstruksi Provinsi dan Lintas Kabupaten/Kota;13;0;2026
1490;1.03.11.1.03.0008;Penyusunan Produk Hukum Daerah terkait Penyelenggaraan Jasa Konstruksi di Provinsi;13;110078000;2026
1491;1.03.12.1.01.0003;Penetapan Kebijakan dalam rangka Pelaksanaan Penataan Ruang;13;7887250;2026
1491;1.03.12.1.01.0005;Penyebarluasan Informasi Penataan Ruang;13;69285000;2026
1491;1.03.12.1.01.0007;Pelaksanaan Persetujuan Substansi RTRW Provinsi;13;0;2026
1491;1.03.12.1.01.0008;Pelaksanaan Evaluasi RTRW Provinsi;13;0;2026
1491;1.03.12.1.01.0009;Sosialisasi Peraturan Perundang-undangan dan Pedoman Bidang Penataan ruang;13;97212266;2026
1492;1.03.12.1.02.0004;Peningkatan Peran Masyarakat dalam Penataan Ruang;13;27532500;2026
1492;1.03.12.1.02.0005;Peningkatan kompetensi SDM bidang penataan ruang;13;28100250;2026
1492;1.03.12.1.02.0006;Monitoring dan Evaluasi Penyusunan dan Penetapan RTRW dan RDTR Kabupaten/Kota;13;108340000;2026
1492;1.03.12.1.02.0008;Pemberian Bimbingan, Supervisi dan Konsultasi Penyusunan Rencana Tata Ruang kepada Kabupaten/Kota;13;12550750;2026
1492;1.03.12.1.02.0009;Evaluasi Rancangan Peraturan Daerah tentang RTRW Kabupaten/Kota;13;49091750;2026
1492;1.03.12.1.02.0010;Penyusunan Peta Dasar;13;0;2026
1492;1.03.12.1.02.0013;Koordinasi dan Sinkronisasi Penyusunan RTRW Provinsi;13;0;2026
1493;1.03.12.1.03.0003;Pelaksanaan Persetujuan Kesesuaian Kegiatan Pemanfaatan Ruang untuk Kegiatan Berusaha;13;0;2026
1493;1.03.12.1.03.0004;Koordinasi Penyelenggaraan Penataan Ruang;13;20251000;2026
1493;1.03.12.1.03.0005;Pelaksanaan Kesesuaian Kegiatan Pemanfaatan Ruang untuk Kegiatan Non Berusaha;13;19775000;2026
1493;1.03.12.1.03.0006;Sistem informasi dan komunikasi penataan ruang;13;59999000;2026
1493;1.03.12.1.03.0007;Pelaksanaan Sinkronisasi Program Pemanfaatan Ruang;13;99975000;2026
1494;1.03.12.1.04.0003;Operasionalisasi Tugas dan Fungsi Penyidik Pegawai Negeri Sipil (PPNS) Bidang Penataan Ruang ;13;49950000;2026
1494;1.03.12.1.04.0004;Koordinasi Pelaksanaan Penataan Ruang ;13;22661500;2026
1494;1.03.12.1.04.0005;Pelaksanaan Audit Tata Ruang;13;0;2026
1494;1.03.12.1.04.0006;Pengawasan TURBINLAK dan Pengawasan Fungsi dan Manfaat;13;77388500;2026
1494;1.03.12.1.04.0007;Pengawasan kinerja pemenuhan standar teknis kawasan;13;0;2026
1494;1.03.12.1.04.0008;Pengenaan Sanksi Administratif terhadap pelanggaran pemanfaatan ruang dalam RTR;13;0;2026
1494;1.03.12.1.04.0009;Operasionalisasi Tugas dan Fungsi Forum Penataan Ruang;13;30642500;2026
1494;1.03.12.1.04.0010;Operasionalisasi Tugas dan Fungsi Inspektur Pembangunan Bidang Penataan Ruang;13;0;2026
1494;1.03.12.1.04.0011;Penilaian Perwujudan RTR;13;0;2026
1494;1.03.12.1.04.0012;Penyelesaian Sengketa Penataan Ruang;13;0;2026
1494;1.03.12.1.04.0013;Pengawasan Standar Pelayanan Bidang Penataan Ruang;13;0;2026
1494;1.03.12.1.04.0014;Penilaian Pelaksanaan Kesesuaian Kegiatan Pemanfaatan Ruang dan/atau pernyataan mandiri pelaku UMK ;13;70252200;2026
1494;1.03.12.1.04.0015;Pemberian insentif dan/atau disinsentif nonfiskal;13;49105200;2026
1495;1.03.01.1.01.0001;Penyusunan Dokumen Perencanaan Perangkat Daerah;14;18703850;2026
1495;1.03.01.1.01.0004;Koordinasi dan Penyusunan DPA-SKPD;14;19166950;2026
1495;1.03.01.1.01.0006;Koordinasi dan Penyusunan Laporan Capaian Kinerja dan Ikhtisar Realisasi Kinerja SKPD;14;48376850;2026
1495;1.03.01.1.01.0007;Evaluasi Kinerja Perangkat Daerah;14;29143900;2026
1495;1.03.01.1.01.0008;Pelaksanaan Pengumpulan Data Statistik Sektoral Daerah;14;12834314;2026
1495;1.03.01.1.01.0010;Penyelenggaraan Walidata Pendukung Statistik Sektoral Daerah;14;12565800;2026
1496;1.03.01.1.02.0001;Penyediaan Gaji dan Tunjangan ASN;14;26161699708;2026
1496;1.03.01.1.02.0005;Koordinasi dan Penyusunan Laporan Keuangan Akhir Tahun SKPD;14;74472199;2026
1497;1.03.01.1.03.0004;Pembinaan, Pengawasan, dan Pengendalian Barang Milik Daerah pada SKPD;14;66319468;2026
1498;1.03.01.1.05.0005;Monitoring, Evaluasi, dan Penilaian Kinerja Pegawai;14;48290000;2026
1498;1.03.01.1.05.0010;Sosialisasi Peraturan Perundang-Undangan;14;13000000;2026
1499;1.03.01.1.06.0001;Penyediaan Komponen Instalasi Listrik/Penerangan Bangunan Kantor;14;3149276;2026
1499;1.03.01.1.06.0002;Penyediaan Peralatan dan Perlengkapan Kantor;14;70342277;2026
1499;1.03.01.1.06.0003;Penyediaan Peralatan Rumah Tangga;14;446571;2026
1499;1.03.01.1.06.0004;Penyediaan Bahan Logistik Kantor;14;740332;2026
1499;1.03.01.1.06.0005;Penyediaan Barang Cetakan dan Penggandaan;14;17403325;2026
1499;1.03.01.1.06.0009;Penyelenggaraan Rapat Koordinasi dan Konsultasi SKPD;14;1000000;2026
1500;1.03.01.1.07.0005;Pengadaan Mebel;14;20149096;2026
1501;1.03.01.1.08.0001;Penyediaan Jasa Surat Menyurat;14;1666200;2026
1501;1.03.01.1.08.0002;Penyediaan Jasa Komunikasi, Sumber Daya Air dan Listrik;14;458040000;2026
1501;1.03.01.1.08.0004;Penyediaan Jasa Pelayanan Umum Kantor;14;5825071667;2026
1502;1.03.01.1.09.0002;Penyediaan Jasa Pemeliharaan, Biaya Pemeliharaan, Pajak dan Perizinan Kendaraan Dinas Operasional atau Lapangan;14;188461500;2026
1502;1.03.01.1.09.0006;Pemeliharaan Peralatan dan Mesin Lainnya;14;3410000;2026
1502;1.03.01.1.09.0009;Pemeliharaan/Rehabilitasi Gedung Kantor dan Bangunan Lainnya;14;22959440;2026
1502;1.03.01.1.09.0010;Pemeliharaan/Rehabilitasi Sarana dan Prasarana Gedung Kantor atau Bangunan Lainnya;14;17000000;2026
1503;1.03.02.1.01.0009;Pembangunan Tanggul Sungai;14;3105397500;2026
1503;1.03.02.1.01.0075;Koordinasi dan Sinkronisasi Peningkatan Kapasitas Kelembagaan Pengelolaan Sumber Daya Air Kewenangan Provinsi;14;140790000;2026
1503;1.03.02.1.01.0079;Normalisasi/Restorasi Sungai;14;3535000000;2026
1503;1.03.02.1.01.0090;Pembinaan dan Pemberdayaan Kelembagaan Pengelolaan Sumber Daya Air Kewenangan Provinsi;14;0;2026
1503;1.03.02.1.01.0107;Operasi dan Pemeliharaan Tanggul dan Tebing Sungai;14;240791667;2026
1503;1.03.02.1.01.0122;Penyusunan Rencana Teknis dan Dokumen Lingkungan Hidup untuk Konstruksi Pengendali Banjir, Lahar, dan Pengaman Pantai;14;140790000;2026
1503;1.03.02.1.01.0123;Pembangunan Unit Air Baku;14;0;2026
1503;1.03.02.1.01.0124;Pemeliharaan Bangunan Pengamanan Pantai;14;20000000;2026
1503;1.03.02.1.01.0127;Pembangunan  Bangunan Pengamanan Pantai;14;12295397500;2026
1503;1.03.02.1.01.0136;Pengelolaan Sistem Hidrologi dan Kualitas Air Wilayah Sungai Kewenangan Provinsi;14;134431000;2026
1504;1.03.02.1.02.0002;Pembangunan Jaringan Irigasi Permukaan;14;0;2026
1504;1.03.02.1.02.0003;Pembangunan Bendung Irigasi;14;0;2026
1504;1.03.02.1.02.0008;Peningkatan Jaringan Irigasi Permukaan;14;15125102750;2026
1504;1.03.02.1.02.0014;Rehabilitasi Jaringan Irigasi Permukaan;14;2060301200;2026
1504;1.03.02.1.02.0015;Rehabilitasi Bendung Irigasi;14;17220486550;2026
1504;1.03.02.1.02.0021;Operasi dan Pemeliharaan Jaringan Irigasi Permukaan;14;1855442813;2026
1504;1.03.02.1.02.0022;Operasi dan Pemeliharaan Bendung Irigasi;14;265529192;2026
1504;1.03.02.1.02.0030;Penguatan Kapasitas Kelembagaan Pengelola Irigasi Kewenangan Provinsi;14;463438000;2026
1504;1.03.02.1.02.0032;Penyusunan Rencana Teknis dan Dokumen Lingkungan Hidup untuk Konstruksi Irigasi dan Rawa;14;99166500;2026
1504;1.03.02.1.02.0045;Operasional Kelembagaan Pengelola Irigasi;14;453880000;2026
1505;1.03.03.1.01.0014;Pembinaan Pengelolaan dan Pengembangan Sistem Penyediaan Air Minum (SPAM) Kabupaten/Kota;14;100387550;2026
1505;1.03.03.1.01.0017;Pembangunan Sistem Penyediaan Air Minum (SPAM) Lintas Kabupaten/Kota;14;0;2026
1505;1.03.03.1.01.0018;Peningkatan Sistem Penyediaan Air Minum (SPAM) Lintas Kabupaten/Kota;14;0;2026
1505;1.03.03.1.01.0019;Operasi dan Pemeliharaan Sistem Penyediaan Air Minum (SPAM);14;257550;2026
1505;1.03.03.1.01.0020;Optimalisasi Sistem Penyediaan Air Minum (SPAM) Lintas Kabupaten/Kota;14;257550;2026
1505;1.03.03.1.01.0021;Fasilitasi Kerja Sama Penyelenggaraan Sistem Penyediaan Air Minum (SPAM) Lintas Kabupaten/Kota;14;1000000;2026
1505;1.03.03.1.01.0025;Penyusunan Rencana, Kebijakan, Strategi dan Teknis Sistem Penyediaan Air Minum (SPAM) Lintas Kabupaten/Kota;14;1000000000;2026
1505;1.03.03.1.01.0026;Peningkatan Kapasitas Kelembagaan Penyelenggara Sistem Penyediaan Air Minum (SPAM);14;39444000;2026
1506;1.03.04.1.01.0010;Peningkatan TPA/TPST/SPA;14;0;2026
1506;1.03.04.1.01.0012;Fasilitasi Kerja Sama Penyelenggaraan Sistem Pengelolaan Persampahan Lintas Kabupaten/Kota;14;0;2026
1506;1.03.04.1.01.0013;Pembangunan TPA/TPST/SPA;14;0;2026
1506;1.03.04.1.01.0014;Pembinaan dan Pemberdayaan Masyarakat dalam Pengembangan Sistem Pengelolaan Persampahan;14;0;2026
1506;1.03.04.1.01.0015;Peningkatan Kapasitas Kelembagaan Sistem Pengelolaan Persampahan;14;0;2026
1506;1.03.04.1.01.0016;Penyusunan Rencana, Kebijakan, Strategi dan Teknis Sistem Pengelolaan Persampahan;14;650000000;2026
1506;1.03.04.1.01.0017;Penyediaan Sarana Pendukung TPA/TPST/SPA;14;0;2026
1506;1.03.04.1.01.0018;Pembinaan dan Pengawasan Pengembangan  dan Pengelolaan TPA/TPST/SPA/TPS-3R/TPS Kabupaten/Kota;14;100000000;2026
1507;1.03.05.1.01.0011;Peningkatan Sistem Pengelolaan Air Limbah Domestik (SPALD) Terpusat;14;0;2026
1507;1.03.05.1.01.0012;Optimalisasi Sistem Pengelolaan Air Limbah Domestik (SPALD) Terpusat;14;0;2026
1507;1.03.05.1.01.0013;Pembangunan Sistem Pengelolaan Air Limbah Domestik (SPALD) Terpusat;14;0;2026
1507;1.03.05.1.01.0015;Penyusunan Rencana, Kebijakan, Strategi dan Teknis Sistem Pengelolaan Air Limbah Domestik (SPALD);14;1500000000;2026
1507;1.03.05.1.01.0016;Fasilitasi Kerja Sama Penyelenggaraan Sistem Pengelolaan Air Limbah Domestik (SPALD) Lintas Kabupaten/Kota;14;0;2026
1507;1.03.05.1.01.0018;Operasi dan Pemeliharaan Sistem Pengelolaan Air Limbah Domestik (SPALD);14;0;2026
1507;1.03.05.1.01.0021;Peningkatan Kapasitas Kelembagaan dan Pelaksana Penyelenggara Sistem Pengelolaan Air Limbah Domestik (SPALD);14;0;2026
1507;1.03.05.1.01.0023;Pembinaan dan/atau Pemberdayaan Masyarakat dalam Pengelolaan dan Pengembangan Sistem Pengelolaan Air Limbah Domestik (SPALD);14;100000000;2026
1508;1.03.06.1.01.0007;Peningkatan Sistem Drainase Perkotaan;14;0;2026
1508;1.03.06.1.01.0008;Pembangunan Sistem Drainase Perkotaan;14;6896005000;2026
1508;1.03.06.1.01.0009;Rehabilitasi Sistem Drainase Perkotaan;14;0;2026
1508;1.03.06.1.01.0010;Operasi dan Pemeliharaan Sistem Drainase Perkotaan;14;100000000;2026
1508;1.03.06.1.01.0011;Penyediaan Sarana Pendukung Sistem Drainase Perkotaan;14;0;2026
1508;1.03.06.1.01.0012;Penyusunan Rencana, Kebijakan, Strategi dan Teknis Sistem Drainase Perkotaan;14;0;2026
1508;1.03.06.1.01.0013;Supervisi Pembangunan/Peningkatan/Rehabilitasi Sistem Drainase Perkotaan;14;450000000;2026
1509;1.03.07.1.01.0024;Peningkatan Sistem Penyediaan Air Minum (SPAM) Jaringan Perpipaan di Kawasan Strategis Provinsi;14;0;2026
1509;1.03.07.1.01.0026;Pembangunan Sistem Penyediaan Air Minum (SPAM) Jaringan Perpipaan di Kawasan Strategis Provinsi;14;47821294100;2026
1509;1.03.07.1.01.0030;Optimalisasi Sistem Penyediaan Air Minum (SPAM) Jaringan Perpipaan di Kawasan Strategis Provinsi;14;881501900;2026
1509;1.03.07.1.01.0039;Penyediaan Unit pengolahan setempat di Kawasan Strategis Provinsi;14;3999000000;2026
1509;1.03.07.1.01.0040;Pembangunan TPA/TPST/SPA/TPS-3R/TPS di Kawasan Strategis Provinsi;14;0;2026
1509;1.03.07.1.01.0041;Pembangunan Sistem Pengelolaan Air Limbah Domestik (SPALD) Terpusat di Kawasan Strategis Provinsi;14;0;2026
1510;1.03.08.1.01.0016;Pengubahsuaian Bangunan Gedung untuk Kepentingan Strategis Daerah Provinsi;14;62605000;2026
1510;1.03.08.1.01.0019;Pembangunan, Pemanfaatan,  Pelestariaan dan Pembongkaran Bangunan Gedung untuk Kepentingan Strategis Daerah Provinsi;14;99178900;2026
1510;1.03.08.1.01.0020;Pemeliharaan, Perawatan, dan Pemeriksaan Berkala Bangunan Gedung untuk Kepentingan Strategis Daerah Provinsi;14;49903850;2026
1511;1.03.09.1.01.0017;Penyusunan Rencana dan Teknis Tata Bangunan dan Lingkungan di Kawasan Strategis Daerah Provinsi dan Lintas Daerah Kabupaten/Kota;14;100000000;2026
1511;1.03.09.1.01.0018;Pembinaan dan pengawasan penataan bangunan dan lingkungan kepada pemerintah Kabupaten/Kota;14;50875000;2026
1511;1.03.09.1.01.0019;Penataan Bangunan dan Lingkungan di Kawasan Strategis Daerah Provinsi dan Lintas Daerah Kabupaten/Kota;14;59812250;2026
1512;3.29.01.1.01.0001;Penyusunan Dokumen Perencanaan Perangkat Daerah;36;135137520;2026
1512;3.29.01.1.01.0002;Koordinasi dan Penyusunan Dokumen RKA- SKPD;36;43148450;2026
1512;3.29.01.1.01.0006;Koordinasi dan Penyusunan Laporan Capaian Kinerja dan Ikhtisar Realisasi Kinerja SKPD;36;24930000;2026
1512;3.29.01.1.01.0007;Evaluasi Kinerja Perangkat Daerah;36;248907050;2026
1512;3.29.01.1.01.0008;Pelaksanaan Pengumpulan Data Statistik Sektoral Daerah;36;61124500;2026
1512;3.29.01.1.01.0010;Penyelenggaraan Walidata Pendukung Statistik Sektoral Daerah;36;1900000;2026
1513;3.29.01.1.02.0001;Penyediaan Gaji dan Tunjangan ASN;36;12217815202;2026
1513;3.29.01.1.02.0005;Koordinasi dan Penyusunan Laporan Keuangan Akhir Tahun SKPD;36;39950502;2026
1513;3.29.01.1.02.0007;Koordinasi dan Penyusunan Laporan Keuangan Bulanan/ Triwulanan/Semesteran SKPD;36;30761900;2026
1514;3.29.01.1.03.0004;Pembinaan, Pengawasan, dan Pengendalian Barang Milik Daerah pada SKPD;36;45068100;2026
1514;3.29.01.1.03.0005;Rekonsiliasi dan Penyusunan Laporan Barang Milik Daerah pada SKPD;36;14999250;2026
1515;3.29.01.1.04.0007;Pelaporan Pengelolaan Retribusi Daerah;36;7949100;2026
1516;3.29.01.1.05.0002;Pengadaan Pakaian Dinas Beserta Atribut Kelengkapannya;36;107191642;2026
1516;3.29.01.1.05.0003;Pendataan dan Pengolahan Administrasi Kepegawaian;36;51656718;2026
1516;3.29.01.1.05.0004;Koordinasi dan Pelaksanaan Sistem Informasi Kepegawaian;36;6700000;2026
1516;3.29.01.1.05.0005;Monitoring, Evaluasi, dan Penilaian Kinerja Pegawai;36;50380050;2026
1516;3.29.01.1.05.0009;Pendidikan dan Pelatihan Pegawai Berdasarkan Tugas dan Fungsi;36;35430000;2026
1516;3.29.01.1.05.0010;Sosialisasi Peraturan Perundang-Undangan;36;10800000;2026
1517;3.29.01.1.06.0002;Penyediaan Peralatan dan Perlengkapan Kantor;36;173253729;2026
1517;3.29.01.1.06.0005;Penyediaan Barang Cetakan dan Penggandaan;36;44463495;2026
1517;3.29.01.1.06.0006;Penyediaan Bahan Bacaan dan Peraturan Perundang-Undangan;36;5175000;2026
1517;3.29.01.1.06.0008;Fasilitasi Kunjungan Tamu;36;20556210;2026
1517;3.29.01.1.06.0009;Penyelenggaraan Rapat Koordinasi dan Konsultasi SKPD;36;16880000;2026
1518;3.29.01.1.07.0002;Pengadaan Kendaraan Dinas Operasional atau Lapangan;36;20000000;2026
1518;3.29.01.1.07.0005;Pengadaan Mebel;36;59985390;2026
1518;3.29.01.1.07.0006;Pengadaan Peralatan dan Mesin Lainnya;36;224834017;2026
1519;3.29.01.1.08.0002;Penyediaan Jasa Komunikasi, Sumber Daya Air dan Listrik;36;460939486;2026
1519;3.29.01.1.08.0004;Penyediaan Jasa Pelayanan Umum Kantor;36;1654590000;2026
1520;3.29.01.1.09.0002;Penyediaan Jasa Pemeliharaan, Biaya Pemeliharaan, Pajak dan Perizinan Kendaraan Dinas Operasional atau Lapangan;36;473349250;2026
1520;3.29.01.1.09.0006;Pemeliharaan Peralatan dan Mesin Lainnya;36;77060000;2026
1520;3.29.01.1.09.0009;Pemeliharaan/Rehabilitasi Gedung Kantor dan Bangunan Lainnya;36;0;2026
1521;3.29.02.1.01.0002;Penentuan dan Penetapan Zona Konservasi Air Tanah pada Cekungan Air Tanah;36;250000000;2026
1521;3.29.02.1.01.0003;Pengendalian dan Pengawasan Pemanfaatan Zona Konservasi Air Tanah pada Cekungan Air Tanah;36;82999850;2026
1522;3.29.02.1.03.0002;Penghitungan, Perumusan dan Penetapan Nilai Perolehan Air Tanah;36;40000150;2026
1522;3.29.02.1.03.0003;Pengendalian dan Pengawasan Pemanfaatan Air Tanah;36;133763550;2026
1523;3.29.03.1.01.0001;Pengumpulan dan Pengolahan Data dan Informasi Wilayah Izin Usaha Pertambangan Mineral Bukan Logam dan Batuan dalam 1 (satu) Daerah Provinsi dan Wilayah Laut sampai dengan 12 Mil;36;74826050;2026
1524;3.29.03.1.03.0002;Koordinasi dan Sinkronisasi dalam rangka Penyusunan Usulan Wilayah Usaha Pertambangan dalam Penetapan Wilayah Pertambangan oleh Pemerintah Pusat;36;99333850;2026
1524;3.29.03.1.03.0004;Pengendalian dan Pengawasan Pelaksanaan Perizinan Usaha Pertambangan Mineral Bukan Logam dan Batuan dalam rangka Penanaman Modal Dalam Negeri pada Wilayah Izin Usaha Pertambangan Daerah yang Berada dalam 1 (satu) Daerah Provinsi termasuk Wilayah Laut sampai dengan 12 Mil Laut;36;171975850;2026
1524;3.29.03.1.03.0005;Pengawasan Teknis Kaidah Pertambangan yang baik Perizinan Usaha Pertambangan Mineral Bukan Logam dan Batuan dalam rangka Penanaman Modal Dalam Negeri pada Wilayah Izin Usaha Pertambangan Daerah yang Berada dalam 1 (satu) Daerah Provinsi Termasuk Wilayah Laut sampai dengan 12 Mil Laut;36;145262800;2026
1525;3.29.03.1.04.0002;Koordinasi dan Sinkronisasi dalam Rangka Penyusunan Usulan WPR dalam penetapan Wilayah Pertambangan oleh Pemerintah Pusat;36;38738550;2026
1526;3.29.03.1.24.0002;Pengawasan Pelaksanaan Izin Usaha Pertambangan;36;91664650;2026
1527;3.29.05.1.05.0001;Penyusunan dan pemuktahiran data potensi biomassa;36;26090000;2026
1527;3.29.05.1.05.0006;Penyusunan dan pemutakhiran data potensi biogas;36;28919250;2026
1528;3.29.05.1.06.0004;Pembinaan dan pengawasan pemanfaatan biomassa dan biogas (kapasitas terpasang, investasi, TKDN, SNI, produksi dan distribusi bahan bakar biomassa dan biogas);36;44992050;2026
1529;3.29.05.1.07.0002;Pembinaan dan pengawasan aneka EBT (kapasitas terpasang, investasi) di daerah;36;24999950;2026
1529;3.29.05.1.07.0003;Pemberian bimbingan teknis pemanfaatan aneka EBT;36;29999950;2026
1529;3.29.05.1.07.0006;Perencanaan kegiatan pemanfaatan aneka EBT;36;149999900;2026
1529;3.29.05.1.07.0007;Pelaksanaan kegiatan pemanfaatan aneka EBT;36;14764687190;2026
1529;3.29.05.1.07.0010;Penyusunan dan pemutakhiran data potensi aneka EBT di daerah;36;106924000;2026
1530;3.29.05.1.08.0001;Penyusunan dan pemutakhiran data kegiatan yang izin usahanya dikeluarkan oleh daerah provinsi;36;24999800;2026
1530;3.29.05.1.08.0002;Sosialisasi konservasi energi terhadap pelaku usaha yang izin usahanya dikeluarkan oleh daerah provinsi;36;29999700;2026
1530;3.29.05.1.08.0004;Bimbingan teknis konservasi energi terhadap pelaku usaha yang izin usahanya dikeluarkan oleh daerah provinsi;36;29999800;2026
1531;3.29.05.1.10.0002;Monitoring dan evaluasi pelaksanaan konservasi energi kepada perangkat daerah provinsi dan kabupaten/kota;36;39999750;2026
1531;3.29.05.1.10.0005;Sosialisasi konservasi energi kepada perangkat daerah provinsi dan kabupaten/kota;36;29999800;2026
1532;3.29.06.1.01.0003;Pengendalian dan Pengawasan Pelaksanaan Perizinan Usaha Penyediaan Tenaga Listrik Non Badan Usaha Milik Negara dan Penjualan Tenaga Listrik serta Penyewaan Jaringan kepada Penyedia Tenaga Listrik dalam Daerah Provinsi;36;20000050;2026
1533;3.29.06.1.02.0003;Pengendalian dan Pengawasan Pelaksanaan Perizinan Operasi yang Fasilitas Instalasinya dalam Daerah Provinsi;36;129485800;2026
1534;3.29.06.1.04.0003;Pengendalian dan Pengawasan Pelaksanaan Harga Jual Tenaga Listrik dan Sewa Jaringan Tenaga Listrik, Rencana Usaha Penyediaan Tenaga Listrik, Penjualan Kelebihan Tenaga Listrik dari Pemegang Izin yang Ditetapkan oleh Daerah Provinsi;36;14999900;2026
1535;3.29.06.1.05.0003;Pengendalian dan Pengawasan Pelaksanaan Perizinan Usaha Jasa Penunjang Tenaga Listrik bagi Badan Usaha Dalam Negeri/Mayoritas Sahamnya Dimiliki oleh Penanam Modal Dalam Negeri;36;40000050;2026
1536;3.29.06.1.06.0001;Pengumpulan dan Pengolahan Data dan Informasi Penerima Manfaat dari Kelompok Masyarakat Tidak Mampu;36;107185200;2026
1536;3.29.06.1.06.0005;Koordinasi dan Sinkronisasi Penyediaan Tenaga Listrik Belum Berkembang, Daerah Terpencil dan Perdesaan;36;40000000;2026
1536;3.29.06.1.06.0006;Pembangunan Sarana Penyediaan Tenaga Listrik Belum Berkembang, Daerah Terpencil dan Perdesaan;36;10264220736;2026
1536;3.29.06.1.06.0007;Pengendalian dan Pengawasan Pembangunan Sarana Penyediaan Tenaga Listrik Belum Berkembang, Daerah Terpencil dan Perdesaan;36;83404600;2026
1537;2.22.01.1.01.0001;Penyusunan Dokumen Perencanaan Perangkat Daerah;11;1027000000;2026
1538;2.22.01.1.02.0001;Penyediaan Gaji dan Tunjangan ASN;11;10490355945;2026
1538;2.22.01.1.02.0002;Penyediaan Administrasi Pelaksanaan Tugas ASN;11;460600000;2026
1538;2.22.01.1.02.0004;Koordinasi dan Pelaksanaan Akuntansi SKPD;11;100000000;2026
1539;2.22.01.1.06.0002;Penyediaan Peralatan dan Perlengkapan Kantor;11;0;2026
1539;2.22.01.1.06.0009;Penyelenggaraan Rapat Koordinasi dan Konsultasi SKPD;11;0;2026
1540;2.22.01.1.08.0004;Penyediaan Jasa Pelayanan Umum Kantor;11;2322399999;2026
1541;2.22.01.1.09.0009;Pemeliharaan/Rehabilitasi Gedung Kantor dan Bangunan Lainnya;11;0;2026
1542;2.22.02.1.01.0002;Pembinaan Sumber Daya Manusia, Lembaga, dan Pranata Kebudayaan;11;250000000;2026
1543;2.22.02.1.02.0001;Pelindungan, Pengembangan, Pemanfaatan Objek Pemajuan Tradisi Budaya;11;1400000000;2026
1543;2.22.02.1.02.0002;Pembinaan Sumber Daya Manusia, Lembaga, dan Pranata Tradisional;11;525000000;2026
1544;2.22.03.1.01.0001;Peningkatan Pendidikan dan Pelatihan Sumber Daya Manusia Kesenian Tradisional;11;377000000;2026
1544;2.22.03.1.01.0003;Peningkatan Kapasitas Tata Kelola Lembaga Kesenian Tradisional;11;250000000;2026
1545;2.22.04.1.01.0003;Peningkatan Akses Masyarakat terhadap Data dan Informasi Sejarah;11;100000000;2026
1546;2.22.05.1.01.0001;Pendaftaran Objek Diduga Cagar Budaya;11;200000000;2026
1546;2.22.05.1.01.0002;Penetapan Cagar Budaya;11;200000000;2026
1547;2.22.05.1.02.0001;Pelindungan Cagar Budaya;11;200000000;2026
1547;2.22.05.1.02.0002;Pengembangan Cagar Budaya;11;400000000;2026
1547;2.22.05.1.02.0003;Pemanfaatan Cagar Budaya;11;200000000;2026
1548;2.22.06.1.01.0001;Pelindungan, Pengembangan, dan Pemanfataan Koleksi Secara Terpadu;11;0;2026
1548;2.22.06.1.01.0002;Pembinaan dan Peningkatan Mutu dan Kapasitas Sumber Daya Manusia Permuseuman;11;0;2026
1548;2.22.06.1.01.0003;Peningkatan Pelayanan dan Akses Masyarakat terhadap Museum;11;0;2026
1548;2.22.06.1.01.0004;Penyediaan dan Pemeliharaan Sarana dan Prasarana Museum;11;0;2026
1549;3.28.01.1.01.0001;Penyusunan Dokumen Perencanaan Perangkat Daerah;34;178592000;2026
1549;3.28.01.1.01.0002;Koordinasi dan Penyusunan Dokumen RKA- SKPD;34;0;2026
1549;3.28.01.1.01.0003;Koordinasi dan Penyusunan Dokumen Perubahan RKA-SKPD;34;0;2026
1549;3.28.01.1.01.0004;Koordinasi dan Penyusunan DPA-SKPD;34;0;2026
1549;3.28.01.1.01.0005;Koordinasi dan Penyusunan Perubahan DPA- SKPD;34;0;2026
1549;3.28.01.1.01.0006;Koordinasi dan Penyusunan Laporan Capaian Kinerja dan Ikhtisar Realisasi Kinerja SKPD;34;160870000;2026
1549;3.28.01.1.01.0007;Evaluasi Kinerja Perangkat Daerah;34;0;2026
1550;3.28.01.1.02.0001;Penyediaan Gaji dan Tunjangan ASN;34;59882899757;2026
1550;3.28.01.1.02.0004;Koordinasi dan Pelaksanaan Akuntansi SKPD;34;0;2026
1550;3.28.01.1.02.0005;Koordinasi dan Penyusunan Laporan Keuangan Akhir Tahun SKPD;34;75089750;2026
1551;3.28.01.1.03.0002;Pengamanan Barang Milik Daerah SKPD;34;126222000;2026
1551;3.28.01.1.03.0006;Penatausahaan Barang Milik Daerah pada SKPD;34;0;2026
1552;3.28.01.1.05.0002;Pengadaan Pakaian Dinas Beserta Atribut Kelengkapannya;34;247696570;2026
1552;3.28.01.1.05.0003;Pendataan dan Pengolahan Administrasi Kepegawaian;34;0;2026
1552;3.28.01.1.05.0004;Koordinasi dan Pelaksanaan Sistem Informasi Kepegawaian;34;215370750;2026
1552;3.28.01.1.05.0005;Monitoring, Evaluasi, dan Penilaian Kinerja Pegawai;34;59100000;2026
1552;3.28.01.1.05.0009;Pendidikan dan Pelatihan Pegawai Berdasarkan Tugas dan Fungsi;34;0;2026
1553;3.28.01.1.06.0002;Penyediaan Peralatan dan Perlengkapan Kantor;34;0;2026
1553;3.28.01.1.06.0004;Penyediaan Bahan Logistik Kantor;34;886134820;2026
1553;3.28.01.1.06.0009;Penyelenggaraan Rapat Koordinasi dan Konsultasi SKPD;34;1099222440;2026
1554;3.28.01.1.07.0001;Pengadaan Kendaraan Perorangan Dinas atau Kendaraan Dinas Jabatan;34;0;2026
1554;3.28.01.1.07.0005;Pengadaan Mebel;34;44908340;2026
1554;3.28.01.1.07.0006;Pengadaan Peralatan dan Mesin Lainnya;34;374966760;2026
1554;3.28.01.1.07.0009;Pengadaan Gedung Kantor atau Bangunan Lainnya;34;118000000;2026
1555;3.28.01.1.08.0002;Penyediaan Jasa Komunikasi, Sumber Daya Air dan Listrik;34;1005808035;2026
1555;3.28.01.1.08.0004;Penyediaan Jasa Pelayanan Umum Kantor;34;3667319944;2026
1556;3.28.01.1.09.0001;Penyediaan Jasa Pemeliharaan, Biaya Pemeliharaan dan Pajak Kendaraan Perorangan Dinas atau Kendaraan Dinas Jabatan;34;190100000;2026
1556;3.28.01.1.09.0002;Penyediaan Jasa Pemeliharaan, Biaya Pemeliharaan, Pajak dan Perizinan Kendaraan Dinas Operasional atau Lapangan;34;1017710790;2026
1556;3.28.01.1.09.0006;Pemeliharaan Peralatan dan Mesin Lainnya;34;502990000;2026
1556;3.28.01.1.09.0009;Pemeliharaan/Rehabilitasi Gedung Kantor dan Bangunan Lainnya;34;0;2026
1556;3.28.01.1.09.0010;Pemeliharaan/Rehabilitasi Sarana dan Prasarana Gedung Kantor atau Bangunan Lainnya;34;451157145;2026
1557;3.28.03.1.01.0004;Koordinasi dan Sinkronisasi Usulan Perubahan Fungsi dan Peruntukan Hutan;34;0;2026
1558;3.28.03.1.02.0001;Penyusunan Rencana Pengelolaan Kesatuan Pengelolaan Hutan;34;243776200;2026
1559;3.28.03.1.03.0001;Penyediaan Data dan Informasi Wilayah Usaha di Kawasan Hutan Produksi;34;80730000;2026
1559;3.28.03.1.03.0002;Penyediaan Data dan Informasi Wilayah Usaha di Kawasan Hutan Lindung;34;0;2026
1559;3.28.03.1.03.0013;Koordinasi dan Sinkronisasi Pengendalian Perizinan Berusaha Pemanfaatan Hutan di Kawasan Hutan Produksi;34;93836000;2026
1560;3.28.03.1.04.0001;Penyusunan Rencana Tahunan Rehabilitasi Lahan (RTnRL);34;115000000;2026
1560;3.28.03.1.04.0002;Pembangunan Hutan Rakyat di Luar Kawasan Hutan Negara;34;1516015280;2026
1560;3.28.03.1.04.0004;Pembangunan Penghijauan Lingkungan di Luar Kawasan Hutan Negara;34;11904353333;2026
1560;3.28.03.1.04.0008;Pembinaan dan/atau Pengawasan dalam rangka Pengembangan Rehabilitasi Lahan;34;193490167;2026
1560;3.28.03.1.04.0009;Rehabilitasi Mangrove di luar kawasan hutan;34;67866000;2026
1560;3.28.03.1.04.0013;Pembangunan Dam Penahan;34;0;2026
1561;3.28.03.1.05.0004;Koordinasi, Sinkronisasi dan Pelaksanaan Perlindungan Hutan;34;125654000;2026
1561;3.28.03.1.05.0005;Koordinasi, Sinkronisasi dan Pelaksanaan Pencegahan/Penanggulangan Kebakaran Hutan dan Lahan;34;237610000;2026
1561;3.28.03.1.05.0007;Pencegahan dan Pemberantasan Kerusakan Kawasan Hutan;34;723705800;2026
1562;3.28.03.1.06.0007;Fasilitasi Pelayanan Perizinan Berusaha Pengolahan Hasil Hutan (PBPHH) Kayu dan/atau HHBK  skala kecil dan menengah yang menjadi kewenangan provinsi;34;107200000;2026
1563;3.28.03.1.07.0004;Pembinaan dan Pengawasan PBPHH (Kayu dan/atau HHBK) skala kecil dan menengah yang menjadi kewenangan provinsi;34;281040000;2026
1564;3.28.03.1.09.0005;Pengawasan Peredaran Benih dan/atau Bibit;34;100000000;2026
1564;3.28.03.1.09.0007;Pembuatan dan Pengadaan Bibit untuk Rehabilitasi Lahan;34;516953810;2026
1565;3.28.04.1.01.0006;Pemanfaatan Jasa Lingkungan TAHURA Provinsi;34;0;2026
1565;3.28.04.1.01.0008;Penguatan Kapasitas dan Pemberdayaan Masyarakat di sekitar TAHURA Provinsi;34;15000000;2026
1565;3.28.04.1.01.0011;Perencanaan Pengelolaan TAHURA;34;0;2026
1565;3.28.04.1.01.0014;Pemulihan Ekosistem TAHURA Provinsi;34;134000000;2026
1565;3.28.04.1.01.0015;Pengamanan Kawasan TAHURA Provinsi;34;131000000;2026
1566;3.28.04.1.02.0001;Pengendalian dan Pengawasan Tumbuhan dan Satwa Liar yang tidak Dilindungi dan/atau Tidak Masuk dalam Lampiran CITES;34;0;2026
1567;3.28.04.1.03.0001;Perencanaan Pemanfaatan Ekosistem Karst;34;0;2026
1567;3.28.04.1.03.0002;Pengendalian Kerusakan dan Pemeliharaan Ekosistem Karst;34;0;2026
1567;3.28.04.1.03.0004;Pengendalian Kerusakan dan Pemeliharaan Ekosistem Lahan Basah ;34;0;2026
1567;3.28.04.1.03.0005;Penguatan Kapasitas dan Pemberdayaan Masyarakat di Kawasan Bernilai Ekosistem Penting Kewenangan Daerah Provinsi;34;95630000;2026
1567;3.28.04.1.03.0006;Pengelolaan Daerah Penyangga di Kawasan Bernilai Ekosistem Penting Kewenangan Daerah Provinsi;34;59765000;2026
1568;3.28.05.1.01.0002;Penguatan dan Pendampingan Kelembagaan Kelompok Tani Hutan ;34;841146420;2026
1568;3.28.05.1.01.0004;Peningkatan Kapasitas dan Kompetensi Penyuluh Kehutanan;34;195000000;2026
1568;3.28.05.1.01.0008;Penyiapan Perhutanan Sosial;34;263068800;2026
1568;3.28.05.1.01.0009;Pengembangan Usaha Perhutanan Sosial;34;413470000;2026
1569;3.28.06.1.01.0004;Pemberdayaan Masyarakat dalam Kegiatan Pengelolaan DAS;34;200500000;2026
1569;3.28.06.1.01.0005;Pengembangan Kelembagaan Pengelolaan DAS;34;0;2026
1569;3.28.06.1.01.0008;Peningkatan Koordinasi  dan Sinkronisasi Optimalisasi Fungsi dan Daya Dukung Wilayah DAS;34;0;2026
1570;3.25.01.1.01.0001;Penyusunan Dokumen Perencanaan Perangkat Daerah;31;74000000;2026
1570;3.25.01.1.01.0007;Evaluasi Kinerja Perangkat Daerah;31;26000000;2026
1570;3.25.01.1.01.0008;Pelaksanaan Pengumpulan Data Statistik Sektoral Daerah;31;0;2026
1570;3.25.01.1.01.0010;Penyelenggaraan Walidata Pendukung Statistik Sektoral Daerah;31;0;2026
1571;3.25.01.1.02.0001;Penyediaan Gaji dan Tunjangan ASN;31;24324756252;2026
1571;3.25.01.1.02.0002;Penyediaan Administrasi Pelaksanaan Tugas ASN;31;0;2026
1571;3.25.01.1.02.0003;Pelaksanaan Penatausahaan dan Pengujian/Verifikasi Keuangan SKPD;31;0;2026
1571;3.25.01.1.02.0005;Koordinasi dan Penyusunan Laporan Keuangan Akhir Tahun SKPD;31;0;2026
1571;3.25.01.1.02.0007;Koordinasi dan Penyusunan Laporan Keuangan Bulanan/ Triwulanan/Semesteran SKPD;31;0;2026
1572;3.25.01.1.03.0006;Penatausahaan Barang Milik Daerah pada SKPD;31;0;2026
1573;3.25.01.1.05.0002;Pengadaan Pakaian Dinas Beserta Atribut Kelengkapannya;31;0;2026
1573;3.25.01.1.05.0003;Pendataan dan Pengolahan Administrasi Kepegawaian;31;0;2026
1573;3.25.01.1.05.0010;Sosialisasi Peraturan Perundang-Undangan;31;0;2026
1574;3.25.01.1.06.0002;Penyediaan Peralatan dan Perlengkapan Kantor;31;90750000;2026
1574;3.25.01.1.06.0005;Penyediaan Barang Cetakan dan Penggandaan;31;0;2026
1574;3.25.01.1.06.0009;Penyelenggaraan Rapat Koordinasi dan Konsultasi SKPD;31;0;2026
1574;3.25.01.1.06.0010;Penatausahaan Arsip Dinamis pada SKPD;31;0;2026
1574;3.25.01.1.06.0011;Dukungan Pelaksanaan Sistem Pemerintahan Berbasis Elektronik pada SKPD;31;0;2026
1575;3.25.01.1.07.0010;Pengadaan Sarana dan Prasarana Gedung Kantor atau Bangunan Lainnya;31;0;2026
1576;3.25.01.1.08.0001;Penyediaan Jasa Surat Menyurat;31;0;2026
1576;3.25.01.1.08.0002;Penyediaan Jasa Komunikasi, Sumber Daya Air dan Listrik;31;4721931100;2026
1576;3.25.01.1.08.0004;Penyediaan Jasa Pelayanan Umum Kantor;31;2761200000;2026
1577;3.25.01.1.09.0002;Penyediaan Jasa Pemeliharaan, Biaya Pemeliharaan, Pajak dan Perizinan Kendaraan Dinas Operasional atau Lapangan;31;39250000;2026
1577;3.25.01.1.09.0006;Pemeliharaan Peralatan dan Mesin Lainnya;31;280117700;2026
1577;3.25.01.1.09.0009;Pemeliharaan/Rehabilitasi Gedung Kantor dan Bangunan Lainnya;31;0;2026
1578;3.25.02.1.01.0002;Pengelolaan Kawasan Konservasi di Wilayah Pesisir dan Pulau-Pulau Kecil Berdasarkan Penetapan dari Pemerintah Pusat;31;105200000;2026
1578;3.25.02.1.01.0003;Rehabilitasi Wilayah Perairan Pesisir dan Pulau-Pulau Kecil;31;0;2026
1578;3.25.02.1.01.0004;Mitigasi Bencana Wilayah Pesisir dan Pulau-Pulau Kecil;31;0;2026
1579;3.25.02.1.02.0004;Penerbitan Rekomendasi Izin Pelaksanaan Reklamasi di Perairan Pesisir;31;0;2026
1579;3.25.02.1.02.0006;Pencatatan dan Pengadministrasian Perizinan Berusaha Pemanfaatan Sumber daya Pesisir dan Laut sebagai database perizinan berusaha;31;0;2026
1580;3.25.02.1.03.0001;Pengembangan Kapasitas Masyarakat Pesisir dan Pulau-Pulau Kecil;31;0;2026
1580;3.25.02.1.03.0002;Penguatan dan Pengembangan Kelembagaan Masyarakat Pesisir dan Pulau-Pulau Kecil;31;0;2026
1580;3.25.02.1.03.0003;Pelibatan Masyarakat dalam Penyusunan Perencanaan, Pelaksanaan, dan Pengawasan Pengelolaan Pesisir dan Pulau-Pulau Kecil;31;0;2026
1580;3.25.02.1.03.0004;Pemberian Pendampingan, Kemudahanan Akses Ilmu Pengetahuan, Teknologi dan Informasi, Serta Penyelenggaraan Pendidikan dan Pelatihan;31;0;2026
1580;3.25.02.1.03.0005;Penyediaan Sarana Usaha Pergaraman;31;0;2026
1581;3.25.03.1.01.0001;Penyediaan Data dan Informasi Sumber Daya Ikan;31;0;2026
1581;3.25.03.1.01.0002;Penyediaan Prasarana Usaha Perikanan Tangkap;31;0;2026
1581;3.25.03.1.01.0010;Penyediaan Sarana Usaha Perikanan Tangkap;31;25574249000;2026
1582;3.25.03.1.02.0001;Penyediaan Data dan Informasi Sumber Daya Ikan;31;0;2026
1582;3.25.03.1.02.0004;Penyediaan Sarana Usaha Perikanan Tangkap;31;0;2026
1583;3.25.03.1.03.0005;Penyediaan Data dan Informasi Usaha Perikanan Tangkap untuk kapal penangkap dan pengangkut ikan ukuran diatas 5 GT - 30 GT dan beroperasi sampai dengan 12 mil;31;0;2026
1584;3.25.03.1.06.0002;Penyediaan Sarana dan Prasarana Pelabuhan Perikanan;31;277951200;2026
1584;3.25.03.1.06.0003;Pelaksanaan Fungsi Pemerintahan dan Pengusahaan Pelabuhan Perikanan;31;0;2026
1585;3.25.04.1.01.0002;Penerbitan Rekomendasi Izin Usaha Perikanan Bidang Pembudidayaan Ikan;31;0;2026
1586;3.25.04.1.02.0002;Penerbitan Rekomendasi Izin Usaha Perikanan Bidang Pembudidayaan Ikan;31;0;2026
1587;3.25.04.1.05.0001;Penyediaan Data dan Informasi Pembudidayaan Ikan di Laut dan Lintas Daerah Kabupaten/Kota;31;0;2026
1587;3.25.04.1.05.0002;Penyediaan Prasarana Pembudidayaan Ikan di Laut ;31;221000000;2026
1587;3.25.04.1.05.0004;Penjaminan Ketersediaan Sarana Pembudidayaan Ikan di Laut;31;0;2026
1587;3.25.04.1.05.0011;Pengelolaan Kesehatan Ikan dan Lingkungan Budidaya di Laut dan Lintas Daerah Kabupaten/Kota;31;0;2026
1588;3.25.04.1.06.0003;Penyediaan Sarana Pembudidayaan Ikan di Air Payau dan Air Tawar Lintas Daerah Kabupaten/Kota;31;1661200000;2026
1588;3.25.04.1.06.0004;Penyediaan Prasarana Pembudidayaan Ikan di Air Payau dan Air Tawar  Lintas Daerah Kabupaten/Kota;31;0;2026
1589;3.25.05.1.01.0007;Penanganan perkara Tindak Pidana Kelautan dan Perikanan (TPKP) di wilayah kerja PPNS Perikanan Provinsi;31;0;2026
1589;3.25.05.1.01.0008;Penanganan perkara sanksi administratif bidang kelautan dan perikanan izin provinsi;31;0;2026
1589;3.25.05.1.01.0009;Pembentukan Sumber Daya Manusia Pengawasan Sumber Daya Kelautan dan Perikanan;31;0;2026
1589;3.25.05.1.01.0010;Operasi Kapal Pengawas Kelautan dan Perikanan;31;0;2026
1589;3.25.05.1.01.0012;Pengadaan Kapal Pengawas Kelautan dan Perikanan;31;0;2026
1589;3.25.05.1.01.0013;Pengawasan Usaha Pembudidayaan Ikan di Laut sampai dengan 12 Mil sesuai kewenangan provinsi;31;177000000;2026
1589;3.25.05.1.01.0014;Pengawasan Usaha penangkapan ikan dan/atau usaha pengangkutan ikan  sampai dengan 12 Mil sesuai kewenangan provinsi;31;500000000;2026
1589;3.25.05.1.01.0015;Pembangunan Prasarana Pengawasan Sumber Daya Kelautan dan Perikanan;31;0;2026
1589;3.25.05.1.01.0016;Pengawasan usaha pemanfaatan sumber daya kelautan kewenangan provinsi;31;0;2026
1589;3.25.05.1.01.0017;Penumbuhan dan Pengembangan Kelompok Masyarakat Pengawas (POKMASWAS);31;140800000;2026
1589;3.25.05.1.01.0018;Koordinasi Penanganan Tindak Pidana Kelautan dan Perikanan (TPKP) tingkat Daerah;31;0;2026
1590;3.25.05.1.02.0004;Pengawasan Usaha Pemasaran hasil perikanan dan/atau usaha Pengolahan Hasil Perikanan sesuai kewenangan provinsi;31;0;2026
1591;3.25.06.1.01.0004;Penyediaan Data dan Informasi Usaha Pemasaran dan Pengolahan Hasil Perikanan Lintas Daerah Kabupaten/Kota dalam 1 (Satu) Daerah Provinsi;31;0;2026
1591;3.25.06.1.01.0007;Penerbitan Rekomendasi Perizinan Berusaha Untuk Menunjang Kegiatan Usaha Subsektor Pengolahan Ikan dan Subsektor Pemasaran Ikan Skala Usaha Menengah dan Besar;31;0;2026
1592;3.25.06.1.02.0003;Pelaksanaan Pembinaan, Fasilitasi, Pemantauan, dan Evaluasi terhadap Mutu dan Keamanan Hasil Perikanan, dan Daya Saing serta Pemberdayaan Usaha dalam rangka Menghasilkan Produk yang Aman dan Bermutu untuk dikonsumsi atau digunakan, dan Berdaya Saing;31;0;2026
1592;3.25.06.1.02.0004;Pelaksanaan Bimbingan dan Penerapan Persyaratan atau Standar Pada Usaha Pengolahan dan Pemasaran Skala Menengah dan Besar;31;0;2026
1593;3.25.06.1.03.0001;Pemetaaan dan Pemantauan Kebutuhan Bahan Baku Usaha Pengolahan/Distribusi Ikan Lintas Daerah Kabupaten/Kota dalam 1 (Satu) Daerah Provinsi;31;0;2026
1593;3.25.06.1.03.0002;Pemberian Insentif dan Fasilitasi bagi Pelaku Usaha Perikanan Lintas Daerah Kabupaten/Kota dalam 1 (Satu) Daerah Provinsi;31;3456400000;2026
1593;3.25.06.1.03.0005;Pengembangan Sistem Informasi Manajemen Logistik Ikan dari hulu sampai hilir;31;0;2026
1594;2.12.01.1.01.0001;Penyusunan Dokumen Perencanaan Perangkat Daerah;22;119131700;2026
1594;2.12.01.1.01.0006;Koordinasi dan Penyusunan Laporan Capaian Kinerja dan Ikhtisar Realisasi Kinerja SKPD;22;12950000;2026
1594;2.12.01.1.01.0007;Evaluasi Kinerja Perangkat Daerah;22;209029000;2026
1594;2.12.01.1.01.0008;Pelaksanaan Pengumpulan Data Statistik Sektoral Daerah;22;6700000;2026
1594;2.12.01.1.01.0009;Pelaksanaan Forum Perangkat Daerah Berdasarkan Bidang Urusan yang Diampu dalam Rangka Penyusunan Dokumen Perencanaan Perangkat Daerah;22;0;2026
1594;2.12.01.1.01.0010;Penyelenggaraan Walidata Pendukung Statistik Sektoral Daerah;22;8250000;2026
1594;2.12.01.1.01.0012;Sinkronisasi dan Harmonisasi Pusat dan Daerah dalam Rangka Mendukung Target Pembangunan Nasional melalui  Koordinasi Teknis Pembangunan;22;222946000;2026
1594;2.12.01.1.01.0013;Koordinasi Peningkatan Partisipasi Masyarakat dalam Penyelenggaraan Urusan Pemerintahan Daerah yang Diampu;22;0;2026
1595;2.12.01.1.02.0001;Penyediaan Gaji dan Tunjangan ASN;22;5895039442;2026
1595;2.12.01.1.02.0003;Pelaksanaan Penatausahaan dan Pengujian/Verifikasi Keuangan SKPD;22;0;2026
1595;2.12.01.1.02.0005;Koordinasi dan Penyusunan Laporan Keuangan Akhir Tahun SKPD;22;39693450;2026
1596;2.12.01.1.03.0001;Penyusunan Perencanaan Kebutuhan Barang Milik Daerah SKPD;22;5099900;2026
1596;2.12.01.1.03.0005;Rekonsiliasi dan Penyusunan Laporan Barang Milik Daerah pada SKPD;22;25049900;2026
1596;2.12.01.1.03.0006;Penatausahaan Barang Milik Daerah pada SKPD;22;36510000;2026
1597;2.12.01.1.05.0002;Pengadaan Pakaian Dinas Beserta Atribut Kelengkapannya;22;34500000;2026
1597;2.12.01.1.05.0003;Pendataan dan Pengolahan Administrasi Kepegawaian;22;0;2026
1597;2.12.01.1.05.0005;Monitoring, Evaluasi, dan Penilaian Kinerja Pegawai;22;0;2026
1597;2.12.01.1.05.0009;Pendidikan dan Pelatihan Pegawai Berdasarkan Tugas dan Fungsi;22;0;2026
1597;2.12.01.1.05.0010;Sosialisasi Peraturan Perundang-Undangan;22;0;2026
1597;2.12.01.1.05.0011;Bimbingan Teknis Implementasi Peraturan Perundang-Undangan;22;0;2026
1598;2.12.01.1.06.0001;Penyediaan Komponen Instalasi Listrik/Penerangan Bangunan Kantor;22;8175340;2026
1598;2.12.01.1.06.0002;Penyediaan Peralatan dan Perlengkapan Kantor;22;313431300;2026
1598;2.12.01.1.06.0005;Penyediaan Barang Cetakan dan Penggandaan;22;22177375;2026
1598;2.12.01.1.06.0009;Penyelenggaraan Rapat Koordinasi dan Konsultasi SKPD;22;953096000;2026
1598;2.12.01.1.06.0010;Penatausahaan Arsip Dinamis pada SKPD;22;0;2026
1598;2.12.01.1.06.0011;Dukungan Pelaksanaan Sistem Pemerintahan Berbasis Elektronik pada SKPD;22;0;2026
1599;2.12.01.1.07.0001;Pengadaan Kendaraan Perorangan Dinas atau Kendaraan Dinas Jabatan;22;0;2026
1599;2.12.01.1.07.0005;Pengadaan Mebel;22;11007640;2026
1599;2.12.01.1.07.0006;Pengadaan Peralatan dan Mesin Lainnya;22;81166800;2026
1599;2.12.01.1.07.0010;Pengadaan Sarana dan Prasarana Gedung Kantor atau Bangunan Lainnya;22;0;2026
1600;2.12.01.1.08.0002;Penyediaan Jasa Komunikasi, Sumber Daya Air dan Listrik;22;212966800;2026
1600;2.12.01.1.08.0004;Penyediaan Jasa Pelayanan Umum Kantor;22;755620000;2026
1601;2.12.01.1.09.0001;Penyediaan Jasa Pemeliharaan, Biaya Pemeliharaan dan Pajak Kendaraan Perorangan Dinas atau Kendaraan Dinas Jabatan;22;304250000;2026
1601;2.12.01.1.09.0006;Pemeliharaan Peralatan dan Mesin Lainnya;22;48430000;2026
1601;2.12.01.1.09.0009;Pemeliharaan/Rehabilitasi Gedung Kantor dan Bangunan Lainnya;22;160000000;2026
1601;2.12.01.1.09.0010;Pemeliharaan/Rehabilitasi Sarana dan Prasarana Gedung Kantor atau Bangunan Lainnya;22;0;2026
1602;2.12.02.1.01.0002;Pendataan Penduduk Non Permanen dan Rentan Administrasi Kependudukan Lintas Kabupaten/Kota dalam Satu Provinsi;22;0;2026
1602;2.12.02.1.01.0003;Penataan Tata Kelola Pelaksanaan Pendaftaran Penduduk Skala Provinsi;22;0;2026
1602;2.12.02.1.01.0005;Penyusunan Tata Cara Perencanaan, Pelaksanaan, Pemantauan, Evaluasi, Pengendalian dan Penyusunan Pelaporan Adminduk terkait Pendaftaran Penduduk;22;0;2026
1603;2.12.02.1.02.0001;Fasilitasi Terkait Pendaftaran Penduduk;22;457045700;2026
1603;2.12.02.1.02.0002;Sosialisasi Terkait Pendaftaran Penduduk;22;0;2026
1604;2.12.02.1.03.0001;Pembinaan dan Pengawasaan terkait Pendaftaran Penduduk;22;0;2026
1604;2.12.02.1.03.0002;Bimbingan Teknis terkait Pendaftaran Penduduk;22;0;2026
1605;2.12.03.1.01.0002;Penataan Tata Kelola Pelaksanaan Pencatatan Sipil Skala Provinsi;22;0;2026
1605;2.12.03.1.01.0004;Fasilitasi Pelayanan Bidang Pencatatan Sipil di Kabupaten/Kota;22;364873950;2026
1605;2.12.03.1.01.0005;Penyusunan Tata Cara Perencanaan, Pelaksanaan, Pemantauan, Evaluasi, Pengendalian dan Penyusunan Pelaporan Adminduk terkait Pencatatan Sipil;22;0;2026
1606;2.12.03.1.02.0001;Fasilitasi terkait Pencatatan Sipil;22;0;2026
1606;2.12.03.1.02.0002;Sosialisasi terkait Pencatatan Sipil;22;0;2026
1607;2.12.03.1.03.0001;Pembinaan dan Pengawasaan terkait Pencatatan Sipil;22;0;2026
1607;2.12.03.1.03.0002;Bimbingan Teknis terkait Pencatatan Sipil;22;0;2026
1608;2.12.04.1.01.0001;Penyusunan Tata Cara Perencanaan, Pelaksanaan, Pemantauan, Evaluasi, Pengendalian dan Penyusunan Pelaporan Adminduk Terkait Pengelolaan Informasi Administrasi Kependudukan;22;0;2026
1608;2.12.04.1.01.0002;Penyusunan Tata Cara Pengelolaan Data Kependudukan yang Bersifat Data Perseorangan, Data Agregat dan Data Pribadi di Provinsi dan Kabupaten/Kota;22;13491950;2026
1609;2.12.04.1.02.0001;Fasilitasi terkait Pengelolaan Informasi Administrasi Kependudukan;22;311356000;2026
1609;2.12.04.1.02.0002;Sosialisasi terkait Pengelolaan Informasi Administrasi Kependudukan;22;0;2026
1609;2.12.04.1.02.0004;Koordinasi Berkala antar Lembaga Pemerintah dan Lembaga NonPemerintah Kewenangan Provinsi;22;0;2026
1609;2.12.04.1.02.0005;Penyelenggaraan Pemanfaatan Data Kependudukan ;22;40670000;2026
1609;2.12.04.1.02.0006;Kerja Sama dengan Organisasi KeMasyarakatan dan Perguruan Tinggi;22;0;2026
1609;2.12.04.1.02.0007;Pemberian Konsultasi Penyelenggaraan Pengelolaan Informasi Administrasi Kependudukan;22;0;2026
1610;2.12.04.1.03.0001;Pembinaan dan Pengawasan tekait Pengelolaan Informasi Administrasi Kependudukan;22;2000000;2026
1610;2.12.04.1.03.0002;Bimbingan Teknis Terkait Pengelolaan Informasi Administrasi Kependudukan dan Pendayagunaan Data Kependudukan;22;0;2026
1611;2.12.05.1.01.0001;Penyediaan Data Kependudukan Provinsi;22;127075000;2026
1611;2.12.05.1.01.0002;Penyusunan Profil Data Perkembangan dan Proyeksi kependudukan serta Kebutuhan yang lain;22;93306000;2026
1612;1.02.01.1.01.0001;Penyusunan Dokumen Perencanaan Perangkat Daerah;12;503604253;2026
1612;1.02.01.1.01.0002;Koordinasi dan Penyusunan Dokumen RKA- SKPD;12;0;2026
1612;1.02.01.1.01.0003;Koordinasi dan Penyusunan Dokumen Perubahan RKA-SKPD;12;0;2026
1612;1.02.01.1.01.0004;Koordinasi dan Penyusunan DPA-SKPD;12;0;2026
1612;1.02.01.1.01.0005;Koordinasi dan Penyusunan Perubahan DPA- SKPD;12;0;2026
1612;1.02.01.1.01.0006;Koordinasi dan Penyusunan Laporan Capaian Kinerja dan Ikhtisar Realisasi Kinerja SKPD;12;150000000;2026
1612;1.02.01.1.01.0007;Evaluasi Kinerja Perangkat Daerah;12;3250000;2026
1612;1.02.01.1.01.0008;Pelaksanaan Pengumpulan Data Statistik Sektoral Daerah;12;199999825;2026
1612;1.02.01.1.01.0010;Penyelenggaraan Walidata Pendukung Statistik Sektoral Daerah;12;100000000;2026
1613;1.02.01.1.02.0001;Penyediaan Gaji dan Tunjangan ASN;12;188000000000;2026
1613;1.02.01.1.02.0002;Penyediaan Administrasi Pelaksanaan Tugas ASN;12;7249640000;2026
1613;1.02.01.1.02.0003;Pelaksanaan Penatausahaan dan Pengujian/Verifikasi Keuangan SKPD;12;99999950;2026
1613;1.02.01.1.02.0005;Koordinasi dan Penyusunan Laporan Keuangan Akhir Tahun SKPD;12;99999950;2026
1613;1.02.01.1.02.0006;Pengelolaan dan Penyiapan Bahan Tanggapan Pemeriksaan;12;99999900;2026
1614;1.02.01.1.03.0001;Penyusunan Perencanaan Kebutuhan Barang Milik Daerah SKPD;12;99999600;2026
1614;1.02.01.1.03.0005;Rekonsiliasi dan Penyusunan Laporan Barang Milik Daerah pada SKPD;12;0;2026
1614;1.02.01.1.03.0006;Penatausahaan Barang Milik Daerah pada SKPD;12;100000000;2026
1615;1.02.01.1.05.0002;Pengadaan Pakaian Dinas Beserta Atribut Kelengkapannya;12;262296500;2026
1615;1.02.01.1.05.0004;Koordinasi dan Pelaksanaan Sistem Informasi Kepegawaian;12;199930000;2026
1615;1.02.01.1.05.0009;Pendidikan dan Pelatihan Pegawai Berdasarkan Tugas dan Fungsi;12;0;2026
1615;1.02.01.1.05.0010;Sosialisasi Peraturan Perundang-Undangan;12;0;2026
1616;1.02.01.1.06.0001;Penyediaan Komponen Instalasi Listrik/Penerangan Bangunan Kantor;12;0;2026
1616;1.02.01.1.06.0002;Penyediaan Peralatan dan Perlengkapan Kantor;12;1401200748;2026
1616;1.02.01.1.06.0003;Penyediaan Peralatan Rumah Tangga;12;91431500;2026
1616;1.02.01.1.06.0004;Penyediaan Bahan Logistik Kantor;12;0;2026
1616;1.02.01.1.06.0005;Penyediaan Barang Cetakan dan Penggandaan;12;210245624;2026
1616;1.02.01.1.06.0009;Penyelenggaraan Rapat Koordinasi dan Konsultasi SKPD;12;575076000;2026
1616;1.02.01.1.06.0011;Dukungan Pelaksanaan Sistem Pemerintahan Berbasis Elektronik pada SKPD;12;0;2026
1617;1.02.01.1.07.0001;Pengadaan Kendaraan Perorangan Dinas atau Kendaraan Dinas Jabatan;12;345038000;2026
1617;1.02.01.1.07.0002;Pengadaan Kendaraan Dinas Operasional atau Lapangan;12;280000000;2026
1617;1.02.01.1.07.0006;Pengadaan Peralatan dan Mesin Lainnya;12;694107706;2026
1617;1.02.01.1.07.0009;Pengadaan Gedung Kantor atau Bangunan Lainnya;12;0;2026
1617;1.02.01.1.07.0010;Pengadaan Sarana dan Prasarana Gedung Kantor atau Bangunan Lainnya;12;510233000;2026
1617;1.02.01.1.07.0011;Pengadaan Sarana dan Prasarana Pendukung Gedung Kantor atau Bangunan Lainnya;12;109782500;2026
1618;1.02.01.1.08.0002;Penyediaan Jasa Komunikasi, Sumber Daya Air dan Listrik;12;6181392592;2026
1618;1.02.01.1.08.0003;Penyediaan Jasa Peralatan dan Perlengkapan Kantor;12;319639500;2026
1618;1.02.01.1.08.0004;Penyediaan Jasa Pelayanan Umum Kantor;12;1468820500;2026
1619;1.02.01.1.09.0001;Penyediaan Jasa Pemeliharaan, Biaya Pemeliharaan dan Pajak Kendaraan Perorangan Dinas atau Kendaraan Dinas Jabatan;12;115250000;2026
1619;1.02.01.1.09.0002;Penyediaan Jasa Pemeliharaan, Biaya Pemeliharaan, Pajak dan Perizinan Kendaraan Dinas Operasional atau Lapangan;12;758100000;2026
1619;1.02.01.1.09.0006;Pemeliharaan Peralatan dan Mesin Lainnya;12;129020000;2026
1619;1.02.01.1.09.0009;Pemeliharaan/Rehabilitasi Gedung Kantor dan Bangunan Lainnya;12;0;2026
1619;1.02.01.1.09.0011;Pemeliharaan/Rehabilitasi Sarana dan Prasarana Pendukung Gedung Kantor atau Bangunan Lainnya;12;269655418;2026
1620;1.02.01.1.10.0001;Pelayanan dan Penunjang Pelayanan BLUD;12;270158685143;2026
1621;1.02.01.1.14.0003;Pengelolaan Hubungan Keprotokolan;12;199935000;2026
1622;1.02.02.1.01.0004;Pengembangan Fasilitas Kesehatan Lainnya;12;9930500000;2026
1622;1.02.02.1.01.0006;Pengembangan Pendekatan Pelayanan Kesehatan di DTPK (Pelayanan Kesehatan Bergerak, Gugus Pulau, Pelayanan Kesehatan Berbasis Telemedicine, dll);12;100000000;2026
1622;1.02.02.1.01.0007;Pengembangan Unit Pemeliharaan Fasilitas Kesehatan Regional/Regional Maintainance Center;12;0;2026
1622;1.02.02.1.01.0008;Rehabilitasi dan Pemeliharaan Fasilitas Kesehatan Lainnya;12;12493897000;2026
1622;1.02.02.1.01.0009;Rehabilitasi dan Pemeliharaan Rumah Sakit;12;5000000000;2026
1622;1.02.02.1.01.0010;Pengadaan Alat Kesehatan/Alat Penunjang Medik Fasilitas Layanan Kesehatan ;12;11257601595;2026
1622;1.02.02.1.01.0016;Pengadaan Barang Penunjang Operasional Rumah Sakit ;12;0;2026
1622;1.02.02.1.01.0020;Penyediaan Telemedicine di Fasilitas Pelayanan Kesehatan;12;99999100;2026
1622;1.02.02.1.01.0025;Distribusi  Alat Kesehatan, Obat, Bahan Habis Pakai, Bahan Medis Habis Pakai, Vaksin, Makanan dan Minuman  ke Fasilitas Kesehatan;12;200000000;2026
1622;1.02.02.1.01.0027;Pengadaan Obat, Bahan Habis Pakai, Bahan Medis Habis Pakai,, Vaksin, Makanan dan Minuman di Fasilitas Kesehatan;12;2000000000;2026
1623;1.02.02.1.02.0001;Pengelolaan Pelayanan Kesehatan bagi Penduduk Terdampak Krisis Kesehatan Akibat Bencana dan/atau Berpotensi Bencana;12;314546800;2026
1623;1.02.02.1.02.0002;Pengelolaan Pelayanan Kesehatan bagi Penduduk pada Kondisi Kejadian Luar Biasa (KLB);12;500000000;2026
1623;1.02.02.1.02.0003;Pengelolaan Pelayanan Kesehatan Ibu dan Anak;12;300177000;2026
1623;1.02.02.1.02.0004;Pengelolaan Pelayanan Kesehatan Usia Produktif;12;200000000;2026
1623;1.02.02.1.02.0005;Pengelolaan Pelayanan Kesehatan Usia Lanjut ;12;200000000;2026
1623;1.02.02.1.02.0006;Pengelolaan Pelayanan Kesehatan Gizi Masyarakat;12;499999950;2026
1623;1.02.02.1.02.0007;Pengelolaan Pelayanan Kesehatan Kerja dan Olahraga;12;199999050;2026
1623;1.02.02.1.02.0008;Pengelolaan Pelayanan Kesehatan Lingkungan ;12;300000000;2026
1623;1.02.02.1.02.0009;Pengelolaan Pelayanan Promosi Kesehatan ;12;100035400;2026
1623;1.02.02.1.02.0010;Pengelolaan Pelayanan Kesehatan Tradisonal, Akupuntur, Asuhan Mandiri dan Tradisional Lainnya;12;199999750;2026
1623;1.02.02.1.02.0011;Pengelolaan Pelayanan Kesehatan Penyakit Menular dan Tidak Menular ;12;3025551776;2026
1623;1.02.02.1.02.0012;Pengelolaan Pelayanan Kesehatan Haji;12;199998400;2026
1623;1.02.02.1.02.0013;Pengelolaan Pelayanan Kesehatan Orang dengan Masalah Kesehatan Jiwa (ODMK);12;200000000;2026
1623;1.02.02.1.02.0014;Pengelolaan Pelayanan Kesehatan Orang dengan Kecanduan NAPZA;12;100000000;2026
1623;1.02.02.1.02.0016;Pengelolaan Jaminan Kesehatan Masyarakat;12;40150000000;2026
1623;1.02.02.1.02.0017;Pengelolaan Surveilans Kesehatan;12;300000000;2026
1623;1.02.02.1.02.0018;Koordinasi dan Sinkronisasi Penerapan SPM Bidang Kesehatan Lintas Kabupaten/Kota;12;200000000;2026
1623;1.02.02.1.02.0019;Pembinaan Pelaksanaan Upaya Pelayanan Kesehatan;12;299999150;2026
1623;1.02.02.1.02.0020;Verifikasi dan Penilaian Kelayakan Puskesmas untuk Registrasi Puskesmas;12;149998800;2026
1623;1.02.02.1.02.0021;Investigasi Lanjutan Kejadian Ikutan Pasca Imunisasi dan Pemberian Obat Massal oleh Kabupaten/Kota;12;200000000;2026
1623;1.02.02.1.02.0023;Penyediaan dan Pengelolaan Sistem Penanganan Gawat Darurat Terpadu (SPGDT);12;100000000;2026
1623;1.02.02.1.02.0024;Pengelolaan Rujukan dan Rujuk Balik;12;199719750;2026
1623;1.02.02.1.02.0025;Pengambilan dan Pengiriman Spesimen Penyakit Potensial KLB ke Lab Rujukan/Nasional;12;0;2026
1623;1.02.02.1.02.0026;Upaya Pengurangan Risiko Krisis Kesehatan;12;153393400;2026
1623;1.02.02.1.02.0030;Pengelolaan Pelayanan Kesehatan Dasar Melalui Pendekatan Keluarga;12;0;2026
1623;1.02.02.1.02.0031;Operasional Pelayanan Fasilitas Kesehatan Lainnya;12;1070666800;2026
1624;1.02.02.1.04.0001;Pengendalian dan Pengawasan serta Tindak Lanjut Perizinan Rumah Sakit Kelas B dan Fasilitas Pelayanan Kesehatan;12;0;2026
1624;1.02.02.1.04.0002;Peningkatan Tata Kelola Rumah Sakit;12;0;2026
1624;1.02.02.1.04.0003;Peningkatan Mutu Pelayanan Fasilitas Kesehatan ;12;149999900;2026
1625;1.02.03.1.01.0001;Pemenuhan Kebutuhan Sumber Daya Manusia Kesehatan ;12;150000225;2026
1625;1.02.03.1.01.0002;Distribusi dan Pemerataan Sumber Daya Manusia Kesehatan;12;150000575;2026
1626;1.02.03.1.02.0001;Peningkatan Kompetensi dan Kualifikasi Sumber Daya Manusia Kesehatan ;12;300000250;2026
1626;1.02.03.1.02.0002;Pembinaan dan Pengawasan Sumber Daya Manusia Kesehatan;12;150000000;2026
1627;1.02.04.1.01.0001;Pengendalian dan Pengawasan serta Tindak Lanjut Penerbitan Pengakuan PBF Cabang dan Cabang PAK;12;399999950;2026
1628;1.02.05.1.01.0001;Peningkatan Upaya Advokasi Kesehatan, Pemberdayaan, Penggalangan Kemitraan, Peran serta Masyarakat dan Lintas Sektor Tingkat Daerah Provinsi ;12;340337900;2026
1629;1.02.05.1.02.0001;Penyelenggaraan Promosi Kesehatan dan Perilaku Hidup Bersih dan Sehat;12;150030000;2026
1630;1.02.05.1.03.0001;Bimbingan Teknis dan Supervisi UKBM;12;150069000;2026
1631;2.16.01.1.01.0001;Penyusunan Dokumen Perencanaan Perangkat Daerah;26;36100000;2026
1631;2.16.01.1.01.0002;Koordinasi dan Penyusunan Dokumen RKA- SKPD;26;187500000;2026
1631;2.16.01.1.01.0007;Evaluasi Kinerja Perangkat Daerah;26;164056000;2026
1631;2.16.01.1.01.0008;Pelaksanaan Pengumpulan Data Statistik Sektoral Daerah;26;6000000;2026
1631;2.16.01.1.01.0010;Penyelenggaraan Walidata Pendukung Statistik Sektoral Daerah;26;6000000;2026
1632;2.16.01.1.02.0001;Penyediaan Gaji dan Tunjangan ASN;26;7375814597;2026
1632;2.16.01.1.02.0002;Penyediaan Administrasi Pelaksanaan Tugas ASN;26;309960000;2026
1632;2.16.01.1.02.0003;Pelaksanaan Penatausahaan dan Pengujian/Verifikasi Keuangan SKPD;26;4225000;2026
1632;2.16.01.1.02.0005;Koordinasi dan Penyusunan Laporan Keuangan Akhir Tahun SKPD;26;20000000;2026
1632;2.16.01.1.02.0006;Pengelolaan dan Penyiapan Bahan Tanggapan Pemeriksaan;26;3000000;2026
1633;2.16.01.1.03.0001;Penyusunan Perencanaan Kebutuhan Barang Milik Daerah SKPD;26;2375000;2026
1633;2.16.01.1.03.0005;Rekonsiliasi dan Penyusunan Laporan Barang Milik Daerah pada SKPD;26;24220000;2026
1633;2.16.01.1.03.0006;Penatausahaan Barang Milik Daerah pada SKPD;26;9950000;2026
1634;2.16.01.1.05.0002;Pengadaan Pakaian Dinas Beserta Atribut Kelengkapannya;26;0;2026
1634;2.16.01.1.05.0003;Pendataan dan Pengolahan Administrasi Kepegawaian;26;4343750;2026
1634;2.16.01.1.05.0004;Koordinasi dan Pelaksanaan Sistem Informasi Kepegawaian;26;0;2026
1634;2.16.01.1.05.0005;Monitoring, Evaluasi, dan Penilaian Kinerja Pegawai;26;67840000;2026
1634;2.16.01.1.05.0009;Pendidikan dan Pelatihan Pegawai Berdasarkan Tugas dan Fungsi;26;0;2026
1634;2.16.01.1.05.0011;Bimbingan Teknis Implementasi Peraturan Perundang-Undangan;26;0;2026
1635;2.16.01.1.06.0001;Penyediaan Komponen Instalasi Listrik/Penerangan Bangunan Kantor;26;18873926;2026
1635;2.16.01.1.06.0002;Penyediaan Peralatan dan Perlengkapan Kantor;26;132595570;2026
1635;2.16.01.1.06.0005;Penyediaan Barang Cetakan dan Penggandaan;26;26838274;2026
1635;2.16.01.1.06.0009;Penyelenggaraan Rapat Koordinasi dan Konsultasi SKPD;26;867282000;2026
1635;2.16.01.1.06.0010;Penatausahaan Arsip Dinamis pada SKPD;26;4900000;2026
1635;2.16.01.1.06.0011;Dukungan Pelaksanaan Sistem Pemerintahan Berbasis Elektronik pada SKPD;26;2875000;2026
1636;2.16.01.1.07.0001;Pengadaan Kendaraan Perorangan Dinas atau Kendaraan Dinas Jabatan;26;400000000;2026
1636;2.16.01.1.07.0002;Pengadaan Kendaraan Dinas Operasional atau Lapangan;26;44160000;2026
1636;2.16.01.1.07.0005;Pengadaan Mebel;26;42998000;2026
1636;2.16.01.1.07.0006;Pengadaan Peralatan dan Mesin Lainnya;26;66865000;2026
1636;2.16.01.1.07.0010;Pengadaan Sarana dan Prasarana Gedung Kantor atau Bangunan Lainnya;26;31269075;2026
1637;2.16.01.1.08.0002;Penyediaan Jasa Komunikasi, Sumber Daya Air dan Listrik;26;421278450;2026
1637;2.16.01.1.08.0004;Penyediaan Jasa Pelayanan Umum Kantor;26;769350000;2026
1638;2.16.01.1.09.0001;Penyediaan Jasa Pemeliharaan, Biaya Pemeliharaan dan Pajak Kendaraan Perorangan Dinas atau Kendaraan Dinas Jabatan;26;471051000;2026
1638;2.16.01.1.09.0006;Pemeliharaan Peralatan dan Mesin Lainnya;26;69360000;2026
1638;2.16.01.1.09.0009;Pemeliharaan/Rehabilitasi Gedung Kantor dan Bangunan Lainnya;26;0;2026
1639;2.16.02.1.01.0014;Relasi Media;26;5175925000;2026
1639;2.16.02.1.01.0015;Penyusunan Konten;26;10200000;2026
1639;2.16.02.1.01.0016;Penguatan Kapasitas Sumber Daya Manusia Komunikasi Publik;26;32000000;2026
1639;2.16.02.1.01.0017;Sosialisasi Peraturan Bidang Informasi dan Komunikasi Publik;26;38700000;2026
1639;2.16.02.1.01.0018;Diseminasi Informasi;26;133410000;2026
1639;2.16.02.1.01.0019;Penyusunan Strategi Komunikasi Publik;26;6250000;2026
1639;2.16.02.1.01.0020;Dukungan Administratif, Keuangan, dan Tata Kelola Komisi Informasi di Daerah dalam Rangka Penyelesaian Sengketa Informasi Publik;26;1050000950;2026
1639;2.16.02.1.01.0021;Kemitraan Komunikasi dengan Komunitas Informasi Masyarakat;26;1438680000;2026
1639;2.16.02.1.01.0022;Pelayanan Informasi Publik;26;34800000;2026
1639;2.16.02.1.01.0023;Monitoring Informasi Kebijakan, Opini, dan Aspirasi Publik;26;148526450;2026
1639;2.16.02.1.01.0024;Pengelolaan Media Komunikasi Publik;26;1000000;2026
1640;2.16.03.1.01.0004;Pengelolaan Nama Domain dan Sub Domain Penyelenggaraan Pemerintah Daerah;26;54000000;2026
1641;2.16.03.1.02.0013;Koordinasi Pengelolaan Data dan Informasi;26;10000000;2026
1641;2.16.03.1.02.0019;Keterhubungan Jaringan Intra Pemerintah Daerah Kab/Kota ke Jaringan Intra Pemerintah Daerah Provinsi;26;90000000;2026
1641;2.16.03.1.02.0020;Koordinasi Pemanfaatan Pusat Data Nasional;26;135000000;2026
1641;2.16.03.1.02.0021;Koordinasi pemanfaatan Portal Pelayanan Pemerintah Daerah yang terintegrasi;26;20000000;2026
1641;2.16.03.1.02.0023;Koordinasi pelaksanaan Manajemen SPBE;26;110000000;2026
1641;2.16.03.1.02.0024;Fasilitasi penyelenggaraan Audit TIK sesuai kewenangan Dinas Kominfo;26;110000000;2026
1641;2.16.03.1.02.0030;Penyelenggaraan Jaringan Intra Pemerintah Daerah Provinsi;26;135000000;2026
1641;2.16.03.1.02.0031;Koordinasi dan Fasilitasi Penyelenggaraan Provinsi Cerdas;26;110000000;2026
1641;2.16.03.1.02.0032;Penyediaan Akses Internet;26;10080000000;2026
1641;2.16.03.1.02.0033;Koordinasi pembangunan dan/atau pengembangan Aplikasi Khusus yang sesuai dengan arsitektur dan peta rencana SPBE pemerintah daerah, serta  pemanfaatan Aplikasi Umum SPBE;26;162000000;2026
1641;2.16.03.1.02.0034;Koordinasi penyusunan kebijakan tata kelola SPBE meliputi arsitektur, peta rencana, proses bisnis, serta penyusunan rencana dan anggaran SPBE Pemerintah Daerah;26;44000000;2026
1641;2.16.03.1.02.0035;Koordinasi dan Fasilitasi Promosi Literasi SPBEdan/atau kolaborasi penyelenggaraan SPBE;26;110000000;2026
1641;2.16.03.1.02.0036;Penyelenggaraan Sistem Penghubung Layanan Pemerintah Daerah dalam rangka interopabilitas data dan integrasi layanan;26;110000000;2026
1641;2.16.03.1.02.0037;Penyelenggaraan pusat kendali Pemerintah Daerah;26;5760000000;2026
1642;2.20.02.1.01.0016;Pemenuhan Prinsip Satu Data Indonesia;26;24940000;2026
1642;2.20.02.1.01.0017;Pengelolaan kegiatan statistik sektoral dalam sistem statistik nasional;26;9900000;2026
1642;2.20.02.1.01.0018;Pelaksanaan Proses Bisnis Statistik Sektoral Sesuai Standar;26;35505000;2026
1642;2.20.02.1.01.0019;Peningkatan kualitas statistik sektoral;26;15000000;2026
1642;2.20.02.1.01.0020;Peningkatan Kapasitas Kelembagaan Statistik Sektoral;26;46442100;2026
1642;2.20.02.1.01.0021;Koordinasi dan kolaborasi dalam penyelenggaraan statistik sektoral;26;168206000;2026
1643;2.21.02.1.01.0005;Pelaksanaan Keamanan Informasi Pemerintahan Daerah Berbasis Elektronik dan Non Elektronik;26;75536000;2026
1643;2.21.02.1.01.0006;Penyediaan Layanan Keamanan Informasi dan Persandian Pemerintah Daerah;26;93422000;2026
1643;2.21.02.1.01.0007;Pengelolaan Sumber Daya Keamanan Informasi dan Persandian Pemerintah Daerah berdasarkan Analisis Kebutuhan;26;91896000;2026
1643;2.21.02.1.01.0008;Penetapan Kebijakan Tata Kelola Keamanan Informasi dan Persandian Pemerintah Daerah;26;6752000;2026
1644;2.21.02.1.02.0002;Operasionalisasi Layanan Keamanan Informasi dan Persandian Pemerintah Daerah;26;32394000;2026
1645;2.17.01.1.01.0001;Penyusunan Dokumen Perencanaan Perangkat Daerah;27;72580000;2026
1645;2.17.01.1.01.0002;Koordinasi dan Penyusunan Dokumen RKA- SKPD;27;44800000;2026
1645;2.17.01.1.01.0003;Koordinasi dan Penyusunan Dokumen Perubahan RKA-SKPD;27;40250000;2026
1645;2.17.01.1.01.0004;Koordinasi dan Penyusunan DPA-SKPD;27;17750000;2026
1645;2.17.01.1.01.0005;Koordinasi dan Penyusunan Perubahan DPA- SKPD;27;17750000;2026
1645;2.17.01.1.01.0006;Koordinasi dan Penyusunan Laporan Capaian Kinerja dan Ikhtisar Realisasi Kinerja SKPD;27;19000000;2026
1645;2.17.01.1.01.0007;Evaluasi Kinerja Perangkat Daerah;27;60210000;2026
1646;2.17.01.1.02.0001;Penyediaan Gaji dan Tunjangan ASN;27;11437696309;2026
1646;2.17.01.1.02.0002;Penyediaan Administrasi Pelaksanaan Tugas ASN;27;1314570000;2026
1646;2.17.01.1.02.0003;Pelaksanaan Penatausahaan dan Pengujian/Verifikasi Keuangan SKPD;27;12048900;2026
1646;2.17.01.1.02.0004;Koordinasi dan Pelaksanaan Akuntansi SKPD;27;0;2026
1646;2.17.01.1.02.0005;Koordinasi dan Penyusunan Laporan Keuangan Akhir Tahun SKPD;27;30250000;2026
1646;2.17.01.1.02.0006;Pengelolaan dan Penyiapan Bahan Tanggapan Pemeriksaan;27;8250000;2026
1646;2.17.01.1.02.0007;Koordinasi dan Penyusunan Laporan Keuangan Bulanan/ Triwulanan/Semesteran SKPD;27;0;2026
1646;2.17.01.1.02.0008;Penyusunan Pelaporan dan Analisis Prognosis Realisasi Anggaran;27;0;2026
1647;2.17.01.1.03.0001;Penyusunan Perencanaan Kebutuhan Barang Milik Daerah SKPD;27;4250000;2026
1647;2.17.01.1.03.0002;Pengamanan Barang Milik Daerah SKPD;27;15650000;2026
1647;2.17.01.1.03.0003;Koordinasi dan Penilaian Barang Milik Daerah SKPD;27;4500000;2026
1647;2.17.01.1.03.0005;Rekonsiliasi dan Penyusunan Laporan Barang Milik Daerah pada SKPD;27;6450000;2026
1647;2.17.01.1.03.0006;Penatausahaan Barang Milik Daerah pada SKPD;27;0;2026
1648;2.17.01.1.05.0003;Pendataan dan Pengolahan Administrasi Kepegawaian;27;0;2026
1648;2.17.01.1.05.0004;Koordinasi dan Pelaksanaan Sistem Informasi Kepegawaian;27;13500000;2026
1648;2.17.01.1.05.0005;Monitoring, Evaluasi, dan Penilaian Kinerja Pegawai;27;38250000;2026
1648;2.17.01.1.05.0009;Pendidikan dan Pelatihan Pegawai Berdasarkan Tugas dan Fungsi;27;22500000;2026
1648;2.17.01.1.05.0011;Bimbingan Teknis Implementasi Peraturan Perundang-Undangan;27;0;2026
1649;2.17.01.1.06.0001;Penyediaan Komponen Instalasi Listrik/Penerangan Bangunan Kantor;27;14511749;2026
1649;2.17.01.1.06.0002;Penyediaan Peralatan dan Perlengkapan Kantor;27;89859485;2026
1649;2.17.01.1.06.0003;Penyediaan Peralatan Rumah Tangga;27;10844380;2026
1649;2.17.01.1.06.0004;Penyediaan Bahan Logistik Kantor;27;0;2026
1649;2.17.01.1.06.0005;Penyediaan Barang Cetakan dan Penggandaan;27;23370158;2026
1649;2.17.01.1.06.0008;Fasilitasi Kunjungan Tamu;27;83100000;2026
1649;2.17.01.1.06.0009;Penyelenggaraan Rapat Koordinasi dan Konsultasi SKPD;27;286156000;2026
1649;2.17.01.1.06.0010;Penatausahaan Arsip Dinamis pada SKPD;27;10000000;2026
1649;2.17.01.1.06.0011;Dukungan Pelaksanaan Sistem Pemerintahan Berbasis Elektronik pada SKPD;27;7500000;2026
1650;2.17.01.1.07.0001;Pengadaan Kendaraan Perorangan Dinas atau Kendaraan Dinas Jabatan;27;0;2026
1650;2.17.01.1.07.0002;Pengadaan Kendaraan Dinas Operasional atau Lapangan;27;41200000;2026
1650;2.17.01.1.07.0005;Pengadaan Mebel;27;62876680;2026
1650;2.17.01.1.07.0006;Pengadaan Peralatan dan Mesin Lainnya;27;147817960;2026
1650;2.17.01.1.07.0010;Pengadaan Sarana dan Prasarana Gedung Kantor atau Bangunan Lainnya;27;0;2026
1650;2.17.01.1.07.0011;Pengadaan Sarana dan Prasarana Pendukung Gedung Kantor atau Bangunan Lainnya;27;0;2026
1651;2.17.01.1.08.0002;Penyediaan Jasa Komunikasi, Sumber Daya Air dan Listrik;27;894978243;2026
1651;2.17.01.1.08.0004;Penyediaan Jasa Pelayanan Umum Kantor;27;44910000;2026
1652;2.17.01.1.09.0001;Penyediaan Jasa Pemeliharaan, Biaya Pemeliharaan dan Pajak Kendaraan Perorangan Dinas atau Kendaraan Dinas Jabatan;27;15350000;2026
1652;2.17.01.1.09.0002;Penyediaan Jasa Pemeliharaan, Biaya Pemeliharaan, Pajak dan Perizinan Kendaraan Dinas Operasional atau Lapangan;27;198760000;2026
1652;2.17.01.1.09.0005;Pemeliharaan Mebel;27;0;2026
1652;2.17.01.1.09.0006;Pemeliharaan Peralatan dan Mesin Lainnya;27;73320000;2026
1652;2.17.01.1.09.0009;Pemeliharaan/Rehabilitasi Gedung Kantor dan Bangunan Lainnya;27;10000000;2026
1652;2.17.01.1.09.0010;Pemeliharaan/Rehabilitasi Sarana dan Prasarana Gedung Kantor atau Bangunan Lainnya;27;120000000;2026
1652;2.17.01.1.09.0011;Pemeliharaan/Rehabilitasi Sarana dan Prasarana Pendukung Gedung Kantor atau Bangunan Lainnya;27;0;2026
1653;2.17.02.1.01.0002;Fasilitasi Izin Usaha Simpan Pinjam untuk Koperasi Dengan Wilayah Keanggotaan Lintas Daerah Kabupaten/Kota dalam 1 (satu) Daerah Provinsi;27;79759400;2026
1654;2.17.02.1.02.0003;Fasilitasi Izin Usaha Pembukaan Kantor Cabang, Cabang Pembantu dan Kantor Kas Koperasi Simpan Pinjam untuk Koperasi dengan Wilayah Keanggotaan Lintas Daerah Kabupaten/Kota dalam 1 (satu) Daerah Provinsi;27;106916950;2026
1655;2.17.03.1.01.0003;Penguatan Tata Kelola Kelembagaan Koperasi;27;1031556600;2026
1656;2.17.03.1.02.0002;Pelaksanaan Pemeriksaan dan Pengawasan Koperasi yang Wilayah Keanggotaannya Lintas Daerah Kabupaten/Kota dalam 1 (satu) Daerah Provinsi;27;68737300;2026
1657;2.17.04.1.01.0003;Penilaian Kesehatan Koperasi Meliputi Tata Kelola, Profil Risiko, Kinerja Keuangan, dan Permodalan;27;197373450;2026
1658;2.17.05.1.01.0001;Peningkatan Pemahaman dan Pengetahuan Perkoperasian serta Kapasitas dan Kompetensi SDM Koperasi;27;212382320;2026
1659;2.17.06.1.01.0002;Peningkatan Produktivitas, Nilai Tambah, Akses Pasar, Akses Pembiayaan, Penguatan Kelembagaan, Penataan Manajemen, Standarisasi, dan Restrukturisasi Usaha;27;1546212000;2026
1659;2.17.06.1.01.0003;Penumbuhan Kesadaran Keluarga dalam Peningkatan Taraf Hidup Keluarga Melalui Kehidupan Berkoperasi dan Pengembangan Ekonomi Lainnya;27;64675000;2026
1659;2.17.06.1.01.0004;Pembinaan dan Pendampingan Bagi Keluarga dan Kelompok Masyarakat yang Akan Membentuk Koperasi Dalam Pengembangan Ekonomi;27;69815000;2026
1659;2.17.06.1.01.0006;Fasilitasi Kemitraan Koperasi yang Keanggotaannya Lintas Daerah Kabupaten/Kota dalam 1 (satu) Daerah Provinsi;27;246976800;2026
1659;2.17.06.1.01.0007;Fasilitasi Pelaporan Koperasi yang Keanggotaannya Lintas Daerah Kabupaten/Kota dalam 1 (satu) Daerah Provinsi;27;1420440000;2026
1659;2.17.06.1.01.0008;Fasilitasi Akses Permodalan Koperasi yang Keanggotaannya Lintas Daerah Kabupaten/Kota dalam 1 (satu) Daerah Provinsi;27;41370000;2026
1659;2.17.06.1.01.0009;Pemberdayaan  Koperasi dengan Keanggotaan Lintas Daerah Kabupaten/Kota dalam 1 (satu) Daerah Provinsi;27;42400000;2026
1660;2.17.07.1.01.0001;Menumbuhkembangkan UMKM untuk Menjadi Usaha yang Tangguh dan Mandiri Sehingga dapat Meningkatkan Penciptaan Lapangan Kerja, Pemerataan Pendapatan, Pertumbuhan Ekonomi, dan Pengentasan Kemiskinan;27;500150;2026
1660;2.17.07.1.01.0002;Peningkatan Pemahaman dan Pengetahuan UMKM serta Kapasitas dan Kompetensi SDM UMKM dan Kewirausahaan;27;0;2026
1660;2.17.07.1.01.0004;Fasilitasi Pengadaan Barang/Jasa Pemerintah;27;44177450;2026
1660;2.17.07.1.01.0005;Penyusunan Basis Data Usaha Kecil;27;72965000;2026
1660;2.17.07.1.01.0006;Peningkatan Pemahaman dan Pengetahuan UMKM serta Kapasitas dan Kompetensi SDM UMKM dan Kewirausahaan melalui Pendidikan dan Pelatihan;27;2289577993;2026
1660;2.17.07.1.01.0007;Pelatihan dan Pendampingan Pemanfaataan Sistem Aplikasi Pembukuan/Pencatatan Keuangan Usaha Mikro dan Usaha Kecil;27;0;2026
1660;2.17.07.1.01.0008;Pendampingan dan Bantuan Hukum bagi Usaha Kecil;27;0;2026
1660;2.17.07.1.01.0009;Penyediaan Tempat Promosi dan Pengembangan Usaha Kecil pada Infrastruktur Publik;27;0;2026
1660;2.17.07.1.01.0010;Fasilitasi Hak Kekayaan Intelektual Usaha Kecil;27;67322450;2026
1660;2.17.07.1.01.0011;Fasilitasi Sertifikasi dan Standardisasi Usaha;27;500150;2026
1660;2.17.07.1.01.0012;Perizinan Barusaha bagi Usaha Kecil;27;500150;2026
1661;2.17.08.1.01.0001;Produksi dan Pengolahan, Pemasaran, Sumber Daya Manusia, serta Desain dan Teknologi;27;477526000;2026
1661;2.17.08.1.01.0003;Pengembangan Usaha Kecil;27;466224900;2026
1661;2.17.08.1.01.0004;Fasilitasi Pengembangan Inkubasi Secara Terpadu dan Berjenjang;27;224977013;2026
1661;2.17.08.1.01.0005;Penumbuhan dan Pengembangan Kewirausahaan;27;1000000000;2026
1661;2.17.08.1.01.0006;Fasilitasi Inkubator Usaha Kecil;27;0;2026
1662;2.11.01.1.01.0001;Penyusunan Dokumen Perencanaan Perangkat Daerah;21;12038000;2026
1662;2.11.01.1.01.0002;Koordinasi dan Penyusunan Dokumen RKA- SKPD;21;0;2026
1662;2.11.01.1.01.0003;Koordinasi dan Penyusunan Dokumen Perubahan RKA-SKPD;21;0;2026
1662;2.11.01.1.01.0006;Koordinasi dan Penyusunan Laporan Capaian Kinerja dan Ikhtisar Realisasi Kinerja SKPD;21;0;2026
1662;2.11.01.1.01.0007;Evaluasi Kinerja Perangkat Daerah;21;10450000;2026
1662;2.11.01.1.01.0008;Pelaksanaan Pengumpulan Data Statistik Sektoral Daerah;21;0;2026
1662;2.11.01.1.01.0011;Penyusunan Dokumen Perencanaan Urusan Selain Renstra PD dan Renja PD;21;0;2026
1662;2.11.01.1.01.0013;Koordinasi Peningkatan Partisipasi Masyarakat dalam Penyelenggaraan Urusan Pemerintahan Daerah yang Diampu;21;0;2026
1663;2.11.01.1.02.0001;Penyediaan Gaji dan Tunjangan ASN;21;9590563843;2026
1663;2.11.01.1.02.0002;Penyediaan Administrasi Pelaksanaan Tugas ASN;21;926040000;2026
1663;2.11.01.1.02.0005;Koordinasi dan Penyusunan Laporan Keuangan Akhir Tahun SKPD;21;27006251;2026
1663;2.11.01.1.02.0007;Koordinasi dan Penyusunan Laporan Keuangan Bulanan/ Triwulanan/Semesteran SKPD;21;0;2026
1664;2.11.01.1.03.0001;Penyusunan Perencanaan Kebutuhan Barang Milik Daerah SKPD;21;0;2026
1664;2.11.01.1.03.0003;Koordinasi dan Penilaian Barang Milik Daerah SKPD;21;0;2026
1664;2.11.01.1.03.0005;Rekonsiliasi dan Penyusunan Laporan Barang Milik Daerah pada SKPD;21;12000000;2026
1665;2.11.01.1.04.0001;Perencanaan Pengelolaan Retribusi Daerah;21;0;2026
1666;2.11.01.1.05.0002;Pengadaan Pakaian Dinas Beserta Atribut Kelengkapannya;21;69120000;2026
1666;2.11.01.1.05.0003;Pendataan dan Pengolahan Administrasi Kepegawaian;21;0;2026
1666;2.11.01.1.05.0004;Koordinasi dan Pelaksanaan Sistem Informasi Kepegawaian;21;84150000;2026
1666;2.11.01.1.05.0005;Monitoring, Evaluasi, dan Penilaian Kinerja Pegawai;21;0;2026
1666;2.11.01.1.05.0009;Pendidikan dan Pelatihan Pegawai Berdasarkan Tugas dan Fungsi;21;0;2026
1666;2.11.01.1.05.0010;Sosialisasi Peraturan Perundang-Undangan;21;9000000;2026
1667;2.11.01.1.06.0001;Penyediaan Komponen Instalasi Listrik/Penerangan Bangunan Kantor;21;5186308;2026
1667;2.11.01.1.06.0002;Penyediaan Peralatan dan Perlengkapan Kantor;21;281006691;2026
1667;2.11.01.1.06.0003;Penyediaan Peralatan Rumah Tangga;21;1752000;2026
1667;2.11.01.1.06.0005;Penyediaan Barang Cetakan dan Penggandaan;21;23310000;2026
1667;2.11.01.1.06.0006;Penyediaan Bahan Bacaan dan Peraturan Perundang-Undangan;21;8400000;2026
1667;2.11.01.1.06.0007;Penyediaan Bahan/Material;21;0;2026
1667;2.11.01.1.06.0009;Penyelenggaraan Rapat Koordinasi dan Konsultasi SKPD;21;383420000;2026
1667;2.11.01.1.06.0011;Dukungan Pelaksanaan Sistem Pemerintahan Berbasis Elektronik pada SKPD;21;0;2026
1668;2.11.01.1.07.0001;Pengadaan Kendaraan Perorangan Dinas atau Kendaraan Dinas Jabatan;21;0;2026
1668;2.11.01.1.07.0002;Pengadaan Kendaraan Dinas Operasional atau Lapangan;21;0;2026
1668;2.11.01.1.07.0005;Pengadaan Mebel;21;182532000;2026
1668;2.11.01.1.07.0006;Pengadaan Peralatan dan Mesin Lainnya;21;43231160;2026
1668;2.11.01.1.07.0009;Pengadaan Gedung Kantor atau Bangunan Lainnya;21;0;2026
1669;2.11.01.1.08.0002;Penyediaan Jasa Komunikasi, Sumber Daya Air dan Listrik;21;363970456;2026
1669;2.11.01.1.08.0003;Penyediaan Jasa Peralatan dan Perlengkapan Kantor;21;0;2026
1669;2.11.01.1.08.0004;Penyediaan Jasa Pelayanan Umum Kantor;21;21000000;2026
1670;2.11.01.1.09.0001;Penyediaan Jasa Pemeliharaan, Biaya Pemeliharaan dan Pajak Kendaraan Perorangan Dinas atau Kendaraan Dinas Jabatan;21;490779980;2026
1670;2.11.01.1.09.0005;Pemeliharaan Mebel;21;0;2026
1670;2.11.01.1.09.0006;Pemeliharaan Peralatan dan Mesin Lainnya;21;105385000;2026
1670;2.11.01.1.09.0009;Pemeliharaan/Rehabilitasi Gedung Kantor dan Bangunan Lainnya;21;170000000;2026
1671;2.11.02.1.01.0002;Pengendalian Pelaksanaan RPPLH Provinsi;21;0;2026
1671;2.11.02.1.01.0003;Penyusunan dokumen rencana tematik berbasis arahan RPPLH;21;0;2026
1671;2.11.02.1.01.0006;Peninjauan Kembali terhadap RPPLH Provinsi;21;0;2026
1672;2.11.02.1.02.0002;Pembuatan dan Pelaksanaan KLHS RPJPD/RPJMD;21;0;2026
1672;2.11.02.1.02.0008;Penyelenggaraan KLHS untuk KRP yang Berpotensi Menimbulkan Dampak/Resiko Lingkungan Hidup;21;0;2026
1672;2.11.02.1.02.0009;Pembinaan, Penilaian, Evaluasi Terhadap KLHS Kabupaten/Kota;21;39733000;2026
1673;2.11.03.1.01.0001;Koordinasi, Sinkronisasi dan Pelaksanaan Pencegahan Pencemaran Lingkungan Hidup Dilaksanakan terhadap Media Tanah, Air, Udara, dan Laut;21;0;2026
1673;2.11.03.1.01.0002;Koordinasi, Sinkronisasi dan Pelaksanaan Pengendalian Emisi Gas Rumah Kaca, Mitigasi dan Adaptasi Perubahan Iklim;21;97329500;2026
1673;2.11.03.1.01.0004;Pengambilan contoh uji dan pengujian parameter kualitas lingkungan;21;0;2026
1673;2.11.03.1.01.0008;Pelaksanaan Pencegahan Pencemaran Lingkungan Hidup terhadap Media Tanah, Air, Udara dan Laut;21;43870000;2026
1673;2.11.03.1.01.0009;Pelaksanaan pemantauan kualitas Lingkungan Hidup terhadap Media Tanah, Air, Udara, dan Laut;21;209360000;2026
1673;2.11.03.1.01.0011;Pelaksanaan inventarisasi GRK dan penyusunan profil emisi GRK;21;0;2026
1673;2.11.03.1.01.0012;Penyusunan dokumen status lingkungan hidup daerah;21;152687000;2026
1673;2.11.03.1.01.0013;Penyediaan sarana dan prasarana pemantau kualitas lingkungan di Provinsi;21;0;2026
1673;2.11.03.1.01.0015;Pengelolaan Laboratorium Lingkungan Hidup Provinsi;21;523525600;2026
1673;2.11.03.1.01.0018;Penyusunan Kebijakan terkait dengan Pencegahan Pencemaran dan/atau Kerusakan Lingkugan Hidup sesuai dengan kewenangannya;21;0;2026
1673;2.11.03.1.01.0020;Penyusunan dan Pelaksanaan Sistem Pembayaran Jasa Lingkungan Hidup;21;149972500;2026
1674;2.11.03.1.02.0001;Pemberian Informasi Peringatan Pencemaran dan/atau Kerusakan Lingkungan Hidup pada Masyarakat ;21;15191510;2026
1674;2.11.03.1.02.0004;Monitoring dan evaluasi pelaksanaan Penanggulangan Pencemaran Lingkungan Hidup Dilaksanakan terhadap Media Tanah, Air, Udara, dan Laut, lahan;21;0;2026
1675;2.11.03.1.03.0001;Koordinasi dan Sinkronisasi Penghentian Sumber Pencemaran;21;0;2026
1675;2.11.03.1.03.0007;Pelaksanaan rehabilitasi;21;0;2026
1675;2.11.03.1.03.0008;Pelaksanaan Restorasi;21;25985000;2026
1675;2.11.03.1.03.0009;Koordinasi dan Sinkronisasi rehabilitasi;21;67731000;2026
1675;2.11.03.1.03.0014;Monitoring dan evaluasi pelaksanaan Pemulihan Pencemaran Lingkungan Hidup Dilaksanakan terhadap Media Tanah, Air, Udara, dan Laut, lahan;21;0;2026
1676;2.11.04.1.01.0001;Penyusunan dan Penetapan Rencana Pengelolaan Keanekaragaman Hayati;21;0;2026
1676;2.11.04.1.01.0004;Pengelolaan Ruang Terbuka Hijau (RTH);21;0;2026
1676;2.11.04.1.01.0006;Pengembangan Kapasitas Kelembagaan dan SDM dalam Pengelolaan Keanekaragaman Hayati;21;50470000;2026
1676;2.11.04.1.01.0007;Pengelolaan Sarana dan Prasarana Keanekaragam Hayati;21;0;2026
1676;2.11.04.1.01.0008;Pengelolaan Taman Keanekaragaman Hayati di Luar Kawasan Hutan;21;50000000;2026
1677;2.11.05.1.01.0002;Koordinasi dan Sinkronisasi Pengelolaan Limbah B3 dengan Pemerintah Pusat dalam rangka Pengangkutan, Pemanfaatan, Pengolahan, dan/atau Penimbunan;21;230521300;2026
1677;2.11.05.1.01.0003;Fasilitasi Pemenuhan Persetujuan Teknis Pengumpulan  Limbah B3 skala provinsi yang terintegrasi dengan Persetujuan Lingkungan, Surat Kelayakan Operasional, dan Perizinan Berusaha;21;0;2026
1677;2.11.05.1.01.0004;Pembinaan dan pemantauan pelaksanaan pengumpulan limbah B3 skala provinsi;21;0;2026
1678;2.11.06.1.01.0001;Fasilitasi Pemenuhan Ketentuan dan Kewajiban Izin Lingkungan dan/atau Izin PPLH;21;74958600;2026
1678;2.11.06.1.01.0005;Pengembangan Kapasitas Pejabat Pengawas Lingkungan Hidup;21;0;2026
1678;2.11.06.1.01.0009;Pengawasan Perizinan Berusaha atau Persetujuan Pemerintah terkait Persetujuan Lingkungan yang diterbitkan oleh Pemerintah Daerah Provinsi dan Peraturan Perundang-undangan di bidang Perlindungan dan Pengelolaan Lingkungan Hidup;21;302712092;2026
1678;2.11.06.1.01.0010;Layanan Sarana Prasarana Penegakan Hukum bidang Lingkungan Hidup;21;0;2026
1679;2.11.07.1.02.0001;Pemberdayaan, Kemitraan, Pendampingan dan Penguatan Kelembagaan MHA, Kearifan Lokal, Pengetahuan Tradisional dan Hak MHA terkait dengan PPLH;21;117757200;2026
1680;2.11.08.1.01.0003;Penyelengaraan Penyuluhan dan Kampanye Lingkungan Hidup Tingkat Daerah Provinsi;21;37381700;2026
1680;2.11.08.1.01.0004;Penumbuhan Kesadaran Keluarga dalam Peningkatan Kualitas Kelestarian Lingkungan Hidup;21;55588800;2026
1680;2.11.08.1.01.0005;Peningkatan Kapasitas dan Kompetensi Sumber Daya Manusia Bidang lingkungan hidup untuk Lembaga pendidikan formal/lembaga masyarakat/komunitas/kelompok masyarakat;21;42974850;2026
1680;2.11.08.1.01.0007;Pendampingan Gerakan Peduli Lingkungan Hidup;21;109378000;2026
1681;2.11.09.1.01.0001;Penilaian Kinerja Masyarakat/Lembaga Masyarakat/Dunia Usaha/Dunia Pendidikan/ Filantropi dalam Perlindungan dan Pengelolaan Lingkungan Hidup;21;143319800;2026
1682;2.11.10.1.01.0009;Pengelolaan Pengaduan permasalahan Pencemaran dan Perusakan Lingkungan Hidup tingkat Provinsi;21;21920000;2026
1682;2.11.10.1.01.0011;Pembentukan dan Peningkatan Kapasitas PPNS Daerah Bidang Lingkungan Hidup;21;0;2026
1683;2.11.11.1.01.0005;Koordinasi dan Sinkronisasi Penyediaan Prasarana dan Sarana Penanganan Sampah di TPA/TPST Regional;21;38880000;2026
1683;2.11.11.1.01.0009;Penyusunan Rencana, Kebijakan dan Strategi Daerah Pengelolaan Sampah Provinsi;21;53028750;2026
1683;2.11.11.1.01.0014;Koordinasi, sinkronisasi dan pemantauan pelaksanaan pengelolaan sampah di kabupaten/kota;21;70352000;2026
1683;2.11.11.1.01.0015;Pelaksanaan Penanganan Sampah Spesifik atau pada Kondisi Khusus yang menjadi kewenangan provinsi;21;45591000;2026
1684;2.09.01.1.01.0001;Penyusunan Dokumen Perencanaan Perangkat Daerah;19;67279750;2026
1684;2.09.01.1.01.0002;Koordinasi dan Penyusunan Dokumen RKA- SKPD;19;0;2026
1684;2.09.01.1.01.0003;Koordinasi dan Penyusunan Dokumen Perubahan RKA-SKPD;19;2394250;2026
1684;2.09.01.1.01.0004;Koordinasi dan Penyusunan DPA-SKPD;19;0;2026
1684;2.09.01.1.01.0006;Koordinasi dan Penyusunan Laporan Capaian Kinerja dan Ikhtisar Realisasi Kinerja SKPD;19;38011193;2026
1684;2.09.01.1.01.0007;Evaluasi Kinerja Perangkat Daerah;19;214500;2026
1685;2.09.01.1.02.0001;Penyediaan Gaji dan Tunjangan ASN;19;18994830199;2026
1685;2.09.01.1.02.0002;Penyediaan Administrasi Pelaksanaan Tugas ASN;19;24000000;2026
1685;2.09.01.1.02.0004;Koordinasi dan Pelaksanaan Akuntansi SKPD;19;0;2026
1685;2.09.01.1.02.0005;Koordinasi dan Penyusunan Laporan Keuangan Akhir Tahun SKPD;19;79197700;2026
1685;2.09.01.1.02.0006;Pengelolaan dan Penyiapan Bahan Tanggapan Pemeriksaan;19;0;2026
1685;2.09.01.1.02.0007;Koordinasi dan Penyusunan Laporan Keuangan Bulanan/ Triwulanan/Semesteran SKPD;19;0;2026
1685;2.09.01.1.02.0008;Penyusunan Pelaporan dan Analisis Prognosis Realisasi Anggaran;19;0;2026
1686;2.09.01.1.03.0001;Penyusunan Perencanaan Kebutuhan Barang Milik Daerah SKPD;19;0;2026
1686;2.09.01.1.03.0003;Koordinasi dan Penilaian Barang Milik Daerah SKPD;19;0;2026
1686;2.09.01.1.03.0004;Pembinaan, Pengawasan, dan Pengendalian Barang Milik Daerah pada SKPD;19;0;2026
1686;2.09.01.1.03.0005;Rekonsiliasi dan Penyusunan Laporan Barang Milik Daerah pada SKPD;19;0;2026
1686;2.09.01.1.03.0006;Penatausahaan Barang Milik Daerah pada SKPD;19;0;2026
1686;2.09.01.1.03.0007;Pemanfaatan Barang Milik Daerah SKPD;19;0;2026
1687;2.09.01.1.05.0002;Pengadaan Pakaian Dinas Beserta Atribut Kelengkapannya;19;0;2026
1687;2.09.01.1.05.0004;Koordinasi dan Pelaksanaan Sistem Informasi Kepegawaian;19;0;2026
1687;2.09.01.1.05.0005;Monitoring, Evaluasi, dan Penilaian Kinerja Pegawai;19;0;2026
1687;2.09.01.1.05.0010;Sosialisasi Peraturan Perundang-Undangan;19;0;2026
1687;2.09.01.1.05.0011;Bimbingan Teknis Implementasi Peraturan Perundang-Undangan;19;0;2026
1688;2.09.01.1.06.0001;Penyediaan Komponen Instalasi Listrik/Penerangan Bangunan Kantor;19;0;2026
1688;2.09.01.1.06.0002;Penyediaan Peralatan dan Perlengkapan Kantor;19;140046000;2026
1688;2.09.01.1.06.0003;Penyediaan Peralatan Rumah Tangga;19;0;2026
1688;2.09.01.1.06.0004;Penyediaan Bahan Logistik Kantor;19;0;2026
1688;2.09.01.1.06.0005;Penyediaan Barang Cetakan dan Penggandaan;19;10000000;2026
1688;2.09.01.1.06.0006;Penyediaan Bahan Bacaan dan Peraturan Perundang-Undangan;19;0;2026
1688;2.09.01.1.06.0007;Penyediaan Bahan/Material;19;0;2026
1688;2.09.01.1.06.0008;Fasilitasi Kunjungan Tamu;19;0;2026
1688;2.09.01.1.06.0009;Penyelenggaraan Rapat Koordinasi dan Konsultasi SKPD;19;240800000;2026
1688;2.09.01.1.06.0010;Penatausahaan Arsip Dinamis pada SKPD;19;0;2026
1688;2.09.01.1.06.0011;Dukungan Pelaksanaan Sistem Pemerintahan Berbasis Elektronik pada SKPD;19;0;2026
1689;2.09.01.1.07.0005;Pengadaan Mebel;19;0;2026
1689;2.09.01.1.07.0006;Pengadaan Peralatan dan Mesin Lainnya;19;25000000;2026
1690;2.09.01.1.08.0002;Penyediaan Jasa Komunikasi, Sumber Daya Air dan Listrik;19;319660400;2026
1690;2.09.01.1.08.0003;Penyediaan Jasa Peralatan dan Perlengkapan Kantor;19;0;2026
1690;2.09.01.1.08.0004;Penyediaan Jasa Pelayanan Umum Kantor;19;100004232;2026
1691;2.09.01.1.09.0001;Penyediaan Jasa Pemeliharaan, Biaya Pemeliharaan dan Pajak Kendaraan Perorangan Dinas atau Kendaraan Dinas Jabatan;19;300409800;2026
1691;2.09.01.1.09.0006;Pemeliharaan Peralatan dan Mesin Lainnya;19;308455000;2026
1691;2.09.01.1.09.0009;Pemeliharaan/Rehabilitasi Gedung Kantor dan Bangunan Lainnya;19;0;2026
1692;2.09.02.1.01.0003;Penyediaan Infrastruktur Pendukung Kemandirian Pangan Lainnya;19;299999958;2026
1692;2.09.02.1.01.0004;Koordinasi dan Sinkronisasi dalam rangka Penyediaan Infrastruktur Logistik;19;60000000;2026
1692;2.09.02.1.01.0006;Penyediaan Infrastruktur Cadangan Pangan Pemerintah Provinsi;19;60000000;2026
1693;2.09.03.1.01.0002;Penyediaan Pangan Berbasis Sumber Daya Lokal;19;80000000;2026
1693;2.09.03.1.01.0003;Koordinasi, Sinkronisasi dan Pelaksanaan Distribusi Pangan Pokok dan Pangan Lainnya;19;69999800;2026
1693;2.09.03.1.01.0006;Peningkatan Ketahanan Pangan Keluarga;19;69998930;2026
1693;2.09.03.1.01.0007;Pengembangan usaha Pengolahan Pangan Berbasis Sumber Daya Lokal;19;69940752;2026
1693;2.09.03.1.01.0008;Koordinasi dan Sinkronisasi Pemantauan Stok, Pasokan dan Harga Pangan Pokok Strategis;19;59999000;2026
1693;2.09.03.1.01.0009;Stabilisasi Pasokan dan Harga Pangan Tingkat Produsen dan Konsumen di Provinsi;19;975000000;2026
1693;2.09.03.1.01.0011;Pengembangan Kelembagaan Distribusi Pangan Provinsi;19;70000000;2026
1693;2.09.03.1.01.0012;Penyediaan Informasi Harga Pangan Tingkat Produsen dan Konsumen Wilayah Provinsi;19;70000000;2026
1693;2.09.03.1.01.0013;Penyusunan Neraca Bahan Makanan (NBM);19;59999000;2026
1693;2.09.03.1.01.0015;Penyusunan  Proyeksi Neraca Pangan Wilayah Provinsi;19;65000000;2026
1694;2.09.03.1.02.0002;Penyusunan Rencana Kebutuhan Pangan Lokal;19;0;2026
1694;2.09.03.1.02.0005;Pengelolaan Cadangan Pangan Pemerintah Provinsi;19;0;2026
1694;2.09.03.1.02.0006;Penyaluran Cadangan Pangan Pemerintah Provinsi;19;70000000;2026
1694;2.09.03.1.02.0007;Pengadaaan Cadangan Pangan Pemerintah Provinsi;19;299986665;2026
1694;2.09.03.1.02.0008;Koordinasi Penyelenggaran Cadangan Pangan Pemerintah Provinsi;19;0;2026
1695;2.09.03.1.04.0001;Promosi Penganekaragaman Konsumsi Pangan Berbasis Sumber Daya Lokal ;19;16700000;2026
1695;2.09.03.1.04.0002;Koordinasi dan Sinkronisasi Pelaksanaan Advokasi, Edukasi, dan Sosialisasi Konsumsi Pangan Beragam, Bergizi, Seimbang dan Aman (B2SA);19;59999700;2026
1695;2.09.03.1.04.0003;Koordinasi dan Sinkronisasi Pemantauan dan Evaluasi Konsumsi per Kapita per Tahun;19;91600400;2026
1696;2.09.04.1.01.0001;Penyusunan, Pemutakhiran dan Analisis Peta Ketahanan dan Kerentanan Pangan Provinsi dan Kabupaten/Kota;19;70007500;2026
1697;2.09.04.1.02.0002;Pelaksanaan Pengadaan, Pengelolaan, dan Penyaluran Cadangan Pangan pada Kerawanan Pangan yang Mencakup lebih dari 1 (satu) Daerah Kabupaten/Kota dalam 1 (satu) Daerah Provinsi;19;100008920;2026
1697;2.09.04.1.02.0003;Pelaksanaan Intervensi Kewaspadaan Pangan dan Gizi;19;70015200;2026
1697;2.09.04.1.02.0004;Koordinasi dan Sinkronisasi Penanganan Kerawanan Pangan dan Gizi Provinsi;19;0;2026
1697;2.09.04.1.02.0005;Penyusunan Peta Situasi Kewaspadaan Pangan dan Gizi Provinsi;19;40000400;2026
1698;2.09.05.1.01.0006;Sertifikasi Keamanan dan Mutu Pangan Segar Asal Tumbuhan;19;70016500;2026
1698;2.09.05.1.01.0007;Rekomendasi Perizinan keamanan pangan segar asal tumbuhan;19;70140000;2026
1698;2.09.05.1.01.0008;Rekomendasi Keamanan dan Mutu Pangan Segar Asal Tumbuhan Lintas Daerah Kabupaten/Kota;19;80000000;2026
1698;2.09.05.1.01.0009;Penguatan kelembagaan pengawas keamanan dan mutu pangan segar asal tumbuhan;19;80000050;2026
1698;2.09.05.1.01.0010;Penyediaan sarana dan prasarana pengujian keamanan dan mutu pangan segar asal tumbuhan;19;0;2026
1698;2.09.05.1.01.0011;Koordinasi dan sinkronisasi keamanan dan mutu pangan segar asal tumbuhan;19;35122200;2026
1699;3.26.01.1.01.0001;Penyusunan Dokumen Perencanaan Perangkat Daerah;20;491963847;2026
1699;3.26.01.1.01.0008;Pelaksanaan Pengumpulan Data Statistik Sektoral Daerah;20;137920000;2026
1699;3.26.01.1.01.0010;Penyelenggaraan Walidata Pendukung Statistik Sektoral Daerah;20;102500000;2026
1700;3.26.01.1.02.0001;Penyediaan Gaji dan Tunjangan ASN;20;8388505429;2026
1700;3.26.01.1.02.0002;Penyediaan Administrasi Pelaksanaan Tugas ASN;20;136080000;2026
1700;3.26.01.1.02.0005;Koordinasi dan Penyusunan Laporan Keuangan Akhir Tahun SKPD;20;157070000;2026
1701;3.26.01.1.03.0006;Penatausahaan Barang Milik Daerah pada SKPD;20;187398050;2026
1702;3.26.01.1.05.0002;Pengadaan Pakaian Dinas Beserta Atribut Kelengkapannya;20;63048750;2026
1702;3.26.01.1.05.0004;Koordinasi dan Pelaksanaan Sistem Informasi Kepegawaian;20;123155000;2026
1702;3.26.01.1.05.0005;Monitoring, Evaluasi, dan Penilaian Kinerja Pegawai;20;0;2026
1702;3.26.01.1.05.0009;Pendidikan dan Pelatihan Pegawai Berdasarkan Tugas dan Fungsi;20;31500000;2026
1702;3.26.01.1.05.0010;Sosialisasi Peraturan Perundang-Undangan;20;12410000;2026
1703;3.26.01.1.06.0001;Penyediaan Komponen Instalasi Listrik/Penerangan Bangunan Kantor;20;15118135;2026
1703;3.26.01.1.06.0002;Penyediaan Peralatan dan Perlengkapan Kantor;20;93630150;2026
1703;3.26.01.1.06.0005;Penyediaan Barang Cetakan dan Penggandaan;20;33825000;2026
1703;3.26.01.1.06.0009;Penyelenggaraan Rapat Koordinasi dan Konsultasi SKPD;20;283125481;2026
1704;3.26.01.1.07.0001;Pengadaan Kendaraan Perorangan Dinas atau Kendaraan Dinas Jabatan;20;959604000;2026
1704;3.26.01.1.07.0005;Pengadaan Mebel;20;173325696;2026
1704;3.26.01.1.07.0006;Pengadaan Peralatan dan Mesin Lainnya;20;1440556840;2026
1705;3.26.01.1.08.0002;Penyediaan Jasa Komunikasi, Sumber Daya Air dan Listrik;20;315052000;2026
1705;3.26.01.1.08.0004;Penyediaan Jasa Pelayanan Umum Kantor;20;1625221250;2026
1706;3.26.01.1.09.0001;Penyediaan Jasa Pemeliharaan, Biaya Pemeliharaan dan Pajak Kendaraan Perorangan Dinas atau Kendaraan Dinas Jabatan;20;364278400;2026
1706;3.26.01.1.09.0006;Pemeliharaan Peralatan dan Mesin Lainnya;20;28000000;2026
1706;3.26.01.1.09.0010;Pemeliharaan/Rehabilitasi Sarana dan Prasarana Gedung Kantor atau Bangunan Lainnya;20;500478399;2026
1707;3.26.02.1.01.0001;Penetapan Daya Tarik Wisata Unggulan Provinsi;20;0;2026
1707;3.26.02.1.01.0005;Pengadaan, Pemeliharaan, Rehabilitasi Sarana dan Prasarana dalam Daya Tarik Wisata Provinsi;20;400000000;2026
1707;3.26.02.1.01.0006;Perencanaan Daya Tarik Wisata Provinsi;20;1000000000;2026
1707;3.26.02.1.01.0007;Monitoring dan Evaluasi Pengelolaan Daya Tarik Wisata Provinsi;20;323982000;2026
1707;3.26.02.1.01.0008;Peningkatan Kapasitas SDM Pengelola Daya Tarik Wisata Provinsi;20;480591000;2026
1708;3.26.02.1.02.0001;Penetapan Kawasan Strategis Pariwisata Provinsi;20;0;2026
1708;3.26.02.1.02.0002;Perencanaan Kawasan Strategis Pariwisata Provinsi;20;1852405126;2026
1708;3.26.02.1.02.0004;Pengadaan/Pemeliharaan/Rehabilitasi Sarana dan Prasarana dalam Pengelolaan Kawasan Strategis Pariwisata Provinsi;20;50000000;2026
1708;3.26.02.1.02.0007;Penerapan Destinasi Pariwisata Berkelanjutan dalam Pengelolaan Kawasan Strategis Pariwisata Provinsi;20;545370000;2026
1708;3.26.02.1.02.0008;Monitoring dan Evaluasi Pengelolaan Kawasan Strategis Pariwisata Provinsi;20;0;2026
1708;3.26.02.1.02.0009;Peningkatan Kapasitas SDM Pengelola Kawasan Strategis Pariwisata Provinsi;20;182792000;2026
1709;3.26.02.1.03.0001;Penetapan Destinasi Pariwisata Provinsi;20;0;2026
1709;3.26.02.1.03.0002;Perencanaan Destinasi Pariwisata Provinsi;20;800000000;2026
1709;3.26.02.1.03.0004;Pengadaan/Pemeliharaan/Rehabilitasi Sarana dan Prasarana dalam Pengelolaan Destinasi Pariwisata Provinsi;20;1170000000;2026
1709;3.26.02.1.03.0007;Penerapan Destinasi Pariwisata Berkelanjutan dalam Pengelolaan Destinasi Pariwisata Provinsi;20;86700000;2026
1709;3.26.02.1.03.0008;Perencanaan Destinasi Pariwisata MICE Provinsi;20;0;2026
1709;3.26.02.1.03.0009;Penyusunan Rencana Induk Pembangunan Kepariwisataan Daerah Provinsi;20;0;2026
1709;3.26.02.1.03.0010;Peningkatan Kapasitas SDM Pengelola Destinasi Pariwisata Provinsi;20;306535000;2026
1709;3.26.02.1.03.0011;Penguatan Jejaring Tata Kelola Destinasi Pariwisata Tingkat Provinsi;20;123520000;2026
1709;3.26.02.1.03.0012;Monitoring dan Evaluasi Pengelolaan Destinasi Pariwisata Provinsi;20;124240000;2026
1709;3.26.02.1.03.0013;Fasilitasi Pengumpulan Data Dukung Dalam Indeks Pembangunan Kepariwisataan Nasional;20;38864873;2026
1710;3.26.02.1.04.0007;Fasilitasi Sertifikasi SNI 9042:2021 (SNI CHSE);20;0;2026
1711;3.26.03.1.01.0001;Penguatan Promosi Melalui Media Cetak, Elektronik, dan Media Lainnya Baik Dalam dan Luar Negeri;20;392691550;2026
1711;3.26.03.1.01.0005;Monitoring dan Evaluasi Pengembangan Pemasaran Pariwisata;20;21226000;2026
1711;3.26.03.1.01.0006;Fasilitasi Kegiatan Pemasaran Pariwisata Baik Dalam dan Luar Negeri;20;10911082450;2026
1712;3.26.04.1.01.0003;Koordinasi dan Sinkronisasi Pengembangan Ruang Kreasi dan Jaringan Orang Kreatif;20;71973000;2026
1712;3.26.04.1.01.0006;Perluasan Pasar Produk Kreatif Baik di Pasar Ekspor maupun Pasar Domestik;20;5329538015;2026
1713;3.26.04.1.02.0005;Pengembangan Sistem Pemasaran;20;253350000;2026
1713;3.26.04.1.02.0013;Fasilitasi Kekayaan Intelektual;20;21025000;2026
1713;3.26.04.1.02.0017;Penyusunan Rencana Aksi Pengembangan Ekonomi Kreatif Daerah;20;565752985;2026
1714;3.26.05.1.01.0007;Fasilitasi Pendirian Lembaga Sertifikasi Profesi (LSP) P1 dan P3 Bidang Pariwisata;20;50000000;2026
1714;3.26.05.1.01.0011;Pendampingan penciptaan produk kreatif (inkubasi);20;150000000;2026
1714;3.26.05.1.01.0012;Pelatihan Asesor Kompetensi/Workplace Assesor (WPA) Bidang Pariwisata;20;0;2026
1714;3.26.05.1.01.0016;Pengembangan Kapasitas SDM Pariwisata Berbasis SKKNI;20;1083993700;2026
1715;3.26.05.1.02.0001;Pelatihan, Bimbingan Teknis, dan Pendampingan Ekonomi Kreatif;20;259287660;2026
1715;3.26.05.1.02.0003;Standarisasi Usaha dan Sertifikasi Profesi di Bidang Ekonomi Kreatif;20;656718640;2026
1715;3.26.05.1.02.0005;Pelatihan Asesor Kompetensi/Workplace Assesor (WPA) Subsektor Ekonomi Kreatif;20;0;2026
1715;3.26.05.1.02.0006;Fasilitasi Pendirian Lembaga Sertifikasi Profesi (LSP) P1 dan atau P3 Subsektor Ekonomi Kreatif;20;25000000;2026
1716;2.13.01.1.01.0001;Penyusunan Dokumen Perencanaan Perangkat Daerah;23;0;2026
1716;2.13.01.1.01.0006;Koordinasi dan Penyusunan Laporan Capaian Kinerja dan Ikhtisar Realisasi Kinerja SKPD;23;0;2026
1716;2.13.01.1.01.0007;Evaluasi Kinerja Perangkat Daerah;23;0;2026
1717;2.13.01.1.02.0001;Penyediaan Gaji dan Tunjangan ASN;23;9625338080;2026
1717;2.13.01.1.02.0002;Penyediaan Administrasi Pelaksanaan Tugas ASN;23;1144380000;2026
1717;2.13.01.1.02.0005;Koordinasi dan Penyusunan Laporan Keuangan Akhir Tahun SKPD;23;0;2026
1718;2.13.01.1.03.0006;Penatausahaan Barang Milik Daerah pada SKPD;23;0;2026
1719;2.13.01.1.05.0002;Pengadaan Pakaian Dinas Beserta Atribut Kelengkapannya;23;0;2026
1719;2.13.01.1.05.0005;Monitoring, Evaluasi, dan Penilaian Kinerja Pegawai;23;0;2026
1719;2.13.01.1.05.0009;Pendidikan dan Pelatihan Pegawai Berdasarkan Tugas dan Fungsi;23;0;2026
1719;2.13.01.1.05.0010;Sosialisasi Peraturan Perundang-Undangan;23;0;2026
1719;2.13.01.1.05.0011;Bimbingan Teknis Implementasi Peraturan Perundang-Undangan;23;0;2026
1720;2.13.01.1.06.0001;Penyediaan Komponen Instalasi Listrik/Penerangan Bangunan Kantor;23;0;2026
1720;2.13.01.1.06.0002;Penyediaan Peralatan dan Perlengkapan Kantor;23;0;2026
1720;2.13.01.1.06.0003;Penyediaan Peralatan Rumah Tangga;23;0;2026
1720;2.13.01.1.06.0004;Penyediaan Bahan Logistik Kantor;23;50000000;2026
1720;2.13.01.1.06.0005;Penyediaan Barang Cetakan dan Penggandaan;23;30000000;2026
1720;2.13.01.1.06.0009;Penyelenggaraan Rapat Koordinasi dan Konsultasi SKPD;23;0;2026
1721;2.13.01.1.07.0002;Pengadaan Kendaraan Dinas Operasional atau Lapangan;23;0;2026
1721;2.13.01.1.07.0005;Pengadaan Mebel;23;0;2026
1721;2.13.01.1.07.0006;Pengadaan Peralatan dan Mesin Lainnya;23;0;2026
1721;2.13.01.1.07.0007;Pengadaan Aset Tetap Lainnya;23;0;2026
1722;2.13.01.1.08.0001;Penyediaan Jasa Surat Menyurat;23;0;2026
1722;2.13.01.1.08.0002;Penyediaan Jasa Komunikasi, Sumber Daya Air dan Listrik;23;0;2026
1723;2.13.01.1.09.0001;Penyediaan Jasa Pemeliharaan, Biaya Pemeliharaan dan Pajak Kendaraan Perorangan Dinas atau Kendaraan Dinas Jabatan;23;0;2026
1723;2.13.01.1.09.0006;Pemeliharaan Peralatan dan Mesin Lainnya;23;218000000;2026
1723;2.13.01.1.09.0009;Pemeliharaan/Rehabilitasi Gedung Kantor dan Bangunan Lainnya;23;0;2026
1723;2.13.01.1.09.0010;Pemeliharaan/Rehabilitasi Sarana dan Prasarana Gedung Kantor atau Bangunan Lainnya;23;0;2026
1724;2.13.02.1.01.0001;Identifikasi, Inventarisasi dan Fasilitasi Penataan Kesatuan Masyarakat Hukum Adat dan Desa Adat yang menjadi kewenangan Provinsi;23;0;2026
1724;2.13.02.1.01.0002;Fasilitasi Kelembagaan Desa dan Desa Adat;23;0;2026
1724;2.13.02.1.01.0003;Fasilitasi Kabupaten/Kota dan Desa dalam rangka Penataan Desa;23;100000000;2026
1724;2.13.02.1.01.0004;Penyediaan Prasarana dan Sarana Pelayanan Pemerintahan Desa;23;2957700000;2026
1725;2.13.03.1.01.0001;Fasilitasi Kerja Sama antar Desa Lintas Kabupaten/Kota;23;90000000;2026
1725;2.13.03.1.01.0002;Fasilitasi Kerja Sama Desa dengan Pihak Ketiga;23;90000000;2026
1725;2.13.03.1.01.0003;Fasilitasi Pembangunan Kawasan Perdesaan;23;300000000;2026
1726;2.13.04.1.01.0002;Pembinaan Manajemen Pemerintahan Desa;23;90000000;2026
1726;2.13.04.1.01.0004;Fasilitasi Penyusunan, Perencanaan, Pelaksanaan dan Pengawasan Pembangunan Desa;23;100000000;2026
1726;2.13.04.1.01.0008;Fasilitasi Evaluasi Perkembangan Desa serta Lomba Desa dan Kelurahan;23;200000000;2026
1726;2.13.04.1.01.0009;Fasilitasi Pelaksanaan Profil Desa dan Kelurahan;23;80000000;2026
1726;2.13.04.1.01.0010;Pembinaan Aparatur Pemerintah Desa;23;250000000;2026
1726;2.13.04.1.01.0012;Pembinaan Percepatan Pembangunan Desa Melalui Bantuan Keuangan, Bantuan Pendampingan dan Bantuan Teknis;23;3144000000;2026
1726;2.13.04.1.01.0013;Pelaksanaan Penugasan Urusan/Kewenangan Provinsi yang Dilaksanakan oleh Desa;23;85000000;2026
1726;2.13.04.1.01.0015;Pembinaan dan Pengawasan Penetapan Pengaturan BUM Desa Kabupaten/Kota dan Lembaga Kerja Sama antar Desa;23;986000000;2026
1726;2.13.04.1.01.0016;Fasilitasi Penetapan dan Penegasan Batas Desa;23;100000000;2026
1726;2.13.04.1.01.0019;Fasilitasi Peran BPD dalam Penyelenggaraan Pemerintahan Desa;23;70000000;2026
1726;2.13.04.1.01.0020;Fasilitasi Pengembangan Inovasi Desa;23;0;2026
1726;2.13.04.1.01.0021;Fasilitasi Pekan Inovasi Perkembangan Desa;23;50000000;2026
1727;2.13.05.1.01.0002;Fasilitasi Penataan, Pemberdayaan dan Pendayagunaan Kelembagaan Lembaga KeMasyarakatan Desa/Kelurahan (RT, RW, PKK, Posyandu, LPM, dan Karang Taruna), Lembaga Adat Desa/Kelurahan dan Masyarakat Hukum Adat;23;80000000;2026
1727;2.13.05.1.01.0003;Peningkatan Kapasitas Kelembagaan Lembaga KeMasyarakatan Desa/Kelurahan (RT, RW, PKK, Posyandu, LPM, dan Karang Taruna), Lembaga Adat Desa/Kelurahan dan Masyarakat Hukum Adat;23;395400000;2026
1727;2.13.05.1.01.0004;Fasilitasi Penyediaan Sarana dan Prasarana Kelembagaan Lembaga KeMasyarakatan Desa/Kelurahan (RT, RW, PKK, Posyandu, LPM, dan Karang Taruna), Lembaga Adat Desa/Kelurahan dan Masyarakat Hukum Adat;23;13803440000;2026
1727;2.13.05.1.01.0005;Fasilitasi Pengembangan Usaha Ekonomi Masyarakat dan Pemerintah Desa dalam Meningkatkan Pendapatan Asli Desa;23;300000000;2026
1727;2.13.05.1.01.0006;Fasilitasi Pemerintah Desa dalam Pemanfaatan Teknologi Tepat Guna;23;250000000;2026
1727;2.13.05.1.01.0007;Fasilitasi Bulan Bhakti Gotong Royong Masyarakat;23;50000000;2026
1727;2.13.05.1.01.0008;Fasilitasi Penyelenggaraan Ketentraman, Ketertiban dan Perlindungan Masyarakat Desa;23;50000000;2026
1727;2.13.05.1.01.0009;Fasilitasi Tim Penggerak PKK dalam Penyelenggaraan Gerakan Pemberdayaan Masyarakat dan Kesejahteraan Keluarga;23;750000000;2026
1728;2.08.01.1.01.0001;Penyusunan Dokumen Perencanaan Perangkat Daerah;18;89061250;2026
1728;2.08.01.1.01.0002;Koordinasi dan Penyusunan Dokumen RKA- SKPD;18;84360750;2026
1728;2.08.01.1.01.0007;Evaluasi Kinerja Perangkat Daerah;18;93688200;2026
1728;2.08.01.1.01.0008;Pelaksanaan Pengumpulan Data Statistik Sektoral Daerah;18;0;2026
1728;2.08.01.1.01.0010;Penyelenggaraan Walidata Pendukung Statistik Sektoral Daerah;18;0;2026
1729;2.08.01.1.02.0001;Penyediaan Gaji dan Tunjangan ASN;18;9389283798;2026
1729;2.08.01.1.02.0002;Penyediaan Administrasi Pelaksanaan Tugas ASN;18;849335100;2026
1729;2.08.01.1.02.0006;Pengelolaan dan Penyiapan Bahan Tanggapan Pemeriksaan;18;78872750;2026
1729;2.08.01.1.02.0007;Koordinasi dan Penyusunan Laporan Keuangan Bulanan/ Triwulanan/Semesteran SKPD;18;100932700;2026
1729;2.08.01.1.02.0008;Penyusunan Pelaporan dan Analisis Prognosis Realisasi Anggaran;18;25000000;2026
1730;2.08.01.1.05.0002;Pengadaan Pakaian Dinas Beserta Atribut Kelengkapannya;18;44466686;2026
1730;2.08.01.1.05.0011;Bimbingan Teknis Implementasi Peraturan Perundang-Undangan;18;26700000;2026
1731;2.08.01.1.06.0005;Penyediaan Barang Cetakan dan Penggandaan;18;15907400;2026
1731;2.08.01.1.06.0009;Penyelenggaraan Rapat Koordinasi dan Konsultasi SKPD;18;116708350;2026
1732;2.08.01.1.07.0002;Pengadaan Kendaraan Dinas Operasional atau Lapangan;18;0;2026
1732;2.08.01.1.07.0009;Pengadaan Gedung Kantor atau Bangunan Lainnya;18;1381410500;2026
1733;2.08.01.1.08.0002;Penyediaan Jasa Komunikasi, Sumber Daya Air dan Listrik;18;230380000;2026
1733;2.08.01.1.08.0003;Penyediaan Jasa Peralatan dan Perlengkapan Kantor;18;39535670;2026
1733;2.08.01.1.08.0004;Penyediaan Jasa Pelayanan Umum Kantor;18;57501505;2026
1734;2.08.01.1.09.0001;Penyediaan Jasa Pemeliharaan, Biaya Pemeliharaan dan Pajak Kendaraan Perorangan Dinas atau Kendaraan Dinas Jabatan;18;42515850;2026
1734;2.08.01.1.09.0002;Penyediaan Jasa Pemeliharaan, Biaya Pemeliharaan, Pajak dan Perizinan Kendaraan Dinas Operasional atau Lapangan;18;449750000;2026
1734;2.08.01.1.09.0009;Pemeliharaan/Rehabilitasi Gedung Kantor dan Bangunan Lainnya;18;44940000;2026
1735;2.08.02.1.01.0005;Penyusunan Kebijakan Penyelenggaraan PUG Kewenangan Provinsi;18;0;2026
1735;2.08.02.1.01.0009;Monitoring, Evaluasi, dan Pelaporan penyelenggaraan PUG kewenangan provinsi;18;0;2026
1735;2.08.02.1.01.0010;Bimbingan Teknis Penyelenggaraan PUG Kewenangan Provinsi;18;0;2026
1735;2.08.02.1.01.0011;Pendampingan Penyelenggaraan PUG Kewenangan Provinsi;18;0;2026
1735;2.08.02.1.01.0012;Advokasi dan sosialisasi penyelenggaraan PUG kewenangan Provinsi;18;353497150;2026
1736;2.08.02.1.02.0005;Advokasi pemberdayaan perempuan di bidang politik, atau hukum, atau sosial, dan atau ekonomi Kewenangan Provinsi;18;299999200;2026
1736;2.08.02.1.02.0006;pendampingan lembaga masyarakat pemberdayaan perempuan di bidang politik, atau hukum, atau sosial, dan atau ekonomi Kewenangan Provinsi;18;309999500;2026
1736;2.08.02.1.02.0007;monitoring, evaluasi, dan pelaporan pemberdayaan perempuan kewenangan provinsi;18;100000000;2026
1736;2.08.02.1.02.0008;sosialisasi pemberdayaan perempuan di bidang politik, atau hukum, atau sosial, dan atau ekonomi Kewenangan Provinsi;18;486503600;2026
1736;2.08.02.1.02.0009;peningkatan kapasitas SDM pemberdayaan perempuan di bidang politik, atau hukum, atau sosial, dan atau ekonomi Kewenangan Provinsi;18;273496100;2026
1737;2.08.02.1.03.0007;monitoring evaluasi dan pelaporan penguatan dan pengembangan lembaga penyedia layanan pemberdayaan perempuan kewenangan provinsi;18;0;2026
1737;2.08.02.1.03.0008;Peningkatan Kapasitas lembaga penyedia layanan pemberdayaan perempuan Kewenangan Provinsi;18;0;2026
1737;2.08.02.1.03.0009;penguatan kerjasama antar lembaga penyedia layanan pemberdayaan perempuan kewenangan provinsi;18;0;2026
1737;2.08.02.1.03.0010;pendampingan penguatan dan pengembangan lembaga penyedia layanan pemberdayaan perempuan kewenangan provinsi;18;0;2026
1737;2.08.02.1.03.0011;Advokasi dan sosialisasi penguatan dan pengembangan lembaga penyedia layanan pemberdayaan perempuan Kewenangan Provinsi;18;0;2026
1738;2.08.03.1.01.0003;Kerjasama para pihak dalam pencegahan KtP Kewenangan Provinsi;18;99999920;2026
1738;2.08.03.1.01.0004;Peningkatan kapasitas kepada SDM yang terkait langsung pencegahan KtP Kewenangan Provinsi;18;120000050;2026
1738;2.08.03.1.01.0005;monitoring evaluasi dan pelaporan  dalam pencegahan KtP Kewenangan Provinsi;18;0;2026
1738;2.08.03.1.01.0006;Penyusunan kebijakan pencegahan KtP dan TPPO (Strada, RAD) Kewenangan Provinsi;18;24756000;2026
1738;2.08.03.1.01.0007;Advokasi dan sosialisasi pencegahan KtP dan TPPO kepada pengambil kebijakan dan pemangku kepentingan Kewenangan Provinsi;18;29999750;2026
1739;2.08.03.1.02.0003;layanan gelar kasus bagi Perempuan Korban Kekerasan Tingkat Daerah Provinsi dan Lintas Daerah Kabupaten/Kota;18;0;2026
1739;2.08.03.1.02.0004;layanan pendampingan tenaga ahli bagi Perempuan Korban Kekerasan Tingkat Daerah Provinsi dan Lintas Daerah Kabupaten/Kota;18;0;2026
1739;2.08.03.1.02.0005;Layanan pendampingan korban bagi Perempuan Korban Kekerasan Tingkat Daerah Provinsi dan Lintas Daerah Kabupaten/Kota;18;0;2026
1739;2.08.03.1.02.0006;layanan medikolegal bagi Perempuan Korban Kekerasan Tingkat Daerah Provinsi dan Lintas Daerah Kabupaten/Kota;18;0;2026
1739;2.08.03.1.02.0007;layanan rumah perlindungan bagi Perempuan Korban Kekerasan Tingkat Daerah Provinsi dan Lintas Daerah Kabupaten/Kota;18;0;2026
1739;2.08.03.1.02.0008;Layanan  Pengaduan atau Penjangkauan bagi Perempuan Korban Kekerasan Tingkat Daerah Provinsi dan Lintas Daerah Kabupaten/Kota;18;137036500;2026
1739;2.08.03.1.02.0009;layanan spesifik untuk pemulihan korban bagi Perempuan Korban Kekerasan Tingkat Daerah Provinsi dan Lintas Daerah Kabupaten/Kota;18;0;2026
1739;2.08.03.1.02.0010;layanan kesehatan yang tidak dijamin BPJS, Jamkesda, dan sumber pendanaan lainnya bagi Perempuan Korban Kekerasan Tingkat Daerah Provinsi dan Lintas Daerah Kabupaten/Kota;18;0;2026
1740;2.08.03.1.03.0005;Peningkatan Kapasitas Sumberdaya Lembaga Penyedia Layanan Penanganan bagi Perempuan Korban Kekerasan Kewenangan Provinsi;18;60499900;2026
1740;2.08.03.1.03.0006;penguatan kerjasama  Antar Lembaga Penyedia Layanan Perlindungan Perempuan Kewenangan Provinsi dan Lintas Daerah Kabupaten/Kota;18;0;2026
1740;2.08.03.1.03.0007;monitoring evaluasi dan pelaporan penguatan dan pengembangan lembaga penyedia Layanan Perlindungan Perempuan  kewenangan provinsi;18;5000000;2026
1740;2.08.03.1.03.0008;pendampingan penguatan dan pengembangan lembaga penyedia Layanan Perlindungan Perempuan  kewenangan provinsi;18;38119900;2026
1740;2.08.03.1.03.0009;Advokasi dan sosialisasi Penyediaan Sarana Prasarana Layanan bagi Perempuan Korban Kekerasan Kewenangan Provinsi;18;0;2026
1741;2.08.04.1.01.0004;monitoring evaluasi dan pelaporan dalam peningkatan kualitas keluargaKewenangan Provinsi dan Lintas Kabupaten/Kota;18;0;2026
1741;2.08.04.1.01.0005;penguatan kerjasama antar lembaga dalam peningkatan kualitas keluarga Kewenangan Provinsi dan Lintas Kabupaten/Kota;18;0;2026
1741;2.08.04.1.01.0006;Penyusunan Kebijakan mengenai peningkatan kualitas keluarga untuk Mewujudkan KG dan Perlindungan Anak Kewenangan Provinsi dan Lintas Kabupaten/Kota;18;0;2026
1741;2.08.04.1.01.0007;Advokasi dan sosialisasi peningkatan kualitas keluarga kepada pengambil kebijakan dan pemangku kepentingan Kewenangan Provinsi dan Lintas Kabupaten/Kota;18;100563800;2026
1742;2.08.04.1.02.0004;monitoring evaluasi dan pelaporan Lembaga Penyedia Layanan Peningkatan Kualitas Keluarga Kewenangan Provinsi;18;0;2026
1742;2.08.04.1.02.0005;penguatan kerjasama antar Lembaga Penyedia Layanan Peningkatan Kualitas Keluarga Kewenangan Provinsi;18;0;2026
1742;2.08.04.1.02.0006;Advokasi dan Sosialisasi Pengembangan Lembaga Penyedia Layanan Peningkatan Kualitas Keluarga Kewenangan Provinsi;18;125938600;2026
1742;2.08.04.1.02.0007;peningkatan kapasitas Lembaga Penyedia Layanan Peningkatan Kualitas Keluarga Kewenangan Provinsi;18;0;2026
1742;2.08.04.1.02.0008;pendampingan Lembaga Penyedia Layanan Peningkatan Kualitas Keluarga Kewenangan Provinsi;18;0;2026
1743;2.08.04.1.03.0002;layanan penjangkauan keluarga dalam Mewujudkan KG dan PA Lingkup Daerah Provinsi dan Lintas Daerah Kabupaten/Kota;18;0;2026
1743;2.08.04.1.03.0003;layanan rujukan bagi keluarga dalam Mewujudkan KG dan Perlindungan Anak yang Wilayah Kerjanya Lingkup Daerah Provinsi dan Lintas Daerah Kabupaten/Kota;18;0;2026
1743;2.08.04.1.03.0004;layanan konsultasi dan konseling keluarga dalam Mewujudkan KG dan PA Lingkup Daerah Provinsi dan Lintas Daerah Kabupaten/Kota;18;0;2026
1743;2.08.04.1.03.0005;Layanan bimbingan masyarakat keluarga dalam Mewujudkan KG dan PA Lingkup Daerah Provinsi dan Lintas Daerah Kabupaten/Kota;18;0;2026
1743;2.08.04.1.03.0006;Layanan penerimaan pengaduan bagi keluarga dalam Mewujudkan KG dan PA Lingkup Daerah Provinsi dan Lintas Daerah Kabupaten/Kota;18;0;2026
1744;2.08.05.1.01.0003;Penguatan dan peningkatan kualitas data kekerasan terhadap perempuan dan anak hasil pencatatan dan pelaporan melalui Simfoni PPA;18;0;2026
1744;2.08.05.1.01.0004;Advokasi dan penguatan jejaring lintas sektor dalam penyediaan data gender dan anak;18;217510000;2026
1744;2.08.05.1.01.0005;Penyediaan, Penyajian, dan Pemanfaatan Data Gender dan Anak Provinsi;18;82490000;2026
1745;2.08.06.1.01.0004;Penyusunan Kebijakan Penyelenggaraan  Kebijakan Pemenuhan Hak Anak Kewenangan Provinsi;18;0;2026
1745;2.08.06.1.01.0005;Pendampingan Penyelenggaraan  Kebijakan Pemenuhan Hak Anak  Kewenangan Provinsi;18;0;2026
1745;2.08.06.1.01.0006;Bimbingan Teknis Pelaksanaan Kebijakan Pemenuhan Hak Anak pada Lembaga Pemerintah, Non Pemerintah, Media dan Dunia Usaha Kewenangan Provinsi;18;0;2026
1745;2.08.06.1.01.0007;Advokasi dan sosialisasi Pelaksanaan Kebijakan Pemenuhan Hak AnakKewenangan Provinsi;18;166535200;2026
1745;2.08.06.1.01.0008;Monitoring, Evaluasi, dan Pelaporan Pelaksanaan Kebijakan Pemenuhan Hak Anak   Kewenangan Provinsi;18;0;2026
1746;2.08.06.1.02.0006;Pengembangan Komunikasi, Informasi dan Edukasi Pemenuhan Hak Anak;18;42106800;2026
1746;2.08.06.1.02.0007;Koordinasi dan sinkronisasi pelaksanaan pendampingan peningkatan kualitas hidup anak kewenangan provinsi;18;134978000;2026
1746;2.08.06.1.02.0008;Advokasi dan sosialisasi penguatan dan pengembangan lembaga penyedia layanan Peningkatan Kualitas Hidup Anak Kewenangan Provinsi;18;42340000;2026
1746;2.08.06.1.02.0009;Peningkatan Kapasitas lembaga penyedia layanan Peningkatan Kualitas Hidup Anak Kewenangan Provinsi;18;0;2026
1746;2.08.06.1.02.0010;pendampingan penguatan dan pengembangan lembaga penyedia layanan Peningkatan Kualitas Hidup Anak Kewenangan Provinsi;18;49240000;2026
1746;2.08.06.1.02.0011;monitoring evaluasi dan pelaporan penguatan dan pengembangan lembaga penyedia layanan Peningkatan Kualitas Hidup Anak Kewenangan Provinsi;18;44800000;2026
1746;2.08.06.1.02.0012;penguatan kerjasama antar lembaga penyedia layanan Peningkatan Kualitas Hidup Anak Kewenangan Provinsi;18;0;2026
1747;2.08.07.1.01.0006;Peningkatan kapasitas kepada SDM yang terkait langsung pencegahan KtA Kewenangan Provinsi;18;107125000;2026
1747;2.08.07.1.01.0007;Advokasi dan sosialisasi pencegahan KtA kepada pengambil kebijakan dan pemangku kepentingan Kewenangan Provinsi;18;40006000;2026
1747;2.08.07.1.01.0008;Penyusunan kebijakan pencegahan KtA (Strada, RAD) Kewenangan Provinsi;18;0;2026
1747;2.08.07.1.01.0009;Kerjasama para pihak dalam pencegahan KtA Kewenangan Provinsi;18;27000000;2026
1747;2.08.07.1.01.0010;monitoring evaluasi dan pelaporan  dalam pencegahan KtA Kewenangan Provinsi;18;0;2026
1748;2.08.07.1.02.0008;Layanan pendampingan korban bagi Anak Korban Kekerasan Tingkat Daerah Provinsi dan Lintas Daerah Kabupaten/Kota;18;0;2026
1748;2.08.07.1.02.0009;layanan medikolegal bagi Anak Korban Kekerasan Tingkat Daerah Provinsi dan Lintas Daerah Kabupaten/Kota;18;0;2026
1748;2.08.07.1.02.0010;Layanan  Pengaduan atau Penjangkauan bagi Anak  Korban Kekerasan Tingkat Daerah Provinsi dan Lintas Daerah Kabupaten/Kota;18;89966000;2026
1748;2.08.07.1.02.0011;layanan pendampingan tenaga ahli bagi Anak Korban Kekerasan Tingkat Daerah Provinsi dan Lintas Daerah Kabupaten/Kota;18;0;2026
1748;2.08.07.1.02.0012;layanan gelar kasus bagi Anak Korban Kekerasan Tingkat Daerah Provinsi dan Lintas Daerah Kabupaten/Kota;18;0;2026
1748;2.08.07.1.02.0013;layanan kesehatan yang tidak dijamin BPJS, Jamkesda, dan sumber pendanaan lainnya bagi Anak Korban Kekerasan Tingkat Daerah Provinsi dan Lintas Daerah Kabupaten/Kota&;18;0;2026
1748;2.08.07.1.02.0014;layanan spesifik untuk pemulihan korban bagi Anak Korban Kekerasan Tingkat Daerah Provinsi dan Lintas Daerah Kabupaten/Kota;18;0;2026
1748;2.08.07.1.02.0015;layanan rumah perlindungan bagi Anak Korban Kekerasan Tingkat Daerah Provinsi dan Lintas Daerah Kabupaten/Kota;18;0;2026
1749;2.08.07.1.03.0006;Pengembangan KIE (komunikasi, informasi, dan edukasi) perlindungan khusus anak Kewenangan Provinsi;18;28006750;2026
1749;2.08.07.1.03.0009;penguatan kerjasama  Antar Lembaga Penyedia Layanan bagi Anak yang Memerlukan Perlindungan Khusus Kewenangan Provinsi dan Lintas Daerah Kabupaten/Kota;18;0;2026
1749;2.08.07.1.03.0010;pendampingan penguatan dan pengembangan lembaga penyedia layanan bagi Anak yang Memerlukan Perlindungan Khusus  kewenangan provinsi;18;69999900;2026
1749;2.08.07.1.03.0011;Peningkatan Kapasitas Sumberdaya Lembaga Penyedia Layanan Penanganan bagi  Anak yang Memerlukan Perlindungan Khusus Kewenangan Provinsi;18;0;2026
1749;2.08.07.1.03.0012;Advokasi dan sosialisasi Penyediaan Sarana Prasarana Layanan bagi Anak yang Memerlukan Perlindungan Khusus  Kewenangan Provinsi;18;10074600;2026
1749;2.08.07.1.03.0013;monitoring evaluasi dan pelaporan penguatan dan pengembangan lembaga penyedia layanan bagi Anak yang Memerlukan Perlindungan Khusus kewenangan provinsi;18;0;2026
1750;2.19.01.1.01.0001;Penyusunan Dokumen Perencanaan Perangkat Daerah;29;101269150;2026
1750;2.19.01.1.01.0008;Pelaksanaan Pengumpulan Data Statistik Sektoral Daerah;29;14999700;2026
1750;2.19.01.1.01.0010;Penyelenggaraan Walidata Pendukung Statistik Sektoral Daerah;29;14999700;2026
1751;2.19.01.1.02.0001;Penyediaan Gaji dan Tunjangan ASN;29;10045332341;2026
1751;2.19.01.1.02.0003;Pelaksanaan Penatausahaan dan Pengujian/Verifikasi Keuangan SKPD;29;69999700;2026
1752;2.19.01.1.03.0004;Pembinaan, Pengawasan, dan Pengendalian Barang Milik Daerah pada SKPD;29;65500000;2026
1753;2.19.01.1.05.0005;Monitoring, Evaluasi, dan Penilaian Kinerja Pegawai;29;65440000;2026
1754;2.19.01.1.06.0002;Penyediaan Peralatan dan Perlengkapan Kantor;29;60040147;2026
1754;2.19.01.1.06.0009;Penyelenggaraan Rapat Koordinasi dan Konsultasi SKPD;29;150032000;2026
1755;2.19.01.1.07.0010;Pengadaan Sarana dan Prasarana Gedung Kantor atau Bangunan Lainnya;29;49967850;2026
1756;2.19.01.1.08.0002;Penyediaan Jasa Komunikasi, Sumber Daya Air dan Listrik;29;733008000;2026
1756;2.19.01.1.08.0004;Penyediaan Jasa Pelayanan Umum Kantor;29;949800000;2026
1757;2.19.01.1.09.0001;Penyediaan Jasa Pemeliharaan, Biaya Pemeliharaan dan Pajak Kendaraan Perorangan Dinas atau Kendaraan Dinas Jabatan;29;278746100;2026
1757;2.19.01.1.09.0011;Pemeliharaan/Rehabilitasi Sarana dan Prasarana Pendukung Gedung Kantor atau Bangunan Lainnya;29;46200000;2026
1758;2.19.02.1.01.0005;Perencanaan, Pengadaan, Pemanfaatan, Pemeliharaan, dan Pengawasan Prasarana dan Sarana Kepemudaan Provinsi;29;90000000;2026
1758;2.19.02.1.01.0011;Pelaksanaan Koordinasi Strategis Lintas Sektor Penyelenggaraan Pelayanan Kepemudaan melalui pembentukan tim koordinasi provinsi Penyelenggaraan Pelayanan Kepemudaan serta penyusunan dan implementasi Rencana Aksi Daerah/RAD Tingkat Provinsi;29;149999850;2026
1758;2.19.02.1.01.0012;Koordinasi, Sinkronisasi dan Penyelenggaraan Pengembangan kepemimpinan pemuda tingkat provinsi;29;89999752;2026
1758;2.19.02.1.01.0013;Koordinasi, Sinkronisasi dan Penyelenggaraan Pengembangan Kepeloporan Pemuda bagi Pemuda Pelopor Tingkat Provinsi;29;89999850;2026
1758;2.19.02.1.01.0015;Koordinasi, Sinkronisasi, dan Penyelenggaraan Pengembangan Kewirausahaan Pemuda Bagi Wirausaha Muda Tingkat Provinsi;29;999999800;2026
1759;2.19.02.1.02.0003;Koordinasi, Sinkronisasi, dan penyelenggaraan Pemberdayaan organisasi kepemudaan melalui kemitraan berbasis peneguhan kemandirian ekonomi pemuda;29;90000000;2026
1760;2.19.03.1.01.0004;Koordinasi dan sinkronisasi penyediaan prasarana olahraga melalui perencanaan, pengadaan, pemanfaatan, pemeliharaan, dan pengawasan Prasarana Olahraga di tingkat provinsi;29;3277846550;2026
1761;2.19.03.1.02.0004;Keikutsertaan anggota kontingen provinsi dalam Penyelenggaraan pekan dan kejuaraan olahraga;29;699999750;2026
1761;2.19.03.1.02.0005;Penyelenggaraan Pekan dan Kejuaraan Paralimpik Pelajar Tingkat Provinsi;29;99999800;2026
1761;2.19.03.1.02.0006;Penyelenggaraan Pekan dan Kejuaraan Olahraga Tingkat Nasional dan Provinsi;29;499999656;2026
1762;2.19.03.1.03.0001;Seleksi Atlet Daerah;29;99999800;2026
1762;2.19.03.1.03.0007;Pemusatan Latihan Daerah yang terintegrasi dengan pengembangan Ilmu Pengetahuan dan Teknologi Keolahragaan (Sport Science);29;599999825;2026
1762;2.19.03.1.03.0008;Penyediaan data Keolahragaan terpadu di provinsi;29;299999700;2026
1762;2.19.03.1.03.0009;Pembinaan dan Pengembangan Olahragawan Berprestasi Provinsi;29;249999800;2026
1763;2.19.03.1.04.0003;Peningkatan Kerja Sama Organisasi Keolahragaan Provinsi dengan Lembaga Terkait;29;10560000000;2026
1763;2.19.03.1.04.0005;Pelaksanaan Standar nasional pengelolaan Organisasi Keolahragaan di provinsi;29;90000000;2026
1764;2.19.04.1.01.0002;Peningkatan Kapasitas Organisasi Kepramukaan Provinsi;29;1550000000;2026
1765;2.18.01.1.01.0001;Penyusunan Dokumen Perencanaan Perangkat Daerah;28;197518500;2026
1765;2.18.01.1.01.0006;Koordinasi dan Penyusunan Laporan Capaian Kinerja dan Ikhtisar Realisasi Kinerja SKPD;28;48450000;2026
1765;2.18.01.1.01.0007;Evaluasi Kinerja Perangkat Daerah;28;39888000;2026
1765;2.18.01.1.01.0008;Pelaksanaan Pengumpulan Data Statistik Sektoral Daerah;28;19972500;2026
1765;2.18.01.1.01.0010;Penyelenggaraan Walidata Pendukung Statistik Sektoral Daerah;28;19937500;2026
1766;2.18.01.1.02.0001;Penyediaan Gaji dan Tunjangan ASN;28;10546771342;2026
1766;2.18.01.1.02.0002;Penyediaan Administrasi Pelaksanaan Tugas ASN;28;1473360000;2026
1766;2.18.01.1.02.0003;Pelaksanaan Penatausahaan dan Pengujian/Verifikasi Keuangan SKPD;28;25000000;2026
1766;2.18.01.1.02.0005;Koordinasi dan Penyusunan Laporan Keuangan Akhir Tahun SKPD;28;66389068;2026
1766;2.18.01.1.02.0006;Pengelolaan dan Penyiapan Bahan Tanggapan Pemeriksaan;28;61918586;2026
1766;2.18.01.1.02.0007;Koordinasi dan Penyusunan Laporan Keuangan Bulanan/ Triwulanan/Semesteran SKPD;28;35145250;2026
1767;2.18.01.1.03.0001;Penyusunan Perencanaan Kebutuhan Barang Milik Daerah SKPD;28;16824400;2026
1767;2.18.01.1.03.0005;Rekonsiliasi dan Penyusunan Laporan Barang Milik Daerah pada SKPD;28;32875600;2026
1767;2.18.01.1.03.0006;Penatausahaan Barang Milik Daerah pada SKPD;28;16824150;2026
1768;2.18.01.1.05.0002;Pengadaan Pakaian Dinas Beserta Atribut Kelengkapannya;28;27500100;2026
1768;2.18.01.1.05.0003;Pendataan dan Pengolahan Administrasi Kepegawaian;28;22669900;2026
1768;2.18.01.1.05.0009;Pendidikan dan Pelatihan Pegawai Berdasarkan Tugas dan Fungsi;28;27643500;2026
1769;2.18.01.1.06.0001;Penyediaan Komponen Instalasi Listrik/Penerangan Bangunan Kantor;28;21275383;2026
1769;2.18.01.1.06.0002;Penyediaan Peralatan dan Perlengkapan Kantor;28;24999979;2026
1769;2.18.01.1.06.0005;Penyediaan Barang Cetakan dan Penggandaan;28;59600000;2026
1769;2.18.01.1.06.0009;Penyelenggaraan Rapat Koordinasi dan Konsultasi SKPD;28;98570650;2026
1770;2.18.01.1.07.0001;Pengadaan Kendaraan Perorangan Dinas atau Kendaraan Dinas Jabatan;28;0;2026
1770;2.18.01.1.07.0005;Pengadaan Mebel;28;28692500;2026
1770;2.18.01.1.07.0006;Pengadaan Peralatan dan Mesin Lainnya;28;27725200;2026
1771;2.18.01.1.08.0002;Penyediaan Jasa Komunikasi, Sumber Daya Air dan Listrik;28;423542518;2026
1771;2.18.01.1.08.0004;Penyediaan Jasa Pelayanan Umum Kantor;28;240961412;2026
1772;2.18.01.1.09.0001;Penyediaan Jasa Pemeliharaan, Biaya Pemeliharaan dan Pajak Kendaraan Perorangan Dinas atau Kendaraan Dinas Jabatan;28;192930000;2026
1772;2.18.01.1.09.0006;Pemeliharaan Peralatan dan Mesin Lainnya;28;49549800;2026
1772;2.18.01.1.09.0009;Pemeliharaan/Rehabilitasi Gedung Kantor dan Bangunan Lainnya;28;0;2026
1772;2.18.01.1.09.0010;Pemeliharaan/Rehabilitasi Sarana dan Prasarana Gedung Kantor atau Bangunan Lainnya;28;50332750;2026
1773;2.18.02.1.01.0001;Penetapan Kebijakan Daerah dalam Pemberian Fasilitas/Insentif dan Kemudahan Penanaman Modal;28;34640150;2026
1773;2.18.02.1.01.0003;Fasilitasi Kemitraan yang dilakukan oleh Pemerintah Provinsi;28;50000050;2026
1773;2.18.02.1.01.0004;Rekomendasi Kebijakan Sektor Usaha yang Regulasinya Diharmonisasi Terkait Perizinan Berusaha Berbasis Resiko;28;20096850;2026
1774;2.18.02.1.02.0001;Penyusunan Rencana Umum Penanaman Modal Daerah Provinsi ;28;86388400;2026
1774;2.18.02.1.02.0005;Penyusunan Peta Potensi Investasi Provinsi;28;258873700;2026
1775;2.18.03.1.01.0002;Pelaksanaan Kegiatan Promosi Penanaman Modal Kewenangan Provinsi;28;491238288;2026
1775;2.18.03.1.01.0003;Penyusunan Strategi Promosi Penanaman Modal Kewenangan Provinsi;28;58761350;2026
1776;2.18.04.1.01.0006;Penyediaan Pelayanan Perizinan Berusaha melalui Sistem Perizinan Berusaha Berbasis Risiko Terintegrasi secara Elektronik;28;327948200;2026
1776;2.18.04.1.01.0007;Pemantauan, Analisis, Evaluasi, dan Pelaporan di Bidang Perizinan Berusaha Berbasis Risiko;28;155655550;2026
1776;2.18.04.1.01.0008;Penyediaan dan Pengelolaan Layanan Konsultasi Perizinan Berusaha Berbasis Risiko;28;186100000;2026
1777;2.18.04.1.02.0005;Koordinasi dan Sinkronisasi Penetapan Pemberian Fasilitas/Insentif Daerah;28;30200000;2026
1778;2.18.05.1.01.0004;Pengawasan Penanaman Modal;28;219963700;2026
1778;2.18.05.1.01.0005;Penyelesaian Permasalahan dan Hambatan yang dihadapi Pelaku Usaha dalam merealisasikan Kegiatan Usahanya;28;134825350;2026
1778;2.18.05.1.01.0006;Bimbingan Teknis kepada Pelaku Usaha;28;245210900;2026
1779;2.18.06.1.01.0002;Pengolahan, Penyajian dan Pemanfaatan Data dan Informasi Perizinan  Berbasis Sistem Pelayanan Perizinan Berusaha Terintegrasi secara Elektronik;28;350000000;2026
1780;1.01.01.1.01.0001;Penyusunan Dokumen Perencanaan Perangkat Daerah;10;973420500;2026
1780;1.01.01.1.01.0002;Koordinasi dan Penyusunan Dokumen RKA- SKPD;10;43958750;2026
1780;1.01.01.1.01.0006;Koordinasi dan Penyusunan Laporan Capaian Kinerja dan Ikhtisar Realisasi Kinerja SKPD;10;103110000;2026
1780;1.01.01.1.01.0007;Evaluasi Kinerja Perangkat Daerah;10;114026000;2026
1780;1.01.01.1.01.0008;Pelaksanaan Pengumpulan Data Statistik Sektoral Daerah;10;114026000;2026
1780;1.01.01.1.01.0010;Penyelenggaraan Walidata Pendukung Statistik Sektoral Daerah;10;119728000;2026
1780;1.01.01.1.01.0013;Koordinasi Peningkatan Partisipasi Masyarakat dalam Penyelenggaraan Urusan Pemerintahan Daerah yang Diampu;10;899999657;2026
1781;1.01.01.1.02.0001;Penyediaan Gaji dan Tunjangan ASN;10;731218276254;2026
1781;1.01.01.1.02.0004;Koordinasi dan Pelaksanaan Akuntansi SKPD;10;101895550;2026
1782;1.01.01.1.03.0005;Rekonsiliasi dan Penyusunan Laporan Barang Milik Daerah pada SKPD;10;334806750;2026
1783;1.01.01.1.06.0002;Penyediaan Peralatan dan Perlengkapan Kantor;10;97935140;2026
1783;1.01.01.1.06.0009;Penyelenggaraan Rapat Koordinasi dan Konsultasi SKPD;10;1003109050;2026
1784;1.01.01.1.07.0002;Pengadaan Kendaraan Dinas Operasional atau Lapangan;10;41150833;2026
1785;1.01.01.1.08.0004;Penyediaan Jasa Pelayanan Umum Kantor;10;7464497569;2026
1786;1.01.01.1.09.0001;Penyediaan Jasa Pemeliharaan, Biaya Pemeliharaan dan Pajak Kendaraan Perorangan Dinas atau Kendaraan Dinas Jabatan;10;269430000;2026
1786;1.01.01.1.09.0006;Pemeliharaan Peralatan dan Mesin Lainnya;10;178862000;2026
1786;1.01.01.1.09.0009;Pemeliharaan/Rehabilitasi Gedung Kantor dan Bangunan Lainnya;10;4761800;2026
1787;1.01.02.1.01.0003;Pembangunan Ruang Guru/Kepala Sekolah/TU;10;0;2026
1787;1.01.02.1.01.0014;Pembangunan Sarana, Prasarana dan Utilitas Sekolah;10;27598692575;2026
1787;1.01.02.1.01.0015;Pembangunan Fasilitas Parkir;10;0;2026
1787;1.01.02.1.01.0019;Rehabilitasi Sedang/Berat Ruang Kelas Sekolah;10;0;2026
1787;1.01.02.1.01.0028;Rehabilitasi Sedang/Berat Perpustakaan Sekolah;10;0;2026
1787;1.01.02.1.01.0036;Pengadaan Mebel Sekolah;10;3157000000;2026
1787;1.01.02.1.01.0038;Pengadaan Perlengkapan Sekolah;10;0;2026
1787;1.01.02.1.01.0039;Pengadaan Perlengkapan Peserta Didik;10;0;2026
1787;1.01.02.1.01.0040;Pengadaaan Sarana Mobilitas Sekolah;10;0;2026
1787;1.01.02.1.01.0041;Pengadaaan Alat Praktik dan Peraga Peserta Didik;10;12485000;2026
1787;1.01.02.1.01.0043;Pemeliharaan Rutin Sarana, Prasarana dan Utilitas Sekolah;10;12485000;2026
1787;1.01.02.1.01.0045;Penyediaan Biaya Personil Peserta Didik Sekolah Menengah Atas;10;5412482150;2026
1787;1.01.02.1.01.0049;Pembinaan Minat, Bakat dan Kreativitas Siswa;10;763477600;2026
1787;1.01.02.1.01.0051;Pengembangan Karir Pendidik dan Tenaga Kependidikan Pada Satuan Pendidikan Sekolah Menengah Atas;10;8880000;2026
1787;1.01.02.1.01.0052;Pembinaan Kelembagaan dan Manajemen Sekolah Menengah Atas;10;308608800;2026
1787;1.01.02.1.01.0053;Pengelolaan Dana BOS Sekolah Menengah Atas;10;44032836000;2026
1787;1.01.02.1.01.0057;Pembinaan Penggunaan Teknologi, Informasi dan Komunikasi (TIK) untuk Pendidikan;10;59420000;2026
1787;1.01.02.1.01.0059;Pelatihan Penggunaan Aplikasi Bidang Pendidikan;10;65987650;2026
1787;1.01.02.1.01.0060;Koordinasi, Perencanaan, Supervisi dan Evaluasi Layanan di Bidang Pendidikan ;10;2999999950;2026
1787;1.01.02.1.01.0061;Sosialisasi dan Advokasi Kebijakan Bidang Pendidikan;10;662496100;2026
1787;1.01.02.1.01.0068;Rehabilitasi sedang/berat Sarana, Prasarana dan Utilitas Sekolah;10;307007450;2026
1787;1.01.02.1.01.0072;Pembangunan Ruang Kelas Baru;10;0;2026
1787;1.01.02.1.01.0075;Bimbingan Teknis, Pelatihan, dan/atau Magang/PKL untuk Peningkatan Kapasitas Bidang Pendidikan;10;0;2026
1788;1.01.02.1.02.0004;Pembangunan Ruang Praktik Siswa ;10;12485000;2026
1788;1.01.02.1.02.0010;Pembangunan Sarana, Prasarana dan Utilitas Sekolah;10;106833100;2026
1788;1.01.02.1.02.0030;Pengadaan Perlengkapan Sekolah;10;45999100;2026
1788;1.01.02.1.02.0033;Pengadaaan Alat Praktik dan Peraga Peserta Didik;10;12485000;2026
1788;1.01.02.1.02.0035;Pemeliharaan Rutin Sarana, Prasarana dan Utilitas Sekolah;10;252748800;2026
1788;1.01.02.1.02.0037;Penyediaan Biaya Personil Peserta Didik Sekolah Menengah Kejuruan;10;1447784750;2026
1788;1.01.02.1.02.0041;Pembinaan Minat, Bakat dan Kreativitas Siswa;10;534857800;2026
1788;1.01.02.1.02.0043;Pengembangan Karir Pendidik dan Tenaga Kependidikan pada Satuan Pendidikan Sekolah Menengah Kejuruan;10;8880000;2026
1788;1.01.02.1.02.0045;Pembinaan Kelembagaan dan Manajemen Sekolah Menengah Kejuruan;10;525801100;2026
1788;1.01.02.1.02.0046;Pengelolaan Dana BOS Sekolah Menengah Kejuruan;10;24584480050;2026
1788;1.01.02.1.02.0050;Pembinaan Penggunaan Teknologi, Informasi dan Komunikasi (TIK) untuk Pendidikan;10;59420000;2026
1788;1.01.02.1.02.0052;Pelatihan Penggunaan Aplikasi Bidang Pendidikan;10;51071800;2026
1788;1.01.02.1.02.0053;Koordinasi, Perencanaan, Supervisi dan Evaluasi Layanan di Bidang Pendidikan ;10;119460000;2026
1788;1.01.02.1.02.0069;Rehabilitasi Sedang/Berat Ruang Kelas Sekolah;10;394418950;2026
1788;1.01.02.1.02.0073;Bimbingan Teknis, Pelatihan, dan/atau Magang/PKL untuk Peningkatan Kapasitas Bidang Pendidikan;10;85390219200;2026
1789;1.01.02.1.03.0001;Pembangunan Unit Sekolah Baru (USB);10;0;2026
1789;1.01.02.1.03.0008;Pembangunan Sarana, Prasarana dan Utilitas Sekolah;10;0;2026
1789;1.01.02.1.03.0044;Penyediaan Biaya Personil Peserta Didik Pendidikan Khusus;10;2441942950;2026
1789;1.01.02.1.03.0048;Pembinaan Minat, Bakat dan Kreativitas Siswa;10;298893916;2026
1789;1.01.02.1.03.0049;Penyediaan Pendidik dan Tenaga Kependidikan bagi Satuan Pendidikan Khusus;10;0;2026
1789;1.01.02.1.03.0051;Pembinaan Kelembagaan dan Manajemen Sekolah Pendidikan Khusus;10;5964547001;2026
1789;1.01.02.1.03.0052;Pengelolaan Dana BOS Sekolah Pendidikan Khusus;10;2805172700;2026
1789;1.01.02.1.03.0056;Pembinaan Penggunaan Teknologi, Informasi dan Komunikasi (TIK) untuk Pendidikan;10;38300000;2026
1789;1.01.02.1.03.0059;Koordinasi, Perencanaan, Supervisi dan Evaluasi Layanan di Bidang Pendidikan ;10;111358700;2026
1789;1.01.02.1.03.0070;Pembangunan Ruang Kelas Baru;10;0;2026
1790;1.01.03.1.01.0006;Penyusunan model-model pembelajaran inovatif Pendidikan Menengah;10;5947684000;2026
1791;1.01.04.1.01.0001;Perhitungan dan Pemetaan Pendidik dan Tenaga Kependidikan Satuan Pendidikan Menengah dan Pendidikan Khusus ;10;443549800;2026
1791;1.01.04.1.01.0002;Penataan Pendistribusian Pendidik dan Tenaga Kependidikan Satuan Pendidikan Menengah dan Pendidikan Khusus;10;476766200;2026
1792;2.14.01.1.01.0001;Penyusunan Dokumen Perencanaan Perangkat Daerah;24;79999050;2026
1792;2.14.01.1.01.0008;Pelaksanaan Pengumpulan Data Statistik Sektoral Daerah;24;64999900;2026
1792;2.14.01.1.01.0010;Penyelenggaraan Walidata Pendukung Statistik Sektoral Daerah;24;54999750;2026
1793;2.14.01.1.02.0001;Penyediaan Gaji dan Tunjangan ASN;24;7121090248;2026
1793;2.14.01.1.02.0002;Penyediaan Administrasi Pelaksanaan Tugas ASN;24;778950000;2026
1793;2.14.01.1.02.0005;Koordinasi dan Penyusunan Laporan Keuangan Akhir Tahun SKPD;24;30103000;2026
1794;2.14.01.1.05.0002;Pengadaan Pakaian Dinas Beserta Atribut Kelengkapannya;24;136128750;2026
1794;2.14.01.1.05.0003;Pendataan dan Pengolahan Administrasi Kepegawaian;24;47748000;2026
1794;2.14.01.1.05.0004;Koordinasi dan Pelaksanaan Sistem Informasi Kepegawaian;24;23062500;2026
1794;2.14.01.1.05.0005;Monitoring, Evaluasi, dan Penilaian Kinerja Pegawai;24;50212000;2026
1794;2.14.01.1.05.0010;Sosialisasi Peraturan Perundang-Undangan;24;48685700;2026
1794;2.14.01.1.05.0011;Bimbingan Teknis Implementasi Peraturan Perundang-Undangan;24;63088500;2026
1795;2.14.01.1.06.0002;Penyediaan Peralatan dan Perlengkapan Kantor;24;103045000;2026
1795;2.14.01.1.06.0005;Penyediaan Barang Cetakan dan Penggandaan;24;142300000;2026
1795;2.14.01.1.06.0009;Penyelenggaraan Rapat Koordinasi dan Konsultasi SKPD;24;638570250;2026
1796;2.14.01.1.07.0006;Pengadaan Peralatan dan Mesin Lainnya;24;230246000;2026
1796;2.14.01.1.07.0010;Pengadaan Sarana dan Prasarana Gedung Kantor atau Bangunan Lainnya;24;0;2026
1797;2.14.01.1.08.0002;Penyediaan Jasa Komunikasi, Sumber Daya Air dan Listrik;24;416384900;2026
1798;2.14.01.1.09.0002;Penyediaan Jasa Pemeliharaan, Biaya Pemeliharaan, Pajak dan Perizinan Kendaraan Dinas Operasional atau Lapangan;24;356480000;2026
1798;2.14.01.1.09.0006;Pemeliharaan Peralatan dan Mesin Lainnya;24;75535000;2026
1798;2.14.01.1.09.0010;Pemeliharaan/Rehabilitasi Sarana dan Prasarana Gedung Kantor atau Bangunan Lainnya;24;0;2026
1799;2.14.02.1.01.0014;Fasilitasi pelaksanaan penyediaan data dan sosialisasi Indeks Pembangunan Berwawasan Kependudukan (IPBK);24;130451600;2026
1799;2.14.02.1.01.0021;Advokasi dan Sosialisasi GDPK;24;48280000;2026
1799;2.14.02.1.01.0022;Penyusunan dan Pemanfaatan Grand Design Pembangunan Kependudukan (GDPK) Tingkat Provinsi;24;50848150;2026
1800;2.14.02.1.02.0009;Penyediaan Dukungan Penyelenggaraan Pendataan dan Pemutakhiran Data Keluarga;24;85065000;2026
1800;2.14.02.1.02.0012;Pemetaan Program Pembangunan Keluarga, Kependudukan, dan Keluarga Berencana (Bangga Kencana);24;80355000;2026
1801;2.14.03.1.01.0009;Penurunan Kehamilan yang tidak diinginkan;24;99999750;2026
1801;2.14.03.1.01.0010;Fasilitasi Kerja Sama dengan Stakeholders dan Mitra Kerja dalam Pelaksanaan Advokasi, Promosi dan KIE Program Bangga Kencana;24;69999900;2026
1801;2.14.03.1.01.0012;Pelaksanaan Advokasi dan KIE Program Bangga Kencana Melalui Mitra Kerja;24;94186750;2026
1802;2.14.03.1.02.0002;Peningkatan Peran Serta dan Kerja Sama Organisasi KeMasyarakatan dalam Pelayanan dan Pembinaan Kesertaan Ber-KB;24;79999800;2026
1803;2.14.04.1.01.0008;Fasilitasi Pengembangan Kelompok Pusat Informasi Konseling-Remaja (PIK-R) di Kampung KB;24;84999950;2026
1803;2.14.04.1.01.0016;Penumbuhan dan Peningkatan Kesadaran Keluarga dalam Keterlibatan Perencanaan Kehidupan Menuju Keluarga Berkualitas;24;79999800;2026
1803;2.14.04.1.01.0018;Pengembangan dan Perbanyakan Materi Substansi Pusat Informasi Konseling-Remaja (PIK-R), Media Promosi, Alat Permainan Edukatif Remaja, dan Sarana Prasarana Lainnya yang Dibutuhkan;24;100000000;2026
1803;2.14.04.1.01.0019;Sosialisasi dan Pembinaan Remaja tentang Generasi Berencana;24;99999700;2026
1803;2.14.04.1.01.0021;Peningkatan Kapasitas Pengelola dan Pelaksana Pusat Informasi Konseling-Remaja (PIK-R);24;99999950;2026
1803;2.14.04.1.01.0022;Advokasi, Sosialisasi dan Promosi Indeks Pembangunan Keluarga (iBangga) Tingkat Provinsi dan Kabupaten/Kota;24;74999800;2026
1803;2.14.04.1.01.0028;Pembinaan program Pengasuhan 1000 Hari Pertama Kehidupan (HPK);24;99999750;2026
1804;2.14.04.1.02.0008;Peningkatan Kapasitas Mitra dan Organisasi Kemasyarakatan dalam Pengelolaan Program Ketahanan Keluarga Melalui Bina Keluarga Balita (BKB), Bina Keluarga Remaja (BKR), Bina Keluarga Lansia (BKL),  Usaha Peningkatan Pendapatan Keluarga Akseptor (UPPKA) dan Pemberdayaan Ekonomi Keluarga;24;99999950;2026
1804;2.14.04.1.02.0010;Pembinaan Ketahanan Keluarga Rentan melalui Pusat Pelayanan Keluarga Sejahtera (Satyagatra);24;99999850;2026
1804;2.14.04.1.02.0011;Pembinaan dan Pendampingan Program Pemberdayaan Ekonomi Keluarga;24;79999950;2026
1805;2.15.01.1.01.0001;Penyusunan Dokumen Perencanaan Perangkat Daerah;25;350000000;2026
1805;2.15.01.1.01.0007;Evaluasi Kinerja Perangkat Daerah;25;140000000;2026
1805;2.15.01.1.01.0008;Pelaksanaan Pengumpulan Data Statistik Sektoral Daerah;25;151768000;2026
1805;2.15.01.1.01.0011;Penyusunan Dokumen Perencanaan Urusan Selain Renstra PD dan Renja PD;25;500000000;2026
1806;2.15.01.1.02.0001;Penyediaan Gaji dan Tunjangan ASN;25;12700511863;2026
1806;2.15.01.1.02.0002;Penyediaan Administrasi Pelaksanaan Tugas ASN;25;334350000;2026
1807;2.15.01.1.03.0005;Rekonsiliasi dan Penyusunan Laporan Barang Milik Daerah pada SKPD;25;48719000;2026
1808;2.15.01.1.05.0002;Pengadaan Pakaian Dinas Beserta Atribut Kelengkapannya;25;104060000;2026
1808;2.15.01.1.05.0009;Pendidikan dan Pelatihan Pegawai Berdasarkan Tugas dan Fungsi;25;144558481;2026
1809;2.15.01.1.06.0001;Penyediaan Komponen Instalasi Listrik/Penerangan Bangunan Kantor;25;20792155;2026
1809;2.15.01.1.06.0002;Penyediaan Peralatan dan Perlengkapan Kantor;25;509865752;2026
1809;2.15.01.1.06.0003;Penyediaan Peralatan Rumah Tangga;25;45369107;2026
1809;2.15.01.1.06.0005;Penyediaan Barang Cetakan dan Penggandaan;25;51336890;2026
1809;2.15.01.1.06.0009;Penyelenggaraan Rapat Koordinasi dan Konsultasi SKPD;25;519681116;2026
1810;2.15.01.1.07.0001;Pengadaan Kendaraan Perorangan Dinas atau Kendaraan Dinas Jabatan;25;97680000;2026
1810;2.15.01.1.07.0005;Pengadaan Mebel;25;128126730;2026
1810;2.15.01.1.07.0006;Pengadaan Peralatan dan Mesin Lainnya;25;7000000000;2026
1810;2.15.01.1.07.0009;Pengadaan Gedung Kantor atau Bangunan Lainnya;25;0;2026
1810;2.15.01.1.07.0010;Pengadaan Sarana dan Prasarana Gedung Kantor atau Bangunan Lainnya;25;200000000;2026
1811;2.15.01.1.08.0001;Penyediaan Jasa Surat Menyurat;25;18924000;2026
1811;2.15.01.1.08.0002;Penyediaan Jasa Komunikasi, Sumber Daya Air dan Listrik;25;384690642;2026
1811;2.15.01.1.08.0003;Penyediaan Jasa Peralatan dan Perlengkapan Kantor;25;194377000;2026
1811;2.15.01.1.08.0004;Penyediaan Jasa Pelayanan Umum Kantor;25;1402472500;2026
1812;2.15.01.1.09.0002;Penyediaan Jasa Pemeliharaan, Biaya Pemeliharaan, Pajak dan Perizinan Kendaraan Dinas Operasional atau Lapangan;25;528396000;2026
1812;2.15.01.1.09.0006;Pemeliharaan Peralatan dan Mesin Lainnya;25;14069000;2026
1812;2.15.01.1.09.0009;Pemeliharaan/Rehabilitasi Gedung Kantor dan Bangunan Lainnya;25;176836000;2026
1812;2.15.01.1.09.0010;Pemeliharaan/Rehabilitasi Sarana dan Prasarana Gedung Kantor atau Bangunan Lainnya;25;250000000;2026
1813;2.15.02.1.01.0004;Penetapan dan Sosialisasi Rencana Aksi Keselamatan Lalu Lintas dan Angkutan Jalan Provinsi;25;47000000;2026
1813;2.15.02.1.01.0006;Pelaksanaan Evaluasi (Reviu) Rencana Aksi Keselamatan Lalu Lintas dan Angkutan Jalan Provinsi;25;45200000;2026
1814;2.15.02.1.02.0002;Penyediaan Perlengkapan Jalan di Jalan Provinsi;25;6241631404;2026
1814;2.15.02.1.02.0004;Rehabilitasi dan Pemeliharaan Perlengkapan Jalan;25;250000000;2026
1815;2.15.02.1.03.0006;Pengawasan Operasional Terminal Penumpang Tipe B;25;78950000;2026
1816;2.15.02.1.05.0001;Penataan Manajemen dan Rekayasa Lalu Lintas Untuk Jaringan Jalan Provinsi;25;84474799;2026
1816;2.15.02.1.05.0005;Forum Lalu Lintas dan Angkutan Jalan untuk Jaringan Jalan Provinsi;25;40000000;2026
1817;2.15.02.1.06.0004;Pengawasan Pelaksanaan Rekomendasi Andalalin;25;80540750;2026
1818;2.15.02.1.07.0001;Peningkatan Kapasitas Auditor dan Inspektor LLAJ;25;26840000;2026
1818;2.15.02.1.07.0004;Pelaksanaan Inspeksi, Audit dan Pemantauan Pemenuhan Persyaratan Penyelenggaraan Kompetensi Pengemudi Kendaraan Bermotor Provinsi;25;282868448;2026
1818;2.15.02.1.07.0005;Pelaksanaan Inspeksi, Audit dan Pemantauan Sistem Manajemen Keselamatan Perusahaan Angkutan Umum ;25;500640000;2026
1818;2.15.02.1.07.0015;Pelaksanaan Pengawasan Melalui Uji Petik terhadap Unit Pelaksana Uji Berkala Kendaraan Bermotor Inspeksi, Audit dan Pemantauan Unit Pelaksana Uji Berkala Kendaraan Bermotor;25;47520000;2026
1819;2.15.02.1.08.0002;Pengendalian dan Pengawasan Ketersediaan Angkutan Umum untuk Jasa Angkutan Orang dan/atau Barang Antar Kota dalam 1 (satu) Provinsi;25;100000000;2026
1819;2.15.02.1.08.0003;Penyediaan Angkutan Umum untuk Jasa Angkutan Orang dan/atau Barang Antar Kota dalam 1 (satu) Daerah Provinsi;25;3200000;2026
1820;2.15.02.1.10.0001;Perumusan Kebijakan Rencana Umum Jaringan Trayek Antarkota Kewenangan Provinsi;25;13000000;2026
1821;2.15.02.1.15.0001;Analisis Tarif Kelas Ekonomi Angkutan Orang dan Angkutan Perkotaan dan Perdesaan dalam 1 (satu) Daerah Provinsi;25;21680850;2026
1821;2.15.02.1.15.0003;Pengendalian dan Pengawasan Tarif Kelas Ekonomi Angkutan Orang dan Angkutan Perkotaan dan Perdesaan dalam 1 (satu) Daerah Provinsi;25;45135700;2026
1822;2.15.03.1.01.0001;Fasilitasi Pemenuhan Persyaratan Perolehan Izin Usaha Angkutan Laut Kewenangan Provinsi dalam Sistem Pelayanan Perizinan Berusaha Terintegrasi Secara Elektronik;25;13982500;2026
1822;2.15.03.1.01.0002;Koordinasi dan Sinkronisasi Pengawasan Pelaksanaan Izin Usaha Angkutan Laut Kewenangan Provinsi ;25;30000000;2026
1823;2.15.03.1.02.0002;Koordinasi dan Sinkronisasi Pengawasan Pelaksanaan Izin Usaha Angkutan Laut Pelayaran Rakyat Kewenangan Provinsi ;25;51200750;2026
1824;2.15.03.1.05.0004;Pengendalian dan Pengawasan Jaringan Lintas Sungai, Danau dan Penyeberangan dan Persetujuan Pengoperasian Angkutan Sungai, Danau dan Penyeberangan Lintas Pelabuhan antar Daerah Kabupaten/Kota dalam Daerah Provinsi;25;55572000;2026
1825;2.15.03.1.06.0001;Fasilitasi Pemenuhan Persyaratan Perolehan Izin Usaha Jasa Terkait Berupa Bongkar Muat Barang, Jasa Pengurusan Transportasi, Angkutan Perairan Pelabuhan, Penyewaan Peralatan Angkutan Laut atau Peralatan Jasa Terkait dengan Angkutan Laut, Tally Mandiri, dan Depo Peti Kemas dalam Sistem Pelayanan Perizinan Berusaha Terintegrasi Secara Elektronik;25;28389350;2026
1825;2.15.03.1.06.0002;Koordinasi dan Sinkronisasi Pengawasan Pelaksanaan Izin Usaha Jasa Terkait Berupa Bongkar Muat Barang, Jasa Pengurusan Transportasi, Angkutan Perairan Pelabuhan, Penyewaan Peralatan Angkutan Laut atau Peralatan Jasa Terkait dengan Angkutan Laut, Tally Mandiri, dan Depo Peti Kemas;25;186348000;2026
1826;2.15.03.1.07.0001;Analisis Tarif Angkutan Penyeberangan Penumpang Kelas Ekonomi dan Kendaraan Beserta Muatannya pada Lintas Penyeberangan antar Daerah Kabupaten/Kota;25;13860000;2026
1827;2.15.03.1.08.0001;Pelaksanaan Penyusunan Rencana Induk dan Daerah Lingkungan Kerja (DLKR)/Daerah Lingkungan Kepentingan (DLKP) Pelabuhan Pengumpan Regional;25;44924950;2026
1827;2.15.03.1.08.0003;Pengendalian Pelaksanaan Rencana Induk dan Daerah Lingkungan Kerja (DLKR)/Daerah Lingkungan Kepentingan (DLKP) Pelabuhan Pengumpan Regional;25;22989670;2026
1828;2.15.03.1.09.0002;Pembangunan Pelabuhan Pengumpan Regional;25;10000000000;2026
1828;2.15.03.1.09.0004;Pengawasan Pengoperasian Pelabuhan Pengumpan Regional;25;43065800;2026
1829;2.15.03.1.10.0008;Pengawasan Pengoperasian Pelabuhan Sungai, Danau dan Penyeberangan yang Melayani Trayek antar Daerah Kabupaten/Kota dalam 1 (satu) Daerah Provinsi;25;113262765;2026
1829;2.15.03.1.10.0009;Pemenuhan Fasilitas Pelayanan Angkutan Pelabuhan Sungai, Danau dan Penyeberangan yang Melayani Trayek Lintas Daerah Kabupaten/Kota dalam 1 (satu) Daerah Provinsi;25;12000000000;2026
1830;2.15.05.1.02.0002;Koordinasi dan Sinkronisasi Pengawasan Pelaksanaan Izin Usaha, Izin Pembangunan dan Izin Operasi Prasarana Perkeretaapian Umum yang Jaringan Jalurnya Melintasi Batas Daerah;25;16499890;2026
1831;3.30.01.1.01.0001;Penyusunan Dokumen Perencanaan Perangkat Daerah;35;285562750;2026
1831;3.30.01.1.01.0002;Koordinasi dan Penyusunan Dokumen RKA- SKPD;35;0;2026
1831;3.30.01.1.01.0003;Koordinasi dan Penyusunan Dokumen Perubahan RKA-SKPD;35;0;2026
1831;3.30.01.1.01.0004;Koordinasi dan Penyusunan DPA-SKPD;35;0;2026
1831;3.30.01.1.01.0005;Koordinasi dan Penyusunan Perubahan DPA- SKPD;35;0;2026
1831;3.30.01.1.01.0006;Koordinasi dan Penyusunan Laporan Capaian Kinerja dan Ikhtisar Realisasi Kinerja SKPD;35;0;2026
1831;3.30.01.1.01.0007;Evaluasi Kinerja Perangkat Daerah;35;52944700;2026
1831;3.30.01.1.01.0008;Pelaksanaan Pengumpulan Data Statistik Sektoral Daerah;35;6357350;2026
1831;3.30.01.1.01.0010;Penyelenggaraan Walidata Pendukung Statistik Sektoral Daerah;35;6275500;2026
1832;3.30.01.1.02.0001;Penyediaan Gaji dan Tunjangan ASN;35;15394698704;2026
1832;3.30.01.1.02.0002;Penyediaan Administrasi Pelaksanaan Tugas ASN;35;1677330000;2026
1832;3.30.01.1.02.0003;Pelaksanaan Penatausahaan dan Pengujian/Verifikasi Keuangan SKPD;35;340183850;2026
1832;3.30.01.1.02.0004;Koordinasi dan Pelaksanaan Akuntansi SKPD;35;85387400;2026
1832;3.30.01.1.02.0005;Koordinasi dan Penyusunan Laporan Keuangan Akhir Tahun SKPD;35;46226400;2026
1832;3.30.01.1.02.0006;Pengelolaan dan Penyiapan Bahan Tanggapan Pemeriksaan;35;15961000;2026
1832;3.30.01.1.02.0007;Koordinasi dan Penyusunan Laporan Keuangan Bulanan/ Triwulanan/Semesteran SKPD;35;27882000;2026
1832;3.30.01.1.02.0008;Penyusunan Pelaporan dan Analisis Prognosis Realisasi Anggaran;35;0;2026
1833;3.30.01.1.03.0001;Penyusunan Perencanaan Kebutuhan Barang Milik Daerah SKPD;35;4500000;2026
1833;3.30.01.1.03.0002;Pengamanan Barang Milik Daerah SKPD;35;0;2026
1833;3.30.01.1.03.0004;Pembinaan, Pengawasan, dan Pengendalian Barang Milik Daerah pada SKPD;35;24730000;2026
1833;3.30.01.1.03.0005;Rekonsiliasi dan Penyusunan Laporan Barang Milik Daerah pada SKPD;35;15657350;2026
1833;3.30.01.1.03.0006;Penatausahaan Barang Milik Daerah pada SKPD;35;24836000;2026
1834;3.30.01.1.05.0002;Pengadaan Pakaian Dinas Beserta Atribut Kelengkapannya;35;0;2026
1834;3.30.01.1.05.0003;Pendataan dan Pengolahan Administrasi Kepegawaian;35;5350000;2026
1834;3.30.01.1.05.0005;Monitoring, Evaluasi, dan Penilaian Kinerja Pegawai;35;5000000;2026
1834;3.30.01.1.05.0009;Pendidikan dan Pelatihan Pegawai Berdasarkan Tugas dan Fungsi;35;0;2026
1834;3.30.01.1.05.0010;Sosialisasi Peraturan Perundang-Undangan;35;27431400;2026
1834;3.30.01.1.05.0011;Bimbingan Teknis Implementasi Peraturan Perundang-Undangan;35;1000000;2026
1835;3.30.01.1.06.0001;Penyediaan Komponen Instalasi Listrik/Penerangan Bangunan Kantor;35;8055351;2026
1835;3.30.01.1.06.0002;Penyediaan Peralatan dan Perlengkapan Kantor;35;48661690;2026
1835;3.30.01.1.06.0004;Penyediaan Bahan Logistik Kantor;35;71743500;2026
1835;3.30.01.1.06.0005;Penyediaan Barang Cetakan dan Penggandaan;35;22306650;2026
1835;3.30.01.1.06.0006;Penyediaan Bahan Bacaan dan Peraturan Perundang-Undangan;35;33600000;2026
1835;3.30.01.1.06.0008;Fasilitasi Kunjungan Tamu;35;8840000;2026
1835;3.30.01.1.06.0009;Penyelenggaraan Rapat Koordinasi dan Konsultasi SKPD;35;163386000;2026
1835;3.30.01.1.06.0010;Penatausahaan Arsip Dinamis pada SKPD;35;5000000;2026
1835;3.30.01.1.06.0011;Dukungan Pelaksanaan Sistem Pemerintahan Berbasis Elektronik pada SKPD;35;5000000;2026
1836;3.30.01.1.07.0001;Pengadaan Kendaraan Perorangan Dinas atau Kendaraan Dinas Jabatan;35;0;2026
1836;3.30.01.1.07.0002;Pengadaan Kendaraan Dinas Operasional atau Lapangan;35;0;2026
1836;3.30.01.1.07.0005;Pengadaan Mebel;35;0;2026
1836;3.30.01.1.07.0006;Pengadaan Peralatan dan Mesin Lainnya;35;4415580;2026
1836;3.30.01.1.07.0009;Pengadaan Gedung Kantor atau Bangunan Lainnya;35;0;2026
1836;3.30.01.1.07.0010;Pengadaan Sarana dan Prasarana Gedung Kantor atau Bangunan Lainnya;35;0;2026
1837;3.30.01.1.08.0001;Penyediaan Jasa Surat Menyurat;35;12988000;2026
1837;3.30.01.1.08.0002;Penyediaan Jasa Komunikasi, Sumber Daya Air dan Listrik;35;841659394;2026
1837;3.30.01.1.08.0003;Penyediaan Jasa Peralatan dan Perlengkapan Kantor;35;0;2026
1837;3.30.01.1.08.0004;Penyediaan Jasa Pelayanan Umum Kantor;35;235367272;2026
1838;3.30.01.1.09.0001;Penyediaan Jasa Pemeliharaan, Biaya Pemeliharaan dan Pajak Kendaraan Perorangan Dinas atau Kendaraan Dinas Jabatan;35;476747000;2026
1838;3.30.01.1.09.0002;Penyediaan Jasa Pemeliharaan, Biaya Pemeliharaan, Pajak dan Perizinan Kendaraan Dinas Operasional atau Lapangan;35;40040000;2026
1838;3.30.01.1.09.0005;Pemeliharaan Mebel;35;0;2026
1838;3.30.01.1.09.0006;Pemeliharaan Peralatan dan Mesin Lainnya;35;214350000;2026
1838;3.30.01.1.09.0009;Pemeliharaan/Rehabilitasi Gedung Kantor dan Bangunan Lainnya;35;0;2026
1838;3.30.01.1.09.0010;Pemeliharaan/Rehabilitasi Sarana dan Prasarana Gedung Kantor atau Bangunan Lainnya;35;65005000;2026
1839;3.30.02.1.01.0001;Fasilitasi Pemenuhan Komitmen SIUP-MB Toko Bebas Bea dan Rekomendasi SIUP-MB bagi Distributor melalui Sistem Pelayanan Perizinan Berusaha Terintegrasi Secara Elektronik;35;0;2026
1840;3.30.02.1.02.0001;Fasilitasi Perizinan Berusaha Terintegrasi secara Elektronik;35;41137350;2026
1841;3.30.02.1.03.0002;Pemeriksaan Sarana Distribusi Bahan Berbahaya;35;0;2026
1841;3.30.02.1.03.0003;Pengawasan Distribusi, Pengemasan dan Pelabelan Bahan Berbahaya;35;0;2026
1842;3.30.02.1.04.0001;Koordinasi dan Sinkronisasi Layanan Penerbitan SKA;35;115380000;2026
1843;3.30.03.1.01.0002;Pembinaan dan Pengendalian Pusat Distribusi Regional dan Pusat Distribusi Provinsi;35;41103000;2026
1843;3.30.03.1.01.0003;Penataan, Pembinaan, dan Pengembangan Pasar Lelang Komoditas;35;35779100;2026
1843;3.30.03.1.01.0004;Pelaksanaan kegiatan fasilitasi dalam rangka implementasi SRG di masing-masing kabupaten/kota dalam provinsi;35;19782300;2026
1844;3.30.04.1.01.0001;Koordinasi dan Sinkronisasi Ketersediaan Barang Kebutuhan Pokok di Tingkat Distributor dan Sub Distributor;35;35756850;2026
1844;3.30.04.1.01.0002;Koordinasi dan Sinkronisasi Ketersediaan Barang Penting di Tingkat Distributor dan Sub Distributor;35;0;2026
1845;3.30.04.1.02.0001;Pemantauan Harga dan Stok Barang Kebutuhan Pokok dan Barang Penting pada Pelaku Usaha Distribusi Barang Lintas Kabupaten/Kota ;35;150845700;2026
1845;3.30.04.1.02.0002;Operasi Pasar dalam rangka Stabilisasi Harga Pangan Pokok yang Dampaknya Beberapa Daerah Kabupaten/Kota dalam 1 (satu) Daerah Provinsi;35;1286071400;2026
1846;3.30.04.1.03.0003;Pengawasan Penyaluran dan Penggunaan Pupuk Bersubsidi;35;0;2026
1846;3.30.04.1.03.0004;Koordinasi dan Sinkronisasi Pengawasan Pupuk Bersubsidi dan Pestisida;35;35032300;2026
1847;3.30.05.1.01.0001;Pameran Dagang Internasional/Nasional;35;179826000;2026
1847;3.30.05.1.01.0002;Pameran Dagang Lokal ;35;252168450;2026
1847;3.30.05.1.01.0003;Misi Dagang bagi Produk Ekspor Unggulan;35;0;2026
1847;3.30.05.1.01.0004;Peningkatan Citra Produk Ekspor ;35;93460050;2026
1848;3.30.06.1.01.0001;Pemberdayaan Konsumen dan Kelembagaan Perlindungan Konsumen;35;868099800;2026
1848;3.30.06.1.01.0002;Peningkatan Hubungan Kerja dengan Lembaga Perlindungan Konsumen;35;17319850;2026
1848;3.30.06.1.01.0003;Koordinasi dan Sinkronisasi Penanganan dan Penyelesaian Sengketa Konsumen;35;30250000;2026
1849;3.30.06.1.02.0004;Pengembangan Layanan Kalibrasi;35;102411200;2026
1849;3.30.06.1.02.0005;Pengembangan Layanan Pengujian;35;207755600;2026
1849;3.30.06.1.02.0006;Pemantauan Mutu Produk;35;76528402;2026
1849;3.30.06.1.02.0007;Pengembangan Layanan Sertifikasi/Lembaga Inspeksi;35;19692700;2026
1850;3.30.06.1.03.0003;Peningkatan Kapasitas dan Pelaksanaan Pengawasan Barang Beredar dan/atau Jasa serta Kegiatan Perdagangan  sesuai Parameter Ketentuan Perlindungan Konsumen dan Tertib Niaga;35;75403300;2026
1850;3.30.06.1.03.0004;Fasilitasi Penanganan terhadap Pelanggaran Atas Ketentuan Perlindungan Konsumen dan Tertib Niaga;35;39214900;2026
1851;3.30.07.1.01.0002;Fasilitasi Promosi Penggunaan Produk Dalam Negeri di Tingkat Provinsi;35;52267500;2026
1852;3.30.07.1.02.0002;Fasilitasi Pemasaran Penggunaan Produk Dalam Negeri di Tingkat Provinsi;35;203130850;2026
1853;3.30.07.1.03.0002;Sosialisasi Peningkatan Penggunaan Produk Dalam Negeri;35;19434700;2026
1854;3.31.02.1.01.0001;Penyusunan Rencana Pembangunan Industri Provinsi;35;50000000;2026
1854;3.31.02.1.01.0002;Koordinasi, Sinkronisasi, dan Pelaksanaan Kebijakan Percepatan Pengembangan, Penyebaran dan Perwilayahan Industri;35;46750200;2026
1854;3.31.02.1.01.0003;Koordinasi, Sinkronisasi, dan Pelaksanaan Pembangunan Sumber Daya Industri;35;399960850;2026
1854;3.31.02.1.01.0004;Koordinasi, Sinkronisasi, dan Pelaksanaan Pembangunan Sarana dan Prasarana Industri;35;77839700;2026
1854;3.31.02.1.01.0005;Koordinasi, Sinkronisasi, dan Pelaksanaan Pemberdayaan Industri dan Peran Serta Masyarakat;35;1013143750;2026
1854;3.31.02.1.01.0006;Evaluasi terhadap Pelaksanaan Rencana Pembangunan Industri;35;79468850;2026
1855;3.31.03.1.01.0003;Koordinasi dan Sinkronisasi Pengawasan terhadap Perizinan Berusaha sektor perindustrian yang menjadi kewenangan Provinsi;35;39591000;2026
1855;3.31.03.1.01.0004;Fasilitasi verifikasi pemenuhan persyaratan/standar kegiatan usaha sektor perindustrian dalam rangka penerbitan perizinan berusaha berbasis risiko melalui Sistem Informasi Industri Nasional (SIINas) yang terintegrasi dengan Sistem Online Single Submission Risk Base Approach (OSS RBA);35;66354900;2026
1856;3.31.04.1.01.0001;Fasilitasi Pengumpulan, Pengolahan dan Analisis Data Industri, Data Kawasan Industri serta Data Lain Lingkup Provinsi Melalui Sistem Informasi Industri Nasional (SIINas);35;13732950;2026
1856;3.31.04.1.01.0002;Diseminasi dan Publikasi Data Informasi dan Analisis Industri Provinsi melalui SIINas;35;14467100;2026
1856;3.31.04.1.01.0003;Pemantauan dan Evaluasi Kepatuhan Perusahaan Industri dan Perusahaan Kawasan Industri Lingkup Provinsi dalam Penyampaian Data ke SIINas;35;16057650;2026
1857;3.27.01.1.01.0001;Penyusunan Dokumen Perencanaan Perangkat Daerah;33;255347350;2026
1857;3.27.01.1.01.0007;Evaluasi Kinerja Perangkat Daerah;33;1038862000;2026
1857;3.27.01.1.01.0008;Pelaksanaan Pengumpulan Data Statistik Sektoral Daerah;33;12650000;2026
1857;3.27.01.1.01.0010;Penyelenggaraan Walidata Pendukung Statistik Sektoral Daerah;33;0;2026
1858;3.27.01.1.02.0001;Penyediaan Gaji dan Tunjangan ASN;33;30354488654;2026
1858;3.27.01.1.02.0002;Penyediaan Administrasi Pelaksanaan Tugas ASN;33;0;2026
1858;3.27.01.1.02.0003;Pelaksanaan Penatausahaan dan Pengujian/Verifikasi Keuangan SKPD;33;0;2026
1858;3.27.01.1.02.0005;Koordinasi dan Penyusunan Laporan Keuangan Akhir Tahun SKPD;33;51600000;2026
1858;3.27.01.1.02.0006;Pengelolaan dan Penyiapan Bahan Tanggapan Pemeriksaan;33;0;2026
1858;3.27.01.1.02.0007;Koordinasi dan Penyusunan Laporan Keuangan Bulanan/ Triwulanan/Semesteran SKPD;33;0;2026
1859;3.27.01.1.03.0004;Pembinaan, Pengawasan, dan Pengendalian Barang Milik Daerah pada SKPD;33;100020000;2026
1859;3.27.01.1.03.0006;Penatausahaan Barang Milik Daerah pada SKPD;33;0;2026
1860;3.27.01.1.04.0007;Pelaporan Pengelolaan Retribusi Daerah;33;0;2026
1861;3.27.01.1.05.0003;Pendataan dan Pengolahan Administrasi Kepegawaian;33;0;2026
1861;3.27.01.1.05.0004;Koordinasi dan Pelaksanaan Sistem Informasi Kepegawaian;33;211217500;2026
1861;3.27.01.1.05.0005;Monitoring, Evaluasi, dan Penilaian Kinerja Pegawai;33;0;2026
1861;3.27.01.1.05.0009;Pendidikan dan Pelatihan Pegawai Berdasarkan Tugas dan Fungsi;33;0;2026
1861;3.27.01.1.05.0010;Sosialisasi Peraturan Perundang-Undangan;33;91677500;2026
1862;3.27.01.1.06.0001;Penyediaan Komponen Instalasi Listrik/Penerangan Bangunan Kantor;33;23387286;2026
1862;3.27.01.1.06.0002;Penyediaan Peralatan dan Perlengkapan Kantor;33;220195935;2026
1862;3.27.01.1.06.0003;Penyediaan Peralatan Rumah Tangga;33;0;2026
1862;3.27.01.1.06.0004;Penyediaan Bahan Logistik Kantor;33;0;2026
1862;3.27.01.1.06.0005;Penyediaan Barang Cetakan dan Penggandaan;33;62793750;2026
1862;3.27.01.1.06.0009;Penyelenggaraan Rapat Koordinasi dan Konsultasi SKPD;33;278476000;2026
1862;3.27.01.1.06.0010;Penatausahaan Arsip Dinamis pada SKPD;33;0;2026
1862;3.27.01.1.06.0011;Dukungan Pelaksanaan Sistem Pemerintahan Berbasis Elektronik pada SKPD;33;0;2026
1863;3.27.01.1.07.0005;Pengadaan Mebel;33;74941992;2026
1863;3.27.01.1.07.0006;Pengadaan Peralatan dan Mesin Lainnya;33;13121000;2026
1863;3.27.01.1.07.0009;Pengadaan Gedung Kantor atau Bangunan Lainnya;33;0;2026
1864;3.27.01.1.08.0002;Penyediaan Jasa Komunikasi, Sumber Daya Air dan Listrik;33;1156022775;2026
1864;3.27.01.1.08.0003;Penyediaan Jasa Peralatan dan Perlengkapan Kantor;33;186497025;2026
1864;3.27.01.1.08.0004;Penyediaan Jasa Pelayanan Umum Kantor;33;4289980000;2026
1865;3.27.01.1.09.0002;Penyediaan Jasa Pemeliharaan, Biaya Pemeliharaan, Pajak dan Perizinan Kendaraan Dinas Operasional atau Lapangan;33;536695810;2026
1865;3.27.01.1.09.0006;Pemeliharaan Peralatan dan Mesin Lainnya;33;822305000;2026
1865;3.27.01.1.09.0009;Pemeliharaan/Rehabilitasi Gedung Kantor dan Bangunan Lainnya;33;0;2026
1865;3.27.01.1.09.0011;Pemeliharaan/Rehabilitasi Sarana dan Prasarana Pendukung Gedung Kantor atau Bangunan Lainnya;33;0;2026
1866;3.27.02.1.01.0001;Pengawasan Sebaran Pupuk, Pestisida, Alsintan, dan Sarana Pendukung Pertanian;33;9981833000;2026
1866;3.27.02.1.01.0002;Koordinasi dan Sinkronisasi Pengawasan Peredaran Sarana Pertanian;33;50520000;2026
1867;3.27.02.1.02.0001;Pengelolaan Penerbitan Sertifikat Benih ;33;150130000;2026
1867;3.27.02.1.02.0008;Perbanyakan Benih Bersertifikat Perkebunan Berbentuk Mata Tumbuh;33;0;2026
1867;3.27.02.1.02.0010;Perbanyakan Benih Bersertifikat Perkebunan Berbentuk Setek;33;0;2026
1867;3.27.02.1.02.0011;Perbanyakan Benih Bersertifikat Perkebunan Berbentuk Biji;33;0;2026
1867;3.27.02.1.02.0012;Perbanyakan Benih Bersertifikat Perkebunan Berbentuk Batang;33;0;2026
1867;3.27.02.1.02.0020;Pengawasan Mutu dan Peredaran Benih Tanaman Perkebunan;33;21116995870;2026
1868;3.27.02.1.04.0004;Pengembangan dan Pelaksanaan Sistem Manajemen Produksi Benih/Bibit   Ternak   dan Tanaman  Pakan  Ternak,  Bahan  Pakan,  serta Pakan Kewenangan Provinsi;33;806451600;2026
1868;3.27.02.1.04.0005;Pengembangan Kapasitas Petugas Pengawas Bibit Ternak, Pengawas Mutu Pakan, Paramedik Veteriner, dan Medik Veteriner;33;0;2026
1869;3.27.02.1.05.0004;Pengendalian Penyediaan dan Produksi Benih/Bibit Ternak dan Hijauan Pakan Ternak;33;27632294300;2026
1870;3.27.02.1.06.0001;Pemeriksaan Mutu, Khasiat dan Keamanan Peredaran Obat Hewan;33;0;2026
1871;3.27.03.1.01.0003;Koordinasi, Sinkronisasi dan Pelaksanaan Pengelolaan Jalan Usaha Tani;33;0;2026
1871;3.27.03.1.01.0004;Koordinasi, Sinkronisasi dan Pelaksanaan Pengelolaan Jaringan Irigasi di Tingkat Usaha Tani;33;0;2026
1871;3.27.03.1.01.0009;Koordinasi, Sinkronisasi dan Penataan Prasarana Pendukung Pertanian Lainnya;33;49480300;2026
1871;3.27.03.1.01.0013;Pengendalian dan Pemanfaatan Kawasan Pertanian;33;0;2026
1871;3.27.03.1.01.0019;Pengendalian dan Pemanfaatan Prasarana Pascapanen Peternakan;33;99999900;2026
1871;3.27.03.1.01.0020;Pengendalian dan Pemanfaatan Prasarana Pengolahan Hasil Perkebunan;33;273000000;2026
1872;3.27.04.1.01.0005;Pelayanan Jasa Medik Veteriner Rumah Sakit Hewan dan Klinik Hewan;33;0;2026
1872;3.27.04.1.01.0007;Pemberantasan Penyakit Hewan Menular dan Zoonosis dalam 1 (satu) Daerah Provinsi;33;400000000;2026
1873;3.27.04.1.02.0004;Pengawasan  dan    Pemeriksaan    Kesehatan Hewan, Produk Hewan dan Media Pembawa Penyakit Hewan Lainnya (HPM) di Perbatasan Tempat Pemeriksan HPM;33;199999900;2026
1873;3.27.04.1.02.0006;Pengawasan Peredaran Produk Hewan;33;0;2026
1874;3.27.04.1.03.0001;Pemenuhan Persyaratan Teknis Sertifikasi Zona/Kompartemen Bebas Penyakit;33;440008800;2026
1874;3.27.04.1.03.0003;Pengujian Laboratorium Kesehatan Hewan dan Kesehatan Masyarakat Veteriner;33;0;2026
1875;3.27.04.1.04.0003;Pengelolaan  Penerbitan  Rekomendasi Pemasukan dan Pengeluaran, Sertifikat Veteriner, dan SKKH/SKPH Hewan, Produk Hewan, dan Media Pembawa Penyakit Hewan Lainnya (HPM);33;299999064;2026
1876;3.27.05.1.01.0001;Pengendalian Organisme Pengganggu Tumbuhan (OPT) Tanaman Pangan, Hortikultura, dan Perkebunan;33;494495990;2026
1876;3.27.05.1.01.0003;Pencegahan, Penanganan Kebakaran Lahan, dan Gangguan Usaha Tanaman Pangan, Hortikultura, dan Perkebunan;33;100000000;2026
1877;3.27.06.1.01.0002;Penilaian Kelayakan dan Pemberian Pertimbangan Teknis Izin Usaha Pertanian di Lintas Kabupaten/Kota;33;0;2026
1877;3.27.06.1.01.0005;Pembinaan  dan  Pengawasan  Penerapan standar dan Izin Usaha Pertanian;33;0;2026
1878;3.27.07.1.02.0002;Pelaksanaan Penyuluhan dan Pemberdayaan Petani ;33;0;2026
1879;2.23.01.1.01.0001;Penyusunan Dokumen Perencanaan Perangkat Daerah;30;0;2026
1879;2.23.01.1.01.0002;Koordinasi dan Penyusunan Dokumen RKA- SKPD;30;0;2026
1879;2.23.01.1.01.0004;Koordinasi dan Penyusunan DPA-SKPD;30;0;2026
1879;2.23.01.1.01.0006;Koordinasi dan Penyusunan Laporan Capaian Kinerja dan Ikhtisar Realisasi Kinerja SKPD;30;0;2026
1879;2.23.01.1.01.0007;Evaluasi Kinerja Perangkat Daerah;30;0;2026
1879;2.23.01.1.01.0008;Pelaksanaan Pengumpulan Data Statistik Sektoral Daerah;30;0;2026
1879;2.23.01.1.01.0010;Penyelenggaraan Walidata Pendukung Statistik Sektoral Daerah;30;0;2026
1880;2.23.01.1.02.0001;Penyediaan Gaji dan Tunjangan ASN;30;15884182017;2026
1880;2.23.01.1.02.0003;Pelaksanaan Penatausahaan dan Pengujian/Verifikasi Keuangan SKPD;30;0;2026
1880;2.23.01.1.02.0004;Koordinasi dan Pelaksanaan Akuntansi SKPD;30;0;2026
1881;2.23.01.1.03.0003;Koordinasi dan Penilaian Barang Milik Daerah SKPD;30;0;2026
1881;2.23.01.1.03.0004;Pembinaan, Pengawasan, dan Pengendalian Barang Milik Daerah pada SKPD;30;0;2026
1881;2.23.01.1.03.0005;Rekonsiliasi dan Penyusunan Laporan Barang Milik Daerah pada SKPD;30;0;2026
1882;2.23.01.1.05.0011;Bimbingan Teknis Implementasi Peraturan Perundang-Undangan;30;0;2026
1883;2.23.01.1.06.0002;Penyediaan Peralatan dan Perlengkapan Kantor;30;0;2026
1883;2.23.01.1.06.0003;Penyediaan Peralatan Rumah Tangga;30;0;2026
1883;2.23.01.1.06.0005;Penyediaan Barang Cetakan dan Penggandaan;30;172500;2026
1883;2.23.01.1.06.0009;Penyelenggaraan Rapat Koordinasi dan Konsultasi SKPD;30;0;2026
1884;2.23.01.1.07.0006;Pengadaan Peralatan dan Mesin Lainnya;30;0;2026
1885;2.23.01.1.08.0002;Penyediaan Jasa Komunikasi, Sumber Daya Air dan Listrik;30;785203200;2026
1885;2.23.01.1.08.0004;Penyediaan Jasa Pelayanan Umum Kantor;30;0;2026
1886;2.23.01.1.09.0001;Penyediaan Jasa Pemeliharaan, Biaya Pemeliharaan dan Pajak Kendaraan Perorangan Dinas atau Kendaraan Dinas Jabatan;30;118800000;2026
1886;2.23.01.1.09.0002;Penyediaan Jasa Pemeliharaan, Biaya Pemeliharaan, Pajak dan Perizinan Kendaraan Dinas Operasional atau Lapangan;30;111050000;2026
1886;2.23.01.1.09.0006;Pemeliharaan Peralatan dan Mesin Lainnya;30;25450000;2026
1886;2.23.01.1.09.0009;Pemeliharaan/Rehabilitasi Gedung Kantor dan Bangunan Lainnya;30;20340000;2026
1886;2.23.01.1.09.0011;Pemeliharaan/Rehabilitasi Sarana dan Prasarana Pendukung Gedung Kantor atau Bangunan Lainnya;30;20000000;2026
1887;2.23.02.1.01.0002;Pengembangan Perpustakaan di Tingkat Daerah Provinsi;30;26174000;2026
1887;2.23.02.1.01.0004;Pembinaan Perpustakaan pada Satuan Pendidikan Menengah dan Pendidikan Khusus di Seluruh Wilayah Provinsi sesuai dengan Standar Nasional Perpustakaan;30;71952500;2026
1887;2.23.02.1.01.0006;Peningkatan Kapasitas Tenaga Perpustakaan dan Pustakawan Tingkat Daerah Provinsi;30;0;2026
1887;2.23.02.1.01.0007;Pengembangan Layanan Perpustakaan Rujukan Tingkat Daerah Provinsi;30;360714650;2026
1887;2.23.02.1.01.0015;Pengembangan dan Pemeliharaan Layanan Perpustakaan Elektronik;30;139284500;2026
1887;2.23.02.1.01.0016;Penyusunan Data dan Informasi Perpustakaan;30;36972500;2026
1887;2.23.02.1.01.0017;Pembinaan Perpustakaan Umum dan Khusus Tingkat Provinsi;30;3000000;2026
1888;2.23.02.1.02.0001;Sosialisasi Budaya Baca dan Literasi pada Satuan Pendidikan Tingkat Menengah dan Pendidikan Khusus serta Masyarakat;30;67074250;2026
1888;2.23.02.1.02.0003;Pemberian Penghargaan Gerakan Budaya Gemar Membaca ;30;27444200;2026
1888;2.23.02.1.02.0004;Pengembangan Literasi Berbasis Inklusi Sosial ;30;208152750;2026
1888;2.23.02.1.02.0006;Pemilihan Duta Baca/Bunda Baca/Bunda Literasi Tingkat  Daerah Provinsi;30;59229700;2026
1889;2.23.03.1.01.0001;Penghimpunan dan Pengelolaan Serah Simpan Karya Cetak dan Karya Rekam;30;143766686;2026
1890;2.23.03.1.03.0004;Peningkatan Peran serta Masyarakat dalam Penyimpanan, Perawatan, Pelestarian, dan Pendaftaran Naskah Kuno;30;162470863;2026
1891;2.23.03.1.04.0001;Seleksi dan Pengadaan Koleksi Budaya Etnis Nusantara;30;116820000;2026
1891;2.23.03.1.04.0002;Pengolahan dan Penyiangan Koleksi Budaya Etnis Nusantara;30;76944450;2026
1892;2.24.02.1.01.0004;Penyusutan Arsip Dinamis;30;0;2026
1892;2.24.02.1.01.0005;Pelaksanaan Alih Media Arsip Dinamis dan Autentikasi;30;14663000;2026
1892;2.24.02.1.01.0006;Penciptaan dan Pemeliharaan Arsip Dinamis;30;41324700;2026
1892;2.24.02.1.01.0007;Pemilihan Arsiparis Teladan;30;63129850;2026
1892;2.24.02.1.01.0008;Pembinaan Kearsipan kewenangan Provinsi;30;157982000;2026
1892;2.24.02.1.01.0009;Penyusunan Database Arsiparis;30;0;2026
1892;2.24.02.1.01.0010;Penyediaan Prasarana dan Sarana Pengelolaan Arsip Statis;30;0;2026
1892;2.24.02.1.01.0011;Monitoring dan evaluasi penyelenggaraan kearsipan yang menjadi kewenangan provinsi;30;60500000;2026
1892;2.24.02.1.01.0012;Penyelenggaraan pengawasan kearsipan yang menjadi kewenangan provinsi;30;171971100;2026
1892;2.24.02.1.01.0013;Pemberian Penghargaan Gerakan Sadar Tertib Arsip;30;46417050;2026
1893;2.24.02.1.02.0001;Pengumpulan dan Penyampaian Salinan Otentik Naskah Asli Arsip Terjaga kepada ANRI;30;18160000;2026
1893;2.24.02.1.02.0003;Pengembangan Khazanah Arsip Statis Melalui Wawancara Sejarah Lisan;30;0;2026
1893;2.24.02.1.02.0004;Pengembangan Khazanah Arsip Statis melalui Penerbitan naskah sumber Arsip;30;0;2026
1893;2.24.02.1.02.0005;Akuisisi Arsip Statis;30;3780000;2026
1893;2.24.02.1.02.0006;Akusisi, Pengolahan, Preservasi dan Akses Arsip Statis;30;0;2026
1894;2.24.02.1.03.0001;Penyediaan Informasi, Akses dan Layanan Kearsipan Tingkat Daerah Provinsi Melalui JIKN;30;76132500;2026
1894;2.24.02.1.03.0002;Pemberdayaan Kapasitas Unit Kearsipan dan Lembaga Kearsipan Daerah Provinsi;30;0;2026
1895;2.24.03.1.01.0003;Pelaksaan Pemusnahan Arsip yang Memiliki Retensi Di Bawah 10 Tahun;30;0;2026
1895;2.24.03.1.01.0004;Penilaian, Penetapan dan Pelaksanaan Pemusnahan Arsip yang Memiliki Retensi di Bawah 10 (Sepuluh) Tahun;30;3428200;2026
1896;2.24.03.1.02.0001;Evakuasi, Identifikasi, Pemulihan dan Penyimpanan Akibat Bencana;30;7688000;2026
1896;2.24.03.1.02.0002;Pemulihan dan Penyimpanan Arsip Akibat Bencana;30;0;2026
1897;2.24.03.1.03.0001;Pendataan, Penyusunan Daftar dan Penilaian serta Penyerahan Atau Pemusnahan Arsip bagi Penggabungan Perangkat Daerah Provinsi;30;9200000;2026
1897;2.24.03.1.03.0002;Pendataan, Penyusunan Daftar dan Penilaian serta Penyerahan Atau Pemusnahan Arsip bagi Pembubaran Perangkat Daerah Provinsi;30;0;2026
1897;2.24.03.1.03.0003;Pendampingan Penyelamatan Arsip bagi Pemekaran Lintas Kabupaten/Kota;30;0;2026
1898;2.24.03.1.04.0001;Penilaian dan Penetapan Autentisitas Arsip Sesuai Persyaratan Penjaminan Keabsahan Arsip;30;17100000;2026
1898;2.24.03.1.04.0002;Penilaian dan Penetapan Hasil Alih Media Sesuai Persyaratan Penjaminan Keabsahan Arsip;30;3780000;2026
1899;2.24.03.1.05.0001;Penilaian dan Penetapan Autentisitas Arsip Statis yang Dinyatakan Hilang;30;9074000;2026
1899;2.24.03.1.05.0002;Evaluasi dan Penetapan Hasil Alih Media yang dinyatakan Hilang;30;3780000;2026
1899;2.24.03.1.05.0003;Penetapan dan Pengumuman Daftar Pencarian Arsip (DPA);30;6300000;2026
1900;2.24.04.1.01.0004;Penyusunan dan Penerapan SOP Penggunaan Arsip yang Bersifat Tertutup;30;0;2026
1900;2.24.04.1.01.0005;Penyediaan Daftar dan Penetapan Izin Penggunaan Arsip yang Bersifat Tertutup;30;0;2026
1901;1.04.01.1.01.0001;Penyusunan Dokumen Perencanaan Perangkat Daerah;15;20000000;2026
1901;1.04.01.1.01.0008;Pelaksanaan Pengumpulan Data Statistik Sektoral Daerah;15;20810000;2026
1901;1.04.01.1.01.0010;Penyelenggaraan Walidata Pendukung Statistik Sektoral Daerah;15;10000000;2026
1901;1.04.01.1.01.0012;Sinkronisasi dan Harmonisasi Pusat dan Daerah dalam Rangka Mendukung Target Pembangunan Nasional melalui  Koordinasi Teknis Pembangunan;15;29950000;2026
1902;1.04.01.1.02.0001;Penyediaan Gaji dan Tunjangan ASN;15;9377098667;2026
1902;1.04.01.1.02.0002;Penyediaan Administrasi Pelaksanaan Tugas ASN;15;3494400000;2026
1902;1.04.01.1.02.0003;Pelaksanaan Penatausahaan dan Pengujian/Verifikasi Keuangan SKPD;15;1000000;2026
1902;1.04.01.1.02.0004;Koordinasi dan Pelaksanaan Akuntansi SKPD;15;1000000;2026
1902;1.04.01.1.02.0005;Koordinasi dan Penyusunan Laporan Keuangan Akhir Tahun SKPD;15;1000000;2026
1902;1.04.01.1.02.0006;Pengelolaan dan Penyiapan Bahan Tanggapan Pemeriksaan;15;1000000;2026
1903;1.04.01.1.03.0001;Penyusunan Perencanaan Kebutuhan Barang Milik Daerah SKPD;15;10000000;2026
1903;1.04.01.1.03.0003;Koordinasi dan Penilaian Barang Milik Daerah SKPD;15;5000000;2026
1903;1.04.01.1.03.0005;Rekonsiliasi dan Penyusunan Laporan Barang Milik Daerah pada SKPD;15;20000000;2026
1904;1.04.01.1.05.0002;Pengadaan Pakaian Dinas Beserta Atribut Kelengkapannya;15;10368000;2026
1904;1.04.01.1.05.0004;Koordinasi dan Pelaksanaan Sistem Informasi Kepegawaian;15;0;2026
1904;1.04.01.1.05.0005;Monitoring, Evaluasi, dan Penilaian Kinerja Pegawai;15;10000000;2026
1904;1.04.01.1.05.0009;Pendidikan dan Pelatihan Pegawai Berdasarkan Tugas dan Fungsi;15;0;2026
1904;1.04.01.1.05.0010;Sosialisasi Peraturan Perundang-Undangan;15;0;2026
1904;1.04.01.1.05.0011;Bimbingan Teknis Implementasi Peraturan Perundang-Undangan;15;0;2026
1905;1.04.01.1.06.0002;Penyediaan Peralatan dan Perlengkapan Kantor;15;10014415;2026
1905;1.04.01.1.06.0004;Penyediaan Bahan Logistik Kantor;15;50000130;2026
1905;1.04.01.1.06.0005;Penyediaan Barang Cetakan dan Penggandaan;15;15000000;2026
1905;1.04.01.1.06.0008;Fasilitasi Kunjungan Tamu;15;20000000;2026
1905;1.04.01.1.06.0009;Penyelenggaraan Rapat Koordinasi dan Konsultasi SKPD;15;38536000;2026
1905;1.04.01.1.06.0011;Dukungan Pelaksanaan Sistem Pemerintahan Berbasis Elektronik pada SKPD;15;0;2026
1906;1.04.01.1.07.0005;Pengadaan Mebel;15;10000000;2026
1906;1.04.01.1.07.0006;Pengadaan Peralatan dan Mesin Lainnya;15;30000000;2026
1907;1.04.01.1.08.0002;Penyediaan Jasa Komunikasi, Sumber Daya Air dan Listrik;15;302357925;2026
1907;1.04.01.1.08.0003;Penyediaan Jasa Peralatan dan Perlengkapan Kantor;15;10000000;2026
1907;1.04.01.1.08.0004;Penyediaan Jasa Pelayanan Umum Kantor;15;200000000;2026
1908;1.04.01.1.09.0001;Penyediaan Jasa Pemeliharaan, Biaya Pemeliharaan dan Pajak Kendaraan Perorangan Dinas atau Kendaraan Dinas Jabatan;15;491714654;2026
1908;1.04.01.1.09.0006;Pemeliharaan Peralatan dan Mesin Lainnya;15;70000000;2026
1908;1.04.01.1.09.0009;Pemeliharaan/Rehabilitasi Gedung Kantor dan Bangunan Lainnya;15;100000000;2026
1909;1.04.02.1.01.0008;Identifikasi Perumahan di Lokasi yang Berpotensi Terkena Relokasi Program Provinsi;15;1500000000;2026
1909;1.04.02.1.01.0011;Identifikasi Perumahan di Lokasi Rawan Bencana Provinsi;15;654862000;2026
1910;1.04.02.1.02.0006;Koordinasi untuk Menyepakati Penerima dan Jenis Pelayanan;15;506807800;2026
1911;1.04.02.1.03.0011;Pembangunan Rumah Khusus beserta PSU bagi Masyarakat yang Terkena Relokasi Program Provinsi;15;0;2026
1911;1.04.02.1.03.0012;Pembangunan Rumah Khusus beserta PSU bagi Korban Bencana Provinsi;15;37277378432;2026
1912;1.04.02.1.04.0004;Koordinasi dan Sinkronisasi Penyelenggaraan Perumahan;15;500000000;2026
1913;1.04.03.1.01.0008;Penyusunan/Review/Legalisasi Kebijakan Bidang PKP ;15;9999999800;2026
1913;1.04.03.1.01.0011;Pembangunan/Pengembangan/Pemeliharaan Sistem Layanan Informasi dan Komunikasi Bidang Perumahan dan Kawasan Permukiman;15;35000000;2026
1913;1.04.03.1.01.0017;Koordinasi dan Sinkronisasi Penyelenggaraan Kawasan Permukiman;15;200040000;2026
1913;1.04.03.1.01.0018;Penyadaran Publik Pencegahan Tumbuh dan Berkembangnya Permukiman kumuh;15;199999800;2026
1914;1.04.03.1.02.0002;Koordinasi dan Sinkronisasi Pengendalian Penyelenggaraan Pemugaran/ Peremajaan/ Pemukiman Kembali Permukiman Kumuh dan Rumah Tidak Layak Huni untuk Pencegahan Terhadap Tumbuh dan Berkembangnya Permukiman Kumuh dengan Luas 10 (Sepuluh) Ha sampai dengan di Bawah 15 (Lima Belas) Ha;15;199408000;2026
1914;1.04.03.1.02.0003;Perbaikan Rumah Tidak Layak Huni dalam Kawasan Permukiman dengan Luas 10 (Sepuluh) Ha sampai dengan di Bawah 15 (Lima Belas) Ha;15;10000000000;2026
1914;1.04.03.1.02.0010;Pelaksanaan Pemukiman Kembali Kawasan Permukiman Kumuh dengan Luas 10 (Sepuluh) Ha sampai dengan di Bawah 15 (Lima Belas) Ha;15;1000000000;2026
1914;1.04.03.1.02.0011;Pembangunan Rumah Baru Layak Huni untuk Peningkatan Kualitas Permukiman Kumuh dengan Luas 10 (Sepuluh) Ha sampai dengan di Bawah 15 (Lima Belas) Ha;15;500000000;2026
1914;1.04.03.1.02.0012;Kerja Sama Perbaikan Rumah Tidak Layak Huni beserta PSU dalam Kawasan Permukiman dengan Luas 10 (Sepuluh) Ha sampai dengan di Bawah 15 (Lima Belas) Ha;15;100000000;2026
1914;1.04.03.1.02.0013;Pelaksanaan Peremajaan Kawasan Permukiman Kumuh dengan Luas 10 (Sepuluh) Ha sampai dengan di Bawah 15 (Lima Belas) Ha;15;1000000000;2026
1914;1.04.03.1.02.0014;Pelaksanaan Pemugaran Kawasan Permukiman Kumuh dengan Luas 10 (Sepuluh) Ha sampai dengan di Bawah 15 (Lima Belas) Ha;15;43007151271;2026
1915;1.04.05.1.01.0001;Perencanaan Penyediaan PSU Permukiman;15;7499954000;2026
1915;1.04.05.1.01.0003;Koordinasi dan Sinkronisasi dalam rangka Penyediaan Prasarana, Sarana, dan Utilitas Umum Permukiman;15;199870000;2026
1915;1.04.05.1.01.0004;Verifikasi dan Penyerahan PSU Permukiman dari Pengembang;15;200000000;2026
1915;1.04.05.1.01.0005;Kerja Sama Penyediaan/Pengelolaan PSU Permukiman;15;200000000;2026
1915;1.04.05.1.01.0007;Operasional dan Pemeliharaan Prasarana, Sarana, dan Utilitas Umum di Permukiman;15;300000000;2026
1915;1.04.05.1.01.0008;Perbaikan Prasarana, Sarana, dan Utilitas Umum Permukiman;15;500000000;2026
1915;1.04.05.1.01.0009;Penyediaan Prasarana, Sarana, dan Utilitas Umum di Permukiman;15;50000000000;2026
1916;2.10.03.1.01.0002;Pemberitahuan Rencana Pembangunan dalam rangka Penetapan Lokasi Pengadaan Tanah untuk Kepentingan Umum;15;35900000;2026
1916;2.10.03.1.01.0003;Koordinasi Pelaksanaan Pengadaan Tanah untuk Kepentingan Umum;15;49999750;2026
1916;2.10.03.1.01.0004;Pengumuman Hasil Penetapan Lokasi untuk Kepentingan Umum;15;10000000;2026
1916;2.10.03.1.01.0005;Pendataan Awal Lokasi Rencana Pembangunan dalam rangka Penetapan Lokasi Pengadaan Tanah untuk Kepentingan Umum;15;31869400;2026
1917;2.10.04.1.01.0003;Koordinasi dan Fasilitasi Penyelesaian Sengketa dan Konflik Pertanahan Potensi TORA dalam 1 (satu) Daerah Provinsi;15;178802000;2026
1917;2.10.04.1.01.0004;Penyelesaian sengketa Subyek Hak Potensi TORA dalam Lintas Kabupaten/Kota;15;98115000;2026
1917;2.10.04.1.01.0005;Inventarisasi Kasus Pertanahan Lintas Kabupaten/Kota dalam 1 (Satu) Daerah Provinsi;15;179799750;2026
1917;2.10.04.1.01.0006;Mediasi Penyelesaian Kasus Pertanahan Lintas Kabupaten/Kota dalam 1 (Satu) Daerah Provinsi;15;1031246000;2026
1918;2.10.05.1.01.0001;Koordinasi dan Sinkronisasi Penyelesaian Masalah Ganti Kerugian dan Santunan Tanah untuk Pembangunan oleh Pemerintah Daerah Provinsi;15;199990000;2026
1918;2.10.05.1.01.0002;Penyelesaian Santunan Tanah untuk Pembangunan oleh Pemerintah Daerah Provinsi;15;199990000;2026
1918;2.10.05.1.01.0005;Penyelesaian santunan  tanah musnah pada Pembangunan untuk Kepentingan Umum oleh Pemerintah Provinsi;15;199990000;2026
1919;2.10.06.1.01.0002;Koordinasi Penetapan Redistribusi Tanah Objek Reforma Agraria Lintas Daerah Kabupaten/Kota;15;349650000;2026
1919;2.10.06.1.01.0003;Koordinasi dan Sinkronisasi Penataan Akses dalam Pemanfaatan Redistribusi Tanah Lintas Daerah Kabupaten/Kota;15;349650000;2026
1919;2.10.06.1.01.0004;Koordinasi Pembentukan dan Pelaksanaan Fungsi Gugus Tugas Reforma Agraria Tingkat Provinsi;15;199990000;2026
1919;2.10.06.1.01.0005;Koordinasi dalam rangka Penataan Aset Reforma Agraria;15;349650000;2026
1919;2.10.06.1.01.0006;Koordinasi Pengusulan TORA Lintas Daerah Kabupaten/Kota dalam 1 (Satu) Daerah Provinsi;15;348930000;2026
1920;2.10.07.1.01.0001;Koordinasi dan Sinkronisasi Survei dan Pemetaan Batas Tanah Ulayat Lintas Daerah Kabupaten/Kota dalam 1 (satu) Daerah Provinsi;15;199994000;2026
1920;2.10.07.1.01.0002;Penetapan Tanah Ulayat Lintas Daerah Kabupaten/Kota dalam 1 (satu) Daerah Provinsi sesuai dengan Ketentuan Peraturan Perundang-Undangan yang Berlaku;15;348503850;2026
1921;2.10.10.1.01.0001;Koordinasi dan Sinkronisasi Perencanaan Penggunaan Tanah ;15;269999750;2026
1921;2.10.10.1.01.0002;Koordinasi dan Sinkronisasi Pelaksanaan Konsolidasi Tanah Kewenangan Provinsi;15;51480000;2026
1921;2.10.10.1.01.0005;Koordinasi dan sinkronisasi kegiatan Penyelenggaraan Konsolidasi Tanah yang menjadi Kewenangan Provinsi;15;51250000;2026
1922;1.06.01.1.01.0001;Penyusunan Dokumen Perencanaan Perangkat Daerah;16;102900000;2026
1922;1.06.01.1.01.0002;Koordinasi dan Penyusunan Dokumen RKA- SKPD;16;32200000;2026
1922;1.06.01.1.01.0007;Evaluasi Kinerja Perangkat Daerah;16;233718000;2026
1922;1.06.01.1.01.0008;Pelaksanaan Pengumpulan Data Statistik Sektoral Daerah;16;37140000;2026
1922;1.06.01.1.01.0010;Penyelenggaraan Walidata Pendukung Statistik Sektoral Daerah;16;17900000;2026
1923;1.06.01.1.02.0001;Penyediaan Gaji dan Tunjangan ASN;16;20619156299;2026
1923;1.06.01.1.02.0007;Koordinasi dan Penyusunan Laporan Keuangan Bulanan/ Triwulanan/Semesteran SKPD;16;720012000;2026
1924;1.06.01.1.05.0005;Monitoring, Evaluasi, dan Penilaian Kinerja Pegawai;16;157918000;2026
1925;1.06.01.1.06.0001;Penyediaan Komponen Instalasi Listrik/Penerangan Bangunan Kantor;16;14765286;2026
1925;1.06.01.1.06.0003;Penyediaan Peralatan Rumah Tangga;16;18190676;2026
1925;1.06.01.1.06.0009;Penyelenggaraan Rapat Koordinasi dan Konsultasi SKPD;16;544232000;2026
1926;1.06.01.1.07.0001;Pengadaan Kendaraan Perorangan Dinas atau Kendaraan Dinas Jabatan;16;283000000;2026
1926;1.06.01.1.07.0005;Pengadaan Mebel;16;135200000;2026
1926;1.06.01.1.07.0006;Pengadaan Peralatan dan Mesin Lainnya;16;47416800;2026
1926;1.06.01.1.07.0009;Pengadaan Gedung Kantor atau Bangunan Lainnya;16;0;2026
1927;1.06.01.1.08.0002;Penyediaan Jasa Komunikasi, Sumber Daya Air dan Listrik;16;424547042;2026
1927;1.06.01.1.08.0003;Penyediaan Jasa Peralatan dan Perlengkapan Kantor;16;50000000;2026
1927;1.06.01.1.08.0004;Penyediaan Jasa Pelayanan Umum Kantor;16;1384231875;2026
1928;1.06.01.1.09.0001;Penyediaan Jasa Pemeliharaan, Biaya Pemeliharaan dan Pajak Kendaraan Perorangan Dinas atau Kendaraan Dinas Jabatan;16;250000000;2026
1928;1.06.01.1.09.0009;Pemeliharaan/Rehabilitasi Gedung Kantor dan Bangunan Lainnya;16;180204050;2026
1928;1.06.01.1.09.0011;Pemeliharaan/Rehabilitasi Sarana dan Prasarana Pendukung Gedung Kantor atau Bangunan Lainnya;16;199999150;2026
1929;1.06.02.1.01.0003;Koordinasi dan Sinkronisasi  Penyelenggaraan Undian Gratis Berhadiah dan Pengumpulan Uang atau Barang;16;94880000;2026
1930;1.06.02.1.02.0003;Peningkatan Kemampuan Potensi Sumber Kesejahteraan Sosial Keluarga Kewenangan Provinsi;16;133766600;2026
1930;1.06.02.1.02.0004;Peningkatan Kemampuan Potensi Sumber Kesejahteraan Sosial Kelembagaan Masyarakat Kewenangan Provinsi;16;395162450;2026
1930;1.06.02.1.02.0006;Koordinasi Pengusulan Akreditasi Lembaga Kesejahteraan Sosial Daerah Provinsi;16;92874750;2026
1930;1.06.02.1.02.0008;Peningkatan Kemampuan Potensi Sumber Kesejahteraan Sosial Perseorangan Kewenangan Provinsi;16;116233400;2026
1930;1.06.02.1.02.0011;Pengenalan, Penanaman dan Penghayatan Nilai-Nilai Kepahlawanan, Keperintisan, Kesetiakawanan dan Restorasi Sosial;16;30750000;2026
1930;1.06.02.1.02.0012;Pembinaan Koordinasi Layanan Terpadu Kesejahteraan Sosial Kabupaten/Kota;16;16962800;2026
1930;1.06.02.1.02.0017;Pengusulan Gelar Pahlawan Nasional;16;52000000;2026
1931;1.06.03.1.01.0003;Fasilitasi Pemulangan Warga Negara Migran Korban Tindak Kekerasan Dalam dan Luar Negeri dari Titik Debarkasi di Daerah Provinsi untuk Dipulangkan ke Daerah Kabupaten/Kota Asal;16;22684250;2026
1932;1.06.04.1.01.0001;Penyediaan Permakanan;16;327279050;2026
1932;1.06.04.1.01.0002;Penyediaan Sandang;16;10602480;2026
1932;1.06.04.1.01.0003;Penyediaan Asrama yang Mudah Diakses;16;11208000;2026
1932;1.06.04.1.01.0004;Penyediaan Alat Bantu;16;120043750;2026
1932;1.06.04.1.01.0005;Penyediaan Perbekalan Kesehatan di dalam Panti;16;6137950;2026
1932;1.06.04.1.01.0006;Pemberian Bimbingan Fisik, Mental, Spiritual dan Sosial;16;374609450;2026
1932;1.06.04.1.01.0007;Pemberian Bimbingan Aktivitas Hidup Sehari-Hari;16;369948500;2026
1932;1.06.04.1.01.0009;Akses ke Layanan Pendidikan dan Kesehatan Dasar ;16;1904000;2026
1932;1.06.04.1.01.0010;Pemberian Pelayanan Penelusuran Keluarga ;16;7500000;2026
1932;1.06.04.1.01.0011;Pemberian Pelayanan Reunifikasi Keluarga ;16;7500000;2026
1932;1.06.04.1.01.0015;Koordinasi dan Sinkronisasi Rehabilitasi Sosial Bersumberdaya Masyarakat bagi Penyandang Disabilitas;16;14267150;2026
1933;1.06.04.1.02.0001;Pengasuhan;16;117743750;2026
1933;1.06.04.1.02.0003;Penyediaan Sandang;16;13252000;2026
1933;1.06.04.1.02.0004;Penyediaan Asrama yang Mudah Diakses;16;8355300;2026
1933;1.06.04.1.02.0005;Penyediaan Perbekalan Kesehatan di dalam Panti;16;3759210;2026
1933;1.06.04.1.02.0006;Pemberian Bimbingan Fisik, Mental, Spiritual dan Sosial;16;245707550;2026
1933;1.06.04.1.02.0007;Pemberian Bimbingan Aktivitas Hidup Sehari-Hari;16;80069950;2026
1933;1.06.04.1.02.0009;Akses ke Layanan Pendidikan dan Kesehatan Dasar;16;3900000;2026
1933;1.06.04.1.02.0010;Pemberian Pelayanan Penelusuran Keluarga;16;161250200;2026
1933;1.06.04.1.02.0011;Pemberian Pelayanan Reunifikasi Keluarga ;16;12235000;2026
1933;1.06.04.1.02.0015;Penyediaan Permakanan;16;147530800;2026
1933;1.06.04.1.02.0017;Koordinasi, Sinkronisasi dan Pembinaan Pelaksanaan Rehabilitasi Sosial Dasar Anak Terlantar di dalam Panti;16;41806150;2026
1933;1.06.04.1.02.0022;Fasilitasi Pembuatan Dokumen Kependudukan Bagi Anak Terlantar;16;2437300;2026
1933;1.06.04.1.02.0023;Akses Layanan Pengasuhan kepada Keluarga Pengganti;16;7835000;2026
1934;1.06.04.1.03.0001;Penyediaan Permakanan;16;1760777250;2026
1934;1.06.04.1.03.0002;Penyediaan Sandang;16;44012200;2026
1934;1.06.04.1.03.0003;Penyediaan Asrama yang Mudah Diakses;16;18507625;2026
1934;1.06.04.1.03.0004;Penyediaan Alat Bantu;16;67798250;2026
1934;1.06.04.1.03.0005;Penyediaan Perbekalan Kesehatan di dalam Panti Sosial;16;78789860;2026
1934;1.06.04.1.03.0006;Pemberian Bimbingan Fisik, Mental, Spritual dan Sosial;16;853033300;2026
1934;1.06.04.1.03.0007;Pemberian Bimbingan Aktivitas Hidup Sehari-Hari;16;17637425;2026
1934;1.06.04.1.03.0010;Pemberian Pelayanan Penelusuran Keluarga ;16;9970000;2026
1934;1.06.04.1.03.0011;Pemberian Pelayanan Reunifikasi Keluarga ;16;9970000;2026
1934;1.06.04.1.03.0012;Pemulasaraan;16;30000000;2026
1934;1.06.04.1.03.0016;Akses ke Layanan Kesehatan Dasar;16;9500000;2026
1934;1.06.04.1.03.0017;Koordinasi, Sinkronisasi dan Pembinaan Pelaksanaan Rehabilitasi Sosial Lanjut Usia Terlantar di dalam Panti;16;22207100;2026
1935;1.06.04.1.04.0001;Penyediaan Permakanan;16;99840000;2026
1935;1.06.04.1.04.0002;Penyediaan Sandang;16;33550000;2026
1935;1.06.04.1.04.0003;Penyediaan Asrama/Wisma yang Mudah Diakses;16;25690040;2026
1935;1.06.04.1.04.0004;Penyediaan Perbekalan Kesehatan di dalam Panti;16;13688000;2026
1935;1.06.04.1.04.0005;Pemberian Bimbingan Fisik, Mental, Spritual dan Sosial;16;7500000;2026
1935;1.06.04.1.04.0006;Pemberian Bimbingan Aktivitas Hidup Sehari-Hari;16;123067000;2026
1935;1.06.04.1.04.0007;Pemberian Bimbingan Keterampilan Dasar;16;201674900;2026
1935;1.06.04.1.04.0009;Akses Kelayanan Pendidikan dan Kesehatan Dasar ;16;8250000;2026
1935;1.06.04.1.04.0010;Pemulangan ke Daerah Asal;16;29230000;2026
1935;1.06.04.1.04.0011;Koordinasi, Sinkronisasi dan Pembinaan Pelaksanaan Rehabilitasi Sosial Dasar Gelandangan dan Pengemis Terlantar di dalam Panti;16;30250550;2026
1935;1.06.04.1.04.0013;Fasilitasi Pembuatan Dokumen Kependudukan Bagi Gelandangan dan Pengemis;16;5000000;2026
1936;1.06.04.1.05.0011;Koordinasi, Sinkronisasi dan Pembinaan Pelaksanaan Bidang Rehabilitasi Sosial bagi Penyandang Masalah Kesejahteraan Sosial (PMKS) Lainnya di Luar HIV/AIDS dan NAPZA;16;270200900;2026
1936;1.06.04.1.05.0015;Pelaksanaan Rehabilitasi Sosial melalui Asistensi Rehabilitasi Sosial bagi Pemerlu Pelayanan Kesejateraan Sosial (PPKS);16;55447250;2026
1937;1.06.05.1.01.0001;Pengangkatan Anak antar WNI;16;36671200;2026
1938;1.06.05.1.02.0003;Fasilitasi Bantuan Pengembangan Ekonomi Masyarakat;16;9990322385;2026
1938;1.06.05.1.02.0006;Fasilitasi Bantuan Sosial Kesejahteraan Keluarga;16;10987550000;2026
1938;1.06.05.1.02.0008;Pengelolaan Data Fakir Miskin Cakupan Daerah Provinsi;16;6803677000;2026
1939;1.06.06.1.01.0001;Penyediaan Permakanan;16;541170000;2026
1939;1.06.06.1.01.0004;Penanganan Khusus bagi Kelompok Rentan;16;297830000;2026
1939;1.06.06.1.01.0005;Pelayanan Dukungan Psikososial;16;382410875;2026
1939;1.06.06.1.01.0011;Penyediaan Sandang;16;287789055;2026
1939;1.06.06.1.01.0013;Penyediaan Tempat Penampungan Pengungsi;16;250000000;2026
1939;1.06.06.1.01.0015;Peningkatan Kapasitas Relawan Taruna Siaga Bencana Tingkat Muda;16;252250000;2026
1939;1.06.06.1.01.0016;Peningkatan Kompetensi Taruna Siaga Bencana (Tagana) Dalam Penanganan Bencana;16;305500000;2026
1939;1.06.06.1.01.0022;Peningkatan kapasitas tenaga Pelopor Perdamaian (Pordam) dalam penanganan korban bencana sosial dan non Alam;16;351500000;2026
1940;1.06.07.1.01.0001;Rehabilitasi Sarana dan Prasarana Taman Makam Pahlawan Nasional Provinsi;16;115709104;2026
1940;1.06.07.1.01.0002;Pemeliharaan Taman Makam Pahlawan Nasional Provinsi;16;48961000;2026
1940;1.06.07.1.01.0004;Pemberian Pelayanan Ziarah dan Studi di Taman Makam Pahlawan Nasional Provinsi;16;46600000;2026
1941;3.27.01.1.01.0001;Penyusunan Dokumen Perencanaan Perangkat Daerah;32;0;2026
1941;3.27.01.1.01.0002;Koordinasi dan Penyusunan Dokumen RKA- SKPD;32;0;2026
1941;3.27.01.1.01.0003;Koordinasi dan Penyusunan Dokumen Perubahan RKA-SKPD;32;0;2026
1941;3.27.01.1.01.0004;Koordinasi dan Penyusunan DPA-SKPD;32;0;2026
1941;3.27.01.1.01.0005;Koordinasi dan Penyusunan Perubahan DPA- SKPD;32;0;2026
1941;3.27.01.1.01.0006;Koordinasi dan Penyusunan Laporan Capaian Kinerja dan Ikhtisar Realisasi Kinerja SKPD;32;0;2026
1941;3.27.01.1.01.0007;Evaluasi Kinerja Perangkat Daerah;32;0;2026
1941;3.27.01.1.01.0008;Pelaksanaan Pengumpulan Data Statistik Sektoral Daerah;32;0;2026
1942;3.27.01.1.02.0001;Penyediaan Gaji dan Tunjangan ASN;32;0;2026
1942;3.27.01.1.02.0002;Penyediaan Administrasi Pelaksanaan Tugas ASN;32;0;2026
1942;3.27.01.1.02.0003;Pelaksanaan Penatausahaan dan Pengujian/Verifikasi Keuangan SKPD;32;0;2026
1942;3.27.01.1.02.0004;Koordinasi dan Pelaksanaan Akuntansi SKPD;32;0;2026
1942;3.27.01.1.02.0005;Koordinasi dan Penyusunan Laporan Keuangan Akhir Tahun SKPD;32;0;2026
1942;3.27.01.1.02.0006;Pengelolaan dan Penyiapan Bahan Tanggapan Pemeriksaan;32;0;2026
1942;3.27.01.1.02.0007;Koordinasi dan Penyusunan Laporan Keuangan Bulanan/ Triwulanan/Semesteran SKPD;32;0;2026
1942;3.27.01.1.02.0008;Penyusunan Pelaporan dan Analisis Prognosis Realisasi Anggaran;32;0;2026
1943;3.27.01.1.03.0001;Penyusunan Perencanaan Kebutuhan Barang Milik Daerah SKPD;32;0;2026
1943;3.27.01.1.03.0003;Koordinasi dan Penilaian Barang Milik Daerah SKPD;32;0;2026
1943;3.27.01.1.03.0004;Pembinaan, Pengawasan, dan Pengendalian Barang Milik Daerah pada SKPD;32;0;2026
1943;3.27.01.1.03.0005;Rekonsiliasi dan Penyusunan Laporan Barang Milik Daerah pada SKPD;32;0;2026
1943;3.27.01.1.03.0006;Penatausahaan Barang Milik Daerah pada SKPD;32;0;2026
1944;3.27.01.1.05.0001;Peningkatan Sarana dan Prasarana Disiplin Pegawai;32;75036000;2026
1944;3.27.01.1.05.0002;Pengadaan Pakaian Dinas Beserta Atribut Kelengkapannya;32;0;2026
1944;3.27.01.1.05.0003;Pendataan dan Pengolahan Administrasi Kepegawaian;32;57830000;2026
1944;3.27.01.1.05.0004;Koordinasi dan Pelaksanaan Sistem Informasi Kepegawaian;32;0;2026
1944;3.27.01.1.05.0005;Monitoring, Evaluasi, dan Penilaian Kinerja Pegawai;32;74760000;2026
1944;3.27.01.1.05.0009;Pendidikan dan Pelatihan Pegawai Berdasarkan Tugas dan Fungsi;32;0;2026
1944;3.27.01.1.05.0010;Sosialisasi Peraturan Perundang-Undangan;32;0;2026
1945;3.27.01.1.06.0001;Penyediaan Komponen Instalasi Listrik/Penerangan Bangunan Kantor;32;0;2026
1945;3.27.01.1.06.0002;Penyediaan Peralatan dan Perlengkapan Kantor;32;0;2026
1945;3.27.01.1.06.0003;Penyediaan Peralatan Rumah Tangga;32;0;2026
1945;3.27.01.1.06.0004;Penyediaan Bahan Logistik Kantor;32;0;2026
1945;3.27.01.1.06.0005;Penyediaan Barang Cetakan dan Penggandaan;32;0;2026
1945;3.27.01.1.06.0008;Fasilitasi Kunjungan Tamu;32;0;2026
1945;3.27.01.1.06.0009;Penyelenggaraan Rapat Koordinasi dan Konsultasi SKPD;32;0;2026
1945;3.27.01.1.06.0010;Penatausahaan Arsip Dinamis pada SKPD;32;0;2026
1945;3.27.01.1.06.0011;Dukungan Pelaksanaan Sistem Pemerintahan Berbasis Elektronik pada SKPD;32;0;2026
1946;3.27.01.1.07.0002;Pengadaan Kendaraan Dinas Operasional atau Lapangan;32;0;2026
1946;3.27.01.1.07.0005;Pengadaan Mebel;32;0;2026
1946;3.27.01.1.07.0006;Pengadaan Peralatan dan Mesin Lainnya;32;0;2026
1946;3.27.01.1.07.0011;Pengadaan Sarana dan Prasarana Pendukung Gedung Kantor atau Bangunan Lainnya;32;0;2026
1947;3.27.01.1.08.0001;Penyediaan Jasa Surat Menyurat;32;0;2026
1947;3.27.01.1.08.0002;Penyediaan Jasa Komunikasi, Sumber Daya Air dan Listrik;32;0;2026
1947;3.27.01.1.08.0003;Penyediaan Jasa Peralatan dan Perlengkapan Kantor;32;0;2026
1947;3.27.01.1.08.0004;Penyediaan Jasa Pelayanan Umum Kantor;32;0;2026
1948;3.27.01.1.09.0001;Penyediaan Jasa Pemeliharaan, Biaya Pemeliharaan dan Pajak Kendaraan Perorangan Dinas atau Kendaraan Dinas Jabatan;32;0;2026
1948;3.27.01.1.09.0002;Penyediaan Jasa Pemeliharaan, Biaya Pemeliharaan, Pajak dan Perizinan Kendaraan Dinas Operasional atau Lapangan;32;0;2026
1948;3.27.01.1.09.0006;Pemeliharaan Peralatan dan Mesin Lainnya;32;0;2026
1948;3.27.01.1.09.0009;Pemeliharaan/Rehabilitasi Gedung Kantor dan Bangunan Lainnya;32;0;2026
1948;3.27.01.1.09.0010;Pemeliharaan/Rehabilitasi Sarana dan Prasarana Gedung Kantor atau Bangunan Lainnya;32;0;2026
1948;3.27.01.1.09.0011;Pemeliharaan/Rehabilitasi Sarana dan Prasarana Pendukung Gedung Kantor atau Bangunan Lainnya;32;0;2026
1949;3.27.02.1.01.0001;Pengawasan Sebaran Pupuk, Pestisida, Alsintan, dan Sarana Pendukung Pertanian;32;121000000000;2026
1949;3.27.02.1.01.0002;Koordinasi dan Sinkronisasi Pengawasan Peredaran Sarana Pertanian;32;300000000;2026
1949;3.27.02.1.01.0004;Pengawasan Sebaran Sarana Pascapanen Tanaman Pangan;32;150000000;2026
1949;3.27.02.1.01.0006;Pengawasan Sebaran Sarana Pascapanen Hortikultura;32;150000000;2026
1949;3.27.02.1.01.0007;Pengawasan Sebaran Sarana Pengolahan Hasil Hortikultura;32;125000000;2026
1949;3.27.02.1.01.0008;Pengawasan Sebaran Sarana Pengolahan Hasil Tanaman Pangan;32;125000000;2026
1950;3.27.02.1.02.0001;Pengelolaan Penerbitan Sertifikat Benih ;32;0;2026
1950;3.27.02.1.02.0007;Perbanyakan Benih Bersertifikat Hortikultura Berbentuk Batang;32;0;2026
1950;3.27.02.1.02.0009;Perbanyakan Benih Bersertifikat Tanaman Pangan Berbentuk Setek;32;0;2026
1950;3.27.02.1.02.0013;Perbanyakan Benih Bersertifikat Tanaman Pangan Berbentuk Biji/Benih;32;0;2026
1950;3.27.02.1.02.0014;Perbanyakan Benih Bersertifikat Hortikultura Berbentuk Umbi;32;0;2026
1950;3.27.02.1.02.0018;Pengawasan Mutu dan Peredaran Benih Tanaman Pangan;32;4250000000;2026
1950;3.27.02.1.02.0019;Pengawasan Mutu dan Peredaran Benih Tanaman Hortikultura;32;16425200000;2026
1951;3.27.02.1.03.0002;Penilaian Kultivar SDG Tumbuhan dan Mikroorganisme;32;0;2026
1951;3.27.02.1.03.0004;Pengembangan dan Pelaksanaan Sistem Manajemen Mutu SDG Tumbuhan dan Mikroorganisme;32;0;2026
1952;3.27.03.1.01.0001;Perencanaan Pengembangan Prasarana, Kawasan dan Komoditas Pertanian;32;500000000;2026
1952;3.27.03.1.01.0003;Koordinasi, Sinkronisasi dan Pelaksanaan Pengelolaan Jalan Usaha Tani;32;750000000;2026
1952;3.27.03.1.01.0004;Koordinasi, Sinkronisasi dan Pelaksanaan Pengelolaan Jaringan Irigasi di Tingkat Usaha Tani;32;75000000;2026
1952;3.27.03.1.01.0007;Pembangunan dan Pemeliharaan Laboratorium Pertanian;32;0;2026
1952;3.27.03.1.01.0009;Koordinasi, Sinkronisasi dan Penataan Prasarana Pendukung Pertanian Lainnya;32;0;2026
1952;3.27.03.1.01.0010;Pembangunan, Rehabilitasi dan Pemeliharaan Rutin Gedung UPTD Pertanian serta Sarana Pendukungnya;32;2576798700;2026
1952;3.27.03.1.01.0011;Pengendalian dan Pemanfaatan Prasarana Pengolahan Hasil Hortikultura;32;0;2026
1952;3.27.03.1.01.0013;Pengendalian dan Pemanfaatan Kawasan Pertanian;32;0;2026
1952;3.27.03.1.01.0014;Pengendalian dan Pemanfaatan Prasarana Pascapanen Hortikultura;32;0;2026
1952;3.27.03.1.01.0015;Penetapan Kawasan, Lahan dan Lahan Cadangan Pertanian Pangan Berkelanjutan secara numerik dan spasial di tingkat provinsi;32;0;2026
1952;3.27.03.1.01.0016;Penyusunan Peta Kawasan, Lahan dan Lahan Cadangan Pertanian Pangan Berkelanjutan di tingkat Provinsi;32;0;2026
1952;3.27.03.1.01.0018;Pengelolaan Lahan Pertanian Pangan Berkelanjutan/LP2B, Kawasan Pertanian Pangan Berkelanjutan/KP2B dan Lahan Cadangan Pertanian Pangan Berkelanjutan/LCP2B di tingkat Provinsi;32;0;2026
1952;3.27.03.1.01.0023;Pengendalian dan Pemanfaatan Prasarana Pascapanen Tanaman Pangan;32;0;2026
1952;3.27.03.1.01.0025;Pengendalian dan Pemanfaatan Prasarana Pengolahan Hasil Tanaman Pangan;32;0;2026
1953;3.27.05.1.01.0001;Pengendalian Organisme Pengganggu Tumbuhan (OPT) Tanaman Pangan, Hortikultura, dan Perkebunan;32;0;2026
1953;3.27.05.1.01.0002;Penanganan Dampak Perubahan Iklim (DPI) Tanaman Pangan, Hortikultura, dan Perkebunan;32;0;2026
1953;3.27.05.1.01.0005;Penanggulangan Pasca Bencana Alam Bidang Tanaman Pangan, Hortikultura dan Perkebunan;32;0;2026
1954;3.27.06.1.01.0001;Penyusunan Standar Pelayanan Publik Pemberian Izin Usaha Pertanian;32;0;2026
1954;3.27.06.1.01.0002;Penilaian Kelayakan dan Pemberian Pertimbangan Teknis Izin Usaha Pertanian di Lintas Kabupaten/Kota;32;0;2026
1954;3.27.06.1.01.0005;Pembinaan  dan  Pengawasan  Penerapan standar dan Izin Usaha Pertanian;32;0;2026
1955;3.27.07.1.01.0003;Penguatan Kelembagaan penyuluhan pertanian;32;750022500;2026
1955;3.27.07.1.01.0004;Penyediaan dan Peningkatan Kapasitas Penyuluh pertanian;32;0;2026
1956;3.27.07.1.02.0001;Diseminasi Informasi Teknis, Sosial, Ekonomi dan Inovasi Pertanian;32;0;2026
1956;3.27.07.1.02.0002;Pelaksanaan Penyuluhan dan Pemberdayaan Petani ;32;18443000000;2026
1957;3.27.07.1.03.0005;Pendampingan dan pengawalan korporasi petani;32;0;2026
1957;3.27.07.1.03.0006;Pembentukan   dan   Penguatan   Kelembagaan Korporasi Petani;32;0;2026
1958;2.07.01.1.01.0001;Penyusunan Dokumen Perencanaan Perangkat Daerah;17;202482200;2026
1958;2.07.01.1.01.0002;Koordinasi dan Penyusunan Dokumen RKA- SKPD;17;35000000;2026
1958;2.07.01.1.01.0003;Koordinasi dan Penyusunan Dokumen Perubahan RKA-SKPD;17;35000000;2026
1958;2.07.01.1.01.0004;Koordinasi dan Penyusunan DPA-SKPD;17;35000000;2026
1958;2.07.01.1.01.0006;Koordinasi dan Penyusunan Laporan Capaian Kinerja dan Ikhtisar Realisasi Kinerja SKPD;17;110004650;2026
1958;2.07.01.1.01.0008;Pelaksanaan Pengumpulan Data Statistik Sektoral Daerah;17;22500000;2026
1958;2.07.01.1.01.0010;Penyelenggaraan Walidata Pendukung Statistik Sektoral Daerah;17;30000000;2026
1959;2.07.01.1.02.0001;Penyediaan Gaji dan Tunjangan ASN;17;30332393309;2026
1959;2.07.01.1.02.0002;Penyediaan Administrasi Pelaksanaan Tugas ASN;17;725000000;2026
1959;2.07.01.1.02.0003;Pelaksanaan Penatausahaan dan Pengujian/Verifikasi Keuangan SKPD;17;50000000;2026
1959;2.07.01.1.02.0004;Koordinasi dan Pelaksanaan Akuntansi SKPD;17;35000000;2026
1959;2.07.01.1.02.0005;Koordinasi dan Penyusunan Laporan Keuangan Akhir Tahun SKPD;17;35000000;2026
1959;2.07.01.1.02.0006;Pengelolaan dan Penyiapan Bahan Tanggapan Pemeriksaan;17;35000000;2026
1959;2.07.01.1.02.0007;Koordinasi dan Penyusunan Laporan Keuangan Bulanan/ Triwulanan/Semesteran SKPD;17;35000000;2026
1960;2.07.01.1.03.0001;Penyusunan Perencanaan Kebutuhan Barang Milik Daerah SKPD;17;35000000;2026
1960;2.07.01.1.03.0005;Rekonsiliasi dan Penyusunan Laporan Barang Milik Daerah pada SKPD;17;100000000;2026
1961;2.07.01.1.04.0002;Analisa dan Pengembangan Retribusi Daerah, serta Penyusunan Kebijakan Retribusi Daerah;17;25000000;2026
1961;2.07.01.1.04.0007;Pelaporan Pengelolaan Retribusi Daerah;17;25000000;2026
1962;2.07.01.1.05.0005;Monitoring, Evaluasi, dan Penilaian Kinerja Pegawai;17;149990000;2026
1962;2.07.01.1.05.0010;Sosialisasi Peraturan Perundang-Undangan;17;35090000;2026
1962;2.07.01.1.05.0011;Bimbingan Teknis Implementasi Peraturan Perundang-Undangan;17;33860000;2026
1963;2.07.01.1.06.0001;Penyediaan Komponen Instalasi Listrik/Penerangan Bangunan Kantor;17;36568000;2026
1963;2.07.01.1.06.0002;Penyediaan Peralatan dan Perlengkapan Kantor;17;139428500;2026
1963;2.07.01.1.06.0005;Penyediaan Barang Cetakan dan Penggandaan;17;28676000;2026
1963;2.07.01.1.06.0009;Penyelenggaraan Rapat Koordinasi dan Konsultasi SKPD;17;160314000;2026
1964;2.07.01.1.07.0002;Pengadaan Kendaraan Dinas Operasional atau Lapangan;17;450000000;2026
1964;2.07.01.1.07.0006;Pengadaan Peralatan dan Mesin Lainnya;17;507371500;2026
1964;2.07.01.1.07.0010;Pengadaan Sarana dan Prasarana Gedung Kantor atau Bangunan Lainnya;17;200122080;2026
1965;2.07.01.1.08.0002;Penyediaan Jasa Komunikasi, Sumber Daya Air dan Listrik;17;570000000;2026
1965;2.07.01.1.08.0004;Penyediaan Jasa Pelayanan Umum Kantor;17;200000000;2026
1966;2.07.01.1.09.0001;Penyediaan Jasa Pemeliharaan, Biaya Pemeliharaan dan Pajak Kendaraan Perorangan Dinas atau Kendaraan Dinas Jabatan;17;436299000;2026
1966;2.07.01.1.09.0002;Penyediaan Jasa Pemeliharaan, Biaya Pemeliharaan, Pajak dan Perizinan Kendaraan Dinas Operasional atau Lapangan;17;275000000;2026
1966;2.07.01.1.09.0006;Pemeliharaan Peralatan dan Mesin Lainnya;17;142220000;2026
1966;2.07.01.1.09.0009;Pemeliharaan/Rehabilitasi Gedung Kantor dan Bangunan Lainnya;17;50003250;2026
1967;2.07.02.1.01.0003;Fasilitasi Penyusunan Rencana Tenaga Kerja Makro;17;30000000;2026
1967;2.07.02.1.01.0004;Fasilitasi Penyusunan Rencana Tenaga Kerja Mikro;17;30000000;2026
1968;2.07.03.1.01.0001;Proses Pelaksanaan Pendidikan dan Pelatihan Keterampilan bagi Pencari Kerja Berdasarkan Klaster Kompetensi;17;10250000000;2026
1968;2.07.03.1.01.0002;Koordinasi Lintas Lembaga dan Kerja Sama Dengan Sektor Swasta untuk Penyediaan Instruktur serta Sarana dan Prasarana Lembaga Pelatihan Kerja;17;30000000;2026
1969;2.07.03.1.02.0001;Survey dan Penilaian Akreditasi Kepada Lembaga Pelatihan Kerja;17;30000000;2026
1970;2.07.03.1.03.0001;Pelaksanaan Konsultasi Produktivitas kepada Perusahaan Menengah;17;30000000;2026
1971;2.07.03.1.04.0001;Pengukuran Kompetensi dan Produktivitas Tenaga Kerja;17;40000000;2026
1972;2.07.04.1.01.0001;Penyediaan Sumber Daya Pelayanan Antar Kerja;17;30000000;2026
1972;2.07.04.1.01.0002;Pelayanan Antar Kerja;17;40000000;2026
1972;2.07.04.1.01.0003;Penyuluhan dan Bimbingan Jabatan bagi Pencari Kerja;17;30000000;2026
1972;2.07.04.1.01.0005;Perluasan Kesempatan Kerja;17;19533226330;2026
1972;2.07.04.1.01.0006;Penyelenggaraan Unit Layanan Disabilitas Ketenagakerjaan;17;30000000;2026
1973;2.07.04.1.03.0002;Pelayanan dan Penyediaan Informasi Pasar Kerja Online;17;30000000;2026
1973;2.07.04.1.03.0003;Job Fair/Bursa Kerja;17;999999770;2026
1974;2.07.04.1.04.0001;Peningkatan Pelindungan dan Kompetensi Calon Pekerja Migran Indonesia (PMI)/Pekerja Migran Indonesia (PMI);17;30000000;2026
1974;2.07.04.1.04.0004;Pemberdayaan Pekerja Migran Indonesia Purna Penempatan;17;30000000;2026
1975;2.07.04.1.05.0001;Koordinasi dan Sinkronisasi Pengesahan RPTKA yang tidak Mengandung Perubahan Jabatan, Jumlah TKA, dan Lokasi Kerja dalam 1 (satu) Daerah Provinsi;17;30000000;2026
1976;2.07.05.1.01.0001;Pengesahan Peraturan Perusahaan yang terkait dengan Hubungan Industrial;17;74999750;2026
1976;2.07.05.1.01.0002;Pendaftaran Perjanjian Kerja Bersama yang terkait dengan Hubungan Industrial;17;75000000;2026
1976;2.07.05.1.01.0003;Penyelenggaraan Pendataan dan Informasi Sarana Hubungan Industrial dan Jaminan Sosial Tenaga Kerja;17;11299885450;2026
1977;2.07.05.1.02.0001;Pencegahan Perselisihan Hubungan Industrial, Mogok Kerja, dan Penutupan Perusahaan yang Berakibat/Berdampak pada Kepentingan di 1 (satu) Daerah Provinsi;17;59999900;2026
1977;2.07.05.1.02.0004;Pelaksanaan Operasional Lembaga Kerja Sama Tripartit Daerah Provinsi;17;60000000;2026
1978;2.07.05.1.03.0001;Penetapan Upah Minimum Provinsi (UMP);17;99999900;2026
1979;2.07.06.1.01.0001;Pengawasan Pelaksanaan Norma Kerja di Perusahaan ;17;529125000;2026
1979;2.07.06.1.01.0002;Penegakan Hukum Ketenagakerjaan di Perusahaan;17;175000000;2026
1979;2.07.06.1.01.0003;Pelayanan Keselamatan dan Kesehatan Kerja di Perusahaan;17;675847000;2026
1980;3.32.02.1.01.0001;Identifikasi Potensi Kawasan Transmigrasi;17;125000000;2026
1980;3.32.02.1.01.0002;Advokasi dan Musyawarah Penetapan Kawasan;17;100000050;2026
1980;3.32.02.1.01.0003;Penyediaan Tanah untuk Pembangunan Kawasan Transmigrasi;17;187500150;2026
1980;3.32.02.1.01.0004;Penatausahaan Pencadangan Tanah untuk Kawasan Transmigrasi;17;187500050;2026
1981;3.32.03.1.01.0001;Koordinasi dan Sinkronisasi Kerjasama Pembangunan Transmigrasi Antar Pemerintah Daerah Kabupaten/kota dalam 1 (Satu) Daerah Provinsi;17;175000000;2026
1981;3.32.03.1.01.0002;Penyiapan Lingkungan Hunian Fisik, Sosial, Ekonomi bagi Penduduk Setempat dan Transmigran;17;50000000;2026
1981;3.32.03.1.01.0006;Pelatihan Transmigrasi;17;50000000;2026
1981;3.32.03.1.01.0007;Penyesuaian Lingkungan Baru Transmigran di Kawasan Transmigrasi;17;50000000;2026
1981;3.32.03.1.01.0016;Pendampingan Dari Penampungan Provinsi Sampai Ke Lokasi;17;50000000;2026
1981;3.32.03.1.01.0017;Bantuan Non-Standar Transmigrasi (Dalam Bentuk Barang Sesuai Kearifan Lokal);17;300000000;2026
1981;3.32.03.1.01.0018;Monitoring Dan Evaluasi Ke Lokasi Transmigrasi;17;175000000;2026
1982;3.32.04.1.01.0001;Penguatan SDM dalam rangka Pemantapan Satuan Pemukiman;17;400000000;2026
1982;3.32.04.1.01.0002;Penguatan Infrastruktur Sosial, Ekonomi dan Kelembagaan dalam rangka Pemantapan Satuan Pemukiman;17;399999969;2026
1983;6.01.01.1.01.0001;Penyusunan Dokumen Perencanaan Perangkat Daerah;48;4000000;2026
1983;6.01.01.1.01.0007;Evaluasi Kinerja Perangkat Daerah;48;4000000;2026
1983;6.01.01.1.01.0008;Pelaksanaan Pengumpulan Data Statistik Sektoral Daerah;48;16500000;2026
1983;6.01.01.1.01.0010;Penyelenggaraan Walidata Pendukung Statistik Sektoral Daerah;48;16500000;2026
1984;6.01.01.1.02.0001;Penyediaan Gaji dan Tunjangan ASN;48;19743343815;2026
1984;6.01.01.1.02.0003;Pelaksanaan Penatausahaan dan Pengujian/Verifikasi Keuangan SKPD;48;4200000;2026
1984;6.01.01.1.02.0005;Koordinasi dan Penyusunan Laporan Keuangan Akhir Tahun SKPD;48;15350000;2026
1984;6.01.01.1.02.0006;Pengelolaan dan Penyiapan Bahan Tanggapan Pemeriksaan;48;16500000;2026
1985;6.01.01.1.03.0001;Penyusunan Perencanaan Kebutuhan Barang Milik Daerah SKPD;48;16500000;2026
1985;6.01.01.1.03.0005;Rekonsiliasi dan Penyusunan Laporan Barang Milik Daerah pada SKPD;48;16500000;2026
1985;6.01.01.1.03.0006;Penatausahaan Barang Milik Daerah pada SKPD;48;1500000;2026
1986;6.01.01.1.05.0003;Pendataan dan Pengolahan Administrasi Kepegawaian;48;12000000;2026
1986;6.01.01.1.05.0005;Monitoring, Evaluasi, dan Penilaian Kinerja Pegawai;48;16500000;2026
1986;6.01.01.1.05.0009;Pendidikan dan Pelatihan Pegawai Berdasarkan Tugas dan Fungsi;48;1636900000;2026
1986;6.01.01.1.05.0011;Bimbingan Teknis Implementasi Peraturan Perundang-Undangan;48;16500000;2026
1987;6.01.01.1.06.0002;Penyediaan Peralatan dan Perlengkapan Kantor;48;12869000;2026
1987;6.01.01.1.06.0005;Penyediaan Barang Cetakan dan Penggandaan;48;49325550;2026
1987;6.01.01.1.06.0009;Penyelenggaraan Rapat Koordinasi dan Konsultasi SKPD;48;610160000;2026
1987;6.01.01.1.06.0010;Penatausahaan Arsip Dinamis pada SKPD;48;6420000;2026
1987;6.01.01.1.06.0011;Dukungan Pelaksanaan Sistem Pemerintahan Berbasis Elektronik pada SKPD;48;9000000;2026
1988;6.01.01.1.07.0010;Pengadaan Sarana dan Prasarana Gedung Kantor atau Bangunan Lainnya;48;113000000;2026
1989;6.01.01.1.08.0004;Penyediaan Jasa Pelayanan Umum Kantor;48;2431581438;2026
1990;6.01.01.1.09.0001;Penyediaan Jasa Pemeliharaan, Biaya Pemeliharaan dan Pajak Kendaraan Perorangan Dinas atau Kendaraan Dinas Jabatan;48;521950000;2026
1990;6.01.01.1.09.0006;Pemeliharaan Peralatan dan Mesin Lainnya;48;95540000;2026
1990;6.01.01.1.09.0010;Pemeliharaan/Rehabilitasi Sarana dan Prasarana Gedung Kantor atau Bangunan Lainnya;48;16500000;2026
1991;6.01.02.1.01.0001;Pengawasan Kinerja Pemerintah Daerah;48;871762000;2026
1991;6.01.02.1.01.0002;Pengawasan Keuangan Pemerintah Daerah;48;712512000;2026
1991;6.01.02.1.01.0003;Reviu Laporan Kinerja;48;151550000;2026
1991;6.01.02.1.01.0004;Reviu Laporan Keuangan;48;306420000;2026
1991;6.01.02.1.01.0005;Pengawasan Umum dan Teknis Kabupaten/Kota;48;1011880000;2026
1991;6.01.02.1.01.0006;Kerjasama Pengawasan Internal;48;38500000;2026
1991;6.01.02.1.01.0007;Monitoring dan Evaluasi Tindak Lanjut Hasil Pemeriksaan BPK RI dan Tindak Lanjut Hasil Pemeriksaan APIP;48;150120000;2026
1992;6.01.02.1.02.0001;Penanganan Penyelesaian Kerugian Negara/Daerah;48;94500000;2026
1992;6.01.02.1.02.0002;Pengawasan dengan Tujuan Tertentu;48;552610000;2026
1993;6.01.03.1.01.0001;Perumusan Kebijakan Teknis di Bidang Pengawasan;48;57750000;2026
1994;6.01.03.1.02.0002;Pendampingan, Asistensi, Verifikasi, dan Penilaian Reformasi Birokrasi;48;142800000;2026
1994;6.01.03.1.02.0003;Koordinasi, Monitoring dan Evaluasi serta Verifikasi Pencegahan dan Pemberantasan Korupsi;48;98000000;2026
1994;6.01.03.1.02.0004;Pendampingan, Asistensi dan Verifikasi Penegakan Integritas;48;142800000;2026
1995;1.05.01.1.01.0001;Penyusunan Dokumen Perencanaan Perangkat Daerah;47;15000000;2026
1995;1.05.01.1.01.0006;Koordinasi dan Penyusunan Laporan Capaian Kinerja dan Ikhtisar Realisasi Kinerja SKPD;47;10000000;2026
1995;1.05.01.1.01.0008;Pelaksanaan Pengumpulan Data Statistik Sektoral Daerah;47;0;2026
1995;1.05.01.1.01.0010;Penyelenggaraan Walidata Pendukung Statistik Sektoral Daerah;47;0;2026
1995;1.05.01.1.01.0011;Penyusunan Dokumen Perencanaan Urusan Selain Renstra PD dan Renja PD;47;5000000;2026
1996;1.05.01.1.02.0001;Penyediaan Gaji dan Tunjangan ASN;47;13099902299;2026
1996;1.05.01.1.02.0004;Koordinasi dan Pelaksanaan Akuntansi SKPD;47;199950000;2026
1996;1.05.01.1.02.0005;Koordinasi dan Penyusunan Laporan Keuangan Akhir Tahun SKPD;47;0;2026
1997;1.05.01.1.03.0001;Penyusunan Perencanaan Kebutuhan Barang Milik Daerah SKPD;47;5000000;2026
1997;1.05.01.1.03.0006;Penatausahaan Barang Milik Daerah pada SKPD;47;10000000;2026
1998;1.05.01.1.05.0001;Peningkatan Sarana dan Prasarana Disiplin Pegawai;47;0;2026
1998;1.05.01.1.05.0002;Pengadaan Pakaian Dinas Beserta Atribut Kelengkapannya;47;0;2026
1998;1.05.01.1.05.0003;Pendataan dan Pengolahan Administrasi Kepegawaian;47;5000000;2026
1998;1.05.01.1.05.0009;Pendidikan dan Pelatihan Pegawai Berdasarkan Tugas dan Fungsi;47;0;2026
1999;1.05.01.1.06.0002;Penyediaan Peralatan dan Perlengkapan Kantor;47;24998400;2026
1999;1.05.01.1.06.0005;Penyediaan Barang Cetakan dan Penggandaan;47;14572300;2026
1999;1.05.01.1.06.0009;Penyelenggaraan Rapat Koordinasi dan Konsultasi SKPD;47;299996000;2026
1999;1.05.01.1.06.0011;Dukungan Pelaksanaan Sistem Pemerintahan Berbasis Elektronik pada SKPD;47;0;2026
2000;1.05.01.1.07.0001;Pengadaan Kendaraan Perorangan Dinas atau Kendaraan Dinas Jabatan;47;0;2026
2000;1.05.01.1.07.0002;Pengadaan Kendaraan Dinas Operasional atau Lapangan;47;0;2026
2000;1.05.01.1.07.0005;Pengadaan Mebel;47;0;2026
2000;1.05.01.1.07.0006;Pengadaan Peralatan dan Mesin Lainnya;47;0;2026
2000;1.05.01.1.07.0007;Pengadaan Aset Tetap Lainnya;47;0;2026
2001;1.05.01.1.08.0001;Penyediaan Jasa Surat Menyurat;47;0;2026
2001;1.05.01.1.08.0002;Penyediaan Jasa Komunikasi, Sumber Daya Air dan Listrik;47;204998832;2026
2001;1.05.01.1.08.0003;Penyediaan Jasa Peralatan dan Perlengkapan Kantor;47;0;2026
2001;1.05.01.1.08.0004;Penyediaan Jasa Pelayanan Umum Kantor;47;2635410000;2026
2002;1.05.01.1.09.0001;Penyediaan Jasa Pemeliharaan, Biaya Pemeliharaan dan Pajak Kendaraan Perorangan Dinas atau Kendaraan Dinas Jabatan;47;499992500;2026
2002;1.05.01.1.09.0007;Pemeliharaan Aset Tetap Lainnya;47;49970000;2026
2002;1.05.01.1.09.0010;Pemeliharaan/Rehabilitasi Sarana dan Prasarana Gedung Kantor atau Bangunan Lainnya;47;20000000;2026
2003;1.05.02.1.01.0008;Penyusunan SOP Ketertiban Umum dan Ketenteraman Masyarakat;47;10000000;2026
2003;1.05.02.1.01.0011;Pembentukan Tim Penilai angka kredit dan Sekretariat Pengelolaan Jabatan Fungsional Pol PP;47;5000000;2026
2003;1.05.02.1.01.0012;Pembentukan Satgas Linmas Tingkat Provinsi;47;5000000;2026
2003;1.05.02.1.01.0014;Koordinasi Penyelenggaraan Ketenteraman, Ketertiban Umum dan Perlindungan Masyarakat Tingkat Provinsi;47;69999800;2026
2003;1.05.02.1.01.0015;Penyediaan Layanan Dasar dalam rangka Dampak Penegakan Peraturan Daerah dan Peraturan Kepala Daerah;47;49999900;2026
2003;1.05.02.1.01.0020;Penindakan atas Gangguan Ketenteraman dan Ketertiban Umum Berdasarkan Perda dan Perkada Melalui Penertiban dan Penanganan Unjuk Rasa dan Kerusuhan Massa;47;49999850;2026
2003;1.05.02.1.01.0021;Pencegahan Gangguan Ketenteraman dan Ketertiban Umum Melalui Deteksi Dini dan Cegah Dini, Pembinaan dan Penyuluhan, Pelaksanaan Patroli, Pengamanan, dan Pengawalan;47;200000000;2026
2003;1.05.02.1.01.0022;Pemberdayaan Satuan Tugas Pelindungan Masyarakat dalam penyelenggaraan  Ketenteraman, Ketertiban Umum dan Perlindungan Masyarakat Tingkat;47;49999900;2026
2003;1.05.02.1.01.0023;Kerjasama penyelenggaraan ketenteraman, Ketertiban Umum dan Perlindungan Masyarakat lintas daerah provinsi;47;29999700;2026
2003;1.05.02.1.01.0024;Peningkatan Kapasitas SDM Satuan Polisi Pamong Praja;47;99999750;2026
2003;1.05.02.1.01.0029;Pengadaan dan Pemeliharaan Sarana dan Prasarana Ketenteraman Ketertiban Umum, dan perlindungan masyarakat serta dalam mendukung pencapaian SPM sub urusan trantibum;47;19999900;2026
2003;1.05.02.1.01.0030;Peningkatan Kapasitas SDM Satuan Pelindungan Masyarakat;47;99999850;2026
2004;1.05.02.1.02.0002;Pengawasan atas Kepatuhan Terhadap Pelaksanaan Peraturan Daerah dan Peraturan Gubernur;47;49999750;2026
2004;1.05.02.1.02.0007;Dukungan Pelaksanaan Sidang atas Pelanggaran Peraturan Daerah;47;7265000;2026
2004;1.05.02.1.02.0009;Pemberkasan Administrasi Penyidikan oleh PPNS Penegak Peraturan Daerah;47;29999750;2026
2004;1.05.02.1.02.0010;Sosialisasi Ketentuan Sanksi Peraturan Daerah  dan Peraturan Kepala Daerah;47;49998000;2026
2004;1.05.02.1.02.0011;Penyusunan SOP Penegakan Peraturan Daerah dan Peraturan Kepala Daerah dalam mendukung pencapaian SPM sub urusan trantibum;47;9999950;2026
2004;1.05.02.1.02.0012;Penanganan atas Pelanggaran Peraturan Daerah  dan Peraturan Kepala Daerah;47;0;2026
2004;1.05.02.1.02.0014;Pengadaan dan Pemeliharaan Sarana dan Prasarana Penegakan Peraturan Daerah dan Peraturan Kepala Daerah dalam mendukung pencapaian SPM sub urusan trantibum;47;19993400;2026
2005;1.05.02.1.03.0003;Pembentukan Sekretariat PPNS;47;10000000;2026
2005;1.05.02.1.03.0004;Kerja Sama Antar Lembaga dan Kemitraan dalam Pelaksanaan Penegakan Peraturan Daerah;47;49999750;2026
2005;1.05.02.1.03.0005;Dukungan Operasional Sekretariat PPNS;47;14988734;2026
2005;1.05.02.1.03.0007;Peningkatan Kapasitas dan Karier PPNS dalam mendukung pencapaian SPM sub urusan trantibum;47;40000000;2026
2005;1.05.02.1.03.0008;Pembentukan PPNS Penegak Peraturan Daerah  dalam mendukung pencapaian SPM sub urusan trantibum;47;27735000;2026
2006;1.05.04.1.01.0004;Penyelenggaraan Kerja Sama dan Koordinasi Antar Daerah Berbatasan, Antar Lembaga, dan Kemitraan dalam Pencegahan, Penanggulangan, Penyelamatan Kebakaran dan Penyelamatan Non Kebakaran;47;99994300;2026
2006;1.05.04.1.01.0006;Standarisasi Sarana dan Prasarana Pencegahan, Penanggulangan Kebakaran dan Alat Pelindung Diri;47;49307000;2026
2006;1.05.04.1.01.0009;Bimbingan Teknis Terkait Pencegahan, Penanggulangan, Penyelamatan Kebakaran dan Penyelamatan Non Kebakaran Provinsi dan Kabupaten/Kota;47;99990000;2026
2006;1.05.04.1.01.0014;Penyelenggaraan Jabatan Fungsional Analis Kebakaran;47;49989500;2026
2006;1.05.04.1.01.0019;Pemutakhiran Informasi Daerah Rawan Kebakaran dan Peta Rawan Kebakaran;47;99999850;2026
2006;1.05.04.1.01.0022;Penyediaan  Informasi Daerah Rawan Kebakaran dan Peta Rawan Kebakaran;47;99999900;2026
2006;1.05.04.1.01.0023;Pembinaan Aparatur Pemadam Kebakaran dan Penyelamatan Provinsi dan Kabupaten/Kota;47;99999950;2026
2006;1.05.04.1.01.0024;Sosialisasi, Komunikasi, Informasi dan Edukasi kepada Pemangku Kepentingan dan Masyarakat Terkait Pencegahan, Penanggulangan, Penyelamatan Kebakaran dan Penyelamatan Non Kebakaran;47;100000000;2026
2006;1.05.04.1.01.0038;Penyelenggaraan Sistem Informasi dan Pelaporan Kebakaran dan Penyelamatan Secara Terintegrasi;47;99993900;2026
2007;1.05.04.1.02.0003;Pembinaan dan Pengawasan Penyelenggaraan Jabatan Fungsional Pemadam Kebakaran dan Analis Kebakaran;47;99999950;2026
2007;1.05.04.1.02.0004;Pembinaan Penyelenggaraan Pencegahan, Penanggulangan, Penyelamatan Kebakaran dan Penyelamatan Non Kebakaran;47;99999900;2026
2008;4.02.01.1.01.0001;Penyusunan Dokumen Perencanaan Perangkat Daerah;46;0;2026
2008;4.02.01.1.01.0002;Koordinasi dan Penyusunan Dokumen RKA- SKPD;46;73646800;2026
2008;4.02.01.1.01.0003;Koordinasi dan Penyusunan Dokumen Perubahan RKA-SKPD;46;0;2026
2008;4.02.01.1.01.0004;Koordinasi dan Penyusunan DPA-SKPD;46;51423400;2026
2008;4.02.01.1.01.0005;Koordinasi dan Penyusunan Perubahan DPA- SKPD;46;0;2026
2008;4.02.01.1.01.0006;Koordinasi dan Penyusunan Laporan Capaian Kinerja dan Ikhtisar Realisasi Kinerja SKPD;46;27316600;2026
2008;4.02.01.1.01.0007;Evaluasi Kinerja Perangkat Daerah;46;216031600;2026
2009;4.02.01.1.02.0001;Penyediaan Gaji dan Tunjangan ASN;46;11009944963;2026
2009;4.02.01.1.02.0003;Pelaksanaan Penatausahaan dan Pengujian/Verifikasi Keuangan SKPD;46;0;2026
2009;4.02.01.1.02.0005;Koordinasi dan Penyusunan Laporan Keuangan Akhir Tahun SKPD;46;42557025;2026
2009;4.02.01.1.02.0006;Pengelolaan dan Penyiapan Bahan Tanggapan Pemeriksaan;46;0;2026
2009;4.02.01.1.02.0007;Koordinasi dan Penyusunan Laporan Keuangan Bulanan/ Triwulanan/Semesteran SKPD;46;38065200;2026
2009;4.02.01.1.02.0008;Penyusunan Pelaporan dan Analisis Prognosis Realisasi Anggaran;46;0;2026
2010;4.02.01.1.03.0001;Penyusunan Perencanaan Kebutuhan Barang Milik Daerah SKPD;46;31155000;2026
2010;4.02.01.1.03.0005;Rekonsiliasi dan Penyusunan Laporan Barang Milik Daerah pada SKPD;46;67778000;2026
2010;4.02.01.1.03.0006;Penatausahaan Barang Milik Daerah pada SKPD;46;0;2026
2011;4.02.01.1.05.0002;Pengadaan Pakaian Dinas Beserta Atribut Kelengkapannya;46;106738710;2026
2011;4.02.01.1.05.0003;Pendataan dan Pengolahan Administrasi Kepegawaian;46;0;2026
2011;4.02.01.1.05.0009;Pendidikan dan Pelatihan Pegawai Berdasarkan Tugas dan Fungsi;46;0;2026
2011;4.02.01.1.05.0010;Sosialisasi Peraturan Perundang-Undangan;46;0;2026
2011;4.02.01.1.05.0011;Bimbingan Teknis Implementasi Peraturan Perundang-Undangan;46;340800000;2026
2012;4.02.01.1.06.0002;Penyediaan Peralatan dan Perlengkapan Kantor;46;0;2026
2012;4.02.01.1.06.0003;Penyediaan Peralatan Rumah Tangga;46;0;2026
2012;4.02.01.1.06.0005;Penyediaan Barang Cetakan dan Penggandaan;46;0;2026
2012;4.02.01.1.06.0008;Fasilitasi Kunjungan Tamu;46;893325000;2026
2012;4.02.01.1.06.0009;Penyelenggaraan Rapat Koordinasi dan Konsultasi SKPD;46;0;2026
2012;4.02.01.1.06.0011;Dukungan Pelaksanaan Sistem Pemerintahan Berbasis Elektronik pada SKPD;46;81752600;2026
2013;4.02.01.1.07.0002;Pengadaan Kendaraan Dinas Operasional atau Lapangan;46;0;2026
2013;4.02.01.1.07.0005;Pengadaan Mebel;46;0;2026
2013;4.02.01.1.07.0006;Pengadaan Peralatan dan Mesin Lainnya;46;0;2026
2013;4.02.01.1.07.0009;Pengadaan Gedung Kantor atau Bangunan Lainnya;46;0;2026
2013;4.02.01.1.07.0010;Pengadaan Sarana dan Prasarana Gedung Kantor atau Bangunan Lainnya;46;0;2026
2014;4.02.01.1.08.0002;Penyediaan Jasa Komunikasi, Sumber Daya Air dan Listrik;46;3347099932;2026
2014;4.02.01.1.08.0003;Penyediaan Jasa Peralatan dan Perlengkapan Kantor;46;101100000;2026
2014;4.02.01.1.08.0004;Penyediaan Jasa Pelayanan Umum Kantor;46;2055420000;2026
2015;4.02.01.1.09.0001;Penyediaan Jasa Pemeliharaan, Biaya Pemeliharaan dan Pajak Kendaraan Perorangan Dinas atau Kendaraan Dinas Jabatan;46;1529760000;2026
2015;4.02.01.1.09.0006;Pemeliharaan Peralatan dan Mesin Lainnya;46;523000000;2026
2015;4.02.01.1.09.0009;Pemeliharaan/Rehabilitasi Gedung Kantor dan Bangunan Lainnya;46;0;2026
2015;4.02.01.1.09.0010;Pemeliharaan/Rehabilitasi Sarana dan Prasarana Gedung Kantor atau Bangunan Lainnya;46;876440000;2026
2016;4.02.01.1.15.0001;Penyelenggaraan Administrasi Keuangan DPRD;46;41007599640;2026
2016;4.02.01.1.15.0002;Penyediaan Pakaian Dinas dan Atribut DPRD;46;0;2026
2016;4.02.01.1.15.0003;Pelaksanaan Medical Check Up DPRD;46;275000000;2026
2017;4.02.01.1.16.0001;Penyelenggaraan Administrasi Keanggotaan DPRD;46;34176300;2026
2017;4.02.01.1.16.0002;Fasilitasi Fraksi DPRD;46;31999750;2026
2017;4.02.01.1.16.0003;Fasilitasi Rapat Koordinasi dan Konsultasi DPRD;46;0;2026
2017;4.02.01.1.16.0004;Penyediaan Kebutuhan Rumah Tangga DPRD;46;1446879696;2026
2018;4.02.02.1.01.0001;Penyusunan dan Pembahasan Program Pembentukan Peraturan Daerah;46;1134577300;2026
2018;4.02.02.1.01.0002;Pembahasan Rancangan Perda;46;2198331750;2026
2018;4.02.02.1.01.0003;Penyelenggaraan Kajian Perundang-Undangan;46;1386486000;2026
2018;4.02.02.1.01.0004;Fasilitasi Penyusunan Naskah Akademik;46;1045048120;2026
2018;4.02.02.1.01.0006;Sosialisasi Peraturan Daerah yang Dilakukan Bersama oleh DPRD dan Pemerintah Daerah;46;0;2026
2019;4.02.02.1.02.0001;Pembahasan KUA dan PPAS;46;653164000;2026
2019;4.02.02.1.02.0002;Pembahasan Perubahan KUA dan Perubahan PPAS;46;39500000;2026
2019;4.02.02.1.02.0003;Pembahasan APBD;46;51250000;2026
2019;4.02.02.1.02.0004;Pembahasan Perubahan APBD;46;656664000;2026
2019;4.02.02.1.02.0005;Pembahasan Laporan Semester;46;27800000;2026
2019;4.02.02.1.02.0006;Pembahasan Pertanggungjawaban APBD;46;48600000;2026
2020;4.02.02.1.03.0001;Pengawasan Urusan Pemerintahan Bidang Pemerintahan dan Hukum;46;2865182250;2026
2020;4.02.02.1.03.0002;Pengawasan Urusan Pemerintahan Bidang Infrastruktur;46;2747462250;2026
2020;4.02.02.1.03.0003;Pengawasan Urusan Pemerintahan Bidang Kesejahteraan Rakyat;46;2662578250;2026
2020;4.02.02.1.03.0004;Pengawasan Urusan Pemerintahan Bidang Perekonomian;46;2747462250;2026
2020;4.02.02.1.03.0006;Pengawasan Tindak Lanjut Hasil Pemeriksaan Laporan Keuangan oleh Badan Pemeriksa Keuangan;46;49250000;2026
2020;4.02.02.1.03.0007;Pengawasan Penggunaan Anggaran;46;0;2026
2020;4.02.02.1.03.0008;Pembahasan Laporan Keterangan Pertanggungjawaban Kepala Daerah;46;333797000;2026
2021;4.02.02.1.04.0001;Orientasi DPRD;46;0;2026
2021;4.02.02.1.04.0002;Pendalaman Tugas DPRD;46;2079160000;2026
2021;4.02.02.1.04.0004;Penyediaan Kelompok Pakar dan Tim Ahli;46;7870144500;2026
2021;4.02.02.1.04.0005;Penyediaan Tenaga Ahli Fraksi;46;820800000;2026
2021;4.02.02.1.04.0006;Penyelenggaraan Hubungan Masyarakat;46;94150000;2026
2021;4.02.02.1.04.0007;Penyusunan Program Kerja DPRD;46;30485000;2026
2021;4.02.02.1.04.0008;Publikasi dan Dokumentasi DPRD;46;2960396000;2026
2022;4.02.02.1.05.0001;Kunjungan Kerja dalam Daerah;46;1487600000;2026
2022;4.02.02.1.05.0002;Penyusunan Pokok-Pokok Pikiran DPRD;46;1138155000;2026
2022;4.02.02.1.05.0003;Pelaksanaan Reses;46;13586338000;2026
2022;4.02.02.1.05.0004;Sosialisasi Rancangan Peraturan Daerah;46;434040000;2026
2023;4.02.02.1.06.0002;Pengawasan Kode Etik DPRD;46;0;2026
2024;4.02.02.1.07.0002;Penyusunan Bahan Komunikasi dan Publikasi;46;77914750;2026
2025;4.02.02.1.08.0001;Koordinasi dan Konsultasi Pelaksanaan Tugas DPRD;46;5172376000;2026
2025;4.02.02.1.08.0002;Penyusunan Laporan Kinerja DPRD;46;164405930;2026
2025;4.02.02.1.08.0003;Fasilitasi Pelaksanaan Tugas Badan Musyawarah;46;0;2026
2025;4.02.02.1.08.0004;Fasilitasi Tugas Pimpinan DPRD;46;4080194000;2026
2025;4.02.02.1.08.0005;Fasilitasi Pelaksanaan Tugas Panitia Khusus;46;1730894000;2026
2026;4.01.01.1.06.0009;Penyelenggaraan Rapat Koordinasi dan Konsultasi SKPD;44;112621500;2026
2027;4.01.01.1.08.0003;Penyediaan Jasa Peralatan dan Perlengkapan Kantor;44;965638675;2026
2028;4.01.08.1.01.0001;Pengendalian Administrasi Pelaksanaan Pembangunan APBD;44;33312750;2026
2028;4.01.08.1.01.0002;Pengendalian Administrasi Pelaksanaan Pembangunan APBN;44;43141550;2026
2028;4.01.08.1.01.0003;Pengendalian Administrasi Pelaksanaan Pembangunan Wilayah;44;414134950;2026
2029;4.01.08.1.02.0001;Analisis Capaian Kinerja Pembangunan Daerah;44;596233585;2026
2029;4.01.08.1.02.0002;Pelaporan Pelaksanaan Pembangunan Daerah;44;97790270;2026
2029;4.01.08.1.02.0003;Fasilitasi Perumusan Kebijakan Teknis Pembangunan Daerah;44;150206500;2026
2030;4.01.01.1.01.0001;Penyusunan Dokumen Perencanaan Perangkat Daerah;41;99999750;2026
2030;4.01.01.1.01.0002;Koordinasi dan Penyusunan Dokumen RKA- SKPD;41;0;2026
2031;4.01.01.1.02.0002;Penyediaan Administrasi Pelaksanaan Tugas ASN;41;616320000;2026
2031;4.01.01.1.02.0007;Koordinasi dan Penyusunan Laporan Keuangan Bulanan/ Triwulanan/Semesteran SKPD;41;0;2026
2032;4.01.01.1.05.0002;Pengadaan Pakaian Dinas Beserta Atribut Kelengkapannya;41;99706750;2026
2032;4.01.01.1.05.0003;Pendataan dan Pengolahan Administrasi Kepegawaian;41;61585000;2026
2032;4.01.01.1.05.0004;Koordinasi dan Pelaksanaan Sistem Informasi Kepegawaian;41;0;2026
2033;4.01.01.1.06.0002;Penyediaan Peralatan dan Perlengkapan Kantor;41;60960000;2026
2033;4.01.01.1.06.0005;Penyediaan Barang Cetakan dan Penggandaan;41;340000000;2026
2033;4.01.01.1.06.0009;Penyelenggaraan Rapat Koordinasi dan Konsultasi SKPD;41;600578000;2026
2034;4.01.01.1.08.0004;Penyediaan Jasa Pelayanan Umum Kantor;41;0;2026
2035;4.01.01.1.09.0001;Penyediaan Jasa Pemeliharaan, Biaya Pemeliharaan dan Pajak Kendaraan Perorangan Dinas atau Kendaraan Dinas Jabatan;41;600022000;2026
2035;4.01.01.1.09.0006;Pemeliharaan Peralatan dan Mesin Lainnya;41;20850000;2026
2036;4.01.01.1.13.0001;Penyiapan Materi Pimpinan;41;719648000;2026
2036;4.01.01.1.13.0002;Fasilitasi Komunikasi Pimpinan;41;10351950;2026
2036;4.01.01.1.13.0003;Pengelolaan Dokumentasi Pimpinan;41;19999833;2026
2037;4.01.01.1.14.0001;Fasilitasi dan Koordinasi Pelaksanaan Acara;41;249998000;2026
2037;4.01.01.1.14.0002;Fasilitasi Kunjungan Tamu Kepala Daerah dan Wakil Kepala Daerah;41;250000000;2026
2037;4.01.01.1.14.0003;Pengelolaan Hubungan Keprotokolan;41;249996000;2026
2038;4.01.01.1.01.0006;Koordinasi dan Penyusunan Laporan Capaian Kinerja dan Ikhtisar Realisasi Kinerja SKPD;42;18610000;2026
2039;4.01.01.1.02.0002;Penyediaan Administrasi Pelaksanaan Tugas ASN;42;373590000;2026
2040;4.01.01.1.05.0002;Pengadaan Pakaian Dinas Beserta Atribut Kelengkapannya;42;0;2026
2040;4.01.01.1.05.0010;Sosialisasi Peraturan Perundang-Undangan;42;102947000;2026
2040;4.01.01.1.05.0011;Bimbingan Teknis Implementasi Peraturan Perundang-Undangan;42;13000000;2026
2041;4.01.01.1.06.0002;Penyediaan Peralatan dan Perlengkapan Kantor;42;88061900;2026
2041;4.01.01.1.06.0005;Penyediaan Barang Cetakan dan Penggandaan;42;44210500;2026
2041;4.01.01.1.06.0009;Penyelenggaraan Rapat Koordinasi dan Konsultasi SKPD;42;306380000;2026
2042;4.01.01.1.07.0005;Pengadaan Mebel;42;90096800;2026
2043;4.01.01.1.08.0003;Penyediaan Jasa Peralatan dan Perlengkapan Kantor;42;119578100;2026
2044;4.01.01.1.09.0001;Penyediaan Jasa Pemeliharaan, Biaya Pemeliharaan dan Pajak Kendaraan Perorangan Dinas atau Kendaraan Dinas Jabatan;42;232680000;2026
2044;4.01.01.1.09.0006;Pemeliharaan Peralatan dan Mesin Lainnya;42;24090000;2026
2045;4.01.05.1.01.0001;Fasilitasi Penyusunan Produk Hukum Pengaturan;42;420614200;2026
2045;4.01.05.1.01.0003;Pendokumentasian Produk Hukum dan Naskah Hukum Lainnya;42;160384500;2026
2045;4.01.05.1.01.0004;Fasilitasi dan Evaluasi Produk Hukum Kabupaten/Kota;42;314000000;2026
2046;4.01.05.1.02.0001;Fasilitasi Penyelesaian Masalah Hukum;42;495952000;2026
2046;4.01.05.1.02.0002;Fasilitasi Penyelesaian Masalah Non Litigasi dan HAM;42;195805000;2026
2047;4.01.01.1.01.0006;Koordinasi dan Penyusunan Laporan Capaian Kinerja dan Ikhtisar Realisasi Kinerja SKPD;37;30720290;2026
2048;4.01.01.1.02.0002;Penyediaan Administrasi Pelaksanaan Tugas ASN;37;844710000;2026
2049;4.01.01.1.05.0011;Bimbingan Teknis Implementasi Peraturan Perundang-Undangan;37;50080000;2026
2050;4.01.01.1.06.0009;Penyelenggaraan Rapat Koordinasi dan Konsultasi SKPD;37;200616450;2026
2051;4.01.01.1.07.0006;Pengadaan Peralatan dan Mesin Lainnya;37;24571160;2026
2052;4.01.01.1.08.0003;Penyediaan Jasa Peralatan dan Perlengkapan Kantor;37;72242250;2026
2053;4.01.01.1.09.0006;Pemeliharaan Peralatan dan Mesin Lainnya;37;317060000;2026
2054;4.01.04.1.01.0001;Pengelolaan Sarana dan Prasarana Spiritual;37;68368285482;2026
2054;4.01.04.1.01.0002;Fasilitasi Kelembagaan Bina Spiritual;37;10120000000;2026
2055;4.01.04.1.02.0001;Fasilitasi, Koordinasi, Sinkronisasi, Evaluasi dan Capaian Kinerja Kebijakan Kesejahteraan Rakyat Bidang Pendidikan;37;577739999850;2026
2055;4.01.04.1.02.0002;Fasilitasi, Koordinasi dan Sinkronisasi, Evaluasi dan Capaian Kinerja Kebijakan Kesejahteraan Rakyat Bidang Kesehatan;37;120000000;2026
2055;4.01.04.1.02.0003;Fasilitasi, Koordinasi dan Sinkronisasi, Evaluasi dan Capaian Kinerja Kebijakan Kesejahteraan Rakyat Bidang Sosial;37;120000000;2026
2056;4.01.04.1.03.0001;Koordinasi dan Sinkronisasi Kebijakan Kesejahteraan Rakyat Bidang Kepemudaan, Olahraga, Kebudayaan, dan Pariwisata;37;954000000;2026
2056;4.01.04.1.03.0002;Koordinasi dan Sinkronisasi Kebijakan Kesejahteraan Rakyat Bidang Pemberdayaan Perempuan dan Perlindungan Anak, Pengendalian Penduduk dan Keluarga Berencana, Administrasi Kependudukan dan Pencatatan Sipil, Pemberdayaan Masyarakat dan Desa, Transmigrasi dan Tenaga Kerja;37;120000000;2026
2056;4.01.04.1.03.0003;Koordinasi dan Sinkronisasi Kebijakan Kesejahteraan Rakyat Bidang Komunikasi, Informatika, Statistik, Persandian, dan Perhubungan;37;120000000;2026
2057;4.01.01.1.01.0006;Koordinasi dan Penyusunan Laporan Capaian Kinerja dan Ikhtisar Realisasi Kinerja SKPD;40;48795650;2026
2058;4.01.01.1.02.0002;Penyediaan Administrasi Pelaksanaan Tugas ASN;40;343530000;2026
2059;4.01.01.1.05.0002;Pengadaan Pakaian Dinas Beserta Atribut Kelengkapannya;40;43822600;2026
2059;4.01.01.1.05.0009;Pendidikan dan Pelatihan Pegawai Berdasarkan Tugas dan Fungsi;40;10910000;2026
2060;4.01.01.1.06.0002;Penyediaan Peralatan dan Perlengkapan Kantor;40;100055645;2026
2060;4.01.01.1.06.0005;Penyediaan Barang Cetakan dan Penggandaan;40;29999400;2026
2060;4.01.01.1.06.0009;Penyelenggaraan Rapat Koordinasi dan Konsultasi SKPD;40;249872750;2026
2061;4.01.01.1.07.0001;Pengadaan Kendaraan Perorangan Dinas atau Kendaraan Dinas Jabatan;40;0;2026
2062;4.01.01.1.08.0001;Penyediaan Jasa Surat Menyurat;40;23676100;2026
2063;4.01.01.1.09.0001;Penyediaan Jasa Pemeliharaan, Biaya Pemeliharaan dan Pajak Kendaraan Perorangan Dinas atau Kendaraan Dinas Jabatan;40;274991000;2026
2063;4.01.01.1.09.0006;Pemeliharaan Peralatan dan Mesin Lainnya;40;49355000;2026
2064;4.01.02.1.01.0001;Fasilitasi Penataan Kelembagaan Provinsi;40;150000000;2026
2064;4.01.02.1.01.0002;Fasilitasi Penataan Kelembagaan Kabupaten/Kota;40;149999850;2026
2064;4.01.02.1.01.0003;Penataan Analisis Jabatan;40;350000050;2026
2065;4.01.02.1.02.0001;Pembinaan Pelaksanaan Reformasi Birokrasi;40;149999900;2026
2065;4.01.02.1.02.0002;Monitoring dan Evaluasi Akuntabilitas Kinerja;40;150000000;2026
2065;4.01.02.1.02.0003;Evaluasi Pelaksanaan Budaya Kerja;40;99992300;2026
2065;4.01.02.1.02.0004;Pengelolaan Tatalaksana Pemerintahan;40;124999750;2026
2065;4.01.02.1.02.0005;Fasilitasi Peningkatan Pelayanan Publik;40;149999900;2026
2066;4.01.01.1.01.0001;Penyusunan Dokumen Perencanaan Perangkat Daerah;38;15725000;2026
2066;4.01.01.1.01.0006;Koordinasi dan Penyusunan Laporan Capaian Kinerja dan Ikhtisar Realisasi Kinerja SKPD;38;15526895;2026
2066;4.01.01.1.01.0007;Evaluasi Kinerja Perangkat Daerah;38;20900000;2026
2067;4.01.01.1.06.0002;Penyediaan Peralatan dan Perlengkapan Kantor;38;75392368;2026
2067;4.01.01.1.06.0009;Penyelenggaraan Rapat Koordinasi dan Konsultasi SKPD;38;321576000;2026
2068;4.01.01.1.08.0004;Penyediaan Jasa Pelayanan Umum Kantor;38;648290000;2026
2069;4.01.01.1.09.0002;Penyediaan Jasa Pemeliharaan, Biaya Pemeliharaan, Pajak dan Perizinan Kendaraan Dinas Operasional atau Lapangan;38;252787632;2026
2070;4.01.03.1.01.0001;Pengelolaan Administrasi Kebijakan Pemerintahan;38;69802105;2026
2070;4.01.03.1.01.0002;Fasilitasi Pelaksanaan Pemerintahan Umum;38;130000000;2026
2070;4.01.03.1.01.0003;Fasilitasi Penataan Wilayah;38;150000000;2026
2071;4.01.03.1.02.0001;Fasilitasi Administrasi Kepala Daerah dan DPRD;38;130000000;2026
2071;4.01.03.1.02.0002;Pengembangan Otonomi dan Penataan Urusan;38;130000000;2026
2071;4.01.03.1.02.0003;Evaluasi dan Penyelenggaraan Pemerintahan;38;150000000;2026
2072;4.01.03.1.03.0001;Fasilitasi Kerja Sama Antar Pemerintah;38;780000000;2026
2072;4.01.03.1.03.0002;Fasilitasi Kerja Sama Badan Usaha/Swasta;38;130000000;2026
2072;4.01.03.1.03.0003;Evaluasi Pelaksanaan Kerja Sama;38;130000000;2026
2073;4.01.01.1.01.0006;Koordinasi dan Penyusunan Laporan Capaian Kinerja dan Ikhtisar Realisasi Kinerja SKPD;45;6731000;2026
2074;4.01.01.1.02.0002;Penyediaan Administrasi Pelaksanaan Tugas ASN;45;530820000;2026
2075;4.01.01.1.06.0003;Penyediaan Peralatan Rumah Tangga;45;24173800;2026
2075;4.01.01.1.06.0005;Penyediaan Barang Cetakan dan Penggandaan;45;123520550;2026
2075;4.01.01.1.06.0009;Penyelenggaraan Rapat Koordinasi dan Konsultasi SKPD;45;240484000;2026
2076;4.01.01.1.07.0006;Pengadaan Peralatan dan Mesin Lainnya;45;20558000;2026
2077;4.01.01.1.08.0002;Penyediaan Jasa Komunikasi, Sumber Daya Air dan Listrik;45;53600000;2026
2077;4.01.01.1.08.0004;Penyediaan Jasa Pelayanan Umum Kantor;45;70200000;2026
2078;4.01.01.1.09.0001;Penyediaan Jasa Pemeliharaan, Biaya Pemeliharaan dan Pajak Kendaraan Perorangan Dinas atau Kendaraan Dinas Jabatan;45;230416350;2026
2078;4.01.01.1.09.0006;Pemeliharaan Peralatan dan Mesin Lainnya;45;24840000;2026
2078;4.01.01.1.09.0009;Pemeliharaan/Rehabilitasi Gedung Kantor dan Bangunan Lainnya;45;15000000;2026
2079;4.01.07.1.01.0001;Pengelolaan Strategi Pengadaan Barang dan Jasa;45;122220000;2026
2079;4.01.07.1.01.0002;Pelaksanaan Pengadaan Barang dan Jasa;45;58296000;2026
2079;4.01.07.1.01.0003;Pemantauan dan Evaluasi Pengadaan Barang dan Jasa;45;131565900;2026
2080;4.01.07.1.02.0001;Pengelolaan Sistem Pengadaan Secara Elektronik;45;77622400;2026
2080;4.01.07.1.02.0002;Pengembangan Sistem Informasi Pengadaan Barang dan Jasa;45;140392000;2026
2080;4.01.07.1.02.0003;Pengelolaan Informasi Pengadaan Barang dan Jasa;45;0;2026
2081;4.01.07.1.03.0001;Pembinaan Sumber Daya Manusia Pengadaan Barang dan Jasa;45;0;2026
2081;4.01.07.1.03.0002;Pembinaan Kelembagaan Pengadaan Barang dan Jasa;45;0;2026
2081;4.01.07.1.03.0003;Pendampingan, Konsultasi, dan/atau Bimbingan Teknis Pengadaan Barang dan Jasa;45;0;2026
2082;4.01.01.1.05.0011;Bimbingan Teknis Implementasi Peraturan Perundang-Undangan;39;117950000;2026
2083;4.01.01.1.06.0009;Penyelenggaraan Rapat Koordinasi dan Konsultasi SKPD;39;208146150;2026
2084;4.01.01.1.08.0003;Penyediaan Jasa Peralatan dan Perlengkapan Kantor;39;808061170;2026
2085;4.01.06.1.01.0001;Fasilitasi Pengelolaan Kebijakan Ekonomi Makro;39;174999900;2026
2085;4.01.06.1.01.0002;Fasilitasi Pengelolaan Kebijakan Ekonomi Mikro;39;174999700;2026
2086;4.01.06.1.02.0001;Koordinasi, Sinkronisasi dan Evaluasi Kebijakan Pertanian, Kehutanan, Kelautan, dan Perikanan;39;165949900;2026
2086;4.01.06.1.02.0002;Koordinasi, Sinkronisasi dan Evaluasi Kebijakan Pertambangan dan Lingkungan Hidup;39;157463100;2026
2086;4.01.06.1.02.0003;Koordinasi, Sinkronisasi dan Evaluasi Kebijakan Energi dan Air;39;167430150;2026
2087;4.01.06.1.03.0001;Koordinasi, Sinkronisasi, Monitoring, dan Evaluasi Kebijakan Pengelolaan Badan Usaha Milik Daerah Jasa Keuangan dan Aneka Usaha;39;188500350;2026
2087;4.01.06.1.03.0002;Koordinasi, Sinkronisasi, Monitoring dan Evaluasi Kebijakan Pengelolaan Badan Usaha Milik Daerah Air Minum, Limbah dan Sanitasi;39;174999700;2026
2087;4.01.06.1.03.0004;Koordinasi, Sinkronisasi, Monitoring dan Evaluasi Kebijakan Pengelolaan Badan Layanan Umum Daerah;39;161499900;2026
2088;4.01.01.1.01.0001;Penyusunan Dokumen Perencanaan Perangkat Daerah;43;41000000;2026
2089;4.01.01.1.02.0001;Penyediaan Gaji dan Tunjangan ASN;43;67326441386;2026
2089;4.01.01.1.02.0002;Penyediaan Administrasi Pelaksanaan Tugas ASN;43;423240000;2026
2089;4.01.01.1.02.0003;Pelaksanaan Penatausahaan dan Pengujian/Verifikasi Keuangan SKPD;43;25150000;2026
2089;4.01.01.1.02.0004;Koordinasi dan Pelaksanaan Akuntansi SKPD;43;16500000;2026
2089;4.01.01.1.02.0005;Koordinasi dan Penyusunan Laporan Keuangan Akhir Tahun SKPD;43;10200000;2026
2089;4.01.01.1.02.0007;Koordinasi dan Penyusunan Laporan Keuangan Bulanan/ Triwulanan/Semesteran SKPD;43;0;2026
2089;4.01.01.1.02.0008;Penyusunan Pelaporan dan Analisis Prognosis Realisasi Anggaran;43;0;2026
2090;4.01.01.1.03.0002;Pengamanan Barang Milik Daerah SKPD;43;0;2026
2090;4.01.01.1.03.0005;Rekonsiliasi dan Penyusunan Laporan Barang Milik Daerah pada SKPD;43;0;2026
2090;4.01.01.1.03.0006;Penatausahaan Barang Milik Daerah pada SKPD;43;0;2026
2090;4.01.01.1.03.0007;Pemanfaatan Barang Milik Daerah SKPD;43;0;2026
2091;4.01.01.1.05.0011;Bimbingan Teknis Implementasi Peraturan Perundang-Undangan;43;0;2026
2092;4.01.01.1.06.0001;Penyediaan Komponen Instalasi Listrik/Penerangan Bangunan Kantor;43;0;2026
2092;4.01.01.1.06.0002;Penyediaan Peralatan dan Perlengkapan Kantor;43;0;2026
2092;4.01.01.1.06.0003;Penyediaan Peralatan Rumah Tangga;43;0;2026
2092;4.01.01.1.06.0005;Penyediaan Barang Cetakan dan Penggandaan;43;0;2026
2092;4.01.01.1.06.0008;Fasilitasi Kunjungan Tamu;43;0;2026
2092;4.01.01.1.06.0009;Penyelenggaraan Rapat Koordinasi dan Konsultasi SKPD;43;0;2026
2092;4.01.01.1.06.0010;Penatausahaan Arsip Dinamis pada SKPD;43;0;2026
2093;4.01.01.1.07.0002;Pengadaan Kendaraan Dinas Operasional atau Lapangan;43;0;2026
2093;4.01.01.1.07.0005;Pengadaan Mebel;43;0;2026
2093;4.01.01.1.07.0006;Pengadaan Peralatan dan Mesin Lainnya;43;0;2026
2094;4.01.01.1.08.0001;Penyediaan Jasa Surat Menyurat;43;0;2026
2094;4.01.01.1.08.0002;Penyediaan Jasa Komunikasi, Sumber Daya Air dan Listrik;43;2110820400;2026
2094;4.01.01.1.08.0003;Penyediaan Jasa Peralatan dan Perlengkapan Kantor;43;0;2026
2094;4.01.01.1.08.0004;Penyediaan Jasa Pelayanan Umum Kantor;43;3680620000;2026
2095;4.01.01.1.09.0001;Penyediaan Jasa Pemeliharaan, Biaya Pemeliharaan dan Pajak Kendaraan Perorangan Dinas atau Kendaraan Dinas Jabatan;43;0;2026
2095;4.01.01.1.09.0002;Penyediaan Jasa Pemeliharaan, Biaya Pemeliharaan, Pajak dan Perizinan Kendaraan Dinas Operasional atau Lapangan;43;0;2026
2095;4.01.01.1.09.0005;Pemeliharaan Mebel;43;0;2026
2095;4.01.01.1.09.0006;Pemeliharaan Peralatan dan Mesin Lainnya;43;0;2026
2095;4.01.01.1.09.0009;Pemeliharaan/Rehabilitasi Gedung Kantor dan Bangunan Lainnya;43;0;2026
2095;4.01.01.1.09.0010;Pemeliharaan/Rehabilitasi Sarana dan Prasarana Gedung Kantor atau Bangunan Lainnya;43;0;2026
2095;4.01.01.1.09.0011;Pemeliharaan/Rehabilitasi Sarana dan Prasarana Pendukung Gedung Kantor atau Bangunan Lainnya;43;1070073310;2026
2096;4.01.01.1.12.0001;Penyediaan Kebutuhan Rumah Tangga Kepala Daerah;43;710113380;2026
2096;4.01.01.1.12.0002;Penyediaan Kebutuhan Rumah Tangga Wakil Kepala Daerah;43;600644356;2026
2096;4.01.01.1.12.0003;Penyediaan Kebutuhan Rumah Tangga Sekretariat Daerah;43;200021396;2026
2097;4.01.01.1.02.0002;Penyediaan Administrasi Pelaksanaan Tugas ASN;43;1551750000;2026
2098;4.01.01.1.05.0002;Pengadaan Pakaian Dinas Beserta Atribut Kelengkapannya;43;29670000;2026
2099;4.01.01.1.06.0002;Penyediaan Peralatan dan Perlengkapan Kantor;43;65552260;2026
2099;4.01.01.1.06.0005;Penyediaan Barang Cetakan dan Penggandaan;43;47456550;2026
2100;4.01.01.1.08.0002;Penyediaan Jasa Komunikasi, Sumber Daya Air dan Listrik;43;94550000;2026
2100;4.01.01.1.08.0004;Penyediaan Jasa Pelayanan Umum Kantor;43;851500000;2026
2101;4.01.01.1.09.0001;Penyediaan Jasa Pemeliharaan, Biaya Pemeliharaan dan Pajak Kendaraan Perorangan Dinas atau Kendaraan Dinas Jabatan;43;1010500000;2026
2102;4.01.01.1.11.0001;Penyediaan Gaji dan Tunjangan Kepala Daerah dan Wakil Kepala Daerah;43;246797658;2026
2102;4.01.01.1.11.0002;Penyediaan Pakaian Dinas dan Atribut Kelengkapan Kepala Daerah dan Wakil Kepala Daerah;43;81235000;2026
2102;4.01.01.1.11.0003;Pelaksanaan Medical Check Up Kepala Daerah dan Wakil Kepala Daerah;43;100000000;2026
2102;4.01.01.1.11.0004;Penyediaan Dana Penunjang Operasional Kepala Daerah dan Wakil Kepala Daerah;43;0;2026
2103;4.01.01.1.12.0001;Penyediaan Kebutuhan Rumah Tangga Kepala Daerah;43;1364228532;2026
2104;4.01.01.1.13.0002;Fasilitasi Komunikasi Pimpinan;43;1556760000;2026
2105;4.01.01.1.02.0002;Penyediaan Administrasi Pelaksanaan Tugas ASN;43;71640000;2026
2106;4.01.01.1.05.0002;Pengadaan Pakaian Dinas Beserta Atribut Kelengkapannya;43;144807030;2026
2107;4.01.01.1.06.0002;Penyediaan Peralatan dan Perlengkapan Kantor;43;224426050;2026
2107;4.01.01.1.06.0008;Fasilitasi Kunjungan Tamu;43;1050855000;2026
2108;4.01.01.1.08.0004;Penyediaan Jasa Pelayanan Umum Kantor;43;749850000;2026
2109;4.01.01.1.09.0001;Penyediaan Jasa Pemeliharaan, Biaya Pemeliharaan dan Pajak Kendaraan Perorangan Dinas atau Kendaraan Dinas Jabatan;43;1000000000;2026
2110;4.01.01.1.12.0003;Penyediaan Kebutuhan Rumah Tangga Sekretariat Daerah;43;267919775;2026
2111;4.01.01.1.13.0002;Fasilitasi Komunikasi Pimpinan;43;3490498000;2026
2112;4.01.01.1.02.0002;Penyediaan Administrasi Pelaksanaan Tugas ASN;43;680850000;2026
2113;4.01.01.1.05.0002;Pengadaan Pakaian Dinas Beserta Atribut Kelengkapannya;43;57445421;2026
2114;4.01.01.1.06.0002;Penyediaan Peralatan dan Perlengkapan Kantor;43;252579150;2026
2114;4.01.01.1.06.0005;Penyediaan Barang Cetakan dan Penggandaan;43;36913400;2026
2115;4.01.01.1.08.0002;Penyediaan Jasa Komunikasi, Sumber Daya Air dan Listrik;43;47000000;2026
2115;4.01.01.1.08.0004;Penyediaan Jasa Pelayanan Umum Kantor;43;35000000;2026
2116;4.01.01.1.09.0001;Penyediaan Jasa Pemeliharaan, Biaya Pemeliharaan dan Pajak Kendaraan Perorangan Dinas atau Kendaraan Dinas Jabatan;43;675000000;2026
2117;4.01.01.1.11.0002;Penyediaan Pakaian Dinas dan Atribut Kelengkapan Kepala Daerah dan Wakil Kepala Daerah;43;92214000;2026
2117;4.01.01.1.11.0003;Pelaksanaan Medical Check Up Kepala Daerah dan Wakil Kepala Daerah;43;200000000;2026
2118;4.01.01.1.12.0002;Penyediaan Kebutuhan Rumah Tangga Wakil Kepala Daerah;43;1136392360;2026
2119;4.01.01.1.13.0002;Fasilitasi Komunikasi Pimpinan;43;1515000000;2026
2120;4.01.01.1.14.0002;Fasilitasi Kunjungan Tamu Kepala Daerah dan Wakil Kepala Daerah;43;530000000;2026