kegiatan_id;kode;nama;satuan_kerja_id;anggaran;tahun_kinerja
1;5.03.01.1.01.0001;Penyusunan Dokumen Perencanaan Perangkat Daerah;5;490505100;2024
1;5.03.01.1.01.0007;Evaluasi Kinerja Perangkat Daerah;5;33879050;2024
2;5.03.01.1.02.0001;Penyediaan Gaji dan Tunjangan ASN;5;11081552510;2024
2;5.03.01.1.02.0003;Pelaksanaan Penatausahaan dan Pengujian/Verifikasi Keuangan SKPD;5;246900000;2024
2;5.03.01.1.02.0005;Koordinasi dan Penyusunan Laporan Keuangan Akhir Tahun SKPD;5;28668450;2024
2;5.03.01.1.02.0008;Penyusunan Pelaporan dan Analisis Prognosis Realisasi Anggaran;5;0;2024
3;5.03.01.1.03.0006;Penatausahaan Barang Milik Daerah pada SKPD;5;45549800;2024
4;5.03.01.1.05.0011;Bimbingan Teknis Implementasi Peraturan Perundang-Undangan;5;141100000;2024
5;5.03.01.1.06.0001;Penyediaan Komponen Instalasi Listrik/Penerangan Bangunan Kantor;5;15094895;2024
5;5.03.01.1.06.0005;Penyediaan Barang Cetakan dan Penggandaan;5;64163000;2024
5;5.03.01.1.06.0009;Penyelenggaraan Rapat Koordinasi dan Konsultasi SKPD;5;324040000;2024
6;5.03.01.1.07.0001;Pengadaan Kendaraan Perorangan Dinas atau Kendaraan Dinas Jabatan;5;367180000;2024
6;5.03.01.1.07.0005;Pengadaan Mebel;5;0;2024
6;5.03.01.1.07.0006;Pengadaan Peralatan dan Mesin Lainnya;5;364762000;2024
7;5.03.01.1.08.0002;Penyediaan Jasa Komunikasi, Sumber Daya Air dan Listrik;5;899946600;2024
7;5.03.01.1.08.0003;Penyediaan Jasa Peralatan dan Perlengkapan Kantor;5;55217850;2024
7;5.03.01.1.08.0004;Penyediaan Jasa Pelayanan Umum Kantor;5;1163770300;2024
8;5.03.01.1.09.0001;Penyediaan Jasa Pemeliharaan, Biaya Pemeliharaan dan Pajak Kendaraan Perorangan Dinas atau Kendaraan Dinas Jabatan;5;447500000;2024
8;5.03.01.1.09.0002;Penyediaan Jasa Pemeliharaan, Biaya Pemeliharaan, Pajak dan Perizinan Kendaraan Dinas Operasional atau Lapangan;5;132000000;2024
8;5.03.01.1.09.0006;Pemeliharaan Peralatan dan Mesin Lainnya;5;140240000;2024
8;5.03.01.1.09.0009;Pemeliharaan/Rehabilitasi Gedung Kantor dan Bangunan Lainnya;5;0;2024
9;5.03.02.1.01.0003;Koordinasi dan Fasilitasi Pengadaan PNS dan PPPK;5;1023816550;2024
9;5.03.02.1.01.0006;Koordinasi Pelaksanaan Administrasi Pemberhentian;5;104609800;2024
9;5.03.02.1.01.0008;Fasilitasi Lembaga Profesi ASN;5;409062500;2024
9;5.03.02.1.01.0011;Pengelolaan Data Kepegawaian;5;318300550;2024
10;5.03.02.1.02.0001;Pengelolaan Mutasi ASN;5;88150100;2024
10;5.03.02.1.02.0002;Pengelolaan Kenaikan Pangkat ASN;5;334512100;2024
10;5.03.02.1.02.0003;Pengelolaan Promosi ASN;5;372526000;2024
11;5.03.02.1.03.0001;Peningkatan Kapasitas Kinerja ASN;5;426018250;2024
11;5.03.02.1.03.0002;Pengelolaan Assessment Center;5;380549650;2024
11;5.03.02.1.03.0004;Pengelolaan Pendidikan Lanjutan ASN;5;275657000;2024
11;5.03.02.1.03.0014;Fasilitasi Pengembangan Karir dalam Jabatan Fungsional;5;200242500;2024
12;5.03.02.1.04.0002;Pelaksanaan Penilaian dan Evaluasi Kinerja Aparatur;5;169409100;2024
12;5.03.02.1.04.0005;Pengelolaan Tanda Jasa bagi Pegawai;5;52919700;2024
12;5.03.02.1.04.0007;Pembinaan Disiplin ASN;5;298709000;2024
13;8.01.01.1.01.0001;Penyusunan Dokumen Perencanaan Perangkat Daerah;2;18773300;2024
13;8.01.01.1.01.0006;Koordinasi dan Penyusunan Laporan Capaian Kinerja dan Ikhtisar Realisasi Kinerja SKPD;2;71082800;2024
13;8.01.01.1.01.0007;Evaluasi Kinerja Perangkat Daerah;2;292767100;2024
14;8.01.01.1.02.0001;Penyediaan Gaji dan Tunjangan ASN;2;7301255953;2024
14;8.01.01.1.02.0002;Penyediaan Administrasi Pelaksanaan Tugas ASN;2;1447535000;2024
14;8.01.01.1.02.0005;Koordinasi dan Penyusunan Laporan Keuangan Akhir Tahun SKPD;2;88376650;2024
14;8.01.01.1.02.0006;Pengelolaan dan Penyiapan Bahan Tanggapan Pemeriksaan;2;0;2024
14;8.01.01.1.02.0007;Koordinasi dan Penyusunan Laporan Keuangan Bulanan/ Triwulanan/Semesteran SKPD;2;0;2024
14;8.01.01.1.02.0008;Penyusunan Pelaporan dan Analisis Prognosis Realisasi Anggaran;2;0;2024
15;8.01.01.1.03.0003;Koordinasi dan Penilaian Barang Milik Daerah SKPD;2;1436150;2024
15;8.01.01.1.03.0005;Rekonsiliasi dan Penyusunan Laporan Barang Milik Daerah pada SKPD;2;93700350;2024
15;8.01.01.1.03.0006;Penatausahaan Barang Milik Daerah pada SKPD;2;10354250;2024
16;8.01.01.1.05.0002;Pengadaan Pakaian Dinas Beserta Atribut Kelengkapannya;2;52254600;2024
16;8.01.01.1.05.0009;Pendidikan dan Pelatihan Pegawai Berdasarkan Tugas dan Fungsi;2;55215675;2024
17;8.01.01.1.06.0001;Penyediaan Komponen Instalasi Listrik/Penerangan Bangunan Kantor;2;0;2024
17;8.01.01.1.06.0002;Penyediaan Peralatan dan Perlengkapan Kantor;2;22490271;2024
17;8.01.01.1.06.0005;Penyediaan Barang Cetakan dan Penggandaan;2;70008200;2024
17;8.01.01.1.06.0006;Penyediaan Bahan Bacaan dan Peraturan Perundang-Undangan;2;45400000;2024
17;8.01.01.1.06.0008;Fasilitasi Kunjungan Tamu;2;59000000;2024
17;8.01.01.1.06.0009;Penyelenggaraan Rapat Koordinasi dan Konsultasi SKPD;2;355706385;2024
18;8.01.01.1.07.0001;Pengadaan Kendaraan Perorangan Dinas atau Kendaraan Dinas Jabatan;2;0;2024
18;8.01.01.1.07.0002;Pengadaan Kendaraan Dinas Operasional atau Lapangan;2;440192000;2024
18;8.01.01.1.07.0005;Pengadaan Mebel;2;73200000;2024
18;8.01.01.1.07.0006;Pengadaan Peralatan dan Mesin Lainnya;2;176961600;2024
18;8.01.01.1.07.0009;Pengadaan Gedung Kantor atau Bangunan Lainnya;2;0;2024
19;8.01.01.1.08.0002;Penyediaan Jasa Komunikasi, Sumber Daya Air dan Listrik;2;112752000;2024
19;8.01.01.1.08.0003;Penyediaan Jasa Peralatan dan Perlengkapan Kantor;2;141653933;2024
19;8.01.01.1.08.0004;Penyediaan Jasa Pelayanan Umum Kantor;2;31420000;2024
20;8.01.01.1.09.0001;Penyediaan Jasa Pemeliharaan, Biaya Pemeliharaan dan Pajak Kendaraan Perorangan Dinas atau Kendaraan Dinas Jabatan;2;657550000;2024
20;8.01.01.1.09.0006;Pemeliharaan Peralatan dan Mesin Lainnya;2;39260000;2024
20;8.01.01.1.09.0009;Pemeliharaan/Rehabilitasi Gedung Kantor dan Bangunan Lainnya;2;0;2024
21;8.01.02.1.01.0002;Perumusan Kebijakan Teknis di Bidang Ideologi Wawasan Kebangsaan, Bela Negara, Karakter Bangsa, Pembauran Kebangsaan, Bhineka Tunggal Ika dan Sejarah Kebangsaan;2;3106372750;2024
21;8.01.02.1.01.0003;Pelaksanaan Kebijakan di Bidang Ideologi Wawasan Kebangsaan, Bela Negara, Karakter Bangsa, Pembauran Kebangsaan, Bhineka Tunggal Ika dan Sejarah Kebangsaan;2;179040350;2024
21;8.01.02.1.01.0004;Pelaksanaan Koordinasi di Bidang Ideologi Wawasan Kebangsaan, Bela Negara, Karakter Bangsa, Pembauran Kebangsaan, Bhineka Tunggal Ika dan Sejarah Kebangsaan;2;141430900;2024
21;8.01.02.1.01.0005;Pelaksanaan Monitoring Evaluasi dan Pelaporan di Bidang Ideologi Wawasan Kebangsaan, Bela Negara, Karakter Bangsa, Pembauran Kebangsaan, Bhineka Tunggal Ika dan Sejarah Kebangsaan;2;197278050;2024
21;8.01.02.1.01.0006;Pembentukan dan Penumbuhan Karakter Keluarga Melalui Peningkatan Kesadaran Masyarakat akan Pentingnya Penghayatan dan Pengamalan Pancasila dalam Semua Aspek Kehidupan Bermasyarakat, Berbangsa, dan Bernegara;2;41605875;2024
22;8.01.03.1.01.0002;Penyusunan Bahan Perumusan Kebijakan di Bidang Pendidikan Politik, Etika Budaya Politik, Peningkatan Demokrasi, Fasilitasi Kelembagaan Pemerintahan, Perwakilan dan Partai Politik, Pemilihan Umum/Pemilihan Umum Kepala Daerah, serta Pemantauan Situasi Politik di Daerah;2;62448360800;2024
22;8.01.03.1.01.0003;Pelaksanaan Kebijakan di Bidang Pendidikan Politik, Etika Budaya Politik, Peningkatan Demokrasi, Fasilitasi Kelembagaan Pemerintahan, Perwakilan dan Partai Politik, Pemilihan Umum/Pemilihan Umum Kepala Daerah, serta Pemantauan Situasi Politik di Daerah;2;449968550;2024
22;8.01.03.1.01.0004;Pelaksanaan Koordinasi di Bidang Pendidikan Politik, Etika Budaya Politik, Peningkatan Demokrasi, Fasilitasi Kelembagaan Pemerintahan, Perwakilan dan Partai Politik, Pemilihan Umum/Pemilihan Umum Kepala Daerah, serta Pemantauan Situasi Politik di Daerah;2;235562700;2024
22;8.01.03.1.01.0005;Pelaksanaan Monitoring, Evaluasi dan Pelaporan di Bidang Pendidikan Politik, Etika Budaya Politik, Peningkatan Demokrasi, Fasilitasi Kelembagaan Pemerintahan, Perwakilan dan Partai Politik, Pemilihan Umum/Pemilihan Umum Kepala Daerah, serta Pemantauan Situasi Politik di Daerah;2;368674400;2024
23;8.01.04.1.01.0002;Penyusunan Bahan Perumusan Kebijakan Dibidang Pendaftaran Ormas, Pemberdayaan Ormas, Evaluasi dan Mediasi Sengketa Ormas, Pengawasan Ormas dan Ormas Asing di Daerah;2;30490898877;2024
23;8.01.04.1.01.0003;Pelaksanaan Kebijakan Dibidang Pendaftaran Ormas, Pemberdayaan Ormas, Evaluasi dan Mediasi Sengketa Ormas, Pengawasan Ormas dan Ormas Asing di Daerah;2;164878450;2024
23;8.01.04.1.01.0004;Pelaksanaan Koordinasi Dibidang Pendaftaran Ormas, Pemberdayaan Ormas, Evaluasi dan Mediasi Sengketa Ormas, Pengawasan Ormas dan Ormas Asing di Daerah;2;79300950;2024
23;8.01.04.1.01.0005;Pelaksanaan Monitoring Evaluasi dan Pelaporan Dibidang Pendaftaran Ormas, Pemberdayaan Ormas, Evaluasi dan Mediasi Sengketa Ormas, Pengawasan Ormas dan Ormas Asing di Daerah;2;171769050;2024
24;8.01.05.1.01.0003;Pelaksanaan Kebijakan di Bidang Ketahanan Ekonomi, Sosial, Budaya dan Fasilitasi Pencegahan Penyalagunaan Narkotika, Fasilitasi Kerukunan Umat Beragama dan Penghayat Kepercayaan di Daerah;2;56710200;2024
24;8.01.05.1.01.0004;Pelaksanaan Koordinasi di Bidang Ketahanan Ekonomi, Sosial, Budaya dan Fasilitasi Pencegahan Penyalagunaan Narkotika, Fasilitasi Kerukunan Umat Beragama dan Penghayat Kepercayaan di Daerah;2;132957300;2024
24;8.01.05.1.01.0005;Pelaksanaan Monitoring, Evaluasi dan Pelaporan di Bidang Ketahanan Ekonomi, Sosial, Budaya dan Fasilitasi Pencegahan Penyalagunaan Narkotika, Fasilitasi Kerukunan Umat Beragama dan Penghayat Kepercayaan di Daerah;2;245416125;2024
25;8.01.06.1.01.0002;Penyusunan Bahan Perumusan Kebijakan di Bidang Kewaspadaan Dini, Kerja Sama Intelijen, Pemantauan Orang Asing, Tenaga Kerja Asing dan Lembaga Asing, Kewaspadaan Perbatasan Antar Negara, Fasilitasi Kelembagaan Bidang Kewaspadaan, serta Penanganan Konflik di Daerah;2;236948300;2024
25;8.01.06.1.01.0003;Pelaksanaan Kebijakan di Bidang Kewaspadaan Dini, Kerja Sama Intelijen, Pemantauan Orang Asing, Tenaga Kerja Asing dan Lembaga Asing, Kewaspadaan Perbatasan Antar Negara, Fasilitasi Kelembagaan Bidang Kewaspadaan, serta Penanganan Konflik di Daerah;2;133038750;2024
25;8.01.06.1.01.0004;Pelaksanaan Koordinasi di Bidang Kewaspadaan Dini, Kerja Sama Intelijen, Pemantauan Orang Asing, Tenaga Kerja Asing dan Lembaga Asing, Kewaspadaan Perbatasan Antar Negara, Fasilitasi Kelembagaan Bidang Kewaspadaan, serta Penanganan Konflik di Daerah;2;142529750;2024
25;8.01.06.1.01.0005;Pelaksanaan Monitoring, Evaluasi dan Pelaporan di Bidang Kewaspadaan Dini, Kerja Sama Intelijen, Pemantauan Orang Asing, Tenaga Kerja Asing dan Lembaga Asing, Kewaspadaan Perbatasan Antar Negara, Fasilitasi Kelembagaan Bidang Kewaspadaan, serta Penanganan Konflik di Daerah;2;193959700;2024
25;8.01.06.1.01.0006;Pelaksanaan Forum Koordinasi Pimpinan Daerah Provinsi;2;915491500;2024
26;1.05.01.1.01.0001;Penyusunan Dokumen Perencanaan Perangkat Daerah;8;190582112;2024
26;1.05.01.1.01.0004;Koordinasi dan Penyusunan DPA-SKPD;8;201429800;2024
27;1.05.01.1.02.0001;Penyediaan Gaji dan Tunjangan ASN;8;9023293155;2024
27;1.05.01.1.02.0002;Penyediaan Administrasi Pelaksanaan Tugas ASN;8;2712750000;2024
27;1.05.01.1.02.0003;Pelaksanaan Penatausahaan dan Pengujian/Verifikasi Keuangan SKPD;8;481019900;2024
27;1.05.01.1.02.0008;Penyusunan Pelaporan dan Analisis Prognosis Realisasi Anggaran;8;85000000;2024
28;1.05.01.1.03.0006;Penatausahaan Barang Milik Daerah pada SKPD;8;174998500;2024
29;1.05.01.1.06.0002;Penyediaan Peralatan dan Perlengkapan Kantor;8;65780700;2024
29;1.05.01.1.06.0009;Penyelenggaraan Rapat Koordinasi dan Konsultasi SKPD;8;464640000;2024
30;1.05.01.1.07.0010;Pengadaan Sarana dan Prasarana Gedung Kantor atau Bangunan Lainnya;8;146656400;2024
31;1.05.01.1.08.0002;Penyediaan Jasa Komunikasi, Sumber Daya Air dan Listrik;8;235789500;2024
31;1.05.01.1.08.0004;Penyediaan Jasa Pelayanan Umum Kantor;8;146500000;2024
32;1.05.01.1.09.0007;Pemeliharaan Aset Tetap Lainnya;8;110230000;2024
33;1.05.03.1.01.0002;Sosialisasi, Komunikasi, Informasi dan Edukasi (KIE) Rawan Bencana Provinsi (Per Jenis Bencana);8;265561500;2024
33;1.05.03.1.01.0003;Penyusunan Kajian Risiko Bencana Provinsi;8;146650;2024
34;1.05.03.1.02.0012;Penyusunan Rencana Penanggulangan Bencana Daerah;8;123220550;2024
34;1.05.03.1.02.0013;Penguatan Kapasitas Kawasan untuk Pencegahan dan Kesiapsiagaan bencana;8;6905872909;2024
34;1.05.03.1.02.0016;Pelatihan Pencegahan dan Mitigasi Bencana;8;148239000;2024
35;1.05.03.1.03.0002;Respon Cepat Penanganan Darurat Bencana;8;46500772554;2024
35;1.05.03.1.03.0004;Penyediaan Logistik Penyelamatan dan Evakuasi Korban Bencana;8;3233843766;2024
36;1.05.03.1.04.0009;Koordinasi Penanganan Pascabencana Provinsi;8;3818980567;2024
36;1.05.03.1.04.0018;Penguatan Kelembagaan Bencana Daerah;8;96045025;2024
36;1.05.03.1.04.0020;Pembinaan dan Pengawasan Penerapan Standar Pelayanan Minimal (SPM) Sub Urusan Bencana Kabupaten/Kota;8;104168300;2024
37;5.02.01.1.01.0001;Penyusunan Dokumen Perencanaan Perangkat Daerah;3;528441265;2024
37;5.02.01.1.01.0006;Koordinasi dan Penyusunan Laporan Capaian Kinerja dan Ikhtisar Realisasi Kinerja SKPD;3;2221948500;2024
38;5.02.01.1.02.0001;Penyediaan Gaji dan Tunjangan ASN;3;63680249268;2024
39;5.02.01.1.04.0001;Perencanaan Pengelolaan Retribusi Daerah;3;156812050;2024
39;5.02.01.1.04.0002;Analisa dan Pengembangan Retribusi Daerah, serta Penyusunan Kebijakan Retribusi Daerah;3;250772550;2024
39;5.02.01.1.04.0003;Penyuluhan dan Penyebarluasan Kebijakan Retribusi Daerah;3;254624650;2024
39;5.02.01.1.04.0004;Pendataan dan Pendaftaran Objek Retribusi Daerah;3;289665465;2024
39;5.02.01.1.04.0007;Pelaporan Pengelolaan Retribusi Daerah;3;48067350;2024
40;5.02.01.1.05.0003;Pendataan dan Pengolahan Administrasi Kepegawaian;3;958538800;2024
40;5.02.01.1.05.0009;Pendidikan dan Pelatihan Pegawai Berdasarkan Tugas dan Fungsi;3;326308000;2024
40;5.02.01.1.05.0010;Sosialisasi Peraturan Perundang-Undangan;3;53786250;2024
41;5.02.01.1.06.0002;Penyediaan Peralatan dan Perlengkapan Kantor;3;6212633335;2024
41;5.02.01.1.06.0005;Penyediaan Barang Cetakan dan Penggandaan;3;342680000;2024
41;5.02.01.1.06.0009;Penyelenggaraan Rapat Koordinasi dan Konsultasi SKPD;3;801872873;2024
41;5.02.01.1.06.0011;Dukungan Pelaksanaan Sistem Pemerintahan Berbasis Elektronik pada SKPD;3;264999950;2024
42;5.02.01.1.07.0010;Pengadaan Sarana dan Prasarana Gedung Kantor atau Bangunan Lainnya;3;7062681650;2024
43;5.02.01.1.08.0003;Penyediaan Jasa Peralatan dan Perlengkapan Kantor;3;6269361214;2024
44;5.02.01.1.09.0001;Penyediaan Jasa Pemeliharaan, Biaya Pemeliharaan dan Pajak Kendaraan Perorangan Dinas atau Kendaraan Dinas Jabatan;3;64564881;2024
44;5.02.01.1.09.0006;Pemeliharaan Peralatan dan Mesin Lainnya;3;1921164921;2024
44;5.02.01.1.09.0007;Pemeliharaan Aset Tetap Lainnya;3;940440000;2024
45;5.02.04.1.01.0001;Perencanaan Pengelolaan Pajak Daerah;3;505552500;2024
45;5.02.04.1.01.0002;Analisa dan Pengembangan Pajak Daerah, serta Penyusunan Kebijakan Pajak Daerah;3;427165450;2024
45;5.02.04.1.01.0003;Penyuluhan dan Penyebarluasan Kebijakan Pajak Daerah;3;376331750;2024
45;5.02.04.1.01.0005;Pendataan dan Pendaftaran Objek Pajak Daerah;3;97550000;2024
45;5.02.04.1.01.0006;Pengolahan, Pemeliharaan, dan Pelaporan Basis Data Pajak Daerah;3;526523250;2024
45;5.02.04.1.01.0007;Penetapan Wajib Pajak Daerah;3;535312000;2024
45;5.02.04.1.01.0008;Pelayanan dan Konsultasi Pajak Daerah;3;194714000;2024
45;5.02.04.1.01.0009;Penelitian dan Verifikasi Data Pelaporan Pajak Daerah;3;194562800;2024
45;5.02.04.1.01.0010;Penagihan Pajak Daerah;3;6821596631;2024
45;5.02.04.1.01.0011;Penyelesaian Keberatan Pajak Daerah;3;37882000;2024
45;5.02.04.1.01.0012;Pengendalian, Pemeriksaan dan Pengawasan Pajak Daerah;3;385284675;2024
45;5.02.04.1.01.0013;Pembinaan dan Pengawasan Pengelolaan Pajak Daerah dan Retribusi Daerah;3;460726190;2024
45;5.02.04.1.01.0014;Elektronifikasi Transaksi Pemerintah Daerah;3;200000050;2024
46;5.02.01.1.01.0001;Penyusunan Dokumen Perencanaan Perangkat Daerah;4;177958221;2024
46;5.02.01.1.01.0002;Koordinasi dan Penyusunan Dokumen RKA- SKPD;4;87177000;2024
46;5.02.01.1.01.0003;Koordinasi dan Penyusunan Dokumen Perubahan RKA-SKPD;4;79415000;2024
46;5.02.01.1.01.0004;Koordinasi dan Penyusunan DPA-SKPD;4;85070800;2024
46;5.02.01.1.01.0005;Koordinasi dan Penyusunan Perubahan DPA- SKPD;4;87350000;2024
46;5.02.01.1.01.0007;Evaluasi Kinerja Perangkat Daerah;4;459311450;2024
47;5.02.01.1.02.0001;Penyediaan Gaji dan Tunjangan ASN;4;374499728774;2024
47;5.02.01.1.02.0002;Penyediaan Administrasi Pelaksanaan Tugas ASN;4;2335683000;2024
47;5.02.01.1.02.0003;Pelaksanaan Penatausahaan dan Pengujian/Verifikasi Keuangan SKPD;4;323820000;2024
47;5.02.01.1.02.0004;Koordinasi dan Pelaksanaan Akuntansi SKPD;4;45850000;2024
47;5.02.01.1.02.0005;Koordinasi dan Penyusunan Laporan Keuangan Akhir Tahun SKPD;4;120000000;2024
47;5.02.01.1.02.0006;Pengelolaan dan Penyiapan Bahan Tanggapan Pemeriksaan;4;657297050;2024
47;5.02.01.1.02.0007;Koordinasi dan Penyusunan Laporan Keuangan Bulanan/ Triwulanan/Semesteran SKPD;4;79042500;2024
47;5.02.01.1.02.0008;Penyusunan Pelaporan dan Analisis Prognosis Realisasi Anggaran;4;47600000;2024
48;5.02.01.1.03.0006;Penatausahaan Barang Milik Daerah pada SKPD;4;100558000;2024
49;5.02.01.1.05.0002;Pengadaan Pakaian Dinas Beserta Atribut Kelengkapannya;4;410840610;2024
49;5.02.01.1.05.0003;Pendataan dan Pengolahan Administrasi Kepegawaian;4;54464650;2024
49;5.02.01.1.05.0005;Monitoring, Evaluasi, dan Penilaian Kinerja Pegawai;4;134357500;2024
49;5.02.01.1.05.0009;Pendidikan dan Pelatihan Pegawai Berdasarkan Tugas dan Fungsi;4;181470000;2024
49;5.02.01.1.05.0010;Sosialisasi Peraturan Perundang-Undangan;4;290789550;2024
49;5.02.01.1.05.0011;Bimbingan Teknis Implementasi Peraturan Perundang-Undangan;4;687558950;2024
50;5.02.01.1.06.0001;Penyediaan Komponen Instalasi Listrik/Penerangan Bangunan Kantor;4;166261370;2024
50;5.02.01.1.06.0002;Penyediaan Peralatan dan Perlengkapan Kantor;4;308871500;2024
50;5.02.01.1.06.0003;Penyediaan Peralatan Rumah Tangga;4;42659160;2024
50;5.02.01.1.06.0005;Penyediaan Barang Cetakan dan Penggandaan;4;166926497;2024
50;5.02.01.1.06.0009;Penyelenggaraan Rapat Koordinasi dan Konsultasi SKPD;4;935462850;2024
51;5.02.01.1.07.0001;Pengadaan Kendaraan Perorangan Dinas atau Kendaraan Dinas Jabatan;4;2786110000;2024
51;5.02.01.1.07.0005;Pengadaan Mebel;4;374056500;2024
51;5.02.01.1.07.0007;Pengadaan Aset Tetap Lainnya;4;1117193675;2024
51;5.02.01.1.07.0009;Pengadaan Gedung Kantor atau Bangunan Lainnya;4;2150321262;2024
52;5.02.01.1.08.0002;Penyediaan Jasa Komunikasi, Sumber Daya Air dan Listrik;4;1825240820;2024
52;5.02.01.1.08.0003;Penyediaan Jasa Peralatan dan Perlengkapan Kantor;4;1390221199;2024
53;5.02.01.1.09.0001;Penyediaan Jasa Pemeliharaan, Biaya Pemeliharaan dan Pajak Kendaraan Perorangan Dinas atau Kendaraan Dinas Jabatan;4;746870000;2024
53;5.02.01.1.09.0010;Pemeliharaan/Rehabilitasi Sarana dan Prasarana Gedung Kantor atau Bangunan Lainnya;4;1068614123;2024
53;5.02.01.1.09.0011;Pemeliharaan/Rehabilitasi Sarana dan Prasarana Pendukung Gedung Kantor atau Bangunan Lainnya;4;114490000;2024
54;5.02.02.1.01.0001;Koordinasi dan Penyusunan KUA dan PPAS;4;640047750;2024
54;5.02.02.1.01.0002;Koordinasi dan Penyusunan Perubahan KUA dan Perubahan PPAS;4;345854900;2024
54;5.02.02.1.01.0003;Koordinasi, Penyusunan dan Verifikasi RKA- SKPD;4;600397350;2024
54;5.02.02.1.01.0005;Koordinasi, Penyusunan dan Verifikasi DPA- SKPD;4;198693825;2024
54;5.02.02.1.01.0007;Koordinasi dan Penyusunan Peraturan Daerah tentang APBD dan Peraturan Kepala Daerah tentang Penjabaran APBD;4;2042809850;2024
54;5.02.02.1.01.0008;Koordinasi dan Penyusunan Peraturan Daerah tentang Perubahan APBD dan Peraturan Kepala Daerah tentang Penjabaran Perubahan APBD;4;463483275;2024
54;5.02.02.1.01.0013;Pembinaan Perencanaan Penganggaran Daerah Pemerintah Provinsi;4;1161562925;2024
55;5.02.02.1.02.0002;Evaluasi Rancangan Peraturan Daerah tentang APBD Kabupaten/Kota dan Rancangan Peraturan Kepala Daerah tentang Penjabaran APBD Kabupaten/Kota;4;771325175;2024
55;5.02.02.1.02.0003;Evaluasi Rancangan Peraturan Daerah tentang Perubahan APBD Kabupaten/Kota dan Rancangan Peraturan Kepala Daerah tentang Penjabaran Perubahan APBD Kabupaten/Kota;4;294148100;2024
56;5.02.02.1.03.0001;Koordinasi dan Pengelolaan Kas Daerah;4;267825635;2024
56;5.02.02.1.03.0003;Penyiapan, Pelaksanaan Pengendalian dan Penerbitan Anggaran Kas dan SPD;4;424133061;2024
56;5.02.02.1.03.0004;Penatausahaan Pembiayaan Daerah;4;386557155;2024
56;5.02.02.1.03.0005;Koordinasi, Fasilitasi, Asistensi, Sinkronisasi, Supervisi, Monitoring, dan Evaluasi Pengelolaan Dana Perimbangan dan Dana Transfer Lainnya;4;887832000;2024
56;5.02.02.1.03.0007;Koordinasi dan Penyusunan Laporan Realisasi Penerimaan dan Pengeluaran Kas Daerah, Laporan Aliran Kas, dan Pelaksanaan Pemungutan/Pemotongan dan Penyetoran Perhitungan Fihak Ketiga (PFK);4;139190230;2024
56;5.02.02.1.03.0008;Koordinasi Pelaksanaan Piutang dan Utang Daerah yang Timbul Akibat Pengelolaan Kas, Pelaksanaan Analisis Pembiayaan dan Penempatan Uang Daerah sebagai Optimalisasi Kas;4;229360000;2024
56;5.02.02.1.03.0009;Rekonsiliasi Data Penerimaan dan Pengeluaran Kas serta Pemungutan dan Pemotongan atas SP2D dengan Instansi Terkait;4;880469950;2024
56;5.02.02.1.03.0010;Penyusunan Petunjuk Teknis Administrasi Keuangan yang Berkaitan dengan Penerimaan dan Pengeluaran Kas serta Penatausahaan dan Pertanggungjawaban Sub Kegiatan;4;926766020;2024
57;5.02.02.1.04.0002;Rekonsiliasi dan Verifikasi Aset, Kewajiban, Ekuitas, Pendapatan, Belanja, Pembiayaan, Pendapatan-LO, dan Beban;4;972553725;2024
57;5.02.02.1.04.0004;Konsolidasi Laporan Keuangan SKPD, BLUD dan Laporan Keuangan Pemerintah Daerah;4;1154523400;2024
57;5.02.02.1.04.0005;Koordinasi dan Penyusunan Rancangan Peraturan Daerah tentang Pertanggungjawaban Pelaksanaan APBD Provinsi dan Rancangan Peraturan Kepala Daerah tentang Penjabaran Pertanggungjawaban Pelaksanaan APBD Provinsi;4;1135190750;2024
57;5.02.02.1.04.0010;Penyusunan Sistem dan Prosedur Akuntansi dan Pelaporan Keuangan Pemerintah Daerah;4;935254868;2024
58;5.02.02.1.05.0007;Penyusunan Kebijakan dan Alokasi Subsidi;4;729435427490;2024
59;5.02.03.1.01.0001;Penyusunan Standar Harga;4;252558600;2024
59;5.02.03.1.01.0003;Penyusunan Rencana Kebutuhan Barang Milik Daerah;4;248840200;2024
59;5.02.03.1.01.0005;Penatausahaan Barang Milik Daerah;4;1076901250;2024
59;5.02.03.1.01.0006;Inventarisasi Barang Milik Daerah;4;272410150;2024
59;5.02.03.1.01.0007;Pengamanan Barang Milik Daerah;4;1048676900;2024
59;5.02.03.1.01.0008;Penilaian Barang Milik Daerah;4;448299750;2024
59;5.02.03.1.01.0009;Pengawasan dan Pengendalian Pengelolaan Barang Milik Daerah;4;222500000;2024
59;5.02.03.1.01.0010;Optimalisasi Penggunaan, Pemanfaatan, Pemindahtanganan, Pemusnahan, dan Penghapusan Barang Milik Daerah;4;204666000;2024
59;5.02.03.1.01.0011;Rekonsiliasi dalam rangka Penyusunan Laporan Barang Milik Daerah;4;131905500;2024
59;5.02.03.1.01.0012;Penyusunan Laporan Barang Milik Daerah;4;239380900;2024
60;5.04.01.1.01.0001;Penyusunan Dokumen Perencanaan Perangkat Daerah;6;657688900;2024
60;5.04.01.1.01.0006;Koordinasi dan Penyusunan Laporan Capaian Kinerja dan Ikhtisar Realisasi Kinerja SKPD;6;108431850;2024
60;5.04.01.1.01.0007;Evaluasi Kinerja Perangkat Daerah;6;95761000;2024
61;5.04.01.1.02.0001;Penyediaan Gaji dan Tunjangan ASN;6;10921008313;2024
61;5.04.01.1.02.0002;Penyediaan Administrasi Pelaksanaan Tugas ASN;6;1616744000;2024
61;5.04.01.1.02.0003;Pelaksanaan Penatausahaan dan Pengujian/Verifikasi Keuangan SKPD;6;110950750;2024
61;5.04.01.1.02.0006;Pengelolaan dan Penyiapan Bahan Tanggapan Pemeriksaan;6;42375000;2024
61;5.04.01.1.02.0008;Penyusunan Pelaporan dan Analisis Prognosis Realisasi Anggaran;6;50750000;2024
62;5.04.01.1.03.0006;Penatausahaan Barang Milik Daerah pada SKPD;6;70189600;2024
63;5.04.01.1.05.0009;Pendidikan dan Pelatihan Pegawai Berdasarkan Tugas dan Fungsi;6;57860000;2024
64;5.04.01.1.06.0001;Penyediaan Komponen Instalasi Listrik/Penerangan Bangunan Kantor;6;80235751;2024
64;5.04.01.1.06.0005;Penyediaan Barang Cetakan dan Penggandaan;6;39990275;2024
64;5.04.01.1.06.0006;Penyediaan Bahan Bacaan dan Peraturan Perundang-Undangan;6;9600000;2024
64;5.04.01.1.06.0009;Penyelenggaraan Rapat Koordinasi dan Konsultasi SKPD;6;314782000;2024
65;5.04.01.1.07.0006;Pengadaan Peralatan dan Mesin Lainnya;6;616224878;2024
66;5.04.01.1.08.0002;Penyediaan Jasa Komunikasi, Sumber Daya Air dan Listrik;6;855600000;2024
66;5.04.01.1.08.0004;Penyediaan Jasa Pelayanan Umum Kantor;6;388689924;2024
67;5.04.01.1.09.0001;Penyediaan Jasa Pemeliharaan, Biaya Pemeliharaan dan Pajak Kendaraan Perorangan Dinas atau Kendaraan Dinas Jabatan;6;333500000;2024
67;5.04.01.1.09.0006;Pemeliharaan Peralatan dan Mesin Lainnya;6;154830000;2024
67;5.04.01.1.09.0010;Pemeliharaan/Rehabilitasi Sarana dan Prasarana Gedung Kantor atau Bangunan Lainnya;6;1973710423;2024
68;5.04.02.1.01.0003;Penyelenggaraan Pengembangan Kompetensi Teknis Umum, Inti, dan Pilihan bagi Jabatan Administrasi Penyelenggara Urusan Pemerintahan Konkuren, Perangkat Daerah Penunjang, dan Urusan Pemerintahan Umum;6;1417581400;2024
68;5.04.02.1.01.0004;Pembinaan, Pengoordinasian, Fasilitasi, Pemantauan, Evaluasi, dan Pelaporan Pengembangan Kompetensi Teknisumum, Inti, dan Pilihan bagi Jabatan Administrasi Penyelenggara Urusan Pemerintahan Konkuren, Perangkat Daerah Penunjang, dan Urusan Pemerintahan Umum;6;382990000;2024
69;5.04.02.1.02.0001;Penyusunan Kebijakan Teknis dan Rencana Sertifikasi Kompetensi, Pengelolaan Kelembagaan, Tenaga Pengembang Kompetensi, Sumber Belajar, Kerjasama, Pengembangan Kompetensi Pimpinan Daerah, Jabatan Pimpinan Tinggi, Kepemimpinan dan Prajabatan, serta Jabatan Fungsional;6;453741450;2024
69;5.04.02.1.02.0002;Pengelolaan Lembaga Sertifikasi Penyelenggara Pemerintahan Dalam Negeri Provinsi;6;72442700;2024
69;5.04.02.1.02.0003;Pelaksanaan Sertifikasi Kompetensi di Lingkungan Pemerintah Provinsi dan Kabupaten/Kota;6;213948900;2024
69;5.04.02.1.02.0004;Pengelolaan Kelembagaan, Tenaga Pengembang Kompetensi, dan Sumber Belajar;6;198607200;2024
69;5.04.02.1.02.0005;Pelaksanaan Kerja Sama Antar Lembaga;6;98525950;2024
69;5.04.02.1.02.0006;Penyusunan Standar Perangkat Pembelajaran Pemerintahan Dalam Negeri bagi Pimpinan Daerah, Jabatan Pimpinan Tinggi, dan Jabatan Fungsional;6;76747150;2024
69;5.04.02.1.02.0007;Penyelenggaraan Pengembangan Kompetensi bagi Pimpinan Daerah, Jabatan Pimpinan Tinggi, Jabatan Fungsional, Kepemimpinan, dan Prajabatan;6;6669371100;2024
69;5.04.02.1.02.0008;Pembinaan, Pengoordinasian, Fasilitasi, Pemantauan, Evaluasi, dan Pelaporan Pelaksanaan Sertifikasi, Pengelolaan Kelembagaan dan Tenaga Pengembang Kompetensi, Pengelolaan Sumber Belajar, dan Kerja Sama, serta Pengembangan Kompetensi Pimpinan Daerah, Jabatan Pimpinan Tinggi, Kepemimpinan, dan Prajabatan;6;155529800;2024
70;5.07.01.1.01.0006;Koordinasi dan Penyusunan Laporan Capaian Kinerja dan Ikhtisar Realisasi Kinerja SKPD;9;632041900;2024
71;5.07.01.1.02.0001;Penyediaan Gaji dan Tunjangan ASN;9;5324119391;2024
71;5.07.01.1.02.0002;Penyediaan Administrasi Pelaksanaan Tugas ASN;9;1427904000;2024
72;5.07.01.1.05.0011;Bimbingan Teknis Implementasi Peraturan Perundang-Undangan;9;25415200;2024
73;5.07.01.1.06.0002;Penyediaan Peralatan dan Perlengkapan Kantor;9;57344799;2024
74;5.07.01.1.07.0002;Pengadaan Kendaraan Dinas Operasional atau Lapangan;9;0;2024
74;5.07.01.1.07.0006;Pengadaan Peralatan dan Mesin Lainnya;9;19116950;2024
75;5.07.01.1.08.0004;Penyediaan Jasa Pelayanan Umum Kantor;9;631543488;2024
76;5.07.01.1.09.0001;Penyediaan Jasa Pemeliharaan, Biaya Pemeliharaan dan Pajak Kendaraan Perorangan Dinas atau Kendaraan Dinas Jabatan;9;852849800;2024
76;5.07.01.1.09.0006;Pemeliharaan Peralatan dan Mesin Lainnya;9;51089600;2024
76;5.07.01.1.09.0009;Pemeliharaan/Rehabilitasi Gedung Kantor dan Bangunan Lainnya;9;388159800;2024
77;5.07.02.1.01.0001;Peningkatan Kualitas Pelayanan Publik bagi Aparatur dan Masyarakat;9;1175194300;2024
77;5.07.02.1.01.0002;Pelayanan Kelembagaan Aparatur dan Masyarakat;9;2775487220;2024
77;5.07.02.1.01.0003;Peningkatan Fasilitasi Promosi Produk Unggulan dan Pelestarian Seni Budaya;9;2194999712;2024
77;5.07.02.1.01.0004;Kegiatan Fasilitasi Pameran Produk Unggulan dan Pelestarian Seni Budaya;9;725148011;2024
78;5.01.01.1.01.0001;Penyusunan Dokumen Perencanaan Perangkat Daerah;1;403597500;2024
78;5.01.01.1.01.0002;Koordinasi dan Penyusunan Dokumen RKA- SKPD;1;73649850;2024
78;5.01.01.1.01.0003;Koordinasi dan Penyusunan Dokumen Perubahan RKA-SKPD;1;0;2024
78;5.01.01.1.01.0004;Koordinasi dan Penyusunan DPA-SKPD;1;0;2024
78;5.01.01.1.01.0005;Koordinasi dan Penyusunan Perubahan DPA- SKPD;1;0;2024
78;5.01.01.1.01.0006;Koordinasi dan Penyusunan Laporan Capaian Kinerja dan Ikhtisar Realisasi Kinerja SKPD;1;435379775;2024
78;5.01.01.1.01.0007;Evaluasi Kinerja Perangkat Daerah;1;900087950;2024
79;5.01.01.1.02.0001;Penyediaan Gaji dan Tunjangan ASN;1;17038678070;2024
79;5.01.01.1.02.0002;Penyediaan Administrasi Pelaksanaan Tugas ASN;1;1473150000;2024
79;5.01.01.1.02.0005;Koordinasi dan Penyusunan Laporan Keuangan Akhir Tahun SKPD;1;230655550;2024
79;5.01.01.1.02.0006;Pengelolaan dan Penyiapan Bahan Tanggapan Pemeriksaan;1;162883600;2024
80;5.01.01.1.03.0005;Rekonsiliasi dan Penyusunan Laporan Barang Milik Daerah pada SKPD;1;173163250;2024
81;5.01.01.1.05.0001;Peningkatan Sarana dan Prasarana Disiplin Pegawai;1;32100000;2024
81;5.01.01.1.05.0002;Pengadaan Pakaian Dinas Beserta Atribut Kelengkapannya;1;496903970;2024
81;5.01.01.1.05.0003;Pendataan dan Pengolahan Administrasi Kepegawaian;1;27100000;2024
81;5.01.01.1.05.0004;Koordinasi dan Pelaksanaan Sistem Informasi Kepegawaian;1;22699000;2024
81;5.01.01.1.05.0005;Monitoring, Evaluasi, dan Penilaian Kinerja Pegawai;1;23500000;2024
81;5.01.01.1.05.0009;Pendidikan dan Pelatihan Pegawai Berdasarkan Tugas dan Fungsi;1;4000000;2024
81;5.01.01.1.05.0010;Sosialisasi Peraturan Perundang-Undangan;1;153000000;2024
81;5.01.01.1.05.0011;Bimbingan Teknis Implementasi Peraturan Perundang-Undangan;1;241900000;2024
82;5.01.01.1.06.0001;Penyediaan Komponen Instalasi Listrik/Penerangan Bangunan Kantor;1;72834636;2024
82;5.01.01.1.06.0002;Penyediaan Peralatan dan Perlengkapan Kantor;1;417082750;2024
82;5.01.01.1.06.0003;Penyediaan Peralatan Rumah Tangga;1;650356220;2024
82;5.01.01.1.06.0004;Penyediaan Bahan Logistik Kantor;1;971050700;2024
82;5.01.01.1.06.0005;Penyediaan Barang Cetakan dan Penggandaan;1;456621450;2024
82;5.01.01.1.06.0006;Penyediaan Bahan Bacaan dan Peraturan Perundang-Undangan;1;749800000;2024
82;5.01.01.1.06.0008;Fasilitasi Kunjungan Tamu;1;52736000;2024
82;5.01.01.1.06.0009;Penyelenggaraan Rapat Koordinasi dan Konsultasi SKPD;1;804890000;2024
82;5.01.01.1.06.0011;Dukungan Pelaksanaan Sistem Pemerintahan Berbasis Elektronik pada SKPD;1;250000000;2024
83;5.01.01.1.07.0001;Pengadaan Kendaraan Perorangan Dinas atau Kendaraan Dinas Jabatan;1;717280000;2024
83;5.01.01.1.07.0005;Pengadaan Mebel;1;867489250;2024
83;5.01.01.1.07.0009;Pengadaan Gedung Kantor atau Bangunan Lainnya;1;199079778;2024
83;5.01.01.1.07.0010;Pengadaan Sarana dan Prasarana Gedung Kantor atau Bangunan Lainnya;1;560593283;2024
83;5.01.01.1.07.0011;Pengadaan Sarana dan Prasarana Pendukung Gedung Kantor atau Bangunan Lainnya;1;185823335;2024
84;5.01.01.1.08.0001;Penyediaan Jasa Surat Menyurat;1;30750000;2024
84;5.01.01.1.08.0002;Penyediaan Jasa Komunikasi, Sumber Daya Air dan Listrik;1;820088500;2024
84;5.01.01.1.08.0003;Penyediaan Jasa Peralatan dan Perlengkapan Kantor;1;49620000;2024
84;5.01.01.1.08.0004;Penyediaan Jasa Pelayanan Umum Kantor;1;1290236000;2024
85;5.01.01.1.09.0001;Penyediaan Jasa Pemeliharaan, Biaya Pemeliharaan dan Pajak Kendaraan Perorangan Dinas atau Kendaraan Dinas Jabatan;1;988000000;2024
85;5.01.01.1.09.0006;Pemeliharaan Peralatan dan Mesin Lainnya;1;266000000;2024
85;5.01.01.1.09.0011;Pemeliharaan/Rehabilitasi Sarana dan Prasarana Pendukung Gedung Kantor atau Bangunan Lainnya;1;867507204;2024
86;5.01.02.1.01.0001;Analisis Kondisi Daerah, Permasalahan, dan Isu Strategis Pembangunan Daerah;1;1943837580;2024
86;5.01.02.1.01.0002;Koordinasi Penelaahan Dokumen Perencanaan Pembangunan Daerah dengan Dokumen Kebijakan Lainnya;1;0;2024
86;5.01.02.1.01.0003;Pelaksanaan Konsultasi Publik;1;147300000;2024
86;5.01.02.1.01.0004;Koordinasi Pelaksanaan Forum Perangkat Daerah/Lintas Perangkat Daerah;1;169487700;2024
86;5.01.02.1.01.0005;Pelaksanaan Musrenbang Provinsi;1;826812598;2024
86;5.01.02.1.01.0006;Koordinasi Penyusunan dan Penetapan Dokumen Perencanaan Pembangunan Daerah Provinsi;1;587757450;2024
87;5.01.02.1.02.0001;Analisis Data dan Informasi Perencanaan  Pembangunan Daerah;1;325786170;2024
87;5.01.02.1.02.0002;Pembinaan dan Pemanfaatan Data dan Informasi Perencanaan Pembangunan Perangkat Daerah;1;113595919;2024
87;5.01.02.1.02.0003;Pembinaan dan Pemanfaatan Data dan Informasi Pemerintahan Daerah Bidang Perencanaan Pembangunan Daerah Kabupaten/Kota;1;117080450;2024
87;5.01.02.1.02.0004;Penyusunan Profil Pembangunan Daerah Provinsi;1;265522710;2024
88;5.01.02.1.03.0001;Koordinasi Pengendalian Perencanaan dan Pelaksanaan Pembangunan Daerah di Provinsi;1;735999270;2024
88;5.01.02.1.03.0002;Pengendalian Pelaksanaan Kerja Sama Daerah;1;100000000;2024
88;5.01.02.1.03.0003;Monitoring, Evaluasi dan Penyusunan Laporan Berkala Pelaksanaan Pembangunan Daerah;1;329267550;2024
88;5.01.02.1.03.0004;Fasilitasi/Evaluasi Dokumen Perencanaan Pembangunan Daerah Kabupaten/Kota;1;34329700;2024
89;5.01.02.1.04.0001;Pengelolaan Data dalam Sistem Informasi Pemerintahan Daerah di Bidang Pembangunan Daerah;1;0;2024
89;5.01.02.1.04.0002;Penerapan Sistem Informasi Pemerintahan Daerah di Bidang Pembangunan Daerah;1;280870950;2024
89;5.01.02.1.04.0003;Pembinaan Sistem Informasi Pemerintahan Daerah di Bidang Pembangunan Daerah Pemerintah Provinsi;1;0;2024
90;5.01.03.1.01.0001;Koordinasi Penyusunan Dokumen Perencanaan Pembangunan Daerah Bidang Pemerintahan (RPJPD, RPJMD dan RKPD);1;310899550;2024
90;5.01.03.1.01.0002;Asistensi Penyusunan Dokumen Perencanaan Pembangunan Perangkat Daerah Bidang Pemerintahan;1;61836900;2024
90;5.01.03.1.01.0003;Pelaksanaan Monitoring dan Evaluasi Penyusunan Dokumen Perencanaan Pembangunan Perangkat Daerah Bidang Pemerintahan;1;313932200;2024
90;5.01.03.1.01.0004;Koordinasi Pelaksanaan Sinergitas dan Harmonisasi Perencanaan Pembangunan Daerah Bidang Pemerintahan;1;193074400;2024
90;5.01.03.1.01.0005;Koordinasi Penyusunan Dokumen Perencanaan Pembangunan Daerah Bidang Pembangunan Manusia (RPJPD, RPJMD dan RKPD);1;479784350;2024
90;5.01.03.1.01.0006;Asistensi Penyusunan Dokumen Perencanaan Pembangunan Perangkat Daerah Bidang Pembangunan Manusia;1;150941900;2024
90;5.01.03.1.01.0007;Pelaksanaan Monitoring dan Evaluasi Penyusunan Dokumen Perencanaan Pembangunan Perangkat Daerah Bidang Pembangunan Manusia;1;1139314450;2024
90;5.01.03.1.01.0008;Koordinasi Pelaksanaan Sinergitas dan Harmonisasi Perencanaan Pembangunan Daerah Bidang Pembangunan Manusia;1;383680550;2024
91;5.01.03.1.02.0001;Koordinasi Penyusunan Dokumen Perencanaan Pembangunan Daerah Bidang Perekonomian (RPJPD, RPJMD dan RKPD);1;311281550;2024
91;5.01.03.1.02.0002;Asistensi Penyusunan Dokumen Perencanaan Pembangunan Perangkat Daerah Bidang Perekonomian;1;291860100;2024
91;5.01.03.1.02.0003;Pelaksanaan Monitoring dan Evaluasi Penyusunan Dokumen Perencanaan Pembangunan Perangkat Daerah Bidang Perekonomian;1;587748900;2024
91;5.01.03.1.02.0004;Koordinasi Pelaksanaan Sinergitas dan Harmonisasi Perencanaan Pembangunan Daerah Bidang Perekonomian;1;294540000;2024
91;5.01.03.1.02.0005;Koordinasi Penyusunan Dokumen Perencanaan Pembangunan Daerah Bidang SDA (RPJPD, RPJMD dan RKPD);1;583811350;2024
91;5.01.03.1.02.0006;Asistensi Penyusunan Dokumen Perencanaan Pembangunan Perangkat Daerah Bidang SDA;1;129200000;2024
91;5.01.03.1.02.0007;Pelaksanaan Monitoring dan Evaluasi Penyusunan Dokumen Perencanaan Pembangunan Perangkat Daerah Bidang SDA;1;279048200;2024
91;5.01.03.1.02.0008;Koordinasi Pelaksanaan Sinergitas dan Harmonisasi Perencanaan Pembangunan Daerah Bidang SDA;1;655140360;2024
92;5.01.03.1.03.0001;Koordinasi Penyusunan Dokumen Perencanaan Pembangunan Daerah Bidang Infrastruktur (RPJPD, RPJMD dan RKPD);1;352063334;2024
92;5.01.03.1.03.0002;Asistensi Penyusunan Dokumen Perencanaan Pembangunan Perangkat Daerah Bidang Infrastruktur;1;44570500;2024
92;5.01.03.1.03.0003;Pelaksanaan Monitoring dan Evaluasi Penyusunan Dokumen Perencanaan Pembangunan Perangkat Daerah Bidang Infrastruktur;1;207067450;2024
92;5.01.03.1.03.0004;Koordinasi Pelaksanaan Sinergitas dan Harmonisasi Perencanaan Pembangunan Daerah Bidang Infrastruktur;1;340701283;2024
92;5.01.03.1.03.0005;Koordinasi Penyusunan Dokumen Perencanaan Pembangunan Daerah Bidang Kewilayahan (RPJPD, RPJMD dan RKPD);1;364134550;2024
92;5.01.03.1.03.0006;Asistensi Penyusunan Dokumen Perencanaan Pembangunan Perangkat Daerah Bidang Kewilayahan;1;43373183;2024
92;5.01.03.1.03.0007;Pelaksanaan Monitoring dan Evaluasi Penyusunan Dokumen Perencanaan Pembangunan Perangkat Daerah Bidang Kewilayahan;1;149193550;2024
92;5.01.03.1.03.0008;Koordinasi Pelaksanaan Sinergitas dan Harmonisasi Perencanaan Pembangunan Daerah Bidang Kewilayahan;1;250000000;2024
93;5.05.01.1.01.0001;Penyusunan Dokumen Perencanaan Perangkat Daerah;7;74405000;2024
93;5.05.01.1.01.0002;Koordinasi dan Penyusunan Dokumen RKA- SKPD;7;717920000;2024
93;5.05.01.1.01.0006;Koordinasi dan Penyusunan Laporan Capaian Kinerja dan Ikhtisar Realisasi Kinerja SKPD;7;31675000;2024
93;5.05.01.1.01.0007;Evaluasi Kinerja Perangkat Daerah;7;15725000;2024
94;5.05.01.1.02.0001;Penyediaan Gaji dan Tunjangan ASN;7;7274700819;2024
94;5.05.01.1.02.0002;Penyediaan Administrasi Pelaksanaan Tugas ASN;7;1138070000;2024
94;5.05.01.1.02.0005;Koordinasi dan Penyusunan Laporan Keuangan Akhir Tahun SKPD;7;213280000;2024
95;5.05.01.1.03.0003;Koordinasi dan Penilaian Barang Milik Daerah SKPD;7;34490000;2024
96;5.05.01.1.05.0002;Pengadaan Pakaian Dinas Beserta Atribut Kelengkapannya;7;62784000;2024
96;5.05.01.1.05.0009;Pendidikan dan Pelatihan Pegawai Berdasarkan Tugas dan Fungsi;7;35592213;2024
96;5.05.01.1.05.0010;Sosialisasi Peraturan Perundang-Undangan;7;27050000;2024
97;5.05.01.1.06.0001;Penyediaan Komponen Instalasi Listrik/Penerangan Bangunan Kantor;7;16406219;2024
97;5.05.01.1.06.0002;Penyediaan Peralatan dan Perlengkapan Kantor;7;138502560;2024
97;5.05.01.1.06.0003;Penyediaan Peralatan Rumah Tangga;7;26755168;2024
97;5.05.01.1.06.0005;Penyediaan Barang Cetakan dan Penggandaan;7;13320000;2024
97;5.05.01.1.06.0009;Penyelenggaraan Rapat Koordinasi dan Konsultasi SKPD;7;219820000;2024
98;5.05.01.1.07.0010;Pengadaan Sarana dan Prasarana Gedung Kantor atau Bangunan Lainnya;7;828769136;2024
99;5.05.01.1.08.0001;Penyediaan Jasa Surat Menyurat;7;2528050;2024
99;5.05.01.1.08.0002;Penyediaan Jasa Komunikasi, Sumber Daya Air dan Listrik;7;202956000;2024
99;5.05.01.1.08.0003;Penyediaan Jasa Peralatan dan Perlengkapan Kantor;7;69410000;2024
99;5.05.01.1.08.0004;Penyediaan Jasa Pelayanan Umum Kantor;7;99750000;2024
100;5.05.01.1.09.0001;Penyediaan Jasa Pemeliharaan, Biaya Pemeliharaan dan Pajak Kendaraan Perorangan Dinas atau Kendaraan Dinas Jabatan;7;22255000;2024
100;5.05.01.1.09.0002;Penyediaan Jasa Pemeliharaan, Biaya Pemeliharaan, Pajak dan Perizinan Kendaraan Dinas Operasional atau Lapangan;7;476400000;2024
100;5.05.01.1.09.0006;Pemeliharaan Peralatan dan Mesin Lainnya;7;62250000;2024
101;5.05.02.1.01.0001;Fasilitasi, Pelaksanaan dan Evaluasi Penelitian dan Pengembangan Bidang Penyelenggaraan Otonomi Daerah;7;679999750;2024
102;5.05.02.1.02.0001;Penelitian dan Pengembangan Bidang Aspek- Aspek Sosial;7;177479450;2024
102;5.05.02.1.02.0009;Penelitian dan Pengembangan Tenaga Kerja;7;42499450;2024
102;5.05.02.1.02.0010;Penelitian dan Pengembangan Partisipasi Masyarakat;7;42499500;2024
103;5.05.02.1.03.0004;Penelitian dan Pengembangan Pertanian, Perkebunan dan Pangan;7;320027100;2024
103;5.05.02.1.03.0007;Penelitian dan Pengembangan Lingkungan Hidup;7;210981850;2024
103;5.05.02.1.03.0011;Penelitian dan Pengembangan Perumahan dan Kawasan Permukiman;7;0;2024
103;5.05.02.1.03.0013;Penelitian dan Pengembangan Komunikasi dan Informatika;7;0;2024
104;5.05.02.1.04.0001;Penelitian, Pengembangan, dan Perekayasaan di Bidang Teknologi dan Inovasi;7;2220696613;2024
104;5.05.02.1.04.0002;Uji Coba dan Penerapan Rancang Bangun/Model Replikasi dan Invensi di Bidang Difusi Inovasi dan Penerapan Teknologi;7;245391400;2024
104;5.05.02.1.04.0003;Diseminasi Jenis, Prosedur dan Metode Penyelenggaraan Pemerintahan Daerah yang Bersifat Inovatif;7;869311200;2024
105;1.03.01.1.01.0001;Penyusunan Dokumen Perencanaan Perangkat Daerah;13;1218182250;2024
105;1.03.01.1.01.0004;Koordinasi dan Penyusunan DPA-SKPD;13;31130150;2024
105;1.03.01.1.01.0006;Koordinasi dan Penyusunan Laporan Capaian Kinerja dan Ikhtisar Realisasi Kinerja SKPD;13;37230150;2024
105;1.03.01.1.01.0007;Evaluasi Kinerja Perangkat Daerah;13;41410350;2024
106;1.03.01.1.02.0001;Penyediaan Gaji dan Tunjangan ASN;13;21552271343;2024
106;1.03.01.1.02.0003;Pelaksanaan Penatausahaan dan Pengujian/Verifikasi Keuangan SKPD;13;1270956900;2024
106;1.03.01.1.02.0005;Koordinasi dan Penyusunan Laporan Keuangan Akhir Tahun SKPD;13;51071650;2024
107;1.03.01.1.03.0003;Koordinasi dan Penilaian Barang Milik Daerah SKPD;13;631614550;2024
108;1.03.01.1.05.0002;Pengadaan Pakaian Dinas Beserta Atribut Kelengkapannya;13;34235000;2024
108;1.03.01.1.05.0011;Bimbingan Teknis Implementasi Peraturan Perundang-Undangan;13;57226000;2024
109;1.03.01.1.06.0001;Penyediaan Komponen Instalasi Listrik/Penerangan Bangunan Kantor;13;34999499;2024
109;1.03.01.1.06.0002;Penyediaan Peralatan dan Perlengkapan Kantor;13;22682450;2024
109;1.03.01.1.06.0006;Penyediaan Bahan Bacaan dan Peraturan Perundang-Undangan;13;52695000;2024
109;1.03.01.1.06.0007;Penyediaan Bahan/Material;13;90788244;2024
109;1.03.01.1.06.0009;Penyelenggaraan Rapat Koordinasi dan Konsultasi SKPD;13;1180907350;2024
109;1.03.01.1.06.0011;Dukungan Pelaksanaan Sistem Pemerintahan Berbasis Elektronik pada SKPD;13;237230100;2024
110;1.03.01.1.07.0002;Pengadaan Kendaraan Dinas Operasional atau Lapangan;13;1828099800;2024
110;1.03.01.1.07.0005;Pengadaan Mebel;13;225396035;2024
110;1.03.01.1.07.0006;Pengadaan Peralatan dan Mesin Lainnya;13;2555682894;2024
110;1.03.01.1.07.0010;Pengadaan Sarana dan Prasarana Gedung Kantor atau Bangunan Lainnya;13;3821541466;2024
111;1.03.01.1.08.0002;Penyediaan Jasa Komunikasi, Sumber Daya Air dan Listrik;13;703160000;2024
111;1.03.01.1.08.0003;Penyediaan Jasa Peralatan dan Perlengkapan Kantor;13;24817370;2024
111;1.03.01.1.08.0004;Penyediaan Jasa Pelayanan Umum Kantor;13;6480132917;2024
112;1.03.01.1.09.0002;Penyediaan Jasa Pemeliharaan, Biaya Pemeliharaan, Pajak dan Perizinan Kendaraan Dinas Operasional atau Lapangan;13;1011125000;2024
112;1.03.01.1.09.0003;Penyediaan Jasa Pemeliharaan, Biaya Pemeliharaan dan Perizinan Alat Besar;13;484367100;2024
112;1.03.01.1.09.0006;Pemeliharaan Peralatan dan Mesin Lainnya;13;313613170;2024
112;1.03.01.1.09.0009;Pemeliharaan/Rehabilitasi Gedung Kantor dan Bangunan Lainnya;13;1877555704;2024
113;1.03.10.1.01.0024;Pengawasan Penyelenggaraan Jalan Kewenangan Provinsi;13;7047836625;2024
113;1.03.10.1.01.0026;Pemeliharaan Rutin Jembatan;13;2298415142;2024
113;1.03.10.1.01.0028;Pemantauan dan Evaluasi Penyelenggaraan Jalan/Jembatan;13;239545100;2024
113;1.03.10.1.01.0031;Rekonstruksi Jalan;13;275302211188;2024
113;1.03.10.1.01.0033;Pemeliharaan Rutin Jalan;13;15798288361;2024
113;1.03.10.1.01.0036;Penggantian Jembatan;13;2912650150;2024
113;1.03.10.1.01.0038;Pemeliharaan Berkala Jalan;13;5610000300;2024
113;1.03.10.1.01.0041;Penyusunan Rencana, Kebijakan, Strategi dan Teknis Pengembangan Jaringan Jalan serta Perencanaan Teknis Penyelenggaraan Jalan dan Jembatan;13;17888718114;2024
113;1.03.10.1.01.0042;Pembangunan Jalan;13;47843192865;2024
113;1.03.10.1.01.0043;Survey Kondisi Jalan/Jembatan;13;1881324200;2024
114;1.03.11.1.01.0011;Pelatihan Tenaga Kerja Konstruksi Kualifikasi Ahli;13;564789850;2024
114;1.03.11.1.01.0012;Pembinaan dan Peningkatan Kapasitas Kelembagaan Konstruksi;13;229376600;2024
114;1.03.11.1.01.0014;Fasilitasi Sertifikasi Tenaga Kerja Konstruksi Kualifikasi Ahli;13;298877750;2024
114;1.03.11.1.01.0015;Pemantauan dan Evaluasi Pelatihan Tenaga Kerja Konstruksi Kualifikasi Ahli;13;42074350;2024
115;1.03.11.1.02.0006;Operasionalisasi Layanan Informasi Jasa Konstruksi;13;125115550;2024
115;1.03.11.1.02.0008;Penyediaan Data dan Informasi Jasa Konstruksi Cakupan Provinsi;13;83876400;2024
116;1.03.11.1.03.0006;Pembinaan Tertib Usaha, Tertib Penyelenggaraan, dan Tertib Pemanfaatan Produk Jasa Konstruksi;13;268718950;2024
117;1.03.12.1.01.0003;Penetapan Kebijakan dalam rangka Pelaksanaan Penataan Ruang;13;137480450;2024
117;1.03.12.1.01.0009;Sosialisasi Peraturan Perundang-undangan dan Pedoman Bidang Penataan ruang;13;302807350;2024
118;1.03.12.1.02.0004;Peningkatan Peran Masyarakat dalam Penataan Ruang;13;58747900;2024
118;1.03.12.1.02.0006;Monitoring dan Evaluasi Penyusunan dan Penetapan RTRW dan RDTR Kabupaten/Kota;13;206439650;2024
119;1.03.12.1.03.0006;Sistem informasi dan komunikasi penataan ruang;13;228112025;2024
119;1.03.12.1.03.0007;Pelaksanaan Sinkronisasi Program Pemanfaatan Ruang;13;211915800;2024
120;1.03.12.1.04.0003;Operasionalisasi Tugas dan Fungsi Penyidik Pegawai Negeri Sipil (PPNS) Bidang Penataan Ruang ;13;48864800;2024
120;1.03.12.1.04.0004;Koordinasi Pelaksanaan Penataan Ruang ;13;241318350;2024
120;1.03.12.1.04.0006;Pengawasan TURBINLAK dan Pengawasan Fungsi dan Manfaat;13;82550750;2024
120;1.03.12.1.04.0015;Pemberian insentif dan/atau disinsentif nonfiskal;13;117117050;2024
121;1.03.01.1.01.0001;Penyusunan Dokumen Perencanaan Perangkat Daerah;14;352095850;2024
121;1.03.01.1.01.0004;Koordinasi dan Penyusunan DPA-SKPD;14;45307350;2024
121;1.03.01.1.01.0006;Koordinasi dan Penyusunan Laporan Capaian Kinerja dan Ikhtisar Realisasi Kinerja SKPD;14;382831750;2024
121;1.03.01.1.01.0007;Evaluasi Kinerja Perangkat Daerah;14;60750400;2024
122;1.03.01.1.02.0001;Penyediaan Gaji dan Tunjangan ASN;14;25250219079;2024
122;1.03.01.1.02.0005;Koordinasi dan Penyusunan Laporan Keuangan Akhir Tahun SKPD;14;224800200;2024
123;1.03.01.1.03.0004;Pembinaan, Pengawasan, dan Pengendalian Barang Milik Daerah pada SKPD;14;199334850;2024
124;1.03.01.1.05.0005;Monitoring, Evaluasi, dan Penilaian Kinerja Pegawai;14;499776025;2024
124;1.03.01.1.05.0010;Sosialisasi Peraturan Perundang-Undangan;14;111051550;2024
125;1.03.01.1.06.0002;Penyediaan Peralatan dan Perlengkapan Kantor;14;1007021732;2024
125;1.03.01.1.06.0005;Penyediaan Barang Cetakan dan Penggandaan;14;133430100;2024
125;1.03.01.1.06.0009;Penyelenggaraan Rapat Koordinasi dan Konsultasi SKPD;14;113372000;2024
126;1.03.01.1.08.0002;Penyediaan Jasa Komunikasi, Sumber Daya Air dan Listrik;14;1074698658;2024
126;1.03.01.1.08.0004;Penyediaan Jasa Pelayanan Umum Kantor;14;11598634495;2024
127;1.03.01.1.09.0002;Penyediaan Jasa Pemeliharaan, Biaya Pemeliharaan, Pajak dan Perizinan Kendaraan Dinas Operasional atau Lapangan;14;823289167;2024
127;1.03.01.1.09.0006;Pemeliharaan Peralatan dan Mesin Lainnya;14;56800000;2024
127;1.03.01.1.09.0010;Pemeliharaan/Rehabilitasi Sarana dan Prasarana Gedung Kantor atau Bangunan Lainnya;14;172105398;2024
128;1.03.02.1.01.0009;Pembangunan Tanggul Sungai;14;31467617849;2024
128;1.03.02.1.01.0075;Koordinasi dan Sinkronisasi Peningkatan Kapasitas Kelembagaan Pengelolaan Sumber Daya Air Kewenangan Provinsi;14;722923350;2024
128;1.03.02.1.01.0079;Normalisasi/Restorasi Sungai;14;7684967130;2024
128;1.03.02.1.01.0082;Operasi dan Pemeliharaan Breakwater/Seawall dan Bangunan Pengaman Pantai Lainnya;14;11966362645;2024
128;1.03.02.1.01.0090;Pembinaan dan Pemberdayaan Kelembagaan Pengelolaan Sumber Daya Air Kewenangan Provinsi;14;397955200;2024
128;1.03.02.1.01.0096;Pembangunan Seawall dan Bangunan Pengaman Pantai Lainnya;14;22709410000;2024
128;1.03.02.1.01.0103;Pengelolaan Hidrologi dan Kualitas Air Wilayah Sungai Kewenangan Provinsi;14;2311306390;2024
128;1.03.02.1.01.0107;Operasi dan Pemeliharaan Tanggul dan Tebing Sungai;14;4364107320;2024
128;1.03.02.1.01.0122;Penyusunan Rencana Teknis dan Dokumen Lingkungan Hidup untuk Konstruksi Pengendali Banjir, Lahar, dan Pengaman Pantai;14;1165345900;2024
128;1.03.02.1.01.0123;Pembangunan Unit Air Baku;14;499999935;2024
129;1.03.02.1.02.0002;Pembangunan Jaringan Irigasi Permukaan;14;0;2024
129;1.03.02.1.02.0008;Peningkatan Jaringan Irigasi Permukaan;14;8174480850;2024
129;1.03.02.1.02.0014;Rehabilitasi Jaringan Irigasi Permukaan;14;10201178050;2024
129;1.03.02.1.02.0015;Rehabilitasi Bendung Irigasi;14;21842749750;2024
129;1.03.02.1.02.0021;Operasi dan Pemeliharaan Jaringan Irigasi Permukaan;14;35013556601;2024
129;1.03.02.1.02.0022;Operasi dan Pemeliharaan Bendung Irigasi;14;465203973;2024
129;1.03.02.1.02.0032;Penyusunan Rencana Teknis dan Dokumen Lingkungan Hidup untuk Konstruksi Irigasi dan Rawa;14;5525622000;2024
129;1.03.02.1.02.0034;Operasional Kelembagaan Pengelola Irigasi;14;492412500;2024
130;1.03.03.1.01.0015;Penyusunan Rencana, Kebijakan, Strategi dan Teknis Sistem Penyediaan Air Minum (SPAM);14;2544543100;2024
130;1.03.03.1.01.0016;Pembinaan dan Pemberdayaan Masyarakat dalam Pengelolaan dan Pengembangan Sistem Penyediaan Air Minum (SPAM);14;39438300;2024
130;1.03.03.1.01.0017;Pembangunan Sistem Penyediaan Air Minum (SPAM) Lintas Kabupaten/Kota;14;10857416113;2024
130;1.03.03.1.01.0019;Operasi dan Pemeliharaan Sistem Penyediaan Air Minum (SPAM);14;814426512;2024
130;1.03.03.1.01.0020;Optimalisasi Sistem Penyediaan Air Minum (SPAM) Lintas Kabupaten/Kota;14;554917350;2024
131;1.03.04.1.01.0016;Penyusunan Rencana, Kebijakan, Strategi dan Teknis Sistem Pengelolaan Persampahan;14;2218341850;2024
132;1.03.05.1.01.0013;Pembangunan Sistem Pengelolaan Air Limbah Domestik (SPALD) Terpusat;14;2388679756;2024
132;1.03.05.1.01.0015;Penyusunan Rencana, Kebijakan, Strategi dan Teknis Sistem Pengelolaan Air Limbah Domestik (SPALD);14;817554750;2024
133;1.03.06.1.01.0010;Operasi dan Pemeliharaan Sistem Drainase Perkotaan;14;13681793200;2024
133;1.03.06.1.01.0012;Penyusunan Rencana, Kebijakan, Strategi dan Teknis Sistem Drainase Perkotaan;14;685239500;2024
133;1.03.06.1.01.0013;Supervisi Pembangunan/Peningkatan/Rehabilitasi Sistem Drainase Perkotaan;14;400000000;2024
134;1.03.08.1.01.0016;Pengubahsuaian Bangunan Gedung untuk Kepentingan Strategis Daerah Provinsi;14;70226500;2024
134;1.03.08.1.01.0019;Pembangunan, Pemanfaatan,  Pelestariaan dan Pembongkaran Bangunan Gedung untuk Kepentingan Strategis Daerah Provinsi;14;275739511956;2024
134;1.03.08.1.01.0020;Pemeliharaan, Perawatan, dan Pemeriksaan Berkala Bangunan Gedung untuk Kepentingan Strategis Daerah Provinsi;14;1817000000;2024
135;1.03.09.1.01.0008;Penataan Bangunan dan Lingkungan Kawasan Cagar Budaya, Kawasan Pariwisata, Kawasan Sistem Perkotaan Nasional dan Kawasan Strategis Lainnya;14;649984440;2024
135;1.03.09.1.01.0009;Penyusunan Rencana dan Teknis  Penataan Bangunan dan Lingkungan di Kawasan Strategis Daerah Provinsi dan Lintas Daerah Kabupaten/Kota;14;9485358288;2024
136;3.29.01.1.01.0001;Penyusunan Dokumen Perencanaan Perangkat Daerah;36;40381570;2024
136;3.29.01.1.01.0002;Koordinasi dan Penyusunan Dokumen RKA- SKPD;36;28095400;2024
136;3.29.01.1.01.0003;Koordinasi dan Penyusunan Dokumen Perubahan RKA-SKPD;36;0;2024
136;3.29.01.1.01.0004;Koordinasi dan Penyusunan DPA-SKPD;36;0;2024
136;3.29.01.1.01.0005;Koordinasi dan Penyusunan Perubahan DPA- SKPD;36;0;2024
136;3.29.01.1.01.0006;Koordinasi dan Penyusunan Laporan Capaian Kinerja dan Ikhtisar Realisasi Kinerja SKPD;36;70758470;2024
136;3.29.01.1.01.0007;Evaluasi Kinerja Perangkat Daerah;36;82660000;2024
137;3.29.01.1.02.0001;Penyediaan Gaji dan Tunjangan ASN;36;11647935714;2024
137;3.29.01.1.02.0005;Koordinasi dan Penyusunan Laporan Keuangan Akhir Tahun SKPD;36;28234750;2024
137;3.29.01.1.02.0007;Koordinasi dan Penyusunan Laporan Keuangan Bulanan/ Triwulanan/Semesteran SKPD;36;64254800;2024
138;3.29.01.1.03.0001;Penyusunan Perencanaan Kebutuhan Barang Milik Daerah SKPD;36;2934600;2024
138;3.29.01.1.03.0004;Pembinaan, Pengawasan, dan Pengendalian Barang Milik Daerah pada SKPD;36;59234850;2024
138;3.29.01.1.03.0005;Rekonsiliasi dan Penyusunan Laporan Barang Milik Daerah pada SKPD;36;13275000;2024
139;3.29.01.1.05.0004;Koordinasi dan Pelaksanaan Sistem Informasi Kepegawaian;36;0;2024
139;3.29.01.1.05.0005;Monitoring, Evaluasi, dan Penilaian Kinerja Pegawai;36;50110000;2024
140;3.29.01.1.06.0001;Penyediaan Komponen Instalasi Listrik/Penerangan Bangunan Kantor;36;0;2024
140;3.29.01.1.06.0002;Penyediaan Peralatan dan Perlengkapan Kantor;36;221368551;2024
140;3.29.01.1.06.0003;Penyediaan Peralatan Rumah Tangga;36;2457020;2024
140;3.29.01.1.06.0004;Penyediaan Bahan Logistik Kantor;36;0;2024
140;3.29.01.1.06.0005;Penyediaan Barang Cetakan dan Penggandaan;36;62572600;2024
140;3.29.01.1.06.0006;Penyediaan Bahan Bacaan dan Peraturan Perundang-Undangan;36;12600000;2024
140;3.29.01.1.06.0008;Fasilitasi Kunjungan Tamu;36;7000000;2024
140;3.29.01.1.06.0009;Penyelenggaraan Rapat Koordinasi dan Konsultasi SKPD;36;609469350;2024
141;3.29.01.1.07.0002;Pengadaan Kendaraan Dinas Operasional atau Lapangan;36;22220000;2024
141;3.29.01.1.07.0006;Pengadaan Peralatan dan Mesin Lainnya;36;132305300;2024
142;3.29.01.1.08.0001;Penyediaan Jasa Surat Menyurat;36;0;2024
142;3.29.01.1.08.0002;Penyediaan Jasa Komunikasi, Sumber Daya Air dan Listrik;36;468916408;2024
142;3.29.01.1.08.0004;Penyediaan Jasa Pelayanan Umum Kantor;36;2086129350;2024
143;3.29.01.1.09.0001;Penyediaan Jasa Pemeliharaan, Biaya Pemeliharaan dan Pajak Kendaraan Perorangan Dinas atau Kendaraan Dinas Jabatan;36;252800000;2024
143;3.29.01.1.09.0002;Penyediaan Jasa Pemeliharaan, Biaya Pemeliharaan, Pajak dan Perizinan Kendaraan Dinas Operasional atau Lapangan;36;366329725;2024
143;3.29.01.1.09.0006;Pemeliharaan Peralatan dan Mesin Lainnya;36;62260000;2024
144;3.29.02.1.01.0001;Pengumpulan dan Pengolahan Data Zona Konservasi Air Tanah pada Cekungan Air Tanah ;36;32271850;2024
144;3.29.02.1.01.0002;Penentuan dan Penetapan Zona Konservasi Air Tanah pada Cekungan Air Tanah;36;90390000;2024
144;3.29.02.1.01.0003;Pengendalian dan Pengawasan Pemanfaatan Zona Konservasi Air Tanah pada Cekungan Air Tanah;36;29337850;2024
145;3.29.02.1.03.0001;Pengumpulan dan Pengolahan Data dan Informasi Nilai Perolehan Air Tanah;36;218700200;2024
145;3.29.02.1.03.0002;Penghitungan, Perumusan dan Penetapan Nilai Perolehan Air Tanah;36;120722250;2024
145;3.29.02.1.03.0003;Pengendalian dan Pengawasan Pemanfaatan Air Tanah;36;97918050;2024
146;3.29.03.1.01.0001;Pengumpulan dan Pengolahan Data dan Informasi Wilayah Izin Usaha Pertambangan Mineral Bukan Logam dan Batuan dalam 1 (satu) Daerah Provinsi dan Wilayah Laut sampai dengan 12 Mil;36;69903200;2024
147;3.29.03.1.03.0002;Koordinasi dan Sinkronisasi dalam rangka Penyusunan Usulan Wilayah Usaha Pertambangan dalam Penetapan Wilayah Pertambangan oleh Pemerintah Pusat;36;38050000;2024
147;3.29.03.1.03.0004;Pengendalian dan Pengawasan Pelaksanaan Perizinan Usaha Pertambangan Mineral Bukan Logam dan Batuan dalam rangka Penanaman Modal Dalam Negeri pada Wilayah Izin Usaha Pertambangan Daerah yang Berada dalam 1 (satu) Daerah Provinsi termasuk Wilayah Laut sampai dengan 12 Mil Laut;36;129981450;2024
147;3.29.03.1.03.0005;Pengawasan Teknis Kaidah Pertambangan yang baik Perizinan Usaha Pertambangan Mineral Bukan Logam dan Batuan dalam rangka Penanaman Modal Dalam Negeri pada Wilayah Izin Usaha Pertambangan Daerah yang Berada dalam 1 (satu) Daerah Provinsi Termasuk Wilayah Laut sampai dengan 12 Mil Laut;36;266550000;2024
148;3.29.03.1.04.0002;Koordinasi dan Sinkronisasi dalam Rangka Penyusunan Usulan WPR dalam penetapan Wilayah Pertambangan oleh Pemerintah Pusat;36;45400000;2024
149;3.29.03.1.24.0002;Pengawasan Pelaksanaan Izin Usaha Pertambangan;36;99999900;2024
150;3.29.05.1.05.0001;Penyusunan dan pemuktahiran data potensi biomassa;36;63687900;2024
150;3.29.05.1.05.0006;Penyusunan dan pemutakhiran data potensi biogas;36;78513900;2024
151;3.29.05.1.07.0002;Pembinaan dan pengawasan aneka EBT (kapasitas terpasang, investasi) di daerah;36;33937850;2024
151;3.29.05.1.07.0006;Perencanaan kegiatan pemanfaatan aneka EBT;36;109682468;2024
151;3.29.05.1.07.0007;Pelaksanaan kegiatan pemanfaatan aneka EBT;36;3061490152;2024
151;3.29.05.1.07.0010;Penyusunan dan pemutakhiran data potensi aneka EBT di daerah;36;39052300;2024
152;3.29.05.1.10.0005;Sosialisasi konservasi energi kepada perangkat daerah provinsi dan kabupaten/kota;36;75245300;2024
153;3.29.06.1.01.0001;Penetapan Prosedur dan Persyaratan Izin Usaha Penyediaan Tenaga Listrik Non Badan Usaha Milik Negara dan Penjualan Tenaga Listrik serta Penyewaan Jaringan kepada Penyedia Tenaga Listrik dalam Daerah Provinsi;36;144257450;2024
153;3.29.06.1.01.0003;Pengendalian dan Pengawasan Pelaksanaan Perizinan Usaha Penyediaan Tenaga Listrik Non Badan Usaha Milik Negara dan Penjualan Tenaga Listrik serta Penyewaan Jaringan kepada Penyedia Tenaga Listrik dalam Daerah Provinsi;36;20977500;2024
154;3.29.06.1.02.0003;Pengendalian dan Pengawasan Pelaksanaan Perizinan Operasi yang Fasilitas Instalasinya dalam Daerah Provinsi;36;171892400;2024
155;3.29.06.1.04.0003;Pengendalian dan Pengawasan Pelaksanaan Harga Jual Tenaga Listrik dan Sewa Jaringan Tenaga Listrik, Rencana Usaha Penyediaan Tenaga Listrik, Penjualan Kelebihan Tenaga Listrik dari Pemegang Izin yang Ditetapkan oleh Daerah Provinsi;36;36070000;2024
156;3.29.06.1.05.0001;Penetapan Prosedur dan Persyaratan Izin Usaha Jasa Penunjang Tenaga Listrik bagi Badan Usaha Dalam Negeri/Mayoritas Sahamnya Dimiliki oleh Penanam Modal Dalam Negeri;36;0;2024
156;3.29.06.1.05.0003;Pengendalian dan Pengawasan Pelaksanaan Perizinan Usaha Jasa Penunjang Tenaga Listrik bagi Badan Usaha Dalam Negeri/Mayoritas Sahamnya Dimiliki oleh Penanam Modal Dalam Negeri;36;38857500;2024
157;3.29.06.1.06.0001;Pengumpulan dan Pengolahan Data dan Informasi Penerima Manfaat dari Kelompok Masyarakat Tidak Mampu;36;72338250;2024
157;3.29.06.1.06.0005;Koordinasi dan Sinkronisasi Penyediaan Tenaga Listrik Belum Berkembang, Daerah Terpencil dan Perdesaan;36;71944700;2024
157;3.29.06.1.06.0006;Pembangunan Sarana Penyediaan Tenaga Listrik Belum Berkembang, Daerah Terpencil dan Perdesaan;36;3075000280;2024
157;3.29.06.1.06.0007;Pengendalian dan Pengawasan Pembangunan Sarana Penyediaan Tenaga Listrik Belum Berkembang, Daerah Terpencil dan Perdesaan;36;20659000;2024
158;2.22.01.1.01.0001;Penyusunan Dokumen Perencanaan Perangkat Daerah;11;2327748150;2024
159;2.22.01.1.02.0001;Penyediaan Gaji dan Tunjangan ASN;11;7412374466;2024
159;2.22.01.1.02.0002;Penyediaan Administrasi Pelaksanaan Tugas ASN;11;589800000;2024
159;2.22.01.1.02.0004;Koordinasi dan Pelaksanaan Akuntansi SKPD;11;89997500;2024
160;2.22.01.1.06.0009;Penyelenggaraan Rapat Koordinasi dan Konsultasi SKPD;11;210605000;2024
161;2.22.01.1.08.0004;Penyediaan Jasa Pelayanan Umum Kantor;11;2883330860;2024
162;2.22.02.1.01.0002;Pembinaan Sumber Daya Manusia, Lembaga, dan Pranata Kebudayaan;11;1274213600;2024
163;2.22.02.1.02.0001;Pelindungan, Pengembangan, Pemanfaatan Objek Pemajuan Tradisi Budaya;11;1267269669;2024
163;2.22.02.1.02.0002;Pembinaan Sumber Daya Manusia, Lembaga, dan Pranata Tradisional;11;25071000;2024
164;2.22.03.1.01.0001;Peningkatan Pendidikan dan Pelatihan Sumber Daya Manusia Kesenian Tradisional;11;49528500;2024
164;2.22.03.1.01.0002;Standardisasi dan Sertifikasi Sumber Daya Manusia Kesenian Tradisional sesuai dengan Kebutuhan dan Tuntutan;11;22237650;2024
164;2.22.03.1.01.0003;Peningkatan Kapasitas Tata Kelola Lembaga Kesenian Tradisional;11;361133108;2024
165;2.22.04.1.01.0003;Peningkatan Akses Masyarakat terhadap Data dan Informasi Sejarah;11;217950000;2024
166;2.22.05.1.01.0001;Pendaftaran Objek Diduga Cagar Budaya;11;80213200;2024
166;2.22.05.1.01.0002;Penetapan Cagar Budaya;11;180867400;2024
167;2.22.05.1.02.0001;Pelindungan Cagar Budaya;11;180000000;2024
167;2.22.05.1.02.0002;Pengembangan Cagar Budaya;11;526945000;2024
167;2.22.05.1.02.0003;Pemanfaatan Cagar Budaya;11;158545900;2024
168;2.22.06.1.01.0002;Pembinaan dan Peningkatan Mutu dan Kapasitas Sumber Daya Manusia Permuseuman;11;1771341904;2024
169;3.28.01.1.01.0001;Penyusunan Dokumen Perencanaan Perangkat Daerah;34;177592000;2024
169;3.28.01.1.01.0002;Koordinasi dan Penyusunan Dokumen RKA- SKPD;34;0;2024
169;3.28.01.1.01.0003;Koordinasi dan Penyusunan Dokumen Perubahan RKA-SKPD;34;0;2024
169;3.28.01.1.01.0004;Koordinasi dan Penyusunan DPA-SKPD;34;0;2024
169;3.28.01.1.01.0005;Koordinasi dan Penyusunan Perubahan DPA- SKPD;34;0;2024
169;3.28.01.1.01.0006;Koordinasi dan Penyusunan Laporan Capaian Kinerja dan Ikhtisar Realisasi Kinerja SKPD;34;301095000;2024
169;3.28.01.1.01.0007;Evaluasi Kinerja Perangkat Daerah;34;0;2024
170;3.28.01.1.02.0001;Penyediaan Gaji dan Tunjangan ASN;34;54876733514;2024
170;3.28.01.1.02.0005;Koordinasi dan Penyusunan Laporan Keuangan Akhir Tahun SKPD;34;75089750;2024
171;3.28.01.1.03.0002;Pengamanan Barang Milik Daerah SKPD;34;125440000;2024
172;3.28.01.1.05.0004;Koordinasi dan Pelaksanaan Sistem Informasi Kepegawaian;34;216320850;2024
172;3.28.01.1.05.0005;Monitoring, Evaluasi, dan Penilaian Kinerja Pegawai;34;58740000;2024
173;3.28.01.1.06.0002;Penyediaan Peralatan dan Perlengkapan Kantor;34;54097480;2024
173;3.28.01.1.06.0003;Penyediaan Peralatan Rumah Tangga;34;0;2024
173;3.28.01.1.06.0004;Penyediaan Bahan Logistik Kantor;34;659711438;2024
173;3.28.01.1.06.0005;Penyediaan Barang Cetakan dan Penggandaan;34;121152499;2024
173;3.28.01.1.06.0009;Penyelenggaraan Rapat Koordinasi dan Konsultasi SKPD;34;972477145;2024
174;3.28.01.1.07.0005;Pengadaan Mebel;34;41600200;2024
174;3.28.01.1.07.0006;Pengadaan Peralatan dan Mesin Lainnya;34;1166694780;2024
175;3.28.01.1.08.0002;Penyediaan Jasa Komunikasi, Sumber Daya Air dan Listrik;34;848715661;2024
175;3.28.01.1.08.0004;Penyediaan Jasa Pelayanan Umum Kantor;34;4964327136;2024
176;3.28.01.1.09.0001;Penyediaan Jasa Pemeliharaan, Biaya Pemeliharaan dan Pajak Kendaraan Perorangan Dinas atau Kendaraan Dinas Jabatan;34;483074850;2024
176;3.28.01.1.09.0002;Penyediaan Jasa Pemeliharaan, Biaya Pemeliharaan, Pajak dan Perizinan Kendaraan Dinas Operasional atau Lapangan;34;740992900;2024
176;3.28.01.1.09.0006;Pemeliharaan Peralatan dan Mesin Lainnya;34;302836000;2024
176;3.28.01.1.09.0010;Pemeliharaan/Rehabilitasi Sarana dan Prasarana Gedung Kantor atau Bangunan Lainnya;34;485736130;2024
177;3.28.03.1.01.0001;Penyusunan Rancang Bangun Tata Hutan Wilayah Kesatuan Pengelolaan Hutan;34;15000000;2024
178;3.28.03.1.02.0001;Penyusunan Rencana Pengelolaan Kesatuan Pengelolaan Hutan;34;140026500;2024
179;3.28.03.1.03.0004;Koordinasi dan Sinkronisasi Pengendalian Izin Usaha atau Kerjasama Pemanfaatan di Kawasan Hutan Produksi ;34;100000000;2024
180;3.28.03.1.04.0001;Penyusunan Rencana Tahunan Rehabilitasi Lahan (RTnRL);34;94986400;2024
180;3.28.03.1.04.0002;Pembangunan Hutan Rakyat di Luar Kawasan Hutan Negara;34;2447805949;2024
180;3.28.03.1.04.0004;Pembangunan Penghijauan Lingkungan di Luar Kawasan Hutan Negara;34;5039064625;2024
180;3.28.03.1.04.0008;Pembinaan dan/atau Pengawasan dalam rangka Pengembangan Rehabilitasi Lahan;34;535068000;2024
181;3.28.03.1.05.0001;Pencegahan dan Pembatasan Kerusakan Hutan;34;758749378;2024
181;3.28.03.1.05.0002;Pencegahan dan Pembatasan Kerusakan Kawasan Hutan;34;103380000;2024
181;3.28.03.1.05.0003;Pencegahan dan Pembatasan Kerusakan Hasil Hutan;34;111730000;2024
181;3.28.03.1.05.0004;Koordinasi, Sinkronisasi dan Pelaksanaan Perlindungan Hutan;34;15360000;2024
181;3.28.03.1.05.0005;Koordinasi, Sinkronisasi dan Pelaksanaan Pencegahan/Penanggulangan Kebakaran Hutan dan Lahan;34;187041050;2024
182;3.28.03.1.06.0003;Pembudidayaan Hasil Hutan Bukan Kayu dengan tidak Mengurangi Fungsi Pokoknya;34;76168506;2024
182;3.28.03.1.06.0004;Pengawasan Perizinan Pengolahan Hasil Hutan Bukan Kayu;34;172080000;2024
183;3.28.03.1.07.0002;Pembinaan dan Pelaksanaan Pengolahan Hasil Hutan Kayu dengan Kapasitas Produksi <6000 m3/Tahun;34;228171400;2024
184;3.28.03.1.09.0005;Pengawasan Peredaran Benih dan/atau Bibit;34;114382000;2024
185;3.28.04.1.01.0002;Pengamanan Kawasan TAHURA Provinsi;34;54000000;2024
185;3.28.04.1.01.0005;Pemulihan Ekosistem atau Penutupan Kawasan sesuai Rencana Pengelolaan TAHURA Provinsi;34;152000000;2024
185;3.28.04.1.01.0008;Penguatan Kapasitas dan Pemberdayaan Masyarakat di sekitar TAHURA Provinsi;34;620391000;2024
186;3.28.04.1.03.0005;Penguatan Kapasitas dan Pemberdayaan Masyarakat di Kawasan Bernilai Ekosistem Penting Kewenangan Daerah Provinsi;34;69582725;2024
186;3.28.04.1.03.0006;Pengelolaan Daerah Penyangga di Kawasan Bernilai Ekosistem Penting Kewenangan Daerah Provinsi;34;94530000;2024
187;3.28.05.1.01.0001;Peningkatan Kapasitas dan Kompetensi Penyuluh Kehutanan dan SDM Bidang Kehutanan;34;114000000;2024
187;3.28.05.1.01.0002;Penguatan dan Pendampingan Kelembagaan Kelompok Tani Hutan ;34;1515034996;2024
187;3.28.05.1.01.0003;Penyiapan dan Pengembangan Perhutanan Sosial;34;1629181850;2024
188;3.28.06.1.01.0002;Optimalisasi Fungsi dan Daya Dukung Wilayah DAS;34;120000000;2024
188;3.28.06.1.01.0004;Pemberdayaan Masyarakat dalam Kegiatan Pengelolaan DAS;34;30000000;2024
189;3.25.01.1.01.0001;Penyusunan Dokumen Perencanaan Perangkat Daerah;31;539707000;2024
189;3.25.01.1.01.0007;Evaluasi Kinerja Perangkat Daerah;31;323196000;2024
190;3.25.01.1.02.0001;Penyediaan Gaji dan Tunjangan ASN;31;19770778910;2024
190;3.25.01.1.02.0002;Penyediaan Administrasi Pelaksanaan Tugas ASN;31;1094160427;2024
190;3.25.01.1.02.0003;Pelaksanaan Penatausahaan dan Pengujian/Verifikasi Keuangan SKPD;31;99443000;2024
190;3.25.01.1.02.0005;Koordinasi dan Penyusunan Laporan Keuangan Akhir Tahun SKPD;31;62200000;2024
190;3.25.01.1.02.0007;Koordinasi dan Penyusunan Laporan Keuangan Bulanan/ Triwulanan/Semesteran SKPD;31;184390000;2024
191;3.25.01.1.05.0002;Pengadaan Pakaian Dinas Beserta Atribut Kelengkapannya;31;100625000;2024
191;3.25.01.1.05.0010;Sosialisasi Peraturan Perundang-Undangan;31;162307349;2024
192;3.25.01.1.06.0002;Penyediaan Peralatan dan Perlengkapan Kantor;31;3545971049;2024
192;3.25.01.1.06.0005;Penyediaan Barang Cetakan dan Penggandaan;31;174000000;2024
192;3.25.01.1.06.0009;Penyelenggaraan Rapat Koordinasi dan Konsultasi SKPD;31;484312500;2024
193;3.25.01.1.08.0001;Penyediaan Jasa Surat Menyurat;31;130000000;2024
193;3.25.01.1.08.0002;Penyediaan Jasa Komunikasi, Sumber Daya Air dan Listrik;31;3923538090;2024
193;3.25.01.1.08.0003;Penyediaan Jasa Peralatan dan Perlengkapan Kantor;31;71810000;2024
193;3.25.01.1.08.0004;Penyediaan Jasa Pelayanan Umum Kantor;31;3492444440;2024
194;3.25.01.1.09.0002;Penyediaan Jasa Pemeliharaan, Biaya Pemeliharaan, Pajak dan Perizinan Kendaraan Dinas Operasional atau Lapangan;31;888090000;2024
194;3.25.01.1.09.0006;Pemeliharaan Peralatan dan Mesin Lainnya;31;507094820;2024
194;3.25.01.1.09.0007;Pemeliharaan Aset Tetap Lainnya;31;317980205;2024
194;3.25.01.1.09.0009;Pemeliharaan/Rehabilitasi Gedung Kantor dan Bangunan Lainnya;31;329052000;2024
195;3.25.02.1.01.0001;Penyusunan dan Penetapan Rencana Zonasi Wilayah Pesisir dan Pulau-Pulau Kecil;31;218946000;2024
195;3.25.02.1.01.0002;Pengelolaan Kawasan Konservasi di Wilayah Pesisir dan Pulau-Pulau Kecil Berdasarkan Penetapan dari Pemerintah Pusat;31;662389870;2024
195;3.25.02.1.01.0003;Rehabilitasi Wilayah Perairan Pesisir dan Pulau-Pulau Kecil;31;692146375;2024
195;3.25.02.1.01.0004;Mitigasi Bencana Wilayah Pesisir dan Pulau-Pulau Kecil;31;75000000;2024
196;3.25.02.1.02.0002;Penerbitan Rekomendasi Izin Lokasi dan Izin Pengelolaan Ruang Laut di Bawah 12 Mil di Luar Minyak dan Gas Bumi;31;59914000;2024
196;3.25.02.1.02.0004;Penerbitan Rekomendasi Izin Pelaksanaan Reklamasi di Perairan Pesisir;31;283881625;2024
196;3.25.02.1.02.0005;Pencatatan dan Pengadministrasian Izin Lokasi Perairan dalam Sistem Kadaster Laut;31;38460000;2024
197;3.25.02.1.03.0001;Pengembangan Kapasitas Masyarakat Pesisir dan Pulau-Pulau Kecil;31;70000000;2024
197;3.25.02.1.03.0002;Penguatan dan Pengembangan Kelembagaan Masyarakat Pesisir dan Pulau-Pulau Kecil;31;170000000;2024
198;3.25.03.1.01.0001;Penyediaan Data dan Informasi Sumber Daya Ikan;31;1055651765;2024
198;3.25.03.1.01.0002;Penyediaan Prasarana Usaha Perikanan Tangkap;31;442059874;2024
198;3.25.03.1.01.0003;Penjaminan Ketersediaan Sarana Usaha Perikanan Tangkap;31;8559011100;2024
199;3.25.03.1.02.0001;Penyediaan Data dan Informasi Sumber Daya Ikan;31;0;2024
200;3.25.03.1.03.0003;Penyediaan Data dan Informasi Usaha Perikanan Tangkap untuk Kapal Perikanan Berukuran di Atas 10 GT sampai dengan 30 GT;31;280000000;2024
201;3.25.03.1.06.0002;Penyediaan Sarana dan Prasarana Pelabuhan Perikanan;31;12506721760;2024
201;3.25.03.1.06.0003;Pelaksanaan Fungsi Pemerintahan dan Pengusahaan Pelabuhan Perikanan;31;735258622;2024
202;3.25.04.1.05.0001;Penyediaan Data dan Informasi Pembudidayaan Ikan di Laut dan Lintas Daerah Kabupaten/Kota;31;641048750;2024
202;3.25.04.1.05.0002;Penyediaan Prasarana Pembudidayaan Ikan di Laut ;31;0;2024
202;3.25.04.1.05.0004;Penjaminan Ketersediaan Sarana Pembudidayaan Ikan di Laut;31;898274360;2024
203;3.25.04.1.06.0001;Penyediaan Prasarana Pembudidayaan Ikan di Air Payau dan Air Tawar yang Penggunaan Sumber Dayanya Lebih Efisien apabila Dilakukan oleh Daerah Provinsi dan/atau Manfaat atau Dampak Negatifnya Lintas Daerah Kabupaten/Kota;31;4383298500;2024
203;3.25.04.1.06.0002;Penyediaan Sarana Pembudidayaan Ikan di Air Payau dan Air Tawar yang Penggunaan Sumber Dayanya Lebih Efisien apabila Dilakukan oleh Daerah Provinsi dan/atau Manfaat atau Dampak Negatifnya Lintas Daerah Kabupaten/Kota;31;3032547709;2024
204;3.25.05.1.01.0001;Pengawasan Pemanfaatan Ruang Laut sampai dengan 12 Mil;31;504968000;2024
204;3.25.05.1.01.0002;Pengawasan Usaha Perikanan Tangkap sampai dengan 12 Mil ;31;1274100000;2024
204;3.25.05.1.01.0003;Pengawasan Usaha Perikanan Bidang Pembudidayaan Ikan di Laut sampai dengan 12 Mil ;31;90600000;2024
204;3.25.05.1.01.0004;Penumbuhan dan Pengembangan Kelompok Masyarakat Pengawas (POKMASWAS);31;1671849500;2024
205;3.25.05.1.02.0001;Pengawasan Usaha Perikanan Tangkap di Wilayah Sungai, Danau, Waduk, Rawa, dan Genangan Air Lainnya yang Dapat Diusahakan Lintas Kabupaten/Kota dalam 1 (Satu) Daerah Provinsi Sesuai dengan Kewenangannya;31;28908000;2024
205;3.25.05.1.02.0002;Pengawasan Usaha Perikanan Bidang Pembudidayaan Ikan di Wilayah Sungai, Danau, Waduk, Rawa, dan Genangan Air Lainnya yang Dapat Diusahakan Lintas Kabupaten/Kota dalam 1 (Satu) Daerah Provinsi Sesuai dengan Kewenangannya;31;31428000;2024
205;3.25.05.1.02.0003;Pengawasan Usaha Pemasaran dan Pengolahan Hasil Perikanan Lintas Daerah Kabupaten/Kota dalam 1 (Satu) Daerah Provinsi;31;36440000;2024
206;3.25.06.1.01.0002;Penerbitan Rekomendasi Izin Usaha Pemasaran dan Pengolahan Hasil Perikanan Lintas Daerah Kabupaten/Kota dalam 1 (Satu) Daerah Provinsi;31;60000000;2024
206;3.25.06.1.01.0003;Penyediaan Data dan Informasi Usaha Pemasaran dan Pengolahan Hasil Perikanan Lintas Daerah Kabupaten/Kota dalam 1 (Satu) Daerah Provinsi;31;250000000;2024
207;3.25.06.1.02.0001;Pelaksanaan Bimbingan dan Penerapan Persyaratan atau Standar Pada Usaha Pengolahan dan Pemasaran Skala Menengah dan Besar;31;245853565;2024
207;3.25.06.1.02.0002;Pelaksanaan Bimbingan, Fasilitasi, Pemantauan, dan Evaluasi Terhadap Mutu dan Keamanan Hasil Perikanan dalam rangka Menghasilkan Produk yang Aman untuk Dikonsumsi atau Digunakan, dan Berdaya Saing;31;761667538;2024
208;3.25.06.1.03.0001;Pemetaaan dan Pemantauan Kebutuhan Bahan Baku Usaha Pengolahan/Distribusi Ikan Lintas Daerah Kabupaten/Kota dalam 1 (Satu) Daerah Provinsi;31;102840000;2024
208;3.25.06.1.03.0002;Pemberian Insentif dan Fasilitasi bagi Pelaku Usaha Perikanan Lintas Daerah Kabupaten/Kota dalam 1 (Satu) Daerah Provinsi;31;550514625;2024
209;2.12.01.1.01.0002;Koordinasi dan Penyusunan Dokumen RKA- SKPD;22;26454050;2024
209;2.12.01.1.01.0003;Koordinasi dan Penyusunan Dokumen Perubahan RKA-SKPD;22;5545000;2024
209;2.12.01.1.01.0004;Koordinasi dan Penyusunan DPA-SKPD;22;4528950;2024
209;2.12.01.1.01.0005;Koordinasi dan Penyusunan Perubahan DPA- SKPD;22;6375850;2024
209;2.12.01.1.01.0007;Evaluasi Kinerja Perangkat Daerah;22;569999950;2024
210;2.12.01.1.02.0001;Penyediaan Gaji dan Tunjangan ASN;22;5659811186;2024
210;2.12.01.1.02.0005;Koordinasi dan Penyusunan Laporan Keuangan Akhir Tahun SKPD;22;18928550;2024
211;2.12.01.1.03.0005;Rekonsiliasi dan Penyusunan Laporan Barang Milik Daerah pada SKPD;22;0;2024
211;2.12.01.1.03.0006;Penatausahaan Barang Milik Daerah pada SKPD;22;48891500;2024
212;2.12.01.1.05.0010;Sosialisasi Peraturan Perundang-Undangan;22;449999750;2024
213;2.12.01.1.06.0001;Penyediaan Komponen Instalasi Listrik/Penerangan Bangunan Kantor;22;19162300;2024
213;2.12.01.1.06.0002;Penyediaan Peralatan dan Perlengkapan Kantor;22;199885715;2024
213;2.12.01.1.06.0005;Penyediaan Barang Cetakan dan Penggandaan;22;66158300;2024
213;2.12.01.1.06.0009;Penyelenggaraan Rapat Koordinasi dan Konsultasi SKPD;22;1025389000;2024
214;2.12.01.1.07.0006;Pengadaan Peralatan dan Mesin Lainnya;22;40373000;2024
215;2.12.01.1.08.0002;Penyediaan Jasa Komunikasi, Sumber Daya Air dan Listrik;22;200999444;2024
215;2.12.01.1.08.0004;Penyediaan Jasa Pelayanan Umum Kantor;22;1167490000;2024
216;2.12.01.1.09.0001;Penyediaan Jasa Pemeliharaan, Biaya Pemeliharaan dan Pajak Kendaraan Perorangan Dinas atau Kendaraan Dinas Jabatan;22;522976500;2024
216;2.12.01.1.09.0006;Pemeliharaan Peralatan dan Mesin Lainnya;22;293800000;2024
217;2.12.02.1.01.0002;Pendataan Penduduk Non Permanen dan Rentan Administrasi Kependudukan Lintas Kabupaten/Kota dalam Satu Provinsi;22;199999850;2024
218;2.12.02.1.02.0001;Fasilitasi Terkait Pendaftaran Penduduk;22;596966700;2024
219;2.12.03.1.02.0001;Fasilitasi terkait Pencatatan Sipil;22;596961800;2024
220;2.12.04.1.02.0005;Penyelenggaraan Pemanfaatan Data Kependudukan ;22;175510450;2024
221;2.12.04.1.03.0001;Pembinaan dan Pengawasan tekait Pengelolaan Informasi Administrasi Kependudukan;22;311237800;2024
221;2.12.04.1.03.0002;Bimbingan Teknis Terkait Pengelolaan Informasi Administrasi Kependudukan dan Pendayagunaan Data Kependudukan;22;46650000;2024
222;2.12.05.1.01.0001;Penyediaan Data Kependudukan Provinsi;22;148500000;2024
222;2.12.05.1.01.0002;Penyusunan Profil Data Perkembangan dan Proyeksi kependudukan serta Kebutuhan yang lain;22;72215000;2024
223;1.02.01.1.01.0001;Penyusunan Dokumen Perencanaan Perangkat Daerah;12;604390000;2024
223;1.02.01.1.01.0006;Koordinasi dan Penyusunan Laporan Capaian Kinerja dan Ikhtisar Realisasi Kinerja SKPD;12;120000000;2024
224;1.02.01.1.02.0001;Penyediaan Gaji dan Tunjangan ASN;12;164233663233;2024
224;1.02.01.1.02.0002;Penyediaan Administrasi Pelaksanaan Tugas ASN;12;14224794000;2024
224;1.02.01.1.02.0003;Pelaksanaan Penatausahaan dan Pengujian/Verifikasi Keuangan SKPD;12;210639750;2024
224;1.02.01.1.02.0005;Koordinasi dan Penyusunan Laporan Keuangan Akhir Tahun SKPD;12;111795500;2024
224;1.02.01.1.02.0006;Pengelolaan dan Penyiapan Bahan Tanggapan Pemeriksaan;12;96775650;2024
225;1.02.01.1.03.0001;Penyusunan Perencanaan Kebutuhan Barang Milik Daerah SKPD;12;76544800;2024
225;1.02.01.1.03.0006;Penatausahaan Barang Milik Daerah pada SKPD;12;154244000;2024
226;1.02.01.1.05.0002;Pengadaan Pakaian Dinas Beserta Atribut Kelengkapannya;12;0;2024
226;1.02.01.1.05.0003;Pendataan dan Pengolahan Administrasi Kepegawaian;12;121461000;2024
226;1.02.01.1.05.0011;Bimbingan Teknis Implementasi Peraturan Perundang-Undangan;12;120143000;2024
227;1.02.01.1.06.0002;Penyediaan Peralatan dan Perlengkapan Kantor;12;3955761445;2024
227;1.02.01.1.06.0004;Penyediaan Bahan Logistik Kantor;12;199990000;2024
228;1.02.01.1.07.0002;Pengadaan Kendaraan Dinas Operasional atau Lapangan;12;345038000;2024
228;1.02.01.1.07.0006;Pengadaan Peralatan dan Mesin Lainnya;12;8896912313;2024
228;1.02.01.1.07.0009;Pengadaan Gedung Kantor atau Bangunan Lainnya;12;0;2024
228;1.02.01.1.07.0011;Pengadaan Sarana dan Prasarana Pendukung Gedung Kantor atau Bangunan Lainnya;12;2254305743;2024
229;1.02.01.1.08.0002;Penyediaan Jasa Komunikasi, Sumber Daya Air dan Listrik;12;6634291453;2024
229;1.02.01.1.08.0004;Penyediaan Jasa Pelayanan Umum Kantor;12;1164600000;2024
230;1.02.01.1.09.0001;Penyediaan Jasa Pemeliharaan, Biaya Pemeliharaan dan Pajak Kendaraan Perorangan Dinas atau Kendaraan Dinas Jabatan;12;147200000;2024
230;1.02.01.1.09.0002;Penyediaan Jasa Pemeliharaan, Biaya Pemeliharaan, Pajak dan Perizinan Kendaraan Dinas Operasional atau Lapangan;12;538270000;2024
230;1.02.01.1.09.0006;Pemeliharaan Peralatan dan Mesin Lainnya;12;0;2024
230;1.02.01.1.09.0009;Pemeliharaan/Rehabilitasi Gedung Kantor dan Bangunan Lainnya;12;649920236;2024
230;1.02.01.1.09.0010;Pemeliharaan/Rehabilitasi Sarana dan Prasarana Gedung Kantor atau Bangunan Lainnya;12;361045621;2024
230;1.02.01.1.09.0011;Pemeliharaan/Rehabilitasi Sarana dan Prasarana Pendukung Gedung Kantor atau Bangunan Lainnya;12;1016358979;2024
231;1.02.01.1.10.0001;Pelayanan dan Penunjang Pelayanan BLUD;12;263959729451;2024
232;1.02.02.1.01.0004;Pengembangan Fasilitas Kesehatan Lainnya;12;4366500470;2024
232;1.02.02.1.01.0008;Rehabilitasi dan Pemeliharaan Fasilitas Kesehatan Lainnya;12;291134900;2024
232;1.02.02.1.01.0010;Pengadaan Alat Kesehatan/Alat Penunjang Medik Fasilitas Layanan Kesehatan ;12;14430153605;2024
232;1.02.02.1.01.0025;Distribusi  Alat Kesehatan, Obat, Bahan Habis Pakai, Bahan Medis Habis Pakai, Vaksin, Makanan dan Minuman  ke Fasilitas Kesehatan;12;450009650;2024
232;1.02.02.1.01.0027;Pengadaan Obat, Bahan Habis Pakai, Bahan Medis Habis Pakai,, Vaksin, Makanan dan Minuman di Fasilitas Kesehatan;12;2910512350;2024
233;1.02.02.1.02.0001;Pengelolaan Pelayanan Kesehatan bagi Penduduk Terdampak Krisis Kesehatan Akibat Bencana dan/atau Berpotensi Bencana;12;115828950;2024
233;1.02.02.1.02.0002;Pengelolaan Pelayanan Kesehatan bagi Penduduk pada Kondisi Kejadian Luar Biasa (KLB);12;1504875000;2024
233;1.02.02.1.02.0003;Pengelolaan Pelayanan Kesehatan Ibu dan Anak;12;395671490;2024
233;1.02.02.1.02.0004;Pengelolaan Pelayanan Kesehatan Usia Produktif;12;239999790;2024
233;1.02.02.1.02.0005;Pengelolaan Pelayanan Kesehatan Usia Lanjut ;12;159999850;2024
233;1.02.02.1.02.0006;Pengelolaan Pelayanan Kesehatan Gizi Masyarakat;12;686939150;2024
233;1.02.02.1.02.0007;Pengelolaan Pelayanan Kesehatan Kerja dan Olahraga;12;160000000;2024
233;1.02.02.1.02.0008;Pengelolaan Pelayanan Kesehatan Lingkungan ;12;240000000;2024
233;1.02.02.1.02.0009;Pengelolaan Pelayanan Promosi Kesehatan ;12;159999900;2024
233;1.02.02.1.02.0010;Pengelolaan Pelayanan Kesehatan Tradisonal, Akupuntur, Asuhan Mandiri dan Tradisional Lainnya;12;123483700;2024
233;1.02.02.1.02.0011;Pengelolaan Pelayanan Kesehatan Penyakit Menular dan Tidak Menular ;12;2108777416;2024
233;1.02.02.1.02.0012;Pengelolaan Pelayanan Kesehatan Haji;12;119999700;2024
233;1.02.02.1.02.0013;Pengelolaan Pelayanan Kesehatan Orang dengan Masalah Kesehatan Jiwa (ODMK);12;110514000;2024
233;1.02.02.1.02.0014;Pengelolaan Pelayanan Kesehatan Orang dengan Kecanduan NAPZA;12;100000150;2024
233;1.02.02.1.02.0016;Pengelolaan Jaminan Kesehatan Masyarakat;12;40159999950;2024
233;1.02.02.1.02.0017;Pengelolaan Surveilans Kesehatan;12;297385000;2024
233;1.02.02.1.02.0018;Koordinasi dan Sinkronisasi Penerapan SPM Bidang Kesehatan Lintas Kabupaten/Kota;12;200000000;2024
233;1.02.02.1.02.0019;Pembinaan Pelaksanaan Upaya Pelayanan Kesehatan;12;1864529850;2024
233;1.02.02.1.02.0020;Verifikasi dan Penilaian Kelayakan Puskesmas untuk Registrasi Puskesmas;12;160000000;2024
233;1.02.02.1.02.0021;Investigasi Lanjutan Kejadian Ikutan Pasca Imunisasi dan Pemberian Obat Massal oleh Kabupaten/Kota;12;199861500;2024
233;1.02.02.1.02.0023;Penyediaan dan Pengelolaan Sistem Penanganan Gawat Darurat Terpadu (SPGDT);12;121717250;2024
233;1.02.02.1.02.0024;Pengelolaan Rujukan dan Rujuk Balik;12;159340968;2024
233;1.02.02.1.02.0026;Upaya Pengurangan Risiko Krisis Kesehatan;12;96849650;2024
234;1.02.02.1.03.0002;Pengelolaan Sistem Informasi Kesehatan;12;709999678;2024
235;1.02.02.1.04.0003;Peningkatan Mutu Pelayanan Fasilitas Kesehatan ;12;640684000;2024
236;1.02.03.1.01.0001;Pemenuhan Kebutuhan Sumber Daya Manusia Kesehatan ;12;159999700;2024
236;1.02.03.1.01.0002;Distribusi dan Pemerataan Sumber Daya Manusia Kesehatan;12;119999800;2024
237;1.02.03.1.02.0001;Peningkatan Kompetensi dan Kualifikasi Sumber Daya Manusia Kesehatan ;12;159999300;2024
237;1.02.03.1.02.0002;Pembinaan dan Pengawasan Sumber Daya Manusia Kesehatan;12;119999900;2024
238;1.02.04.1.01.0001;Pengendalian dan Pengawasan serta Tindak Lanjut Penerbitan Pengakuan PBF Cabang dan Cabang PAK;12;609999850;2024
239;1.02.04.1.02.0001;Pengendalian dan Pengawasan serta Tindak Lanjut Penerbitan Izin Usaha Kecil Obat Tradisional;12;0;2024
240;1.02.05.1.01.0001;Peningkatan Upaya Advokasi Kesehatan, Pemberdayaan, Penggalangan Kemitraan, Peran serta Masyarakat dan Lintas Sektor Tingkat Daerah Provinsi ;12;280000150;2024
241;1.02.05.1.02.0001;Penyelenggaraan Promosi Kesehatan dan Perilaku Hidup Bersih dan Sehat;12;160000200;2024
242;1.02.05.1.03.0001;Bimbingan Teknis dan Supervisi UKBM;12;160000000;2024
243;2.16.01.1.01.0001;Penyusunan Dokumen Perencanaan Perangkat Daerah;26;149051850;2024
243;2.16.01.1.01.0002;Koordinasi dan Penyusunan Dokumen RKA- SKPD;26;21399850;2024
243;2.16.01.1.01.0007;Evaluasi Kinerja Perangkat Daerah;26;66946000;2024
244;2.16.01.1.02.0001;Penyediaan Gaji dan Tunjangan ASN;26;6948083407;2024
244;2.16.01.1.02.0002;Penyediaan Administrasi Pelaksanaan Tugas ASN;26;1485670000;2024
244;2.16.01.1.02.0005;Koordinasi dan Penyusunan Laporan Keuangan Akhir Tahun SKPD;26;20000000;2024
245;2.16.01.1.03.0005;Rekonsiliasi dan Penyusunan Laporan Barang Milik Daerah pada SKPD;26;70000000;2024
245;2.16.01.1.03.0006;Penatausahaan Barang Milik Daerah pada SKPD;26;20000000;2024
246;2.16.01.1.05.0002;Pengadaan Pakaian Dinas Beserta Atribut Kelengkapannya;26;143707440;2024
246;2.16.01.1.05.0005;Monitoring, Evaluasi, dan Penilaian Kinerja Pegawai;26;140350000;2024
246;2.16.01.1.05.0010;Sosialisasi Peraturan Perundang-Undangan;26;20519850;2024
246;2.16.01.1.05.0011;Bimbingan Teknis Implementasi Peraturan Perundang-Undangan;26;41769000;2024
247;2.16.01.1.06.0001;Penyediaan Komponen Instalasi Listrik/Penerangan Bangunan Kantor;26;14992575;2024
247;2.16.01.1.06.0002;Penyediaan Peralatan dan Perlengkapan Kantor;26;210465000;2024
247;2.16.01.1.06.0005;Penyediaan Barang Cetakan dan Penggandaan;26;25660050;2024
247;2.16.01.1.06.0009;Penyelenggaraan Rapat Koordinasi dan Konsultasi SKPD;26;1070261000;2024
248;2.16.01.1.07.0001;Pengadaan Kendaraan Perorangan Dinas atau Kendaraan Dinas Jabatan;26;729796000;2024
248;2.16.01.1.07.0005;Pengadaan Mebel;26;256444100;2024
248;2.16.01.1.07.0006;Pengadaan Peralatan dan Mesin Lainnya;26;570215970;2024
249;2.16.01.1.08.0002;Penyediaan Jasa Komunikasi, Sumber Daya Air dan Listrik;26;249998922;2024
250;2.16.01.1.09.0001;Penyediaan Jasa Pemeliharaan, Biaya Pemeliharaan dan Pajak Kendaraan Perorangan Dinas atau Kendaraan Dinas Jabatan;26;555700000;2024
250;2.16.01.1.09.0006;Pemeliharaan Peralatan dan Mesin Lainnya;26;64030000;2024
250;2.16.01.1.09.0009;Pemeliharaan/Rehabilitasi Gedung Kantor dan Bangunan Lainnya;26;395200000;2024
251;2.16.02.1.01.0002;Monitoring Opini dan Aspirasi Publik;26;8308900;2024
251;2.16.02.1.01.0004;Pengelolaan Konten dan Perencanaan Media Komunikasi Publik;26;194240000;2024
251;2.16.02.1.01.0005;Pengelolaan Media Komunikasi Publik;26;1989819950;2024
251;2.16.02.1.01.0006;Pelayanan Informasi Publik;26;153800000;2024
251;2.16.02.1.01.0007;Layanan Hubungan Media;26;876200000;2024
251;2.16.02.1.01.0008;Kemitraan dengan Pemangku Kepentingan;26;107640000;2024
251;2.16.02.1.01.0010;Penguatan Kapasitas Sumber Daya Komunikasi Publik;26;62100000;2024
251;2.16.02.1.01.0011;Penguatan Tata Kelola Komisi Informasi di Daerah;26;1534747000;2024
251;2.16.02.1.01.0012;Penyelenggaraan Hubungan Masyarakat, Media dan Kemitraan Komunitas;26;199296000;2024
251;2.16.02.1.01.0013;Penyediaan/Pengadaan Sarana dan Prasarana Pendukung Informasi dan Komunikasi Publik Pemerintah Daerah Provinsi;26;70405800;2024
252;2.16.03.1.01.0003;Penyelenggaraan Sistem Jaringan Intra Pemerintah Daerah;26;5240303750;2024
253;2.16.03.1.02.0003;Pengelolaan Pusat Data Pemerintahan Daerah;26;472752316;2024
253;2.16.03.1.02.0007;Pengembangan Aplikasi dan Proses Bisnis Pemerintahan Berbasis Elektronik;26;28193350;2024
253;2.16.03.1.02.0010;Pengembangan dan Pengelolaan Sumber Daya Teknologi Informasi dan Komunikasi Pemerintah Daerah;26;266947750;2024
253;2.16.03.1.02.0012;Monitoring, Evaluasi dan Pelaporan Pengembangan Ekosistem SPBE;26;399342300;2024
254;2.20.02.1.01.0001;Koordinasi dan Sinkronisasi Pengumpulan, Pengolahan, Analisis dan Diseminasi Data Statistik Sektoral;26;489855000;2024
254;2.20.02.1.01.0002;Peningkatan Kapasitas SDM Pemerintah Daerah dalam Peningkatan Mutu Statistik Daerah yang Terintegrasi;26;87320000;2024
254;2.20.02.1.01.0003;Membangun Metadata Statistik Sektoral;26;7500000;2024
254;2.20.02.1.01.0004;Peningkatan Kapasitas Kelembagaan Statistik Sektoral;26;41305900;2024
254;2.20.02.1.01.0005;Pengembangan Infrastruktur;26;55330000;2024
255;2.21.02.1.01.0001;Penetapan Kebijakan Tata Kelola Keamanan Informasi dan Jaring Komunikasi Sandi Pemerintah Daerah Provinsi ;26;83700000;2024
255;2.21.02.1.01.0002;Pelaksanaan Analisis Kebutuhan dan Pengelolaan Sumber Daya Keamanan Informasi Pemerintah Daerah Provinsi ;26;126218000;2024
255;2.21.02.1.01.0003;Pelaksanaan Keamanan Informasi Pemerintahan Daerah Provinsi Berbasis Elektronik dan Non Elektronik;26;43876000;2024
255;2.21.02.1.01.0004;Penyediaan Layanan Keamanan Informasi Pemerintah Daerah Provinsi ;26;304112900;2024
256;2.21.02.1.02.0001;Operasionalisasi Jaring Komunikasi Sandi Pemerintah Daerah Provinsi ;26;42507000;2024
257;2.17.01.1.01.0001;Penyusunan Dokumen Perencanaan Perangkat Daerah;27;168100000;2024
257;2.17.01.1.01.0002;Koordinasi dan Penyusunan Dokumen RKA- SKPD;27;29349800;2024
257;2.17.01.1.01.0003;Koordinasi dan Penyusunan Dokumen Perubahan RKA-SKPD;27;26099800;2024
257;2.17.01.1.01.0004;Koordinasi dan Penyusunan DPA-SKPD;27;16700450;2024
257;2.17.01.1.01.0005;Koordinasi dan Penyusunan Perubahan DPA- SKPD;27;13450450;2024
257;2.17.01.1.01.0006;Koordinasi dan Penyusunan Laporan Capaian Kinerja dan Ikhtisar Realisasi Kinerja SKPD;27;17293350;2024
257;2.17.01.1.01.0007;Evaluasi Kinerja Perangkat Daerah;27;139396900;2024
258;2.17.01.1.02.0001;Penyediaan Gaji dan Tunjangan ASN;27;9851191509;2024
258;2.17.01.1.02.0002;Penyediaan Administrasi Pelaksanaan Tugas ASN;27;1690650000;2024
258;2.17.01.1.02.0003;Pelaksanaan Penatausahaan dan Pengujian/Verifikasi Keuangan SKPD;27;5158900;2024
258;2.17.01.1.02.0004;Koordinasi dan Pelaksanaan Akuntansi SKPD;27;4963950;2024
258;2.17.01.1.02.0005;Koordinasi dan Penyusunan Laporan Keuangan Akhir Tahun SKPD;27;30250000;2024
258;2.17.01.1.02.0006;Pengelolaan dan Penyiapan Bahan Tanggapan Pemeriksaan;27;5959750;2024
258;2.17.01.1.02.0007;Koordinasi dan Penyusunan Laporan Keuangan Bulanan/ Triwulanan/Semesteran SKPD;27;6750000;2024
258;2.17.01.1.02.0008;Penyusunan Pelaporan dan Analisis Prognosis Realisasi Anggaran;27;5207900;2024
259;2.17.01.1.03.0001;Penyusunan Perencanaan Kebutuhan Barang Milik Daerah SKPD;27;2634950;2024
259;2.17.01.1.03.0002;Pengamanan Barang Milik Daerah SKPD;27;29000800;2024
259;2.17.01.1.03.0003;Koordinasi dan Penilaian Barang Milik Daerah SKPD;27;19250450;2024
259;2.17.01.1.03.0005;Rekonsiliasi dan Penyusunan Laporan Barang Milik Daerah pada SKPD;27;2277900;2024
259;2.17.01.1.03.0006;Penatausahaan Barang Milik Daerah pada SKPD;27;6028700;2024
260;2.17.01.1.05.0004;Koordinasi dan Pelaksanaan Sistem Informasi Kepegawaian;27;71250100;2024
260;2.17.01.1.05.0005;Monitoring, Evaluasi, dan Penilaian Kinerja Pegawai;27;52100850;2024
261;2.17.01.1.06.0001;Penyediaan Komponen Instalasi Listrik/Penerangan Bangunan Kantor;27;14505395;2024
261;2.17.01.1.06.0002;Penyediaan Peralatan dan Perlengkapan Kantor;27;89338985;2024
261;2.17.01.1.06.0003;Penyediaan Peralatan Rumah Tangga;27;13860447;2024
261;2.17.01.1.06.0005;Penyediaan Barang Cetakan dan Penggandaan;27;20749200;2024
261;2.17.01.1.06.0008;Fasilitasi Kunjungan Tamu;27;77385000;2024
261;2.17.01.1.06.0009;Penyelenggaraan Rapat Koordinasi dan Konsultasi SKPD;27;414781000;2024
262;2.17.01.1.07.0002;Pengadaan Kendaraan Dinas Operasional atau Lapangan;27;0;2024
262;2.17.01.1.07.0006;Pengadaan Peralatan dan Mesin Lainnya;27;20000000;2024
263;2.17.01.1.08.0002;Penyediaan Jasa Komunikasi, Sumber Daya Air dan Listrik;27;656373360;2024
263;2.17.01.1.08.0004;Penyediaan Jasa Pelayanan Umum Kantor;27;31240000;2024
264;2.17.01.1.09.0001;Penyediaan Jasa Pemeliharaan, Biaya Pemeliharaan dan Pajak Kendaraan Perorangan Dinas atau Kendaraan Dinas Jabatan;27;16350000;2024
264;2.17.01.1.09.0002;Penyediaan Jasa Pemeliharaan, Biaya Pemeliharaan, Pajak dan Perizinan Kendaraan Dinas Operasional atau Lapangan;27;200320000;2024
264;2.17.01.1.09.0005;Pemeliharaan Mebel;27;0;2024
264;2.17.01.1.09.0006;Pemeliharaan Peralatan dan Mesin Lainnya;27;76240000;2024
264;2.17.01.1.09.0009;Pemeliharaan/Rehabilitasi Gedung Kantor dan Bangunan Lainnya;27;10000000;2024
264;2.17.01.1.09.0010;Pemeliharaan/Rehabilitasi Sarana dan Prasarana Gedung Kantor atau Bangunan Lainnya;27;120000000;2024
265;2.17.02.1.01.0002;Fasilitasi Izin Usaha Simpan Pinjam untuk Koperasi Dengan Wilayah Keanggotaan Lintas Daerah Kabupaten/Kota dalam 1 (satu) Daerah Provinsi;27;29999450;2024
266;2.17.02.1.02.0003;Fasilitasi Izin Usaha Pembukaan Kantor Cabang, Cabang Pembantu dan Kantor Kas Koperasi Simpan Pinjam untuk Koperasi dengan Wilayah Keanggotaan Lintas Daerah Kabupaten/Kota dalam 1 (satu) Daerah Provinsi;27;89999350;2024
267;2.17.03.1.01.0003;Penguatan Tata Kelola Kelembagaan Koperasi;27;139175050;2024
268;2.17.03.1.02.0002;Pelaksanaan Pemeriksaan dan Pengawasan Koperasi yang Wilayah Keanggotaannya Lintas Daerah Kabupaten/Kota dalam 1 (satu) Daerah Provinsi;27;50023250;2024
269;2.17.04.1.01.0003;Penilaian Kesehatan Koperasi Meliputi Tata Kelola, Profil Risiko, Kinerja Keuangan, dan Permodalan;27;164999250;2024
270;2.17.05.1.01.0001;Peningkatan Pemahaman dan Pengetahuan Perkoperasian serta Kapasitas dan Kompetensi SDM Koperasi;27;4510149974;2024
271;2.17.06.1.01.0002;Peningkatan Produktivitas, Nilai Tambah, Akses Pasar, Akses Pembiayaan, Penguatan Kelembagaan, Penataan Manajemen, Standarisasi, dan Restrukturisasi Usaha;27;309785500;2024
271;2.17.06.1.01.0003;Penumbuhan Kesadaran Keluarga dalam Peningkatan Taraf Hidup Keluarga Melalui Kehidupan Berkoperasi dan Pengembangan Ekonomi Lainnya;27;24341750;2024
271;2.17.06.1.01.0009;Pemberdayaan  Koperasi dengan Keanggotaan Lintas Daerah Kabupaten/Kota dalam 1 (satu) Daerah Provinsi;27;259442350;2024
272;2.17.07.1.01.0001;Menumbuhkembangkan UMKM untuk Menjadi Usaha yang Tangguh dan Mandiri Sehingga dapat Meningkatkan Penciptaan Lapangan Kerja, Pemerataan Pendapatan, Pertumbuhan Ekonomi, dan Pengentasan Kemiskinan;27;338464500;2024
272;2.17.07.1.01.0002;Peningkatan Pemahaman dan Pengetahuan UMKM serta Kapasitas dan Kompetensi SDM UMKM dan Kewirausahaan;27;123294750;2024
273;2.17.08.1.01.0001;Produksi dan Pengolahan, Pemasaran, Sumber Daya Manusia, serta Desain dan Teknologi;27;476206150;2024
273;2.17.08.1.01.0002;Peningkatan Pemahaman dan Pengetahuan Literasi Hukum dan Bantuan Penyelesaian Perkara bagi Pelaku UMKM ;27;49999900;2024
274;2.11.01.1.01.0001;Penyusunan Dokumen Perencanaan Perangkat Daerah;21;19145750;2024
274;2.11.01.1.01.0002;Koordinasi dan Penyusunan Dokumen RKA- SKPD;21;0;2024
274;2.11.01.1.01.0006;Koordinasi dan Penyusunan Laporan Capaian Kinerja dan Ikhtisar Realisasi Kinerja SKPD;21;249999700;2024
274;2.11.01.1.01.0007;Evaluasi Kinerja Perangkat Daerah;21;6875000;2024
275;2.11.01.1.02.0001;Penyediaan Gaji dan Tunjangan ASN;21;7344740697;2024
275;2.11.01.1.02.0002;Penyediaan Administrasi Pelaksanaan Tugas ASN;21;1299470000;2024
275;2.11.01.1.02.0005;Koordinasi dan Penyusunan Laporan Keuangan Akhir Tahun SKPD;21;25677085;2024
276;2.11.01.1.03.0005;Rekonsiliasi dan Penyusunan Laporan Barang Milik Daerah pada SKPD;21;14040700;2024
277;2.11.01.1.05.0002;Pengadaan Pakaian Dinas Beserta Atribut Kelengkapannya;21;0;2024
277;2.11.01.1.05.0004;Koordinasi dan Pelaksanaan Sistem Informasi Kepegawaian;21;84165000;2024
277;2.11.01.1.05.0005;Monitoring, Evaluasi, dan Penilaian Kinerja Pegawai;21;0;2024
277;2.11.01.1.05.0010;Sosialisasi Peraturan Perundang-Undangan;21;10050000;2024
278;2.11.01.1.06.0001;Penyediaan Komponen Instalasi Listrik/Penerangan Bangunan Kantor;21;5714914;2024
278;2.11.01.1.06.0002;Penyediaan Peralatan dan Perlengkapan Kantor;21;318050247;2024
278;2.11.01.1.06.0005;Penyediaan Barang Cetakan dan Penggandaan;21;41084056;2024
278;2.11.01.1.06.0006;Penyediaan Bahan Bacaan dan Peraturan Perundang-Undangan;21;12600000;2024
278;2.11.01.1.06.0009;Penyelenggaraan Rapat Koordinasi dan Konsultasi SKPD;21;489987000;2024
279;2.11.01.1.07.0005;Pengadaan Mebel;21;67230180;2024
279;2.11.01.1.07.0006;Pengadaan Peralatan dan Mesin Lainnya;21;204358400;2024
280;2.11.01.1.08.0002;Penyediaan Jasa Komunikasi, Sumber Daya Air dan Listrik;21;401351999;2024
280;2.11.01.1.08.0004;Penyediaan Jasa Pelayanan Umum Kantor;21;19675000;2024
281;2.11.01.1.09.0001;Penyediaan Jasa Pemeliharaan, Biaya Pemeliharaan dan Pajak Kendaraan Perorangan Dinas atau Kendaraan Dinas Jabatan;21;465452600;2024
281;2.11.01.1.09.0006;Pemeliharaan Peralatan dan Mesin Lainnya;21;139950000;2024
281;2.11.01.1.09.0009;Pemeliharaan/Rehabilitasi Gedung Kantor dan Bangunan Lainnya;21;658876200;2024
282;2.11.02.1.01.0002;Pengendalian Pelaksanaan RPPLH Provinsi;21;65398750;2024
283;2.11.02.1.02.0002;Pembuatan dan Pelaksanaan KLHS RPJPD/RPJMD;21;508853800;2024
284;2.11.03.1.01.0001;Koordinasi, Sinkronisasi dan Pelaksanaan Pencegahan Pencemaran Lingkungan Hidup Dilaksanakan terhadap Media Tanah, Air, Udara, dan Laut;21;241820000;2024
284;2.11.03.1.01.0002;Koordinasi, Sinkronisasi dan Pelaksanaan Pengendalian Emisi Gas Rumah Kaca, Mitigasi dan Adaptasi Perubahan Iklim;21;97379400;2024
284;2.11.03.1.01.0015;Pengelolaan Laboratorium Lingkungan Hidup Provinsi;21;177089548;2024
285;2.11.03.1.02.0001;Pemberian Informasi Peringatan Pencemaran dan/atau Kerusakan Lingkungan Hidup pada Masyarakat ;21;45734710;2024
286;2.11.03.1.03.0001;Koordinasi dan Sinkronisasi Penghentian Sumber Pencemaran;21;52350000;2024
286;2.11.03.1.03.0008;Pelaksanaan Restorasi;21;160254000;2024
286;2.11.03.1.03.0009;Koordinasi dan Sinkronisasi rehabilitasi;21;49991000;2024
287;2.11.04.1.01.0001;Penyusunan dan Penetapan Rencana Pengelolaan Keanekaragaman Hayati;21;0;2024
287;2.11.04.1.01.0006;Pengembangan Kapasitas Kelembagaan dan SDM dalam Pengelolaan Keanekaragaman Hayati;21;50000050;2024
287;2.11.04.1.01.0007;Pengelolaan Sarana dan Prasarana Keanekaragam Hayati;21;0;2024
287;2.11.04.1.01.0008;Pengelolaan Taman Keanekaragaman Hayati di Luar Kawasan Hutan;21;49999750;2024
288;2.11.05.1.01.0002;Koordinasi dan Sinkronisasi Pengelolaan Limbah B3 dengan Pemerintah Pusat dalam rangka Pengangkutan, Pemanfaatan, Pengolahan, dan/atau Penimbunan;21;135044750;2024
289;2.11.06.1.01.0001;Fasilitasi Pemenuhan Ketentuan dan Kewajiban Izin Lingkungan dan/atau Izin PPLH;21;23142450;2024
289;2.11.06.1.01.0006;Pengawasan Perizinan Berusaha atau Persetujuan Pemerintah terkait Persetujuan Lingkungan yang diterbitkan oleh Pemerintah Daerah Provinsi dan Peraturan Perundang-undangan di bidang Perlindungan dan Pengelolaan Lingkungan Hidup;21;210525750;2024
290;2.11.07.1.02.0001;Pemberdayaan, Kemitraan, Pendampingan dan Penguatan Kelembagaan MHA, Kearifan Lokal, Pengetahuan Tradisional dan Hak MHA terkait dengan PPLH;21;39999850;2024
291;2.11.08.1.01.0002;Pendampingan Gerakan Peduli Lingkungan Hidup ;21;104423950;2024
291;2.11.08.1.01.0003;Penyelengaraan Penyuluhan dan Kampanye Lingkungan Hidup Tingkat Daerah Provinsi;21;24999950;2024
291;2.11.08.1.01.0004;Penumbuhan Kesadaran Keluarga dalam Peningkatan Kualitas Kelestarian Lingkungan Hidup;21;10000000;2024
291;2.11.08.1.01.0005;Peningkatan Kapasitas dan Kompetensi Sumber Daya Manusia Bidang lingkungan hidup untuk Lembaga pendidikan formal/lembaga masyarakat/komunitas/kelompok masyarakat;21;9999800;2024
292;2.11.09.1.01.0001;Penilaian Kinerja Masyarakat/Lembaga Masyarakat/Dunia Usaha/Dunia Pendidikan/ Filantropi dalam Perlindungan dan Pengelolaan Lingkungan Hidup;21;35000500;2024
293;2.11.10.1.01.0007;Pengelolaan Pengaduan permasalahan Pencemaran dan Perusakan Lingkungan Hidup tingkat Provinsi;21;45938300;2024
294;2.11.11.1.01.0005;Koordinasi dan Sinkronisasi Penyediaan Prasarana dan Sarana Penanganan Sampah di TPA/TPST Regional;21;100000100;2024
294;2.11.11.1.01.0010;Pelaksanaan pemantauan, pembinaan, verifikasi dan pengawasan atas penerapan Rencana, Kebijakan dan Teknis pengelolaan Sampah Regional;21;52561750;2024
294;2.11.11.1.01.0013;Pelaksanaan Penanganan Sampah pada Kondisi Khusus yang menjadi kewenangan provinsi;21;75059700;2024
294;2.11.11.1.01.0014;Koordinasi, sinkronisasi dan pemantauan pelaksanaan pengelolaan sampah di kabupaten/kota;21;84436900;2024
295;2.09.01.1.01.0001;Penyusunan Dokumen Perencanaan Perangkat Daerah;19;303860400;2024
295;2.09.01.1.01.0002;Koordinasi dan Penyusunan Dokumen RKA- SKPD;19;17247425;2024
295;2.09.01.1.01.0003;Koordinasi dan Penyusunan Dokumen Perubahan RKA-SKPD;19;13172500;2024
295;2.09.01.1.01.0004;Koordinasi dan Penyusunan DPA-SKPD;19;17638625;2024
295;2.09.01.1.01.0005;Koordinasi dan Penyusunan Perubahan DPA- SKPD;19;18587125;2024
295;2.09.01.1.01.0006;Koordinasi dan Penyusunan Laporan Capaian Kinerja dan Ikhtisar Realisasi Kinerja SKPD;19;147100800;2024
295;2.09.01.1.01.0007;Evaluasi Kinerja Perangkat Daerah;19;305388900;2024
296;2.09.01.1.02.0001;Penyediaan Gaji dan Tunjangan ASN;19;8196386609;2024
296;2.09.01.1.02.0002;Penyediaan Administrasi Pelaksanaan Tugas ASN;19;2141572500;2024
296;2.09.01.1.02.0005;Koordinasi dan Penyusunan Laporan Keuangan Akhir Tahun SKPD;19;75320000;2024
297;2.09.01.1.03.0001;Penyusunan Perencanaan Kebutuhan Barang Milik Daerah SKPD;19;7999350;2024
297;2.09.01.1.03.0005;Rekonsiliasi dan Penyusunan Laporan Barang Milik Daerah pada SKPD;19;70000000;2024
298;2.09.01.1.06.0001;Penyediaan Komponen Instalasi Listrik/Penerangan Bangunan Kantor;19;16036335;2024
298;2.09.01.1.06.0002;Penyediaan Peralatan dan Perlengkapan Kantor;19;266330119;2024
298;2.09.01.1.06.0005;Penyediaan Barang Cetakan dan Penggandaan;19;7249650;2024
298;2.09.01.1.06.0009;Penyelenggaraan Rapat Koordinasi dan Konsultasi SKPD;19;509590960;2024
299;2.09.01.1.07.0005;Pengadaan Mebel;19;66580170;2024
299;2.09.01.1.07.0006;Pengadaan Peralatan dan Mesin Lainnya;19;967185883;2024
300;2.09.01.1.08.0002;Penyediaan Jasa Komunikasi, Sumber Daya Air dan Listrik;19;250951550;2024
300;2.09.01.1.08.0004;Penyediaan Jasa Pelayanan Umum Kantor;19;266400010;2024
301;2.09.01.1.09.0001;Penyediaan Jasa Pemeliharaan, Biaya Pemeliharaan dan Pajak Kendaraan Perorangan Dinas atau Kendaraan Dinas Jabatan;19;365409800;2024
301;2.09.01.1.09.0006;Pemeliharaan Peralatan dan Mesin Lainnya;19;579250000;2024
301;2.09.01.1.09.0009;Pemeliharaan/Rehabilitasi Gedung Kantor dan Bangunan Lainnya;19;35000000;2024
302;2.09.02.1.01.0003;Penyediaan Infrastruktur Pendukung Kemandirian Pangan Lainnya;19;2832762549;2024
302;2.09.02.1.01.0004;Koordinasi dan Sinkronisasi dalam rangka Penyediaan Infrastruktur Logistik;19;150000100;2024
302;2.09.02.1.01.0006;Penyediaan Infrastruktur Cadangan Pangan Pemerintah Provinsi;19;3210375032;2024
303;2.09.03.1.01.0002;Penyediaan Pangan Berbasis Sumber Daya Lokal;19;425235900;2024
303;2.09.03.1.01.0003;Koordinasi, Sinkronisasi dan Pelaksanaan Distribusi Pangan Pokok dan Pangan Lainnya;19;226181000;2024
303;2.09.03.1.01.0008;Koordinasi dan Sinkronisasi Pemantauan Stok, Pasokan dan Harga Pangan Pokok Strategis;19;49999900;2024
303;2.09.03.1.01.0011;Pengembangan Kelembagaan Distribusi Pangan Provinsi;19;1225816850;2024
303;2.09.03.1.01.0012;Penyediaan Informasi Harga Pangan Tingkat Produsen dan Konsumen Wilayah Provinsi;19;100000000;2024
304;2.09.03.1.02.0004;Pemeliharaan Cadangan Pangan Pemerintah Provinsi;19;2865093000;2024
304;2.09.03.1.02.0006;Penyaluran Cadangan Pangan Pemerintah Provinsi;19;362940000;2024
305;2.09.03.1.04.0001;Promosi Penganekaragaman Konsumsi Pangan Berbasis Sumber Daya Lokal ;19;2140905958;2024
305;2.09.03.1.04.0002;Koordinasi dan Sinkronisasi Pelaksanaan Advokasi, Edukasi, dan Sosialisasi Konsumsi Pangan Beragam, Bergizi, Seimbang dan Aman (B2SA);19;669789000;2024
305;2.09.03.1.04.0003;Koordinasi dan Sinkronisasi Pemantauan dan Evaluasi Konsumsi per Kapita per Tahun;19;909998550;2024
306;2.09.04.1.01.0001;Penyusunan, Pemutakhiran dan Analisis Peta Ketahanan dan Kerentanan Pangan Provinsi dan Kabupaten/Kota;19;145066500;2024
307;2.09.04.1.02.0002;Pelaksanaan Pengadaan, Pengelolaan, dan Penyaluran Cadangan Pangan pada Kerawanan Pangan yang Mencakup lebih dari 1 (satu) Daerah Kabupaten/Kota dalam 1 (satu) Daerah Provinsi;19;4189985751;2024
307;2.09.04.1.02.0003;Pelaksanaan Intervensi Kewaspadaan Pangan dan Gizi;19;354933700;2024
308;2.09.05.1.01.0006;Sertifikasi Keamanan dan Mutu Pangan Segar Asal Tumbuhan;19;246404500;2024
308;2.09.05.1.01.0007;Rekomendasi Perizinan keamanan pangan segar asal tumbuhan;19;167615050;2024
308;2.09.05.1.01.0008;Rekomendasi Keamanan dan Mutu Pangan Segar Asal Tumbuhan Lintas Daerah Kabupaten/Kota;19;317071000;2024
308;2.09.05.1.01.0009;Penguatan kelembagaan pengawas keamanan dan mutu pangan segar asal tumbuhan;19;201275050;2024
309;3.26.01.1.01.0001;Penyusunan Dokumen Perencanaan Perangkat Daerah;20;286275950;2024
310;3.26.01.1.02.0001;Penyediaan Gaji dan Tunjangan ASN;20;8047111516;2024
310;3.26.01.1.02.0002;Penyediaan Administrasi Pelaksanaan Tugas ASN;20;132240000;2024
310;3.26.01.1.02.0005;Koordinasi dan Penyusunan Laporan Keuangan Akhir Tahun SKPD;20;58000000;2024
311;3.26.01.1.03.0006;Penatausahaan Barang Milik Daerah pada SKPD;20;112297260;2024
312;3.26.01.1.05.0010;Sosialisasi Peraturan Perundang-Undangan;20;7900000;2024
313;3.26.01.1.06.0001;Penyediaan Komponen Instalasi Listrik/Penerangan Bangunan Kantor;20;6932647;2024
313;3.26.01.1.06.0002;Penyediaan Peralatan dan Perlengkapan Kantor;20;73597500;2024
313;3.26.01.1.06.0005;Penyediaan Barang Cetakan dan Penggandaan;20;30498217;2024
313;3.26.01.1.06.0009;Penyelenggaraan Rapat Koordinasi dan Konsultasi SKPD;20;297500981;2024
314;3.26.01.1.07.0006;Pengadaan Peralatan dan Mesin Lainnya;20;701591000;2024
315;3.26.01.1.08.0002;Penyediaan Jasa Komunikasi, Sumber Daya Air dan Listrik;20;255125989;2024
315;3.26.01.1.08.0004;Penyediaan Jasa Pelayanan Umum Kantor;20;1950275780;2024
316;3.26.01.1.09.0001;Penyediaan Jasa Pemeliharaan, Biaya Pemeliharaan dan Pajak Kendaraan Perorangan Dinas atau Kendaraan Dinas Jabatan;20;249964200;2024
316;3.26.01.1.09.0006;Pemeliharaan Peralatan dan Mesin Lainnya;20;26540000;2024
316;3.26.01.1.09.0010;Pemeliharaan/Rehabilitasi Sarana dan Prasarana Gedung Kantor atau Bangunan Lainnya;20;5000000;2024
317;3.26.02.1.01.0006;Perencanaan Daya Tarik Wisata Provinsi;20;136150363;2024
318;3.26.02.1.02.0002;Perencanaan Kawasan Strategis Pariwisata Provinsi;20;1205501300;2024
318;3.26.02.1.02.0004;Pengadaan/Pemeliharaan/Rehabilitasi Sarana dan Prasarana dalam Pengelolaan Kawasan Strategis Pariwisata Provinsi;20;915872922;2024
319;3.26.02.1.03.0004;Pengadaan/Pemeliharaan/Rehabilitasi Sarana dan Prasarana dalam Pengelolaan Destinasi Pariwisata Provinsi;20;49000000;2024
319;3.26.02.1.03.0010;Peningkatan Kapasitas SDM Pengelola Destinasi Pariwisata Provinsi;20;79137000;2024
319;3.26.02.1.03.0011;Penguatan Jejaring Tata Kelola Destinasi Pariwisata Tingkat Provinsi;20;225972091;2024
320;3.26.02.1.04.0013;Kesediaaan pelaku usaha memenuhi standar usaha pariwisata;20;0;2024
321;3.26.03.1.01.0001;Penguatan Promosi Melalui Media Cetak, Elektronik, dan Media Lainnya Baik Dalam dan Luar Negeri;20;260000000;2024
321;3.26.03.1.01.0006;Fasilitasi Kegiatan Pemasaran Pariwisata Baik Dalam dan Luar Negeri;20;1098846800;2024
322;3.26.04.1.01.0003;Koordinasi dan Sinkronisasi Pengembangan Ruang Kreasi dan Jaringan Orang Kreatif;20;15510640;2024
322;3.26.04.1.01.0005;Koordinasi dan Sinkronisasi Peningkatan Usaha Kreatif Terutama bagi Usaha Pemula;20;52600000;2024
322;3.26.04.1.01.0006;Perluasan Pasar Produk Kreatif Baik di Pasar Ekspor maupun Pasar Domestik;20;710777332;2024
323;3.26.04.1.02.0008;Perlindungan Hasil Kreativitas;20;117044501;2024
323;3.26.04.1.02.0018;Fasilitasi Pendaftaran Kekayaan Intelektual;20;174847527;2024
324;3.26.05.1.01.0015;Diklat Teknis Kepariwisataan Tingkat Lanjutan bagi Pemerintah Daerah;20;219314915;2024
324;3.26.05.1.01.0016;Pengembangan Kapasitas SDM Pariwisata Berbasis SKKNI;20;184293450;2024
324;3.26.05.1.01.0018;Monitoring dan Evaluasi Pengembangan Sumber Daya Pariwisata dan Ekonomi Kreatif;20;0;2024
325;3.26.05.1.02.0001;Pelatihan, Bimbingan Teknis, dan Pendampingan Ekonomi Kreatif;20;89075545;2024
325;3.26.05.1.02.0003;Standarisasi Usaha dan Sertifikasi Profesi di Bidang Ekonomi Kreatif;20;207316090;2024
326;2.13.01.1.01.0001;Penyusunan Dokumen Perencanaan Perangkat Daerah;23;51469800;2024
326;2.13.01.1.01.0006;Koordinasi dan Penyusunan Laporan Capaian Kinerja dan Ikhtisar Realisasi Kinerja SKPD;23;24866950;2024
326;2.13.01.1.01.0007;Evaluasi Kinerja Perangkat Daerah;23;43009900;2024
327;2.13.01.1.02.0001;Penyediaan Gaji dan Tunjangan ASN;23;9242818253;2024
327;2.13.01.1.02.0002;Penyediaan Administrasi Pelaksanaan Tugas ASN;23;1193579700;2024
327;2.13.01.1.02.0005;Koordinasi dan Penyusunan Laporan Keuangan Akhir Tahun SKPD;23;46629850;2024
328;2.13.01.1.03.0006;Penatausahaan Barang Milik Daerah pada SKPD;23;49809900;2024
329;2.13.01.1.05.0005;Monitoring, Evaluasi, dan Penilaian Kinerja Pegawai;23;11219850;2024
329;2.13.01.1.05.0009;Pendidikan dan Pelatihan Pegawai Berdasarkan Tugas dan Fungsi;23;0;2024
329;2.13.01.1.05.0010;Sosialisasi Peraturan Perundang-Undangan;23;42485000;2024
329;2.13.01.1.05.0011;Bimbingan Teknis Implementasi Peraturan Perundang-Undangan;23;0;2024
330;2.13.01.1.06.0001;Penyediaan Komponen Instalasi Listrik/Penerangan Bangunan Kantor;23;25008970;2024
330;2.13.01.1.06.0002;Penyediaan Peralatan dan Perlengkapan Kantor;23;96189084;2024
330;2.13.01.1.06.0003;Penyediaan Peralatan Rumah Tangga;23;0;2024
330;2.13.01.1.06.0004;Penyediaan Bahan Logistik Kantor;23;50000000;2024
330;2.13.01.1.06.0005;Penyediaan Barang Cetakan dan Penggandaan;23;30000100;2024
330;2.13.01.1.06.0009;Penyelenggaraan Rapat Koordinasi dan Konsultasi SKPD;23;759717600;2024
331;2.13.01.1.07.0005;Pengadaan Mebel;23;23535000;2024
331;2.13.01.1.07.0006;Pengadaan Peralatan dan Mesin Lainnya;23;243462350;2024
332;2.13.01.1.08.0001;Penyediaan Jasa Surat Menyurat;23;0;2024
332;2.13.01.1.08.0002;Penyediaan Jasa Komunikasi, Sumber Daya Air dan Listrik;23;457629560;2024
333;2.13.01.1.09.0001;Penyediaan Jasa Pemeliharaan, Biaya Pemeliharaan dan Pajak Kendaraan Perorangan Dinas atau Kendaraan Dinas Jabatan;23;160919100;2024
333;2.13.01.1.09.0006;Pemeliharaan Peralatan dan Mesin Lainnya;23;194800000;2024
333;2.13.01.1.09.0009;Pemeliharaan/Rehabilitasi Gedung Kantor dan Bangunan Lainnya;23;200000000;2024
334;2.13.02.1.01.0003;Fasilitasi Kabupaten/Kota dan Desa dalam rangka Penataan Desa;23;59999950;2024
334;2.13.02.1.01.0004;Penyediaan Prasarana dan Sarana Pelayanan Pemerintahan Desa;23;2760522630;2024
335;2.13.03.1.01.0002;Fasilitasi Kerja Sama Desa dengan Pihak Ketiga;23;100000100;2024
335;2.13.03.1.01.0003;Fasilitasi Pembangunan Kawasan Perdesaan;23;244999950;2024
336;2.13.04.1.01.0002;Pembinaan Manajemen Pemerintahan Desa;23;114999800;2024
336;2.13.04.1.01.0004;Fasilitasi Penyusunan, Perencanaan, Pelaksanaan dan Pengawasan Pembangunan Desa;23;104829900;2024
336;2.13.04.1.01.0008;Fasilitasi Evaluasi Perkembangan Desa serta Lomba Desa dan Kelurahan;23;115000100;2024
336;2.13.04.1.01.0009;Fasilitasi Pelaksanaan Profil Desa dan Kelurahan;23;129999900;2024
336;2.13.04.1.01.0010;Pembinaan Aparatur Pemerintah Desa;23;135000150;2024
336;2.13.04.1.01.0015;Pembinaan dan Pengawasan Penetapan Pengaturan BUM Desa Kabupaten/Kota dan Lembaga Kerja Sama antar Desa;23;1824490637;2024
336;2.13.04.1.01.0016;Fasilitasi Penetapan dan Penegasan Batas Desa;23;60000050;2024
337;2.13.05.1.01.0002;Fasilitasi Penataan, Pemberdayaan dan Pendayagunaan Kelembagaan Lembaga KeMasyarakatan Desa/Kelurahan (RT, RW, PKK, Posyandu, LPM, dan Karang Taruna), Lembaga Adat Desa/Kelurahan dan Masyarakat Hukum Adat;23;100000400;2024
337;2.13.05.1.01.0003;Peningkatan Kapasitas Kelembagaan Lembaga KeMasyarakatan Desa/Kelurahan (RT, RW, PKK, Posyandu, LPM, dan Karang Taruna), Lembaga Adat Desa/Kelurahan dan Masyarakat Hukum Adat;23;416425850;2024
337;2.13.05.1.01.0004;Fasilitasi Penyediaan Sarana dan Prasarana Kelembagaan Lembaga KeMasyarakatan Desa/Kelurahan (RT, RW, PKK, Posyandu, LPM, dan Karang Taruna), Lembaga Adat Desa/Kelurahan dan Masyarakat Hukum Adat;23;4649248317;2024
337;2.13.05.1.01.0005;Fasilitasi Pengembangan Usaha Ekonomi Masyarakat dan Pemerintah Desa dalam Meningkatkan Pendapatan Asli Desa;23;395505108;2024
337;2.13.05.1.01.0006;Fasilitasi Pemerintah Desa dalam Pemanfaatan Teknologi Tepat Guna;23;272991684;2024
337;2.13.05.1.01.0007;Fasilitasi Bulan Bhakti Gotong Royong Masyarakat;23;50000100;2024
337;2.13.05.1.01.0008;Fasilitasi Penyelenggaraan Ketentraman, Ketertiban dan Perlindungan Masyarakat Desa;23;50000268;2024
337;2.13.05.1.01.0009;Fasilitasi Tim Penggerak PKK dalam Penyelenggaraan Gerakan Pemberdayaan Masyarakat dan Kesejahteraan Keluarga;23;1000000100;2024
338;2.08.01.1.01.0001;Penyusunan Dokumen Perencanaan Perangkat Daerah;18;32329800;2024
338;2.08.01.1.01.0002;Koordinasi dan Penyusunan Dokumen RKA- SKPD;18;23705900;2024
338;2.08.01.1.01.0007;Evaluasi Kinerja Perangkat Daerah;18;224390500;2024
339;2.08.01.1.02.0001;Penyediaan Gaji dan Tunjangan ASN;18;8806303090;2024
339;2.08.01.1.02.0002;Penyediaan Administrasi Pelaksanaan Tugas ASN;18;1312398000;2024
339;2.08.01.1.02.0006;Pengelolaan dan Penyiapan Bahan Tanggapan Pemeriksaan;18;80054300;2024
339;2.08.01.1.02.0007;Koordinasi dan Penyusunan Laporan Keuangan Bulanan/ Triwulanan/Semesteran SKPD;18;109192850;2024
339;2.08.01.1.02.0008;Penyusunan Pelaporan dan Analisis Prognosis Realisasi Anggaran;18;45000000;2024
340;2.08.01.1.05.0001;Peningkatan Sarana dan Prasarana Disiplin Pegawai;18;4500000;2024
340;2.08.01.1.05.0002;Pengadaan Pakaian Dinas Beserta Atribut Kelengkapannya;18;83380090;2024
340;2.08.01.1.05.0011;Bimbingan Teknis Implementasi Peraturan Perundang-Undangan;18;920000;2024
341;2.08.01.1.06.0005;Penyediaan Barang Cetakan dan Penggandaan;18;90625150;2024
341;2.08.01.1.06.0009;Penyelenggaraan Rapat Koordinasi dan Konsultasi SKPD;18;293972550;2024
342;2.08.01.1.07.0009;Pengadaan Gedung Kantor atau Bangunan Lainnya;18;664665500;2024
343;2.08.01.1.08.0001;Penyediaan Jasa Surat Menyurat;18;38195200;2024
343;2.08.01.1.08.0002;Penyediaan Jasa Komunikasi, Sumber Daya Air dan Listrik;18;212334000;2024
343;2.08.01.1.08.0003;Penyediaan Jasa Peralatan dan Perlengkapan Kantor;18;25837500;2024
343;2.08.01.1.08.0004;Penyediaan Jasa Pelayanan Umum Kantor;18;131424100;2024
344;2.08.01.1.09.0001;Penyediaan Jasa Pemeliharaan, Biaya Pemeliharaan dan Pajak Kendaraan Perorangan Dinas atau Kendaraan Dinas Jabatan;18;28746150;2024
344;2.08.01.1.09.0002;Penyediaan Jasa Pemeliharaan, Biaya Pemeliharaan, Pajak dan Perizinan Kendaraan Dinas Operasional atau Lapangan;18;423550000;2024
344;2.08.01.1.09.0009;Pemeliharaan/Rehabilitasi Gedung Kantor dan Bangunan Lainnya;18;209938322;2024
345;2.08.02.1.01.0005;Penyusunan Kebijakan Penyelenggaraan PUG Kewenangan Provinsi;18;0;2024
345;2.08.02.1.01.0006;Koordinasi dan Sinkronisasi Penyelenggaraan PUG Kewenangan Provinsi;18;99949750;2024
345;2.08.02.1.01.0007;Advokasi Kebijakan dan Pendampingan Penyelenggaraan PUG Kewenangan Provinsi;18;0;2024
345;2.08.02.1.01.0008;Sosialisasi kebijakan Penyelenggaraan PUG Kewenangan Provinsi;18;29597800;2024
346;2.08.02.1.02.0003;Sosialisasi Peningkatan Partisipasi Perempuan di Bidang Politik, Hukum, Sosial dan Ekonomi Kewenangan Provinsi;18;80402000;2024
346;2.08.02.1.02.0004;Advokasi Kebijakan dan Pendampingan Peningkatan Partisipasi Perempuan dalam Politik, Hukum, Sosial dan Ekonomi Kewenangan Provinsi;18;0;2024
347;2.08.02.1.03.0004;Advokasi Kebijakan dan Pendampingan kepada Lembaga Penyedia Layanan Pemberdayaan Perempuan Kewenangan Provinsi;18;0;2024
347;2.08.02.1.03.0005;Peningkatan Kapasitas Sumberdaya Lembaga Penyedia Layanan Pemberdayaan Perempuan Kewenangan Provinsi;18;99999800;2024
347;2.08.02.1.03.0006;Pengembangan Komunikasi Informasi dan Edukasi (KIE) Pemberdayaan Perempuan Kewenangan Provinsi;18;0;2024
348;2.08.03.1.01.0001;Koordinasi dan Sinkronisasi Pelaksanaan Kebijakan, Program dan Kegiatan Pencegahan Kekerasan terhadap Perempuan Kewenangan Provinsi;18;36660000;2024
348;2.08.03.1.01.0002;Advokasi Kebijakan dan Pendampingan Layanan Perlindungan Perempuan Kewenangan Provinsi;18;333014500;2024
349;2.08.03.1.02.0001;Penyediaan Layanan Pengaduan Masyarakat bagi Perempuan Korban Kekerasan Tingkat Daerah Provinsi dan Lintas Daerah Kabupaten/Kota;18;212182000;2024
349;2.08.03.1.02.0002;Koordinasi dan Sinkronisasi Pelaksanaan Penyediaan Layanan Rujukan Lanjutan bagi Perempuan Korban Kekerasan Kewenangan Provinsi;18;148229300;2024
350;2.08.03.1.03.0001;Advokasi Kebijakan dan Pendampingan Penyediaan Sarana Prasarana Layanan bagi Perempuan Korban Kekerasan Kewenangan Provinsi;18;25297350;2024
350;2.08.03.1.03.0002;Peningkatan Kapasitas Sumber Daya Lembaga Penyedia Layanan Penanganan bagi Perempuan Korban Kekerasan Kewenangan Provinsi;18;43601500;2024
350;2.08.03.1.03.0003;Penyediaan Kebutuhan Spesifik bagi Perempuan dalam Situasi Darurat dan Kondisi Khusus Kewenangan Provinsi;18;0;2024
351;2.08.04.1.01.0001;Advokasi Kebijakan dan Pendampingan Keluarga untuk Mewujudkan KG dan Perlindungan Anak Kewenangan Provinsi dan Lintas Kabupaten/Kota;18;199999800;2024
351;2.08.04.1.01.0002;Pelaksanaan Komunikasi, Informasi, Edukasi KG dan Perlindungan Anak bagi Keluarga Kewenangan Provinsi;18;199949650;2024
351;2.08.04.1.01.0003;Pengembangan Kegiatan Masyarakat untuk Peningkatan Kualitas Keluarga Kewenangan Provinsi;18;1555099900;2024
352;2.08.04.1.02.0001;Advokasi Kebijakan dan Pendampingan Pengembangan Lembaga Penyedia Layanan Peningkatan Kualitas Keluarga Kewenangan Provinsi;18;99999800;2024
352;2.08.04.1.02.0002;Peningkatan Kapasitas Sumber Daya Lembaga Penyedia Layanan Peningkatan Kualitas Keluarga Kewenangan Provinsi ;18;100000000;2024
352;2.08.04.1.02.0003;Penguatan Jejaring Antar Lembaga Penyedia Layanan Peningkatan Kualitas Keluarga Kewenangan Provinsi ;18;199999700;2024
353;2.08.04.1.03.0001;Pelaksanaan Penyediaan Layanan Komprehensif bagi Keluarga dalam Mewujudkan KG dan Perlindungan Anak yang Wilayah Kerjanya Lingkup Daerah Provinsi dan Lintas Daerah Kabupaten/Kota;18;99999900;2024
354;2.08.05.1.01.0001;Penyediaan Data Gender dan Anak Provinsi;18;125000000;2024
354;2.08.05.1.01.0002;Penyajian dan Pemanfaatan Data Gender dan Anak dalam Kelembagaan Data Provinsi;18;175000000;2024
355;2.08.06.1.01.0002;Koordinasi dan Sinkronisasi Pelembagaan Pemenuhan Hak Anak Kewenangan Provinsi;18;80000000;2024
355;2.08.06.1.01.0003;Advokasi, Sosialisasi dan Pendampingan Pelaksanaan Kebijakan Pemenuhan Hak Anak pada Lembaga Pemerintah, Non Pemerintah, Media dan Dunia Usaha Kewenangan Provinsi;18;54000000;2024
356;2.08.06.1.02.0001;Penyediaan Layanan Peningkatan Kualitas Hidup Anak Kewenangan Provinsi;18;170000000;2024
356;2.08.06.1.02.0005;Penguatan Jejaring Antar Lembaga Penyedia Layanan Pemenuhan Hak Anak Kewenangan Provinsi dan Lintas Daerah Kabupaten/ Kota;18;227490800;2024
356;2.08.06.1.02.0006;Pengembangan Komunikasi, Informasi dan Edukasi Pemenuhan Hak Anak;18;51999950;2024
357;2.08.07.1.01.0002;Koordinasi dan Sinkronisasi Pencegahan Kekerasan terhadap Anak Kewenangan Provinsi;18;64840000;2024
357;2.08.07.1.01.0005;Penyusunan kebijakan perlindungan khusus anak kewenangan Provinsi;18;191688000;2024
358;2.08.07.1.02.0005;Penyediaan Layanan Pengaduan Masyarakat bagi Anak yang Memerlukan Perlindungan Khusus Kewenangan Provinsi;18;82660000;2024
358;2.08.07.1.02.0006;Koordinasi Pelaksanaan Layanan AMPK Kewenangan Provinsi;18;87250700;2024
359;2.08.07.1.03.0003;Koordinasi dan Sinkronisasi Penguatan Jejaring Antar Lembaga Penyedia Layanan Anak yang Memerlukan Perlindungan Khusus Kewenangan Provinsi;18;565000200;2024
359;2.08.07.1.03.0007;Penyediaan Bantuan kebutuhan khusus bagi AMPK Kewenangan Provinsi;18;0;2024
359;2.08.07.1.03.0008;Peningkatan kapasitas SDM  lembaga penyedia layanan perlindungan dan penanganan bagi AMPK Kewenangan;18;25418500;2024
360;2.19.01.1.01.0001;Penyusunan Dokumen Perencanaan Perangkat Daerah;29;373509600;2024
361;2.19.01.1.02.0001;Penyediaan Gaji dan Tunjangan ASN;29;8738320071;2024
361;2.19.01.1.02.0005;Koordinasi dan Penyusunan Laporan Keuangan Akhir Tahun SKPD;29;67670000;2024
362;2.19.01.1.03.0002;Pengamanan Barang Milik Daerah SKPD;29;89995050;2024
363;2.19.01.1.05.0009;Pendidikan dan Pelatihan Pegawai Berdasarkan Tugas dan Fungsi;29;27986450;2024
364;2.19.01.1.06.0002;Penyediaan Peralatan dan Perlengkapan Kantor;29;75108930;2024
365;2.19.01.1.07.0010;Pengadaan Sarana dan Prasarana Gedung Kantor atau Bangunan Lainnya;29;0;2024
366;2.19.01.1.08.0002;Penyediaan Jasa Komunikasi, Sumber Daya Air dan Listrik;29;553018400;2024
366;2.19.01.1.08.0004;Penyediaan Jasa Pelayanan Umum Kantor;29;1838641550;2024
367;2.19.01.1.09.0001;Penyediaan Jasa Pemeliharaan, Biaya Pemeliharaan dan Pajak Kendaraan Perorangan Dinas atau Kendaraan Dinas Jabatan;29;460930000;2024
368;2.19.02.1.01.0005;Perencanaan, Pengadaan, Pemanfaatan, Pemeliharaan, dan Pengawasan Prasarana dan Sarana Kepemudaan Provinsi;29;699999776;2024
368;2.19.02.1.01.0011;Pelaksanaan Koordinasi Strategis Lintas Sektor Penyelenggaraan Pelayanan Kepemudaan melalui pembentukan tim koordinasi provinsi Penyelenggaraan Pelayanan Kepemudaan serta penyusunan dan implementasi Rencana Aksi Daerah/RAD Tingkat Provinsi;29;118191450;2024
368;2.19.02.1.01.0012;Koordinasi, Sinkronisasi dan Penyelenggaraan Pengembangan kepemimpinan pemuda tingkat provinsi;29;0;2024
368;2.19.02.1.01.0013;Koordinasi, Sinkronisasi dan Penyelenggaraan Pengembangan Kepeloporan Pemuda bagi Pemuda Pelopor Tingkat Provinsi;29;69674300;2024
368;2.19.02.1.01.0015;Koordinasi, Sinkronisasi, dan Penyelenggaraan Pengembangan Kewirausahaan Pemuda Bagi Wirausaha Muda Tingkat Provinsi;29;98275250;2024
369;2.19.02.1.02.0004;Koordinasi, sinkronisasi, dan penyelenggaran pengembangan manajemen kelembagaan organisasi kepemudaan tingkat provinsi;29;70000000;2024
370;2.19.03.1.01.0004;Koordinasi dan sinkronisasi penyediaan prasarana olahraga melalui perencanaan, pengadaan, pemanfaatan, pemeliharaan, dan pengawasan Prasarana Olahraga di tingkat provinsi;29;404999995;2024
371;2.19.03.1.02.0004;Keikutsertaan anggota kontingen provinsi dalam Penyelenggaraan pekan dan kejuaraan olahraga;29;226028690;2024
371;2.19.03.1.02.0006;Penyelenggaraan Pekan dan Kejuaraan Olahraga Tingkat Nasional dan Provinsi;29;1423970223;2024
372;2.19.03.1.03.0008;Penyediaan data Keolahragaan terpadu di provinsi;29;274999510;2024
373;2.19.03.1.04.0003;Peningkatan Kerja Sama Organisasi Keolahragaan Provinsi dengan Lembaga Terkait;29;25462000000;2024
373;2.19.03.1.04.0005;Pelaksanaan Standar nasional pengelolaan Organisasi Keolahragaan di provinsi;29;69999800;2024
374;2.19.04.1.01.0003;Pengembangan Kapasitas SDM Kepramukaan Provinsi;29;1020000000;2024
375;2.18.01.1.01.0001;Penyusunan Dokumen Perencanaan Perangkat Daerah;28;288168905;2024
375;2.18.01.1.01.0002;Koordinasi dan Penyusunan Dokumen RKA- SKPD;28;0;2024
375;2.18.01.1.01.0004;Koordinasi dan Penyusunan DPA-SKPD;28;0;2024
375;2.18.01.1.01.0006;Koordinasi dan Penyusunan Laporan Capaian Kinerja dan Ikhtisar Realisasi Kinerja SKPD;28;43995958;2024
375;2.18.01.1.01.0007;Evaluasi Kinerja Perangkat Daerah;28;41642250;2024
376;2.18.01.1.02.0001;Penyediaan Gaji dan Tunjangan ASN;28;10107639269;2024
376;2.18.01.1.02.0002;Penyediaan Administrasi Pelaksanaan Tugas ASN;28;1631760000;2024
376;2.18.01.1.02.0003;Pelaksanaan Penatausahaan dan Pengujian/Verifikasi Keuangan SKPD;28;0;2024
376;2.18.01.1.02.0005;Koordinasi dan Penyusunan Laporan Keuangan Akhir Tahun SKPD;28;63013300;2024
376;2.18.01.1.02.0006;Pengelolaan dan Penyiapan Bahan Tanggapan Pemeriksaan;28;36366300;2024
376;2.18.01.1.02.0007;Koordinasi dan Penyusunan Laporan Keuangan Bulanan/ Triwulanan/Semesteran SKPD;28;92704600;2024
377;2.18.01.1.03.0005;Rekonsiliasi dan Penyusunan Laporan Barang Milik Daerah pada SKPD;28;79554300;2024
378;2.18.01.1.05.0002;Pengadaan Pakaian Dinas Beserta Atribut Kelengkapannya;28;55369198;2024
378;2.18.01.1.05.0003;Pendataan dan Pengolahan Administrasi Kepegawaian;28;20489500;2024
378;2.18.01.1.05.0009;Pendidikan dan Pelatihan Pegawai Berdasarkan Tugas dan Fungsi;28;23816375;2024
379;2.18.01.1.06.0001;Penyediaan Komponen Instalasi Listrik/Penerangan Bangunan Kantor;28;15284700;2024
379;2.18.01.1.06.0005;Penyediaan Barang Cetakan dan Penggandaan;28;49672578;2024
379;2.18.01.1.06.0009;Penyelenggaraan Rapat Koordinasi dan Konsultasi SKPD;28;265359676;2024
380;2.18.01.1.07.0001;Pengadaan Kendaraan Perorangan Dinas atau Kendaraan Dinas Jabatan;28;22220000;2024
380;2.18.01.1.07.0005;Pengadaan Mebel;28;113190010;2024
380;2.18.01.1.07.0006;Pengadaan Peralatan dan Mesin Lainnya;28;146827470;2024
381;2.18.01.1.08.0002;Penyediaan Jasa Komunikasi, Sumber Daya Air dan Listrik;28;496436816;2024
381;2.18.01.1.08.0004;Penyediaan Jasa Pelayanan Umum Kantor;28;434333843;2024
382;2.18.01.1.09.0001;Penyediaan Jasa Pemeliharaan, Biaya Pemeliharaan dan Pajak Kendaraan Perorangan Dinas atau Kendaraan Dinas Jabatan;28;190900000;2024
382;2.18.01.1.09.0006;Pemeliharaan Peralatan dan Mesin Lainnya;28;57450000;2024
382;2.18.01.1.09.0009;Pemeliharaan/Rehabilitasi Gedung Kantor dan Bangunan Lainnya;28;0;2024
382;2.18.01.1.09.0010;Pemeliharaan/Rehabilitasi Sarana dan Prasarana Gedung Kantor atau Bangunan Lainnya;28;58156800;2024
383;2.18.02.1.01.0001;Penetapan Kebijakan Daerah dalam Pemberian Fasilitas/Insentif dan Kemudahan Penanaman Modal;28;19790400;2024
383;2.18.02.1.01.0004;Rekomendasi Kebijakan Sektor Usaha yang Regulasinya Diharmonisasi Terkait Perizinan Berusaha Berbasis Resiko;28;90849100;2024
384;2.18.02.1.02.0001;Penyusunan Rencana Umum Penanaman Modal Daerah Provinsi ;28;169690350;2024
384;2.18.02.1.02.0005;Penyusunan Peta Potensi Investasi Provinsi;28;394770300;2024
385;2.18.03.1.01.0002;Pelaksanaan Kegiatan Promosi Penanaman Modal Kewenangan Provinsi;28;525911385;2024
385;2.18.03.1.01.0003;Penyusunan Strategi Promosi Penanaman Modal Kewenangan Provinsi;28;75611150;2024
386;2.18.04.1.01.0007;Pemantauan, Analisis, Evaluasi, dan Pelaporan di Bidang Perizinan Berusaha Berbasis Risiko;28;207989725;2024
386;2.18.04.1.01.0008;Penyediaan dan Pengelolaan Layanan Konsultasi Perizinan Berusaha Berbasis Risiko;28;193009700;2024
387;2.18.04.1.02.0005;Koordinasi dan Sinkronisasi Penetapan Pemberian Fasilitas/Insentif Daerah;28;30425650;2024
387;2.18.04.1.02.0007;Penyediaan Pelayanan Perizinan Berusaha melalui Sistem Perizinan Berusaha Berbasis Risiko Terintegrasi secara Elektronik;28;378698640;2024
388;2.18.05.1.01.0004;Pengawasan Penanaman Modal;28;511470900;2024
388;2.18.05.1.01.0005;Penyelesaian Permasalahan dan Hambatan yang dihadapi Pelaku Usaha dalam merealisasikan Kegiatan Usahanya;28;285268650;2024
388;2.18.05.1.01.0006;Bimbingan Teknis kepada Pelaku Usaha;28;609185950;2024
389;2.18.06.1.01.0002;Pengolahan, Penyajian dan Pemanfaatan Data dan Informasi Perizinan  Berbasis Sistem Pelayanan Perizinan Berusaha Terintegrasi secara Elektronik;28;267973220;2024
390;1.01.01.1.01.0001;Penyusunan Dokumen Perencanaan Perangkat Daerah;10;2065770850;2024
390;1.01.01.1.01.0002;Koordinasi dan Penyusunan Dokumen RKA- SKPD;10;35250000;2024
390;1.01.01.1.01.0004;Koordinasi dan Penyusunan DPA-SKPD;10;0;2024
390;1.01.01.1.01.0006;Koordinasi dan Penyusunan Laporan Capaian Kinerja dan Ikhtisar Realisasi Kinerja SKPD;10;30000000;2024
390;1.01.01.1.01.0007;Evaluasi Kinerja Perangkat Daerah;10;817499585;2024
391;1.01.01.1.02.0001;Penyediaan Gaji dan Tunjangan ASN;10;836411135021;2024
391;1.01.01.1.02.0004;Koordinasi dan Pelaksanaan Akuntansi SKPD;10;353405100;2024
392;1.01.01.1.03.0005;Rekonsiliasi dan Penyusunan Laporan Barang Milik Daerah pada SKPD;10;372999650;2024
393;1.01.01.1.06.0002;Penyediaan Peralatan dan Perlengkapan Kantor;10;2094598000;2024
393;1.01.01.1.06.0009;Penyelenggaraan Rapat Koordinasi dan Konsultasi SKPD;10;1161357915;2024
394;1.01.01.1.08.0003;Penyediaan Jasa Peralatan dan Perlengkapan Kantor;10;0;2024
394;1.01.01.1.08.0004;Penyediaan Jasa Pelayanan Umum Kantor;10;8379872309;2024
395;1.01.01.1.09.0001;Penyediaan Jasa Pemeliharaan, Biaya Pemeliharaan dan Pajak Kendaraan Perorangan Dinas atau Kendaraan Dinas Jabatan;10;233580000;2024
395;1.01.01.1.09.0006;Pemeliharaan Peralatan dan Mesin Lainnya;10;56000000;2024
395;1.01.01.1.09.0009;Pemeliharaan/Rehabilitasi Gedung Kantor dan Bangunan Lainnya;10;410214380;2024
395;1.01.01.1.09.0011;Pemeliharaan/Rehabilitasi Sarana dan Prasarana Pendukung Gedung Kantor atau Bangunan Lainnya;10;0;2024
396;1.01.02.1.01.0014;Pembangunan Sarana, Prasarana dan Utilitas Sekolah;10;6149729958;2024
396;1.01.02.1.01.0038;Pengadaan Perlengkapan Sekolah;10;0;2024
396;1.01.02.1.01.0039;Pengadaan Perlengkapan Peserta Didik;10;200000000;2024
396;1.01.02.1.01.0043;Pemeliharaan Rutin Sarana, Prasarana dan Utilitas Sekolah;10;66015720850;2024
396;1.01.02.1.01.0045;Penyediaan Biaya Personil Peserta Didik Sekolah Menengah Atas;10;0;2024
396;1.01.02.1.01.0049;Pembinaan Minat, Bakat dan Kreativitas Siswa;10;759800000;2024
396;1.01.02.1.01.0050;Penyediaan Pendidik dan Tenaga Kependidikan bagi Satuan Pendidikan Sekolah Menengah Atas;10;0;2024
396;1.01.02.1.01.0051;Pengembangan Karir Pendidik dan Tenaga Kependidikan Pada Satuan Pendidikan Sekolah Menengah Atas;10;19969500;2024
396;1.01.02.1.01.0052;Pembinaan Kelembagaan dan Manajemen Sekolah Menengah Atas;10;2278494600;2024
396;1.01.02.1.01.0053;Pengelolaan Dana BOS Sekolah Menengah Atas;10;144577377600;2024
396;1.01.02.1.01.0060;Koordinasi, Perencanaan, Supervisi dan Evaluasi Layanan di Bidang Pendidikan ;10;699999950;2024
396;1.01.02.1.01.0068;Rehabilitasi sedang/berat Sarana, Prasarana dan Utilitas Sekolah;10;1636999875;2024
397;1.01.02.1.02.0004;Pembangunan Ruang Praktik Siswa ;10;141860455000;2024
397;1.01.02.1.02.0010;Pembangunan Sarana, Prasarana dan Utilitas Sekolah;10;953433925;2024
397;1.01.02.1.02.0030;Pengadaan Perlengkapan Sekolah;10;1461592516;2024
397;1.01.02.1.02.0035;Pemeliharaan Rutin Sarana, Prasarana dan Utilitas Sekolah;10;204685000;2024
397;1.01.02.1.02.0037;Penyediaan Biaya Personil Peserta Didik Sekolah Menengah Kejuruan;10;203199950;2024
397;1.01.02.1.02.0041;Pembinaan Minat, Bakat dan Kreativitas Siswa;10;508117000;2024
397;1.01.02.1.02.0043;Pengembangan Karir Pendidik dan Tenaga Kependidikan pada Satuan Pendidikan Sekolah Menengah Kejuruan;10;19969500;2024
397;1.01.02.1.02.0045;Pembinaan Kelembagaan dan Manajemen Sekolah Menengah Kejuruan;10;633929850;2024
397;1.01.02.1.02.0046;Pengelolaan Dana BOS Sekolah Menengah Kejuruan;10;78932342400;2024
397;1.01.02.1.02.0053;Koordinasi, Perencanaan, Supervisi dan Evaluasi Layanan di Bidang Pendidikan ;10;330573250;2024
397;1.01.02.1.02.0054;Sosialisasi dan Advokasi Kebijakan Bidang Pendidikan;10;901811963;2024
397;1.01.02.1.02.0069;Rehabilitasi sedang/berat Ruang Kelas Sekolah;10;3998605100;2024
397;1.01.02.1.02.0072;Penyelengaraan Proses Belajar Peserta Didik;10;303671050;2024
398;1.01.02.1.03.0008;Pembangunan Sarana, Prasarana dan Utilitas Sekolah;10;0;2024
398;1.01.02.1.03.0036;Pengadaaan Alat Rumah Tangga Sekolah;10;340899995;2024
398;1.01.02.1.03.0042;Pemeliharaan Rutin Sarana, Prasarana dan Utilitas Sekolah;10;0;2024
398;1.01.02.1.03.0045;Pengadaan Alat Praktik dan Peraga Siswa;10;674099850;2024
398;1.01.02.1.03.0048;Pembinaan Minat, Bakat dan Kreativitas Siswa;10;313130250;2024
398;1.01.02.1.03.0049;Penyediaan Pendidik dan Tenaga Kependidikan bagi Satuan Pendidikan Khusus;10;162416650;2024
398;1.01.02.1.03.0050;Pengembangan Karir Pendidik dan Tenaga Kependidikan pada Satuan Pendidikan Khusus;10;172835200;2024
398;1.01.02.1.03.0051;Pembinaan Kelembagaan dan Manajemen Sekolah Pendidikan Khusus;10;5611614300;2024
398;1.01.02.1.03.0053;Peningkatan Kapasitas Pengelolaan Dana BOS Sekolah Pendidikan Khusus;10;8586270000;2024
398;1.01.02.1.03.0059;Koordinasi, Perencanaan, Supervisi dan Evaluasi Layanan di Bidang Pendidikan ;10;214533900;2024
398;1.01.02.1.03.0069;Rehabilitasi sedang/berat Sarana, Prasarana dan Utilitas Sekolah;10;0;2024
398;1.01.02.1.03.0071;Penyelenggaraan Proses Belajar  Bagi Peserta Didik;10;0;2024
399;1.01.03.1.01.0002;Penyusunan Silabus Muatan Lokal Pendidikan Menengah;10;106984400;2024
399;1.01.03.1.01.0004;Pelatihan Penyusunan Kurikulum Muatan Lokal Pendidikan Menengah;10;0;2024
399;1.01.03.1.01.0007;Penyusunan Kompetensi Dasar/Capaian Pembelajaran Muatan Lokal Pendidikan Menengah;10;0;2024
400;1.01.04.1.01.0001;Perhitungan dan Pemetaan Pendidik dan Tenaga Kependidikan Satuan Pendidikan Menengah dan Pendidikan Khusus ;10;488135550;2024
400;1.01.04.1.01.0002;Penataan Pendistribusian Pendidik dan Tenaga Kependidikan Satuan Pendidikan Menengah dan Pendidikan Khusus;10;600000000;2024
401;2.14.01.1.01.0001;Penyusunan Dokumen Perencanaan Perangkat Daerah;24;27044650;2024
401;2.14.01.1.01.0002;Koordinasi dan Penyusunan Dokumen RKA- SKPD;24;0;2024
401;2.14.01.1.01.0004;Koordinasi dan Penyusunan DPA-SKPD;24;0;2024
401;2.14.01.1.01.0006;Koordinasi dan Penyusunan Laporan Capaian Kinerja dan Ikhtisar Realisasi Kinerja SKPD;24;0;2024
402;2.14.01.1.02.0001;Penyediaan Gaji dan Tunjangan ASN;24;6832280843;2024
402;2.14.01.1.02.0002;Penyediaan Administrasi Pelaksanaan Tugas ASN;24;961500000;2024
402;2.14.01.1.02.0005;Koordinasi dan Penyusunan Laporan Keuangan Akhir Tahun SKPD;24;46960000;2024
403;2.14.01.1.05.0002;Pengadaan Pakaian Dinas Beserta Atribut Kelengkapannya;24;172839030;2024
403;2.14.01.1.05.0005;Monitoring, Evaluasi, dan Penilaian Kinerja Pegawai;24;0;2024
403;2.14.01.1.05.0011;Bimbingan Teknis Implementasi Peraturan Perundang-Undangan;24;0;2024
404;2.14.01.1.06.0002;Penyediaan Peralatan dan Perlengkapan Kantor;24;176183702;2024
404;2.14.01.1.06.0005;Penyediaan Barang Cetakan dan Penggandaan;24;92800000;2024
404;2.14.01.1.06.0009;Penyelenggaraan Rapat Koordinasi dan Konsultasi SKPD;24;1454161550;2024
405;2.14.01.1.07.0002;Pengadaan Kendaraan Dinas Operasional atau Lapangan;24;0;2024
405;2.14.01.1.07.0006;Pengadaan Peralatan dan Mesin Lainnya;24;166358900;2024
405;2.14.01.1.07.0011;Pengadaan Sarana dan Prasarana Pendukung Gedung Kantor atau Bangunan Lainnya;24;0;2024
406;2.14.01.1.08.0002;Penyediaan Jasa Komunikasi, Sumber Daya Air dan Listrik;24;346928966;2024
406;2.14.01.1.08.0004;Penyediaan Jasa Pelayanan Umum Kantor;24;0;2024
407;2.14.01.1.09.0002;Penyediaan Jasa Pemeliharaan, Biaya Pemeliharaan, Pajak dan Perizinan Kendaraan Dinas Operasional atau Lapangan;24;195550000;2024
407;2.14.01.1.09.0006;Pemeliharaan Peralatan dan Mesin Lainnya;24;40050000;2024
407;2.14.01.1.09.0010;Pemeliharaan/Rehabilitasi Sarana dan Prasarana Gedung Kantor atau Bangunan Lainnya;24;85000000;2024
408;2.14.02.1.01.0003;Advokasi dan Sosialisasi GDPK;24;174953700;2024
408;2.14.02.1.01.0015;Advokasi dan Sosialisasi Pembentukan Rumah Data Kependudukan di Kampung KB Untuk Memperkuat Integrasi Program Bangga Kencana dan Sektor Lain;24;48810000;2024
409;2.14.02.1.02.0008;Pemetaan Program Pembangunan Keluarga, Kependudukan, dan Keluarga Berencana (Bangga Kencana);24;139459750;2024
409;2.14.02.1.02.0009;Penyediaan Dukungan Penyelenggaraan Pendataan dan Pemutakhiran Data Keluarga;24;0;2024
409;2.14.02.1.02.0010;Penyusunan Profil program Pembangunan Keluarga, Kependudukan, dan Keluarga Berencana (Bangga Kencana);24;84424000;2024
410;2.14.03.1.01.0006;Pengembangan Strategi Operasional Promosi dan Konseling Kesehatan Reproduksi Sesuai dengan Kearifan Budaya Lokal;24;98206704;2024
410;2.14.03.1.01.0009;Penurunan Kehamilan yang tidak diinginkan;24;0;2024
410;2.14.03.1.01.0010;Fasilitasi Kerja Sama dengan Stakeholders dan Mitra Kerja dalam Pelaksanaan Advokasi, Promosi dan KIE Program Bangga Kencana;24;95487950;2024
410;2.14.03.1.01.0011;Penggunaan Media Massa Cetak dan Elektronik Serta Media Luar Ruang untuk Advokasi, Promosi dan KIE Program Bangga Kencana Sesuai Kearifan Budaya Lokal;24;29139000;2024
411;2.14.03.1.02.0001;Pengembangan Strategi Operasional dalam rangka Pemberdayaan dan Peningkatan Peran Serta Organisasi Kemasyarakatan dalam Pelayanan dan Pembinaan Kesertaan Ber-KB;24;0;2024
411;2.14.03.1.02.0002;Peningkatan Peran Serta dan Kerja Sama Organisasi KeMasyarakatan dalam Pelayanan dan Pembinaan Kesertaan Ber-KB;24;459649450;2024
412;2.14.04.1.01.0001;Penyediaan Kebijakan Daerah bagi Pengembangan Ketahanan dan Kesejahteraan Keluarga ;24;0;2024
412;2.14.04.1.01.0003;Pembinaan Ketahanan dan Kesejahteraan Keluarga ;24;487918900;2024
412;2.14.04.1.01.0009;Penyediaan Kebijakan dalam rangka Penyiapan Pengasuhan 1000 Hari Pertama Kelahiran (HPK);24;61599900;2024
412;2.14.04.1.01.0018;Pengembangan dan Perbanyakan Materi Substansi Pusat Informasi Konseling-Remaja (PIK-R), Media Promosi, Alat Permainan Edukatif Remaja, dan Sarana Prasarana Lainnya yang Dibutuhkan;24;30000000;2024
412;2.14.04.1.01.0019;Sosialisasi dan Pembinaan Remaja tentang Generasi Berencana;24;199999700;2024
412;2.14.04.1.01.0021;Peningkatan Kapasitas Pengelola dan Pelaksana Pusat Informasi Konseling-Remaja (PIK-R);24;49999850;2024
412;2.14.04.1.01.0022;Advokasi, Sosialisasi dan Promosi Indeks Pembangunan Keluarga (iBangga) Tingkat Provinsi dan Kabupaten/Kota;24;49999200;2024
413;2.14.04.1.02.0008;Peningkatan Kapasitas Mitra dan Organisasi Kemasyarakatan dalam Pengelolaan Program Ketahanan Keluarga Melalui Bina Keluarga Balita (BKB), Bina Keluarga Remaja (BKR), Bina Keluarga Lansia (BKL),  Usaha Peningkatan Pendapatan Keluarga Akseptor (UPPKA) dan Pemberdayaan Ekonomi Keluarga;24;99999882;2024
414;2.15.01.1.01.0001;Penyusunan Dokumen Perencanaan Perangkat Daerah;25;193446000;2024
414;2.15.01.1.01.0006;Koordinasi dan Penyusunan Laporan Capaian Kinerja dan Ikhtisar Realisasi Kinerja SKPD;25;0;2024
414;2.15.01.1.01.0007;Evaluasi Kinerja Perangkat Daerah;25;86917550;2024
415;2.15.01.1.02.0001;Penyediaan Gaji dan Tunjangan ASN;25;12178060751;2024
415;2.15.01.1.02.0002;Penyediaan Administrasi Pelaksanaan Tugas ASN;25;200070000;2024
415;2.15.01.1.02.0003;Pelaksanaan Penatausahaan dan Pengujian/Verifikasi Keuangan SKPD;25;0;2024
415;2.15.01.1.02.0005;Koordinasi dan Penyusunan Laporan Keuangan Akhir Tahun SKPD;25;32999600;2024
415;2.15.01.1.02.0007;Koordinasi dan Penyusunan Laporan Keuangan Bulanan/ Triwulanan/Semesteran SKPD;25;0;2024
416;2.15.01.1.05.0002;Pengadaan Pakaian Dinas Beserta Atribut Kelengkapannya;25;0;2024
416;2.15.01.1.05.0009;Pendidikan dan Pelatihan Pegawai Berdasarkan Tugas dan Fungsi;25;114840000;2024
417;2.15.01.1.06.0001;Penyediaan Komponen Instalasi Listrik/Penerangan Bangunan Kantor;25;18901945;2024
417;2.15.01.1.06.0002;Penyediaan Peralatan dan Perlengkapan Kantor;25;182200835;2024
417;2.15.01.1.06.0003;Penyediaan Peralatan Rumah Tangga;25;41183143;2024
417;2.15.01.1.06.0005;Penyediaan Barang Cetakan dan Penggandaan;25;38634350;2024
417;2.15.01.1.06.0009;Penyelenggaraan Rapat Koordinasi dan Konsultasi SKPD;25;394441000;2024
418;2.15.01.1.07.0001;Pengadaan Kendaraan Perorangan Dinas atau Kendaraan Dinas Jabatan;25;88880000;2024
418;2.15.01.1.07.0005;Pengadaan Mebel;25;34750008;2024
418;2.15.01.1.07.0009;Pengadaan Gedung Kantor atau Bangunan Lainnya;25;117361763;2024
418;2.15.01.1.07.0010;Pengadaan Sarana dan Prasarana Gedung Kantor atau Bangunan Lainnya;25;61666250;2024
419;2.15.01.1.08.0001;Penyediaan Jasa Surat Menyurat;25;16661000;2024
419;2.15.01.1.08.0002;Penyediaan Jasa Komunikasi, Sumber Daya Air dan Listrik;25;273057516;2024
419;2.15.01.1.08.0003;Penyediaan Jasa Peralatan dan Perlengkapan Kantor;25;56430000;2024
419;2.15.01.1.08.0004;Penyediaan Jasa Pelayanan Umum Kantor;25;1139850000;2024
420;2.15.01.1.09.0002;Penyediaan Jasa Pemeliharaan, Biaya Pemeliharaan, Pajak dan Perizinan Kendaraan Dinas Operasional atau Lapangan;25;430960000;2024
420;2.15.01.1.09.0009;Pemeliharaan/Rehabilitasi Gedung Kantor dan Bangunan Lainnya;25;355160000;2024
420;2.15.01.1.09.0010;Pemeliharaan/Rehabilitasi Sarana dan Prasarana Gedung Kantor atau Bangunan Lainnya;25;0;2024
421;2.15.02.1.02.0002;Penyediaan Perlengkapan Jalan di Jalan Provinsi;25;2662326385;2024
421;2.15.02.1.02.0004;Rehabilitasi dan Pemeliharaan Perlengkapan Jalan;25;58000000;2024
422;2.15.02.1.03.0007;Revitalisasi Terminal Tipe B (Fasilitas Utama dan Penunjang);25;129095529;2024
422;2.15.02.1.03.0011;Rehabilitasi dan Pemeliharaan Terminal Tipe B (Fasilitas Utama dan Penunjang);25;158022677;2024
423;2.15.02.1.05.0001;Penataan Manajemen dan Rekayasa Lalu Lintas Untuk Jaringan Jalan Provinsi;25;102900000;2024
424;2.15.02.1.06.0004;Pengawasan Pelaksanaan Rekomendasi Andalalin;25;69066100;2024
425;2.15.02.1.07.0001;Peningkatan Kapasitas Auditor dan Inspektor LLAJ;25;47200000;2024
425;2.15.02.1.07.0003;Pelaksanaan Inspeksi, Audit dan Pemantauan Terminal;25;46269850;2024
425;2.15.02.1.07.0004;Pelaksanaan Inspeksi, Audit dan Pemantauan Pemenuhan Persyaratan Penyelenggaraan Kompetensi Pengemudi Kendaraan Bermotor Provinsi;25;168866909;2024
425;2.15.02.1.07.0005;Pelaksanaan Inspeksi, Audit dan Pemantauan Sistem Manajemen Keselamatan Perusahaan Angkutan Umum ;25;365552850;2024
425;2.15.02.1.07.0015;Pelaksanaan Pengawasan Melalui Uji Petik terhadap Unit Pelaksana Uji Berkala Kendaraan Bermotor Inspeksi, Audit dan Pemantauan Unit Pelaksana Uji Berkala Kendaraan Bermotor;25;81782250;2024
426;2.15.02.1.10.0001;Perumusan Kebijakan Rencana Umum Jaringan Trayek Antarkota Kewenangan Provinsi;25;10824000;2024
427;2.15.03.1.01.0001;Fasilitasi Pemenuhan Persyaratan Perolehan Izin Usaha Angkutan Laut Kewenangan Provinsi dalam Sistem Pelayanan Perizinan Berusaha Terintegrasi Secara Elektronik;25;36941900;2024
427;2.15.03.1.01.0002;Koordinasi dan Sinkronisasi Pengawasan Pelaksanaan Izin Usaha Angkutan Laut Kewenangan Provinsi ;25;36803450;2024
428;2.15.03.1.02.0001;Fasilitasi Pemenuhan Persyaratan Perolehan Izin Angkutan Laut Pelayaran Rakyat Kewenangan Provinsi dalam Sistem Pelayanan Perizinan Berusaha Terintegrasi Secara Elektronik;25;12499750;2024
429;2.15.03.1.03.0002;Koordinasi dan Sinkronisasi Pengawasan Pelaksanaan Izin Usaha Angkutan Sungai dan Danau untuk Kapal yang Melayani Trayek Kewenangan Provinsi ;25;43416500;2024
430;2.15.03.1.05.0004;Pengendalian dan Pengawasan Jaringan Lintas Sungai, Danau dan Penyeberangan dan Persetujuan Pengoperasian Angkutan Sungai, Danau dan Penyeberangan Lintas Pelabuhan antar Daerah Kabupaten/Kota dalam Daerah Provinsi;25;48264700;2024
431;2.15.03.1.06.0002;Koordinasi dan Sinkronisasi Pengawasan Pelaksanaan Izin Usaha Jasa Terkait Berupa Bongkar Muat Barang, Jasa Pengurusan Transportasi, Angkutan Perairan Pelabuhan, Penyewaan Peralatan Angkutan Laut atau Peralatan Jasa Terkait dengan Angkutan Laut, Tally Mandiri, dan Depo Peti Kemas;25;39999200;2024
432;2.15.03.1.07.0001;Analisis Tarif Angkutan Penyeberangan Penumpang Kelas Ekonomi dan Kendaraan Beserta Muatannya pada Lintas Penyeberangan antar Daerah Kabupaten/Kota;25;34563450;2024
433;2.15.03.1.09.0002;Pembangunan Pelabuhan Pengumpan Regional;25;0;2024
433;2.15.03.1.09.0003;Pengoperasian dan Pemeliharaan Pelabuhan Pengumpan Regional;25;0;2024
433;2.15.03.1.09.0004;Pengawasan Pengoperasian Pelabuhan Pengumpan Regional;25;143484350;2024
434;2.15.03.1.10.0003;Pengoperasian dan Pemeliharaan Pelabuhan Sungai dan Danau yang Melayani Trayek Lintas Daerah Kabupaten/Kota dalam 1 (satu) Daerah Provinsi;25;24804493715;2024
435;2.15.05.1.02.0002;Koordinasi dan Sinkronisasi Pengawasan Pelaksanaan Izin Usaha, Izin Pembangunan dan Izin Operasi Prasarana Perkeretaapian Umum yang Jaringan Jalurnya Melintasi Batas Daerah;25;14999900;2024
436;3.30.01.1.01.0001;Penyusunan Dokumen Perencanaan Perangkat Daerah;35;528414000;2024
436;3.30.01.1.01.0002;Koordinasi dan Penyusunan Dokumen RKA- SKPD;35;12825000;2024
436;3.30.01.1.01.0003;Koordinasi dan Penyusunan Dokumen Perubahan RKA-SKPD;35;6050000;2024
436;3.30.01.1.01.0004;Koordinasi dan Penyusunan DPA-SKPD;35;5725100;2024
436;3.30.01.1.01.0005;Koordinasi dan Penyusunan Perubahan DPA- SKPD;35;3750200;2024
436;3.30.01.1.01.0007;Evaluasi Kinerja Perangkat Daerah;35;101696000;2024
437;3.30.01.1.02.0001;Penyediaan Gaji dan Tunjangan ASN;35;12306919633;2024
437;3.30.01.1.02.0002;Penyediaan Administrasi Pelaksanaan Tugas ASN;35;2319840000;2024
437;3.30.01.1.02.0003;Pelaksanaan Penatausahaan dan Pengujian/Verifikasi Keuangan SKPD;35;554017900;2024
437;3.30.01.1.02.0004;Koordinasi dan Pelaksanaan Akuntansi SKPD;35;125825200;2024
437;3.30.01.1.02.0005;Koordinasi dan Penyusunan Laporan Keuangan Akhir Tahun SKPD;35;49787950;2024
437;3.30.01.1.02.0006;Pengelolaan dan Penyiapan Bahan Tanggapan Pemeriksaan;35;98649000;2024
437;3.30.01.1.02.0007;Koordinasi dan Penyusunan Laporan Keuangan Bulanan/ Triwulanan/Semesteran SKPD;35;59528500;2024
437;3.30.01.1.02.0008;Penyusunan Pelaporan dan Analisis Prognosis Realisasi Anggaran;35;53929500;2024
438;3.30.01.1.03.0002;Pengamanan Barang Milik Daerah SKPD;35;90340000;2024
438;3.30.01.1.03.0004;Pembinaan, Pengawasan, dan Pengendalian Barang Milik Daerah pada SKPD;35;68316000;2024
438;3.30.01.1.03.0005;Rekonsiliasi dan Penyusunan Laporan Barang Milik Daerah pada SKPD;35;32599700;2024
438;3.30.01.1.03.0006;Penatausahaan Barang Milik Daerah pada SKPD;35;63838000;2024
439;3.30.01.1.05.0003;Pendataan dan Pengolahan Administrasi Kepegawaian;35;58381100;2024
439;3.30.01.1.05.0009;Pendidikan dan Pelatihan Pegawai Berdasarkan Tugas dan Fungsi;35;107512000;2024
439;3.30.01.1.05.0010;Sosialisasi Peraturan Perundang-Undangan;35;6600000;2024
440;3.30.01.1.06.0001;Penyediaan Komponen Instalasi Listrik/Penerangan Bangunan Kantor;35;16464006;2024
440;3.30.01.1.06.0002;Penyediaan Peralatan dan Perlengkapan Kantor;35;102021790;2024
440;3.30.01.1.06.0004;Penyediaan Bahan Logistik Kantor;35;114204710;2024
440;3.30.01.1.06.0005;Penyediaan Barang Cetakan dan Penggandaan;35;81660200;2024
440;3.30.01.1.06.0006;Penyediaan Bahan Bacaan dan Peraturan Perundang-Undangan;35;33600000;2024
440;3.30.01.1.06.0008;Fasilitasi Kunjungan Tamu;35;12805000;2024
440;3.30.01.1.06.0009;Penyelenggaraan Rapat Koordinasi dan Konsultasi SKPD;35;347723900;2024
441;3.30.01.1.07.0006;Pengadaan Peralatan dan Mesin Lainnya;35;2303797130;2024
442;3.30.01.1.08.0001;Penyediaan Jasa Surat Menyurat;35;5298000;2024
442;3.30.01.1.08.0002;Penyediaan Jasa Komunikasi, Sumber Daya Air dan Listrik;35;797543854;2024
442;3.30.01.1.08.0004;Penyediaan Jasa Pelayanan Umum Kantor;35;233965772;2024
443;3.30.01.1.09.0001;Penyediaan Jasa Pemeliharaan, Biaya Pemeliharaan dan Pajak Kendaraan Perorangan Dinas atau Kendaraan Dinas Jabatan;35;388711200;2024
443;3.30.01.1.09.0002;Penyediaan Jasa Pemeliharaan, Biaya Pemeliharaan, Pajak dan Perizinan Kendaraan Dinas Operasional atau Lapangan;35;50600000;2024
443;3.30.01.1.09.0006;Pemeliharaan Peralatan dan Mesin Lainnya;35;424834000;2024
443;3.30.01.1.09.0010;Pemeliharaan/Rehabilitasi Sarana dan Prasarana Gedung Kantor atau Bangunan Lainnya;35;58000000;2024
444;3.30.02.1.02.0001;Fasilitasi Perizinan Berusaha Terintegrasi secara Elektronik;35;72809000;2024
445;3.30.02.1.04.0001;Koordinasi dan Sinkronisasi Layanan Penerbitan SKA;35;266500900;2024
446;3.30.03.1.01.0002;Pembinaan dan Pengendalian Pusat Distribusi Regional dan Pusat Distribusi Provinsi;35;89503900;2024
446;3.30.03.1.01.0003;Penataan, Pembinaan, dan Pengembangan Pasar Lelang Komoditas;35;55957800;2024
447;3.30.04.1.01.0001;Koordinasi dan Sinkronisasi Ketersediaan Barang Kebutuhan Pokok di Tingkat Distributor dan Sub Distributor;35;79266100;2024
448;3.30.04.1.02.0001;Pemantauan Harga dan Stok Barang Kebutuhan Pokok dan Barang Penting pada Pelaku Usaha Distribusi Barang Lintas Kabupaten/Kota ;35;261768700;2024
448;3.30.04.1.02.0002;Operasi Pasar dalam rangka Stabilisasi Harga Pangan Pokok yang Dampaknya Beberapa Daerah Kabupaten/Kota dalam 1 (satu) Daerah Provinsi;35;1464674050;2024
449;3.30.04.1.03.0004;Koordinasi dan Sinkronisasi Pengawasan Pupuk Bersubsidi dan Pestisida;35;49750000;2024
450;3.30.05.1.01.0001;Pameran Dagang Internasional/Nasional;35;395157000;2024
450;3.30.05.1.01.0002;Pameran Dagang Lokal ;35;127167400;2024
450;3.30.05.1.01.0004;Peningkatan Citra Produk Ekspor ;35;214915500;2024
451;3.30.06.1.01.0001;Pemberdayaan Konsumen dan Kelembagaan Perlindungan Konsumen;35;875599950;2024
451;3.30.06.1.01.0002;Peningkatan Hubungan Kerja dengan Lembaga Perlindungan Konsumen;35;45305000;2024
451;3.30.06.1.01.0003;Koordinasi dan Sinkronisasi Penanganan dan Penyelesaian Sengketa Konsumen;35;75599900;2024
452;3.30.06.1.02.0004;Pengembangan Layanan Kalibrasi;35;91249150;2024
452;3.30.06.1.02.0005;Pengembangan Layanan Pengujian;35;300755890;2024
452;3.30.06.1.02.0006;Pemantauan Mutu Produk;35;105576825;2024
452;3.30.06.1.02.0007;Pengembangan Layanan Sertifikasi/Lembaga Inspeksi;35;69321750;2024
453;3.30.06.1.03.0003;Peningkatan Kapasitas dan Pelaksanaan Pengawasan Barang Beredar dan/atau Jasa serta Kegiatan Perdagangan  sesuai Parameter Ketentuan Perlindungan Konsumen dan Tertib Niaga;35;119999950;2024
453;3.30.06.1.03.0004;Fasilitasi Penanganan terhadap Pelanggaran Atas Ketentuan Perlindungan Konsumen dan Tertib Niaga;35;78914850;2024
454;3.30.07.1.02.0002;Fasilitasi Pemasaran Penggunaan Produk Dalam Negeri di Tingkat Provinsi;35;203081750;2024
455;3.30.07.1.03.0002;Sosialisasi Peningkatan Penggunaan Produk Dalam Negeri;35;48472000;2024
456;3.31.02.1.01.0002;Koordinasi, Sinkronisasi, dan Pelaksanaan Kebijakan Percepatan Pengembangan, Penyebaran dan Perwilayahan Industri;35;1061276800;2024
456;3.31.02.1.01.0003;Koordinasi, Sinkronisasi, dan Pelaksanaan Pembangunan Sumber Daya Industri;35;285550550;2024
456;3.31.02.1.01.0004;Koordinasi, Sinkronisasi, dan Pelaksanaan Pembangunan Sarana dan Prasarana Industri;35;184551050;2024
456;3.31.02.1.01.0005;Koordinasi, Sinkronisasi, dan Pelaksanaan Pemberdayaan Industri dan Peran Serta Masyarakat;35;1373463182;2024
456;3.31.02.1.01.0006;Evaluasi terhadap Pelaksanaan Rencana Pembangunan Industri;35;217005600;2024
457;3.31.03.1.01.0003;Koordinasi dan Sinkronisasi Pengawasan terhadap Perizinan Berusaha sektor perindustrian yang menjadi kewenangan Provinsi;35;138034000;2024
457;3.31.03.1.01.0004;Fasilitasi verifikasi pemenuhan persyaratan/standar kegiatan usaha sektor perindustrian dalam rangka penerbitan perizinan berusaha berbasis risiko melalui Sistem Informasi Industri Nasional (SIINas) yang terintegrasi dengan Sistem Online Single Submission Risk Base Approach (OSS RBA);35;109795900;2024
458;3.31.04.1.01.0001;Fasilitasi Pengumpulan, Pengolahan dan Analisis Data Industri, Data Kawasan Industri serta Data Lain Lingkup Provinsi Melalui Sistem Informasi Industri Nasional (SIINas);35;54008650;2024
458;3.31.04.1.01.0002;Diseminasi dan Publikasi Data Informasi dan Analisis Industri Provinsi melalui SIINas;35;87723300;2024
458;3.31.04.1.01.0003;Pemantauan dan Evaluasi Kepatuhan Perusahaan Industri dan Perusahaan Kawasan Industri Lingkup Provinsi dalam Penyampaian Data ke SIINas;35;45316550;2024
459;3.27.01.1.01.0001;Penyusunan Dokumen Perencanaan Perangkat Daerah;33;643280150;2024
459;3.27.01.1.01.0006;Koordinasi dan Penyusunan Laporan Capaian Kinerja dan Ikhtisar Realisasi Kinerja SKPD;33;309212200;2024
459;3.27.01.1.01.0007;Evaluasi Kinerja Perangkat Daerah;33;338189507;2024
460;3.27.01.1.02.0001;Penyediaan Gaji dan Tunjangan ASN;33;29032286189;2024
460;3.27.01.1.02.0002;Penyediaan Administrasi Pelaksanaan Tugas ASN;33;960520000;2024
460;3.27.01.1.02.0005;Koordinasi dan Penyusunan Laporan Keuangan Akhir Tahun SKPD;33;123730000;2024
461;3.27.01.1.03.0004;Pembinaan, Pengawasan, dan Pengendalian Barang Milik Daerah pada SKPD;33;482966000;2024
462;3.27.01.1.05.0004;Koordinasi dan Pelaksanaan Sistem Informasi Kepegawaian;33;124987800;2024
462;3.27.01.1.05.0010;Sosialisasi Peraturan Perundang-Undangan;33;39168750;2024
463;3.27.01.1.06.0001;Penyediaan Komponen Instalasi Listrik/Penerangan Bangunan Kantor;33;34032998;2024
463;3.27.01.1.06.0002;Penyediaan Peralatan dan Perlengkapan Kantor;33;285810578;2024
463;3.27.01.1.06.0005;Penyediaan Barang Cetakan dan Penggandaan;33;84956000;2024
463;3.27.01.1.06.0009;Penyelenggaraan Rapat Koordinasi dan Konsultasi SKPD;33;628528000;2024
464;3.27.01.1.07.0005;Pengadaan Mebel;33;46253475;2024
464;3.27.01.1.07.0006;Pengadaan Peralatan dan Mesin Lainnya;33;97982632;2024
464;3.27.01.1.07.0009;Pengadaan Gedung Kantor atau Bangunan Lainnya;33;1180922540;2024
465;3.27.01.1.08.0002;Penyediaan Jasa Komunikasi, Sumber Daya Air dan Listrik;33;946195395;2024
465;3.27.01.1.08.0003;Penyediaan Jasa Peralatan dan Perlengkapan Kantor;33;228662073;2024
465;3.27.01.1.08.0004;Penyediaan Jasa Pelayanan Umum Kantor;33;6367530000;2024
466;3.27.01.1.09.0002;Penyediaan Jasa Pemeliharaan, Biaya Pemeliharaan, Pajak dan Perizinan Kendaraan Dinas Operasional atau Lapangan;33;1156593200;2024
466;3.27.01.1.09.0006;Pemeliharaan Peralatan dan Mesin Lainnya;33;205630000;2024
466;3.27.01.1.09.0009;Pemeliharaan/Rehabilitasi Gedung Kantor dan Bangunan Lainnya;33;234444400;2024
466;3.27.01.1.09.0010;Pemeliharaan/Rehabilitasi Sarana dan Prasarana Gedung Kantor atau Bangunan Lainnya;33;414924000;2024
467;3.27.02.1.01.0001;Pengawasan Sebaran Pupuk, Pestisida, Alsintan, dan Sarana Pendukung Pertanian;33;7906684080;2024
468;3.27.02.1.02.0001;Pengelolaan Penerbitan Sertifikat Benih ;33;350000000;2024
468;3.27.02.1.02.0005;Pengawasan Mutu dan Peredaran Benih Hortikultura, Tanaman Pangan, dan Perkebunan;33;22333686164;2024
469;3.27.02.1.04.0004;Pengembangan     dan     Pelaksanaan     Sistem Manajemen   Produksi Benih/Bibit   Ternak   dan Tanaman  Pakan  Ternak,  Bahan  Pakan,  serta Pakan Kewenangan Provinsi;33;1307411043;2024
470;3.27.02.1.05.0004;Pengendalian     Penyediaan     dan     Produksi Benih/Bibit Ternak dan Hijauan Pakan Ternak;33;8844529400;2024
471;3.27.03.1.01.0003;Koordinasi, Sinkronisasi dan Pelaksanaan Pengelolaan Jalan Usaha Tani;33;4702798975;2024
471;3.27.03.1.01.0004;Koordinasi, Sinkronisasi dan Pelaksanaan Pengelolaan Jaringan Irigasi di Tingkat Usaha Tani;33;186139100;2024
471;3.27.03.1.01.0013;Pengendalian dan Pemanfaatan Kawasan Pertanian;33;731515383;2024
472;3.27.04.1.01.0007;Pemberantasan Penyakit Hewan Menular dan Zoonosis dalam 1 (satu) Daerah Provinsi;33;472160000;2024
473;3.27.04.1.02.0004;Pengawasan  dan    Pemeriksaan    Kesehatan Hewan, Produk Hewan dan Media Pembawa Penyakit Hewan Lainnya (HPM) di Perbatasan Tempat Pemeriksan HPM;33;625840000;2024
474;3.27.04.1.03.0001;Pemenuhan Persyaratan Teknis Sertifikasi Zona/Kompartemen Bebas Penyakit;33;723892885;2024
475;3.27.04.1.04.0003;Pengelolaan  Penerbitan  Rekomendasi Pemasukan dan Pengeluaran, Sertifikat Veteriner, dan SKKH/SKPH Hewan, Produk Hewan, dan Media Pembawa Penyakit Hewan Lainnya (HPM);33;408747386;2024
476;3.27.05.1.01.0001;Pengendalian Organisme Pengganggu Tumbuhan (OPT) Tanaman Pangan, Hortikultura, dan Perkebunan;33;1311099530;2024
476;3.27.05.1.01.0003;Pencegahan, Penanganan Kebakaran Lahan, dan Gangguan Usaha Tanaman Pangan, Hortikultura, dan Perkebunan;33;2415952100;2024
477;3.27.07.1.02.0002;Pelaksanaan Penyuluhan dan Pemberdayaan Petani ;33;272531817;2024
478;2.23.01.1.01.0001;Penyusunan Dokumen Perencanaan Perangkat Daerah;30;268135850;2024
478;2.23.01.1.01.0002;Koordinasi dan Penyusunan Dokumen RKA- SKPD;30;9999700;2024
478;2.23.01.1.01.0004;Koordinasi dan Penyusunan DPA-SKPD;30;10901600;2024
478;2.23.01.1.01.0006;Koordinasi dan Penyusunan Laporan Capaian Kinerja dan Ikhtisar Realisasi Kinerja SKPD;30;5064500;2024
478;2.23.01.1.01.0007;Evaluasi Kinerja Perangkat Daerah;30;8649450;2024
479;2.23.01.1.02.0001;Penyediaan Gaji dan Tunjangan ASN;30;14246627388;2024
479;2.23.01.1.02.0002;Penyediaan Administrasi Pelaksanaan Tugas ASN;30;0;2024
479;2.23.01.1.02.0003;Pelaksanaan Penatausahaan dan Pengujian/Verifikasi Keuangan SKPD;30;25000000;2024
479;2.23.01.1.02.0004;Koordinasi dan Pelaksanaan Akuntansi SKPD;30;190560000;2024
480;2.23.01.1.03.0003;Koordinasi dan Penilaian Barang Milik Daerah SKPD;30;50100000;2024
480;2.23.01.1.03.0004;Pembinaan, Pengawasan, dan Pengendalian Barang Milik Daerah pada SKPD;30;17869750;2024
480;2.23.01.1.03.0005;Rekonsiliasi dan Penyusunan Laporan Barang Milik Daerah pada SKPD;30;89760000;2024
481;2.23.01.1.05.0011;Bimbingan Teknis Implementasi Peraturan Perundang-Undangan;30;34745000;2024
482;2.23.01.1.06.0002;Penyediaan Peralatan dan Perlengkapan Kantor;30;164376610;2024
482;2.23.01.1.06.0003;Penyediaan Peralatan Rumah Tangga;30;35356240;2024
482;2.23.01.1.06.0005;Penyediaan Barang Cetakan dan Penggandaan;30;26345000;2024
482;2.23.01.1.06.0009;Penyelenggaraan Rapat Koordinasi dan Konsultasi SKPD;30;424237550;2024
483;2.23.01.1.07.0006;Pengadaan Peralatan dan Mesin Lainnya;30;1188123290;2024
484;2.23.01.1.08.0002;Penyediaan Jasa Komunikasi, Sumber Daya Air dan Listrik;30;469990416;2024
484;2.23.01.1.08.0004;Penyediaan Jasa Pelayanan Umum Kantor;30;1602938330;2024
485;2.23.01.1.09.0001;Penyediaan Jasa Pemeliharaan, Biaya Pemeliharaan dan Pajak Kendaraan Perorangan Dinas atau Kendaraan Dinas Jabatan;30;142800000;2024
485;2.23.01.1.09.0002;Penyediaan Jasa Pemeliharaan, Biaya Pemeliharaan, Pajak dan Perizinan Kendaraan Dinas Operasional atau Lapangan;30;125550000;2024
485;2.23.01.1.09.0006;Pemeliharaan Peralatan dan Mesin Lainnya;30;70970000;2024
485;2.23.01.1.09.0009;Pemeliharaan/Rehabilitasi Gedung Kantor dan Bangunan Lainnya;30;5080372059;2024
485;2.23.01.1.09.0011;Pemeliharaan/Rehabilitasi Sarana dan Prasarana Pendukung Gedung Kantor atau Bangunan Lainnya;30;40004000;2024
486;2.23.02.1.01.0002;Pengembangan Perpustakaan di Tingkat Daerah Provinsi;30;44234300;2024
486;2.23.02.1.01.0004;Pembinaan Perpustakaan pada Satuan Pendidikan Menengah dan Pendidikan Khusus di Seluruh Wilayah Provinsi sesuai dengan Standar Nasional Perpustakaan;30;50048110;2024
486;2.23.02.1.01.0005;Pembinaan Perpustakaan Khusus Tingkat Provinsi;30;3143410;2024
486;2.23.02.1.01.0006;Peningkatan Kapasitas Tenaga Perpustakaan dan Pustakawan Tingkat Daerah Provinsi;30;69580300;2024
486;2.23.02.1.01.0007;Pengembangan Layanan Perpustakaan Rujukan Tingkat Daerah Provinsi;30;242265080;2024
486;2.23.02.1.01.0015;Pengembangan dan Pemeliharaan Layanan Perpustakaan Elektronik;30;107797988;2024
486;2.23.02.1.01.0016;Penyusunan Data dan Informasi Perpustakaan;30;31183500;2024
487;2.23.02.1.02.0001;Sosialisasi Budaya Baca dan Literasi pada Satuan Pendidikan Tingkat Menengah dan Pendidikan Khusus serta Masyarakat;30;104558100;2024
487;2.23.02.1.02.0003;Pemberian Penghargaan Gerakan Budaya Gemar Membaca ;30;70997600;2024
487;2.23.02.1.02.0004;Pengembangan Literasi Berbasis Inklusi Sosial ;30;320949200;2024
487;2.23.02.1.02.0006;Pemilihan Duta Baca/Bunda Baca/Bunda Literasi Tingkat  Daerah Provinsi;30;384002400;2024
488;2.23.03.1.01.0001;Penghimpunan dan Pengelolaan Serah Simpan Karya Cetak dan Karya Rekam;30;135936403;2024
489;2.23.03.1.03.0001;Peningkatan Peran serta Masyarakat dalam Penyimpanan, Perawatan, Pelestarian, dan Pendaftaran Naskah Kuno;30;120576206;2024
489;2.23.03.1.03.0002;Pengembangan, Pengolahan dan Pengalihmediaan Naskah Kuno yang dimiliki oleh Masyarakat untuk Dilestarikan dan Didayagunakan;30;0;2024
490;2.23.03.1.04.0002;Pengolahan dan Penyiangan Koleksi Budaya Etnis Nusantara;30;197737171;2024
491;2.24.02.1.01.0003;Pengawasan Arsip Dinamis Kewenangan Provinsi;30;175968000;2024
491;2.24.02.1.01.0005;Pelaksanaan Alih Media Arsip Dinamis dan Autentikasi;30;250467900;2024
491;2.24.02.1.01.0006;Penciptaan dan Pemeliharaan Arsip Dinamis;30;66090900;2024
492;2.24.02.1.02.0001;Pengumpulan dan Penyampaian Salinan Otentik Naskah Asli Arsip Terjaga kepada ANRI;30;19400000;2024
492;2.24.02.1.02.0005;Akuisisi Arsip Statis;30;17224000;2024
493;2.24.02.1.03.0001;Penyediaan Informasi, Akses dan Layanan Kearsipan Tingkat Daerah Provinsi Melalui JIKN;30;96139000;2024
493;2.24.02.1.03.0002;Pemberdayaan Kapasitas Unit Kearsipan dan Lembaga Kearsipan Daerah Provinsi;30;174193300;2024
494;2.24.03.1.01.0001;Penilaian, Penetapan dan Pelaksanaan Pemusnahan Arsip yang Memiliki Retensi di Bawah 10 (Sepuluh) Tahun;30;26994848;2024
495;2.24.03.1.02.0001;Evakuasi, Identifikasi, Pemulihan dan Penyimpanan Akibat Bencana;30;41590000;2024
496;2.24.03.1.03.0001;Pendataan, Penyusunan Daftar dan Penilaian serta Penyerahan Atau Pemusnahan Arsip bagi Penggabungan Perangkat Daerah Provinsi;30;27544750;2024
497;2.24.03.1.04.0001;Penilaian dan Penetapan Autentisitas Arsip Sesuai Persyaratan Penjaminan Keabsahan Arsip;30;17724000;2024
497;2.24.03.1.04.0002;Penilaian dan Penetapan Hasil Alih Media Sesuai Persyaratan Penjaminan Keabsahan Arsip;30;5498000;2024
498;2.24.03.1.05.0001;Penilaian dan Penetapan Autentisitas Arsip Statis yang Dinyatakan Hilang;30;16873950;2024
498;2.24.03.1.05.0002;Evaluasi dan Penetapan Hasil Alih Media yang dinyatakan Hilang;30;4999500;2024
498;2.24.03.1.05.0003;Penetapan dan Pengumuman Daftar Pencarian Arsip (DPA);30;9431700;2024
499;1.04.01.1.01.0001;Penyusunan Dokumen Perencanaan Perangkat Daerah;15;184771050;2024
499;1.04.01.1.01.0007;Evaluasi Kinerja Perangkat Daerah;15;5868200;2024
500;1.04.01.1.02.0001;Penyediaan Gaji dan Tunjangan ASN;15;8434060871;2024
500;1.04.01.1.02.0002;Penyediaan Administrasi Pelaksanaan Tugas ASN;15;3641740000;2024
500;1.04.01.1.02.0004;Koordinasi dan Pelaksanaan Akuntansi SKPD;15;33170000;2024
500;1.04.01.1.02.0006;Pengelolaan dan Penyiapan Bahan Tanggapan Pemeriksaan;15;0;2024
501;1.04.01.1.03.0001;Penyusunan Perencanaan Kebutuhan Barang Milik Daerah SKPD;15;12353750;2024
501;1.04.01.1.03.0005;Rekonsiliasi dan Penyusunan Laporan Barang Milik Daerah pada SKPD;15;108904350;2024
502;1.04.01.1.05.0005;Monitoring, Evaluasi, dan Penilaian Kinerja Pegawai;15;0;2024
503;1.04.01.1.06.0002;Penyediaan Peralatan dan Perlengkapan Kantor;15;46850208;2024
503;1.04.01.1.06.0005;Penyediaan Barang Cetakan dan Penggandaan;15;58156300;2024
503;1.04.01.1.06.0009;Penyelenggaraan Rapat Koordinasi dan Konsultasi SKPD;15;520935550;2024
504;1.04.01.1.07.0005;Pengadaan Mebel;15;186793130;2024
504;1.04.01.1.07.0007;Pengadaan Aset Tetap Lainnya;15;245029530;2024
505;1.04.01.1.08.0002;Penyediaan Jasa Komunikasi, Sumber Daya Air dan Listrik;15;396813600;2024
505;1.04.01.1.08.0003;Penyediaan Jasa Peralatan dan Perlengkapan Kantor;15;186520000;2024
505;1.04.01.1.08.0004;Penyediaan Jasa Pelayanan Umum Kantor;15;161200323;2024
506;1.04.01.1.09.0001;Penyediaan Jasa Pemeliharaan, Biaya Pemeliharaan dan Pajak Kendaraan Perorangan Dinas atau Kendaraan Dinas Jabatan;15;527300000;2024
506;1.04.01.1.09.0007;Pemeliharaan Aset Tetap Lainnya;15;85600000;2024
506;1.04.01.1.09.0009;Pemeliharaan/Rehabilitasi Gedung Kantor dan Bangunan Lainnya;15;440000000;2024
507;1.04.02.1.01.0003;Pengumpulan Data Rumah Korban Bencana Kejadian Sebelumnya yang Belum Tertangani;15;0;2024
507;1.04.02.1.01.0011;Identifikasi Perumahan di Lokasi Rawan Bencana Provinsi;15;984930250;2024
508;1.04.02.1.02.0006;Koordinasi untuk Menyepakati Penerima dan Jenis Pelayanan;15;229800000;2024
508;1.04.02.1.02.0009;Sosialisasi Pengembangan Perumahan Baru dan Mekanisme Akses Pembiayaan Perumahan;15;107295000;2024
509;1.04.02.1.03.0012;Pembangunan Rumah Khusus beserta PSU bagi Korban Bencana Provinsi;15;7987307966;2024
510;1.04.03.1.02.0002;Koordinasi dan Sinkronisasi Pengendalian Penyelenggaraan Pemugaran/ Peremajaan/ Pemukiman Kembali Permukiman Kumuh dan Rumah Tidak Layak Huni untuk Pencegahan Terhadap Tumbuh dan Berkembangnya Permukiman Kumuh dengan Luas 10 (Sepuluh) Ha sampai dengan di Bawah 15 (Lima Belas) Ha;15;207200000;2024
510;1.04.03.1.02.0003;Perbaikan Rumah Tidak Layak Huni dalam Kawasan Permukiman dengan Luas 10 (Sepuluh) Ha sampai dengan di Bawah 15 (Lima Belas) Ha;15;11764636830;2024
510;1.04.03.1.02.0014;Pelaksanaan Pemugaran Kawasan Permukiman Kumuh dengan Luas 10 (Sepuluh) Ha sampai dengan di Bawah 15 (Lima Belas) Ha;15;19665433116;2024
511;1.04.05.1.01.0001;Perencanaan Penyediaan PSU Permukiman;15;1084907000;2024
511;1.04.05.1.01.0002;Penyediaan Prasarana, Sarana, dan Utilitas Umum di Permukiman untuk Menunjang Fungsi Permukiman;15;45440845907;2024
511;1.04.05.1.01.0003;Koordinasi dan Sinkronisasi dalam rangka Penyediaan Prasarana, Sarana, dan Utilitas Umum Permukiman;15;445399900;2024
512;2.10.04.1.01.0001;Inventarisasi Sengketa, Konflik, dan Perkara Pertanahan dalam 1 (satu) Daerah Provinsi;15;73309600;2024
512;2.10.04.1.01.0002;Mediasi Penyelesaian Sengketa Tanah Garapan dalam 1 (satu) Daerah Provinsi;15;43733600;2024
513;2.10.06.1.01.0002;Koordinasi Penetapan Redistribusi Tanah Objek Reforma Agraria Lintas Daerah Kabupaten/Kota;15;25740200;2024
513;2.10.06.1.01.0003;Koordinasi dan Sinkronisasi Penataan Akses dalam Pemanfaatan Redistribusi Tanah Lintas Daerah Kabupaten/Kota;15;123130000;2024
514;2.10.10.1.01.0001;Koordinasi dan Sinkronisasi Perencanaan Penggunaan Tanah ;15;68304700;2024
515;1.06.01.1.01.0001;Penyusunan Dokumen Perencanaan Perangkat Daerah;16;26600000;2024
515;1.06.01.1.01.0002;Koordinasi dan Penyusunan Dokumen RKA- SKPD;16;20300000;2024
515;1.06.01.1.01.0007;Evaluasi Kinerja Perangkat Daerah;16;150080000;2024
516;1.06.01.1.02.0001;Penyediaan Gaji dan Tunjangan ASN;16;19594701785;2024
516;1.06.01.1.02.0007;Koordinasi dan Penyusunan Laporan Keuangan Bulanan/ Triwulanan/Semesteran SKPD;16;191270000;2024
517;1.06.01.1.05.0005;Monitoring, Evaluasi, dan Penilaian Kinerja Pegawai;16;99999900;2024
518;1.06.01.1.06.0001;Penyediaan Komponen Instalasi Listrik/Penerangan Bangunan Kantor;16;14999760;2024
518;1.06.01.1.06.0003;Penyediaan Peralatan Rumah Tangga;16;14999200;2024
518;1.06.01.1.06.0009;Penyelenggaraan Rapat Koordinasi dan Konsultasi SKPD;16;278000000;2024
519;1.06.01.1.07.0005;Pengadaan Mebel;16;14640000;2024
519;1.06.01.1.07.0006;Pengadaan Peralatan dan Mesin Lainnya;16;454840800;2024
520;1.06.01.1.08.0001;Penyediaan Jasa Surat Menyurat;16;6999800;2024
520;1.06.01.1.08.0002;Penyediaan Jasa Komunikasi, Sumber Daya Air dan Listrik;16;319987367;2024
520;1.06.01.1.08.0003;Penyediaan Jasa Peralatan dan Perlengkapan Kantor;16;44920000;2024
520;1.06.01.1.08.0004;Penyediaan Jasa Pelayanan Umum Kantor;16;1062242400;2024
521;1.06.01.1.09.0001;Penyediaan Jasa Pemeliharaan, Biaya Pemeliharaan dan Pajak Kendaraan Perorangan Dinas atau Kendaraan Dinas Jabatan;16;202075000;2024
521;1.06.01.1.09.0009;Pemeliharaan/Rehabilitasi Gedung Kantor dan Bangunan Lainnya;16;120812560;2024
521;1.06.01.1.09.0011;Pemeliharaan/Rehabilitasi Sarana dan Prasarana Pendukung Gedung Kantor atau Bangunan Lainnya;16;31200000;2024
522;1.06.02.1.01.0001;Koordinasi dan Sinkronisasi Penerbitan Izin Undian Gratis Berhadiah dan Pengumpulan Uang atau Barang;16;31940000;2024
523;1.06.02.1.02.0001;Peningkatan Kemampuan Potensi Pekerja Sosial Masyarakat Kewenangan Provinsi;16;50000000;2024
523;1.06.02.1.02.0002;Peningkatan Kemampuan Potensi Tenaga Kesejahteraan Sosial Kecamatan Kewenangan Provinsi;16;50000000;2024
523;1.06.02.1.02.0003;Peningkatan Kemampuan Potensi Sumber Kesejahteraan Sosial Keluarga Kewenangan Provinsi;16;78820000;2024
523;1.06.02.1.02.0004;Peningkatan Kemampuan Potensi Sumber Kesejahteraan Sosial Kelembagaan Masyarakat Kewenangan Provinsi;16;386050000;2024
524;1.06.03.1.01.0001;Fasilitasi Pemulangan Warga Negara Migran Korban Tindak Kekerasan dari Titik Debarkasi di Daerah Provinsi untuk Dipulangkan ke Daerah Kabupaten/Kota Asal;16;10000000;2024
525;1.06.04.1.01.0001;Penyediaan Permakanan;16;38040000;2024
525;1.06.04.1.01.0004;Penyediaan Alat Bantu;16;66460000;2024
525;1.06.04.1.01.0006;Pemberian Bimbingan Fisik, Mental, Spiritual dan Sosial;16;290416500;2024
525;1.06.04.1.01.0012;Koordinasi dan Sinkronisasi Pelaksanaan Bidang Rehabilitasi Sosial Dasar Penyandang Disabilitas TerlAntar;16;25000000;2024
526;1.06.04.1.02.0002;Penyediaan Makanan;16;125242000;2024
526;1.06.04.1.02.0003;Penyediaan Sandang;16;37752000;2024
526;1.06.04.1.02.0005;Penyediaan Perbekalan Kesehatan di dalam Panti;16;9333260;2024
526;1.06.04.1.02.0006;Pemberian Bimbingan Fisik, Mental, Spiritual dan Sosial;16;136962000;2024
526;1.06.04.1.02.0007;Pemberian Bimbingan Aktivitas Hidup Sehari-Hari;16;60133000;2024
526;1.06.04.1.02.0009;Akses ke Layanan Pendidikan dan Kesehatan Dasar;16;5170000;2024
526;1.06.04.1.02.0010;Pemberian Pelayanan Penelusuran Keluarga;16;4000000;2024
526;1.06.04.1.02.0011;Pemberian Pelayanan Reunifikasi Keluarga ;16;2000000;2024
527;1.06.04.1.03.0001;Penyediaan Permakanan;16;968670000;2024
527;1.06.04.1.03.0002;Penyediaan Sandang;16;34997000;2024
527;1.06.04.1.03.0005;Penyediaan Perbekalan Kesehatan di dalam Panti Sosial;16;44974698;2024
527;1.06.04.1.03.0006;Pemberian Bimbingan Fisik, Mental, Spritual dan Sosial;16;2527307670;2024
527;1.06.04.1.03.0007;Pemberian Bimbingan Aktivitas Hidup Sehari-Hari;16;32416398;2024
527;1.06.04.1.03.0009;Akses ke Layanan Pendidikan dan Kesehatan Dasar ;16;9000000;2024
527;1.06.04.1.03.0010;Pemberian Pelayanan Penelusuran Keluarga ;16;6220000;2024
527;1.06.04.1.03.0011;Pemberian Pelayanan Reunifikasi Keluarga ;16;6220000;2024
527;1.06.04.1.03.0012;Pemulasaraan;16;10000000;2024
528;1.06.04.1.04.0001;Penyediaan Permakanan;16;53160000;2024
528;1.06.04.1.04.0002;Penyediaan Sandang;16;25435000;2024
528;1.06.04.1.04.0004;Penyediaan Perbekalan Kesehatan di dalam Panti;16;25110040;2024
528;1.06.04.1.04.0006;Pemberian Bimbingan Aktivitas Hidup Sehari-Hari;16;65742000;2024
528;1.06.04.1.04.0007;Pemberian Bimbingan Keterampilan Dasar;16;50419680;2024
528;1.06.04.1.04.0009;Akses Kelayanan Pendidikan dan Kesehatan Dasar ;16;15000000;2024
528;1.06.04.1.04.0010;Pemulangan ke Daerah Asal;16;8182000;2024
528;1.06.04.1.04.0011;Koordinasi, Sinkronisasi dan Pembinaan Pelaksanaan Rehabilitasi Sosial Dasar Gelandangan dan Pengemis Terlantar di dalam Panti;16;50000000;2024
529;1.06.04.1.05.0011;Koordinasi, Sinkronisasi dan Pembinaan Pelaksanaan Bidang Rehabilitasi Sosial bagi Penyandang Masalah Kesejahteraan Sosial (PMKS) Lainnya di Luar HIV/AIDS dan NAPZA;16;114574000;2024
530;1.06.05.1.01.0001;Pengangkatan Anak antar WNI;16;50000000;2024
531;1.06.05.1.02.0001;Fasilitasi Bantuan Sosial Kesejahteraan Keluarga;16;1357609345;2024
531;1.06.05.1.02.0002;Pengelolaan Fakir Miskin Lintas Daerah Kabupaten/Kota;16;162500000;2024
531;1.06.05.1.02.0003;Fasilitasi Bantuan Pengembangan Ekonomi Masyarakat;16;12344173700;2024
532;1.06.06.1.01.0001;Penyediaan Permakanan;16;230495830;2024
532;1.06.06.1.01.0004;Penanganan Khusus bagi Kelompok Rentan;16;50000000;2024
532;1.06.06.1.01.0005;Pelayanan Dukungan Psikososial;16;82417000;2024
533;1.06.07.1.01.0002;Pemeliharaan Taman Makam Pahlawan Nasional Provinsi;16;126990000;2024
534;3.27.01.1.01.0001;Penyusunan Dokumen Perencanaan Perangkat Daerah;32;552611500;2024
534;3.27.01.1.01.0002;Koordinasi dan Penyusunan Dokumen RKA- SKPD;32;22043900;2024
534;3.27.01.1.01.0003;Koordinasi dan Penyusunan Dokumen Perubahan RKA-SKPD;32;8695950;2024
534;3.27.01.1.01.0004;Koordinasi dan Penyusunan DPA-SKPD;32;23167200;2024
534;3.27.01.1.01.0005;Koordinasi dan Penyusunan Perubahan DPA- SKPD;32;8510050;2024
534;3.27.01.1.01.0006;Koordinasi dan Penyusunan Laporan Capaian Kinerja dan Ikhtisar Realisasi Kinerja SKPD;32;44416950;2024
534;3.27.01.1.01.0007;Evaluasi Kinerja Perangkat Daerah;32;584338300;2024
535;3.27.01.1.02.0001;Penyediaan Gaji dan Tunjangan ASN;32;38947088670;2024
535;3.27.01.1.02.0002;Penyediaan Administrasi Pelaksanaan Tugas ASN;32;793400000;2024
535;3.27.01.1.02.0003;Pelaksanaan Penatausahaan dan Pengujian/Verifikasi Keuangan SKPD;32;63703050;2024
535;3.27.01.1.02.0004;Koordinasi dan Pelaksanaan Akuntansi SKPD;32;49711500;2024
535;3.27.01.1.02.0005;Koordinasi dan Penyusunan Laporan Keuangan Akhir Tahun SKPD;32;36426650;2024
535;3.27.01.1.02.0006;Pengelolaan dan Penyiapan Bahan Tanggapan Pemeriksaan;32;36928650;2024
535;3.27.01.1.02.0007;Koordinasi dan Penyusunan Laporan Keuangan Bulanan/ Triwulanan/Semesteran SKPD;32;82357300;2024
535;3.27.01.1.02.0008;Penyusunan Pelaporan dan Analisis Prognosis Realisasi Anggaran;32;19856350;2024
536;3.27.01.1.03.0001;Penyusunan Perencanaan Kebutuhan Barang Milik Daerah SKPD;32;62135650;2024
536;3.27.01.1.03.0005;Rekonsiliasi dan Penyusunan Laporan Barang Milik Daerah pada SKPD;32;12943350;2024
536;3.27.01.1.03.0006;Penatausahaan Barang Milik Daerah pada SKPD;32;8767800;2024
537;3.27.01.1.05.0001;Peningkatan Sarana dan Prasarana Disiplin Pegawai;32;36186950;2024
537;3.27.01.1.05.0002;Pengadaan Pakaian Dinas Beserta Atribut Kelengkapannya;32;0;2024
537;3.27.01.1.05.0003;Pendataan dan Pengolahan Administrasi Kepegawaian;32;24032500;2024
537;3.27.01.1.05.0004;Koordinasi dan Pelaksanaan Sistem Informasi Kepegawaian;32;26939000;2024
537;3.27.01.1.05.0005;Monitoring, Evaluasi, dan Penilaian Kinerja Pegawai;32;134276000;2024
537;3.27.01.1.05.0009;Pendidikan dan Pelatihan Pegawai Berdasarkan Tugas dan Fungsi;32;63682213;2024
538;3.27.01.1.06.0001;Penyediaan Komponen Instalasi Listrik/Penerangan Bangunan Kantor;32;49036896;2024
538;3.27.01.1.06.0002;Penyediaan Peralatan dan Perlengkapan Kantor;32;376439534;2024
538;3.27.01.1.06.0003;Penyediaan Peralatan Rumah Tangga;32;90334949;2024
538;3.27.01.1.06.0004;Penyediaan Bahan Logistik Kantor;32;26818958;2024
538;3.27.01.1.06.0005;Penyediaan Barang Cetakan dan Penggandaan;32;104089550;2024
538;3.27.01.1.06.0008;Fasilitasi Kunjungan Tamu;32;50000000;2024
538;3.27.01.1.06.0009;Penyelenggaraan Rapat Koordinasi dan Konsultasi SKPD;32;597241000;2024
538;3.27.01.1.06.0010;Penatausahaan Arsip Dinamis pada SKPD;32;12404400;2024
538;3.27.01.1.06.0011;Dukungan Pelaksanaan Sistem Pemerintahan Berbasis Elektronik pada SKPD;32;15000000;2024
539;3.27.01.1.07.0005;Pengadaan Mebel;32;119120100;2024
539;3.27.01.1.07.0006;Pengadaan Peralatan dan Mesin Lainnya;32;564209267;2024
540;3.27.01.1.08.0001;Penyediaan Jasa Surat Menyurat;32;6672000;2024
540;3.27.01.1.08.0002;Penyediaan Jasa Komunikasi, Sumber Daya Air dan Listrik;32;1546450372;2024
540;3.27.01.1.08.0003;Penyediaan Jasa Peralatan dan Perlengkapan Kantor;32;262070000;2024
540;3.27.01.1.08.0004;Penyediaan Jasa Pelayanan Umum Kantor;32;4831649400;2024
541;3.27.01.1.09.0001;Penyediaan Jasa Pemeliharaan, Biaya Pemeliharaan dan Pajak Kendaraan Perorangan Dinas atau Kendaraan Dinas Jabatan;32;445253000;2024
541;3.27.01.1.09.0002;Penyediaan Jasa Pemeliharaan, Biaya Pemeliharaan, Pajak dan Perizinan Kendaraan Dinas Operasional atau Lapangan;32;359980000;2024
541;3.27.01.1.09.0006;Pemeliharaan Peralatan dan Mesin Lainnya;32;15000000;2024
541;3.27.01.1.09.0009;Pemeliharaan/Rehabilitasi Gedung Kantor dan Bangunan Lainnya;32;153562400;2024
541;3.27.01.1.09.0010;Pemeliharaan/Rehabilitasi Sarana dan Prasarana Gedung Kantor atau Bangunan Lainnya;32;435720000;2024
542;3.27.02.1.01.0001;Pengawasan Sebaran Pupuk, Pestisida, Alsintan, dan Sarana Pendukung Pertanian;32;58229790625;2024
542;3.27.02.1.01.0002;Koordinasi dan Sinkronisasi Pengawasan Peredaran Sarana Pertanian;32;261578400;2024
543;3.27.02.1.02.0001;Pengelolaan Penerbitan Sertifikat Benih ;32;320647435;2024
543;3.27.02.1.02.0005;Pengawasan Mutu dan Peredaran Benih Hortikultura, Tanaman Pangan, dan Perkebunan;32;16570228278;2024
544;3.27.02.1.03.0002;Penilaian Kultivar SDG Tumbuhan dan Mikroorganisme;32;79282000;2024
544;3.27.02.1.03.0004;Pengembangan dan Pelaksanaan Sistem Manajemen Mutu SDG Tumbuhan dan Mikroorganisme;32;30429750;2024
545;3.27.03.1.01.0001;Perencanaan Pengembangan Prasarana, Kawasan dan Komoditas Pertanian;32;2873269300;2024
545;3.27.03.1.01.0003;Koordinasi, Sinkronisasi dan Pelaksanaan Pengelolaan Jalan Usaha Tani;32;167355300;2024
545;3.27.03.1.01.0004;Koordinasi, Sinkronisasi dan Pelaksanaan Pengelolaan Jaringan Irigasi di Tingkat Usaha Tani;32;323314300;2024
545;3.27.03.1.01.0010;Pembangunan, Rehabilitasi dan Pemeliharaan Rutin Gedung UPTD Pertanian serta Sarana Pendukungnya;32;10132829564;2024
546;3.27.05.1.01.0001;Pengendalian Organisme Pengganggu Tumbuhan (OPT) Tanaman Pangan, Hortikultura, dan Perkebunan;32;1362399052;2024
546;3.27.05.1.01.0002;Penanganan Dampak Perubahan Iklim (DPI) Tanaman Pangan, Hortikultura, dan Perkebunan;32;85000000;2024
546;3.27.05.1.01.0005;Penanggulangan Pasca Bencana Alam Bidang Tanaman Pangan, Hortikultura dan Perkebunan;32;35000000;2024
547;3.27.06.1.01.0001;Penyusunan Standar Pelayanan Publik Pemberian Izin Usaha Pertanian;32;60360000;2024
547;3.27.06.1.01.0002;Penilaian Kelayakan dan Pemberian Pertimbangan Teknis Izin Usaha Pertanian di Lintas Kabupaten/Kota;32;228323950;2024
547;3.27.06.1.01.0005;Pembinaan  dan  Pengawasan  Penerapan standar dan Izin Usaha Pertanian;32;880121800;2024
548;3.27.07.1.01.0003;Penguatan Kelembagaan penyuluhan pertanian;32;405325650;2024
548;3.27.07.1.01.0004;Penyediaan dan Peningkatan Kapasitas Penyuluh pertanian;32;120720550;2024
549;3.27.07.1.02.0001;Diseminasi Informasi Teknis, Sosial, Ekonomi dan Inovasi Pertanian;32;1471891420;2024
549;3.27.07.1.02.0002;Pelaksanaan Penyuluhan dan Pemberdayaan Petani ;32;7024860000;2024
550;3.27.07.1.03.0005;Pendampingan dan pengawalan korporasi petani;32;155981800;2024
550;3.27.07.1.03.0006;Pembentukan   dan   Penguatan   Kelembagaan Korporasi Petani;32;1048344000;2024
551;2.07.01.1.01.0001;Penyusunan Dokumen Perencanaan Perangkat Daerah;17;445794625;2024
551;2.07.01.1.01.0002;Koordinasi dan Penyusunan Dokumen RKA- SKPD;17;14999850;2024
551;2.07.01.1.01.0003;Koordinasi dan Penyusunan Dokumen Perubahan RKA-SKPD;17;14999900;2024
551;2.07.01.1.01.0004;Koordinasi dan Penyusunan DPA-SKPD;17;14999950;2024
551;2.07.01.1.01.0005;Koordinasi dan Penyusunan Perubahan DPA- SKPD;17;14999700;2024
551;2.07.01.1.01.0006;Koordinasi dan Penyusunan Laporan Capaian Kinerja dan Ikhtisar Realisasi Kinerja SKPD;17;199959525;2024
552;2.07.01.1.02.0001;Penyediaan Gaji dan Tunjangan ASN;17;28557746083;2024
552;2.07.01.1.02.0002;Penyediaan Administrasi Pelaksanaan Tugas ASN;17;1913400000;2024
552;2.07.01.1.02.0003;Pelaksanaan Penatausahaan dan Pengujian/Verifikasi Keuangan SKPD;17;236242000;2024
552;2.07.01.1.02.0004;Koordinasi dan Pelaksanaan Akuntansi SKPD;17;28344000;2024
552;2.07.01.1.02.0005;Koordinasi dan Penyusunan Laporan Keuangan Akhir Tahun SKPD;17;35830000;2024
552;2.07.01.1.02.0006;Pengelolaan dan Penyiapan Bahan Tanggapan Pemeriksaan;17;10684000;2024
552;2.07.01.1.02.0007;Koordinasi dan Penyusunan Laporan Keuangan Bulanan/ Triwulanan/Semesteran SKPD;17;14987000;2024
553;2.07.01.1.03.0001;Penyusunan Perencanaan Kebutuhan Barang Milik Daerah SKPD;17;18090000;2024
553;2.07.01.1.03.0005;Rekonsiliasi dan Penyusunan Laporan Barang Milik Daerah pada SKPD;17;98905000;2024
554;2.07.01.1.04.0002;Analisa dan Pengembangan Retribusi Daerah, serta Penyusunan Kebijakan Retribusi Daerah;17;35990000;2024
554;2.07.01.1.04.0007;Pelaporan Pengelolaan Retribusi Daerah;17;16568000;2024
555;2.07.01.1.05.0005;Monitoring, Evaluasi, dan Penilaian Kinerja Pegawai;17;49210000;2024
555;2.07.01.1.05.0010;Sosialisasi Peraturan Perundang-Undangan;17;21136000;2024
555;2.07.01.1.05.0011;Bimbingan Teknis Implementasi Peraturan Perundang-Undangan;17;100000;2024
556;2.07.01.1.06.0001;Penyediaan Komponen Instalasi Listrik/Penerangan Bangunan Kantor;17;28090847;2024
556;2.07.01.1.06.0002;Penyediaan Peralatan dan Perlengkapan Kantor;17;266914037;2024
556;2.07.01.1.06.0005;Penyediaan Barang Cetakan dan Penggandaan;17;45789050;2024
556;2.07.01.1.06.0009;Penyelenggaraan Rapat Koordinasi dan Konsultasi SKPD;17;142314900;2024
557;2.07.01.1.07.0006;Pengadaan Peralatan dan Mesin Lainnya;17;747093933;2024
557;2.07.01.1.07.0010;Pengadaan Sarana dan Prasarana Gedung Kantor atau Bangunan Lainnya;17;30000000;2024
558;2.07.01.1.08.0002;Penyediaan Jasa Komunikasi, Sumber Daya Air dan Listrik;17;464725208;2024
558;2.07.01.1.08.0004;Penyediaan Jasa Pelayanan Umum Kantor;17;397740000;2024
559;2.07.01.1.09.0001;Penyediaan Jasa Pemeliharaan, Biaya Pemeliharaan dan Pajak Kendaraan Perorangan Dinas atau Kendaraan Dinas Jabatan;17;230370000;2024
559;2.07.01.1.09.0002;Penyediaan Jasa Pemeliharaan, Biaya Pemeliharaan, Pajak dan Perizinan Kendaraan Dinas Operasional atau Lapangan;17;99945000;2024
559;2.07.01.1.09.0006;Pemeliharaan Peralatan dan Mesin Lainnya;17;90610000;2024
560;2.07.02.1.01.0001;Penyusunan Rencana Tenaga Kerja Makro;17;50000000;2024
560;2.07.02.1.01.0004;Fasilitasi Penyusunan Rencana Tenaga Kerja Mikro;17;20000000;2024
561;2.07.03.1.01.0001;Proses Pelaksanaan Pendidikan dan Pelatihan Keterampilan bagi Pencari Kerja Berdasarkan Klaster Kompetensi;17;1037694024;2024
561;2.07.03.1.01.0002;Koordinasi Lintas Lembaga dan Kerja Sama Dengan Sektor Swasta untuk Penyediaan Instruktur serta Sarana dan Prasarana Lembaga Pelatihan Kerja;17;203616700;2024
562;2.07.03.1.02.0001;Survey dan Penilaian Akreditasi Kepada Lembaga Pelatihan Kerja;17;35650000;2024
563;2.07.03.1.03.0001;Pelaksanaan Konsultasi Produktivitas kepada Perusahaan Menengah;17;134443250;2024
564;2.07.03.1.04.0001;Pengukuran Kompetensi dan Produktivitas Tenaga Kerja;17;58050150;2024
565;2.07.04.1.01.0001;Penyediaan Sumber Daya Pelayanan Antar Kerja;17;25000000;2024
565;2.07.04.1.01.0003;Penyuluhan dan Bimbingan Jabatan bagi Pencari Kerja;17;10000000;2024
565;2.07.04.1.01.0004;Pembinaan Operasionalisasi Pelayanan Penempatan Tenaga Kerja AKAD (Antar Kerja Antar Daerah) dan AKL (Antar Kerja Lokal);17;10000000;2024
565;2.07.04.1.01.0005;Perluasan Kesempatan Kerja;17;10455535531;2024
566;2.07.04.1.02.0002;Pengawasan dan Pengendalian LPTKS;17;10000000;2024
567;2.07.04.1.03.0002;Pelayanan dan Penyediaan Informasi Pasar Kerja Online;17;35000000;2024
567;2.07.04.1.03.0003;Job Fair/Bursa Kerja;17;50000000;2024
568;2.07.04.1.04.0001;Peningkatan Pelindungan dan Kompetensi Calon Pekerja Migran Indonesia (PMI)/Pekerja Migran Indonesia (PMI);17;35000000;2024
568;2.07.04.1.04.0003;Penyediaan Layanan Terpadu pada Calon Pekerja Migran;17;15000000;2024
568;2.07.04.1.04.0004;Pemberdayaan Pekerja Migran Indonesia Purna Penempatan;17;64999875;2024
569;2.07.04.1.05.0001;Koordinasi dan Sinkronisasi Pengesahan RPTKA yang tidak Mengandung Perubahan Jabatan, Jumlah TKA, dan Lokasi Kerja dalam 1 (satu) Daerah Provinsi;17;25000000;2024
570;2.07.05.1.01.0001;Pengesahan Peraturan Perusahaan yang terkait dengan Hubungan Industrial;17;100000000;2024
571;2.07.05.1.02.0001;Pencegahan Perselisihan Hubungan Industrial, Mogok Kerja, dan Penutupan Perusahaan yang Berakibat/Berdampak pada Kepentingan di 1 (satu) Daerah Provinsi;17;330279350;2024
571;2.07.05.1.02.0004;Pelaksanaan Operasional Lembaga Kerja Sama Tripartit Daerah Provinsi;17;496648500;2024
572;2.07.05.1.03.0001;Penetapan Upah Minimum Provinsi (UMP);17;170000000;2024
573;2.07.06.1.01.0001;Pengawasan Pelaksanaan Norma Kerja di Perusahaan ;17;480677850;2024
573;2.07.06.1.01.0002;Penegakan Hukum Ketenagakerjaan di Perusahaan;17;170000000;2024
573;2.07.06.1.01.0003;Pelayanan Keselamatan dan Kesehatan Kerja di Perusahaan;17;666351760;2024
574;3.32.02.1.01.0001;Identifikasi Potensi Kawasan Transmigrasi;17;202252550;2024
574;3.32.02.1.01.0002;Advokasi dan Musyawarah Penetapan Kawasan;17;133481650;2024
574;3.32.02.1.01.0003;Penyediaan Tanah untuk Pembangunan Kawasan Transmigrasi;17;124999825;2024
574;3.32.02.1.01.0004;Penatausahaan Pencadangan Tanah untuk Kawasan Transmigrasi;17;441933450;2024
575;3.32.03.1.01.0001;Koordinasi dan Sinkronisasi Kerjasama Pembangunan Transmigrasi Antar Pemerintah Daerah Kabupaten/kota dalam 1 (Satu) Daerah Provinsi;17;33753150;2024
575;3.32.03.1.01.0002;Penyiapan Lingkungan Hunian Fisik, Sosial, Ekonomi bagi Penduduk Setempat dan Transmigran;17;2326164649;2024
575;3.32.03.1.01.0004;Pemindahan dan Penempatan Transmigran yang Berasal dari Lintas Daerah Kabupaten/Kota dalam Provinsi;17;54793000;2024
575;3.32.03.1.01.0007;Penyesuaian Lingkungan Baru Transmigran di Kawasan Transmigrasi;17;26090000;2024
576;3.32.04.1.01.0001;Penguatan SDM dalam rangka Pemantapan Satuan Pemukiman;17;364705350;2024
576;3.32.04.1.01.0002;Penguatan Infrastruktur Sosial, Ekonomi dan Kelembagaan dalam rangka Pemantapan Satuan Pemukiman;17;364704900;2024
577;6.01.01.1.01.0001;Penyusunan Dokumen Perencanaan Perangkat Daerah;48;16000000;2024
577;6.01.01.1.01.0006;Koordinasi dan Penyusunan Laporan Capaian Kinerja dan Ikhtisar Realisasi Kinerja SKPD;48;15310000;2024
578;6.01.01.1.02.0001;Penyediaan Gaji dan Tunjangan ASN;48;18982197111;2024
578;6.01.01.1.02.0005;Koordinasi dan Penyusunan Laporan Keuangan Akhir Tahun SKPD;48;246895000;2024
579;6.01.01.1.03.0005;Rekonsiliasi dan Penyusunan Laporan Barang Milik Daerah pada SKPD;48;45945000;2024
580;6.01.01.1.05.0004;Koordinasi dan Pelaksanaan Sistem Informasi Kepegawaian;48;97750000;2024
580;6.01.01.1.05.0009;Pendidikan dan Pelatihan Pegawai Berdasarkan Tugas dan Fungsi;48;2109114500;2024
580;6.01.01.1.05.0011;Bimbingan Teknis Implementasi Peraturan Perundang-Undangan;48;94510500;2024
581;6.01.01.1.06.0002;Penyediaan Peralatan dan Perlengkapan Kantor;48;11848800;2024
581;6.01.01.1.06.0005;Penyediaan Barang Cetakan dan Penggandaan;48;64421100;2024
581;6.01.01.1.06.0007;Penyediaan Bahan/Material;48;312500000;2024
581;6.01.01.1.06.0009;Penyelenggaraan Rapat Koordinasi dan Konsultasi SKPD;48;828232000;2024
582;6.01.01.1.07.0006;Pengadaan Peralatan dan Mesin Lainnya;48;2140555000;2024
583;6.01.01.1.08.0002;Penyediaan Jasa Komunikasi, Sumber Daya Air dan Listrik;48;446826437;2024
583;6.01.01.1.08.0004;Penyediaan Jasa Pelayanan Umum Kantor;48;1694094100;2024
584;6.01.01.1.09.0001;Penyediaan Jasa Pemeliharaan, Biaya Pemeliharaan dan Pajak Kendaraan Perorangan Dinas atau Kendaraan Dinas Jabatan;48;149800000;2024
584;6.01.01.1.09.0006;Pemeliharaan Peralatan dan Mesin Lainnya;48;195850000;2024
584;6.01.01.1.09.0009;Pemeliharaan/Rehabilitasi Gedung Kantor dan Bangunan Lainnya;48;1094016000;2024
585;6.01.02.1.01.0001;Pengawasan Kinerja Pemerintah Daerah;48;3144319000;2024
585;6.01.02.1.01.0002;Pengawasan Keuangan Pemerintah Daerah;48;1726281000;2024
585;6.01.02.1.01.0003;Reviu Laporan Kinerja;48;75750000;2024
585;6.01.02.1.01.0004;Reviu Laporan Keuangan;48;278560000;2024
585;6.01.02.1.01.0005;Pengawasan Umum dan Teknis Kabupaten/Kota;48;531226000;2024
585;6.01.02.1.01.0006;Kerjasama Pengawasan Internal;48;8550000;2024
585;6.01.02.1.01.0007;Monitoring dan Evaluasi Tindak Lanjut Hasil Pemeriksaan BPK RI dan Tindak Lanjut Hasil Pemeriksaan APIP;48;1273604000;2024
586;6.01.02.1.02.0001;Penanganan Penyelesaian Kerugian Negara/Daerah;48;90000000;2024
586;6.01.02.1.02.0002;Pengawasan dengan Tujuan Tertentu;48;1278190000;2024
587;6.01.03.1.01.0001;Perumusan Kebijakan Teknis di Bidang Pengawasan;48;6500000;2024
588;6.01.03.1.02.0002;Pendampingan, Asistensi, Verifikasi, dan Penilaian Reformasi Birokrasi;48;268632000;2024
588;6.01.03.1.02.0003;Koordinasi, Monitoring dan Evaluasi serta Verifikasi Pencegahan dan Pemberantasan Korupsi;48;657669500;2024
588;6.01.03.1.02.0004;Pendampingan, Asistensi dan Verifikasi Penegakan Integritas;48;112050000;2024
589;1.05.01.1.01.0001;Penyusunan Dokumen Perencanaan Perangkat Daerah;47;0;2024
589;1.05.01.1.01.0002;Koordinasi dan Penyusunan Dokumen RKA- SKPD;47;0;2024
589;1.05.01.1.01.0003;Koordinasi dan Penyusunan Dokumen Perubahan RKA-SKPD;47;22425000;2024
589;1.05.01.1.01.0004;Koordinasi dan Penyusunan DPA-SKPD;47;7750000;2024
589;1.05.01.1.01.0005;Koordinasi dan Penyusunan Perubahan DPA- SKPD;47;0;2024
589;1.05.01.1.01.0006;Koordinasi dan Penyusunan Laporan Capaian Kinerja dan Ikhtisar Realisasi Kinerja SKPD;47;63520000;2024
590;1.05.01.1.02.0001;Penyediaan Gaji dan Tunjangan ASN;47;10914264522;2024
590;1.05.01.1.02.0004;Koordinasi dan Pelaksanaan Akuntansi SKPD;47;133260000;2024
590;1.05.01.1.02.0005;Koordinasi dan Penyusunan Laporan Keuangan Akhir Tahun SKPD;47;15000000;2024
590;1.05.01.1.02.0006;Pengelolaan dan Penyiapan Bahan Tanggapan Pemeriksaan;47;0;2024
591;1.05.01.1.03.0001;Penyusunan Perencanaan Kebutuhan Barang Milik Daerah SKPD;47;0;2024
591;1.05.01.1.03.0005;Rekonsiliasi dan Penyusunan Laporan Barang Milik Daerah pada SKPD;47;0;2024
591;1.05.01.1.03.0006;Penatausahaan Barang Milik Daerah pada SKPD;47;9950000;2024
592;1.05.01.1.05.0002;Pengadaan Pakaian Dinas Beserta Atribut Kelengkapannya;47;161827760;2024
592;1.05.01.1.05.0003;Pendataan dan Pengolahan Administrasi Kepegawaian;47;61305000;2024
593;1.05.01.1.06.0002;Penyediaan Peralatan dan Perlengkapan Kantor;47;108730960;2024
593;1.05.01.1.06.0005;Penyediaan Barang Cetakan dan Penggandaan;47;39281100;2024
593;1.05.01.1.06.0008;Fasilitasi Kunjungan Tamu;47;0;2024
593;1.05.01.1.06.0009;Penyelenggaraan Rapat Koordinasi dan Konsultasi SKPD;47;409025800;2024
593;1.05.01.1.06.0010;Penatausahaan Arsip Dinamis pada SKPD;47;0;2024
594;1.05.01.1.08.0002;Penyediaan Jasa Komunikasi, Sumber Daya Air dan Listrik;47;191998662;2024
594;1.05.01.1.08.0004;Penyediaan Jasa Pelayanan Umum Kantor;47;2613645000;2024
595;1.05.01.1.09.0001;Penyediaan Jasa Pemeliharaan, Biaya Pemeliharaan dan Pajak Kendaraan Perorangan Dinas atau Kendaraan Dinas Jabatan;47;374000000;2024
595;1.05.01.1.09.0007;Pemeliharaan Aset Tetap Lainnya;47;54700000;2024
595;1.05.01.1.09.0010;Pemeliharaan/Rehabilitasi Sarana dan Prasarana Gedung Kantor atau Bangunan Lainnya;47;25000000;2024
596;1.05.02.1.01.0006;Kerja Sama Antar Lembaga dan Kemitraan dalam Teknik Pencegahan Kejahatan;47;102420000;2024
596;1.05.02.1.01.0008;Penyusunan SOP Ketertiban Umum dan Ketenteraman Masyarakat;47;0;2024
596;1.05.02.1.01.0014;Koordinasi Penyelenggaraan Ketenteraman, Ketertiban Umum dan Perlindungan Masyarakat Tingkat Provinsi;47;173643900;2024
596;1.05.02.1.01.0015;Penyediaan Layanan Dasar dalam rangka Dampak Penegakan Peraturan Daerah dan Peraturan Kepala Daerah;47;56200000;2024
596;1.05.02.1.01.0016;Pemberdayaan Perlindungan Masyarakat dalam rangka Ketenteraman dan Ketertiban Umum;47;95663900;2024
596;1.05.02.1.01.0017;Pencegahan Gangguan Ketenteraman ,Ketertiban Umum dan Perlindungan Masyarakat Melalui Deteksi Dini dan Cegah Dini, Pembinaan dan Penyuluhan, Pelaksanaan Patroli, Pengamanan, dan Pengawalan;47;315068000;2024
596;1.05.02.1.01.0018;Peningkatan Kapasita SDM Satuan Polisi Pamongpraja melalui pelatihan Teknis termasuk dalam pelaksanaan tugas yang bernuansa Hak Asasi Manusia;47;90811000;2024
596;1.05.02.1.01.0019;Penindakan atas Gangguan Ketenteraman , Ketertiban Umum dan Perlindungan Masyarakat  Berdasarkan Perda dan Perkada Melalui Penerbitan dan Penanganan Unjuk Rasa dan Kerusuhan Massa;47;54859000;2024
597;1.05.02.1.02.0001;Sosialisasi Penegakan Peraturan Daerah dan Peraturan Gubernur;47;45700000;2024
597;1.05.02.1.02.0002;Pengawasan atas Kepatuhan Terhadap Pelaksanaan Peraturan Daerah dan Peraturan Gubernur;47;48816050;2024
598;1.05.02.1.03.0001;Pengembangan Kapasitas dan Karier PPNS;47;143786000;2024
599;1.05.04.1.01.0002;Penyusunan dan Pemutakhiran Rencana Induk Sistem Proteksi Kebakaran;47;54570000;2024
599;1.05.04.1.01.0004;Penyelenggaraan Kerja Sama dan Koordinasi Antar Daerah Berbatasan, Antar Lembaga, dan Kemitraan dalam Pencegahan, Penanggulangan, Penyelamatan Kebakaran dan Penyelamatan Non Kebakaran;47;53791000;2024
599;1.05.04.1.01.0022;Penyediaan  Informasi Daerah Rawan Kebakaran dan Peta Rawan Kebakaran;47;1300000;2024
599;1.05.04.1.01.0023;Pembinaan Aparatur Pemadam Kebakaran dan Penyelamatan Provinsi dan Kabupaten/Kota;47;127000000;2024
599;1.05.04.1.01.0027;Pengadaan Sarana dan Prasarana Pencegahan, Penanggulangan Kebakaran dan Alat Pelindung Diri;47;9950000;2024
600;1.05.04.1.02.0004;Pembinaan Penyelenggaraan Pencegahan, Penanggulangan, Penyelamatan Kebakaran dan Penyelamatan Non Kebakaran;47;50000000;2024
601;4.02.01.1.01.0002;Koordinasi dan Penyusunan Dokumen RKA- SKPD;46;54999850;2024
601;4.02.01.1.01.0003;Koordinasi dan Penyusunan Dokumen Perubahan RKA-SKPD;46;43368000;2024
601;4.02.01.1.01.0004;Koordinasi dan Penyusunan DPA-SKPD;46;45000000;2024
601;4.02.01.1.01.0005;Koordinasi dan Penyusunan Perubahan DPA- SKPD;46;45081200;2024
601;4.02.01.1.01.0006;Koordinasi dan Penyusunan Laporan Capaian Kinerja dan Ikhtisar Realisasi Kinerja SKPD;46;155000000;2024
601;4.02.01.1.01.0007;Evaluasi Kinerja Perangkat Daerah;46;107340100;2024
602;4.02.01.1.02.0001;Penyediaan Gaji dan Tunjangan ASN;46;9997410659;2024
602;4.02.01.1.02.0005;Koordinasi dan Penyusunan Laporan Keuangan Akhir Tahun SKPD;46;90107025;2024
602;4.02.01.1.02.0007;Koordinasi dan Penyusunan Laporan Keuangan Bulanan/ Triwulanan/Semesteran SKPD;46;46514600;2024
603;4.02.01.1.03.0001;Penyusunan Perencanaan Kebutuhan Barang Milik Daerah SKPD;46;93545000;2024
603;4.02.01.1.03.0005;Rekonsiliasi dan Penyusunan Laporan Barang Milik Daerah pada SKPD;46;135000050;2024
604;4.02.01.1.05.0002;Pengadaan Pakaian Dinas Beserta Atribut Kelengkapannya;46;326748480;2024
604;4.02.01.1.05.0003;Pendataan dan Pengolahan Administrasi Kepegawaian;46;28495000;2024
604;4.02.01.1.05.0010;Sosialisasi Peraturan Perundang-Undangan;46;195892000;2024
604;4.02.01.1.05.0011;Bimbingan Teknis Implementasi Peraturan Perundang-Undangan;46;553942000;2024
605;4.02.01.1.06.0002;Penyediaan Peralatan dan Perlengkapan Kantor;46;945616720;2024
605;4.02.01.1.06.0003;Penyediaan Peralatan Rumah Tangga;46;1968812835;2024
605;4.02.01.1.06.0005;Penyediaan Barang Cetakan dan Penggandaan;46;722186780;2024
605;4.02.01.1.06.0008;Fasilitasi Kunjungan Tamu;46;1642830000;2024
605;4.02.01.1.06.0009;Penyelenggaraan Rapat Koordinasi dan Konsultasi SKPD;46;2348628300;2024
606;4.02.01.1.07.0002;Pengadaan Kendaraan Dinas Operasional atau Lapangan;46;3073152000;2024
606;4.02.01.1.07.0005;Pengadaan Mebel;46;3258981450;2024
606;4.02.01.1.07.0006;Pengadaan Peralatan dan Mesin Lainnya;46;1844458142;2024
606;4.02.01.1.07.0009;Pengadaan Gedung Kantor atau Bangunan Lainnya;46;2367438679;2024
606;4.02.01.1.07.0010;Pengadaan Sarana dan Prasarana Gedung Kantor atau Bangunan Lainnya;46;3651292708;2024
607;4.02.01.1.08.0002;Penyediaan Jasa Komunikasi, Sumber Daya Air dan Listrik;46;2259397016;2024
607;4.02.01.1.08.0003;Penyediaan Jasa Peralatan dan Perlengkapan Kantor;46;385000000;2024
607;4.02.01.1.08.0004;Penyediaan Jasa Pelayanan Umum Kantor;46;7761652000;2024
608;4.02.01.1.09.0001;Penyediaan Jasa Pemeliharaan, Biaya Pemeliharaan dan Pajak Kendaraan Perorangan Dinas atau Kendaraan Dinas Jabatan;46;1180950000;2024
608;4.02.01.1.09.0006;Pemeliharaan Peralatan dan Mesin Lainnya;46;485100000;2024
608;4.02.01.1.09.0009;Pemeliharaan/Rehabilitasi Gedung Kantor dan Bangunan Lainnya;46;13484856734;2024
608;4.02.01.1.09.0010;Pemeliharaan/Rehabilitasi Sarana dan Prasarana Gedung Kantor atau Bangunan Lainnya;46;761770000;2024
609;4.02.01.1.15.0001;Penyelenggaraan Administrasi Keuangan DPRD;46;34474882237;2024
609;4.02.01.1.15.0002;Penyediaan Pakaian Dinas dan Atribut DPRD;46;2176636000;2024
609;4.02.01.1.15.0003;Pelaksanaan Medical Check Up DPRD;46;220000000;2024
610;4.02.01.1.16.0001;Penyelenggaraan Administrasi Keanggotaan DPRD;46;34176300;2024
610;4.02.01.1.16.0002;Fasilitasi Fraksi DPRD;46;39499750;2024
610;4.02.01.1.16.0003;Fasilitasi Rapat Koordinasi dan Konsultasi DPRD;46;254036000;2024
610;4.02.01.1.16.0004;Penyediaan Kebutuhan Rumah Tangga DPRD;46;1269801648;2024
611;4.02.02.1.01.0001;Penyusunan dan Pembahasan Program Pembentukan Peraturan Daerah;46;714655150;2024
611;4.02.02.1.01.0002;Pembahasan Rancangan Perda;46;6432197250;2024
611;4.02.02.1.01.0003;Penyelenggaraan Kajian Perundang-Undangan;46;521232250;2024
611;4.02.02.1.01.0004;Fasilitasi Penyusunan Naskah Akademik;46;1540559700;2024
611;4.02.02.1.01.0005;Penyusunan Tata Tertib DPRD;46;467575800;2024
612;4.02.02.1.02.0001;Pembahasan KUA dan PPAS;46;55699250;2024
612;4.02.02.1.02.0002;Pembahasan Perubahan KUA dan Perubahan PPAS;46;52250000;2024
612;4.02.02.1.02.0003;Pembahasan APBD;46;518741000;2024
612;4.02.02.1.02.0004;Pembahasan Perubahan APBD;46;518741000;2024
612;4.02.02.1.02.0005;Pembahasan Laporan Semester;46;23425000;2024
612;4.02.02.1.02.0006;Pembahasan Pertanggungjawaban APBD;46;34000000;2024
613;4.02.02.1.03.0001;Pengawasan Urusan Pemerintahan Bidang Pemerintahan dan Hukum;46;1527030000;2024
613;4.02.02.1.03.0002;Pengawasan Urusan Pemerintahan Bidang Infrastruktur;46;1689084000;2024
613;4.02.02.1.03.0003;Pengawasan Urusan Pemerintahan Bidang Kesejahteraan Rakyat;46;1689084000;2024
613;4.02.02.1.03.0004;Pengawasan Urusan Pemerintahan Bidang Perekonomian;46;1626204000;2024
613;4.02.02.1.03.0005;Pengawasan Urusan Pemerintahan Bidang Sumber Daya Alam;46;1390358000;2024
613;4.02.02.1.03.0006;Pengawasan Tindak Lanjut Hasil Pemeriksaan Laporan Keuangan oleh Badan Pemeriksa Keuangan;46;30750000;2024
613;4.02.02.1.03.0007;Pengawasan Penggunaan Anggaran;46;3169990000;2024
613;4.02.02.1.03.0008;Pembahasan Laporan Keterangan Pertanggungjawaban Kepala Daerah;46;28875000;2024
614;4.02.02.1.04.0001;Orientasi DPRD;46;1828712000;2024
614;4.02.02.1.04.0002;Pendalaman Tugas DPRD;46;1620098000;2024
614;4.02.02.1.04.0004;Penyediaan Kelompok Pakar dan Tim Ahli;46;1978542500;2024
614;4.02.02.1.04.0005;Penyediaan Tenaga Ahli Fraksi;46;748000000;2024
614;4.02.02.1.04.0006;Penyelenggaraan Hubungan Masyarakat;46;51050000;2024
614;4.02.02.1.04.0007;Penyusunan Program Kerja DPRD;46;140270930;2024
614;4.02.02.1.04.0008;Publikasi dan Dokumentasi DPRD;46;5170672500;2024
615;4.02.02.1.05.0001;Kunjungan Kerja dalam Daerah;46;1197650000;2024
615;4.02.02.1.05.0002;Penyusunan Pokok-Pokok Pikiran DPRD;46;608916000;2024
615;4.02.02.1.05.0003;Pelaksanaan Reses;46;6131214500;2024
616;4.02.02.1.06.0001;Penyusunan Kode Etik DPRD;46;21600000;2024
616;4.02.02.1.06.0002;Pengawasan Kode Etik DPRD;46;284680000;2024
617;4.02.02.1.07.0001;Fasilitasi, Verifikasi, dan Koordinasi Persetujuan Kerja Sama Daerah;46;1284586000;2024
617;4.02.02.1.07.0002;Penyusunan Bahan Komunikasi dan Publikasi;46;109986000;2024
618;4.02.02.1.08.0001;Koordinasi dan Konsultasi Pelaksanaan Tugas DPRD;46;9943648000;2024
618;4.02.02.1.08.0002;Penyusunan Laporan Kinerja DPRD;46;104035000;2024
618;4.02.02.1.08.0003;Fasilitasi Pelaksanaan Tugas Badan Musyawarah;46;45310000;2024
618;4.02.02.1.08.0004;Fasilitasi Tugas Pimpinan DPRD;46;4420567000;2024
618;4.02.02.1.08.0005;Fasilitasi Pelaksanaan Tugas Panitia Khusus;46;2987678000;2024
619;4.01.01.1.06.0009;Penyelenggaraan Rapat Koordinasi dan Konsultasi SKPD;44;492811888;2024
620;4.01.01.1.08.0003;Penyediaan Jasa Peralatan dan Perlengkapan Kantor;44;1290107848;2024
621;4.01.08.1.01.0001;Pengendalian Administrasi Pelaksanaan Pembangunan APBD;44;119701950;2024
621;4.01.08.1.01.0002;Pengendalian Administrasi Pelaksanaan Pembangunan APBN;44;115462550;2024
621;4.01.08.1.01.0003;Pengendalian Administrasi Pelaksanaan Pembangunan Wilayah;44;414135000;2024
622;4.01.08.1.02.0001;Analisis Capaian Kinerja Pembangunan Daerah;44;695520070;2024
622;4.01.08.1.02.0002;Pelaporan Pelaksanaan Pembangunan Daerah;44;158420125;2024
622;4.01.08.1.02.0003;Fasilitasi Perumusan Kebijakan Teknis Pembangunan Daerah;44;233040500;2024
623;4.01.01.1.01.0001;Penyusunan Dokumen Perencanaan Perangkat Daerah;41;56332000;2024
624;4.01.01.1.02.0002;Penyediaan Administrasi Pelaksanaan Tugas ASN;41;942480000;2024
625;4.01.01.1.05.0002;Pengadaan Pakaian Dinas Beserta Atribut Kelengkapannya;41;64600000;2024
625;4.01.01.1.05.0003;Pendataan dan Pengolahan Administrasi Kepegawaian;41;61631000;2024
626;4.01.01.1.06.0002;Penyediaan Peralatan dan Perlengkapan Kantor;41;32600030;2024
626;4.01.01.1.06.0005;Penyediaan Barang Cetakan dan Penggandaan;41;468571300;2024
627;4.01.01.1.08.0004;Penyediaan Jasa Pelayanan Umum Kantor;41;491218000;2024
628;4.01.01.1.09.0001;Penyediaan Jasa Pemeliharaan, Biaya Pemeliharaan dan Pajak Kendaraan Perorangan Dinas atau Kendaraan Dinas Jabatan;41;803080000;2024
629;4.01.01.1.13.0001;Penyiapan Materi Pimpinan;41;458642000;2024
629;4.01.01.1.13.0002;Fasilitasi Komunikasi Pimpinan;41;2546083750;2024
629;4.01.01.1.13.0003;Pengelolaan Dokumentasi Pimpinan;41;284000367;2024
630;4.01.01.1.14.0001;Fasilitasi dan Koordinasi Pelaksanaan Acara;41;353328000;2024
630;4.01.01.1.14.0002;Fasilitasi Kunjungan Tamu Kepala Daerah dan Wakil Kepala Daerah;41;1005718000;2024
630;4.01.01.1.14.0003;Pengelolaan Hubungan Keprotokolan;41;631715500;2024
631;4.01.08.1.02.0002;Pelaporan Pelaksanaan Pembangunan Daerah;41;0;2024
632;4.01.01.1.01.0006;Koordinasi dan Penyusunan Laporan Capaian Kinerja dan Ikhtisar Realisasi Kinerja SKPD;42;12400000;2024
633;4.01.01.1.02.0002;Penyediaan Administrasi Pelaksanaan Tugas ASN;42;629240000;2024
634;4.01.01.1.05.0002;Pengadaan Pakaian Dinas Beserta Atribut Kelengkapannya;42;29500000;2024
634;4.01.01.1.05.0010;Sosialisasi Peraturan Perundang-Undangan;42;199787500;2024
634;4.01.01.1.05.0011;Bimbingan Teknis Implementasi Peraturan Perundang-Undangan;42;84800000;2024
635;4.01.01.1.06.0002;Penyediaan Peralatan dan Perlengkapan Kantor;42;277944850;2024
635;4.01.01.1.06.0005;Penyediaan Barang Cetakan dan Penggandaan;42;41974350;2024
635;4.01.01.1.06.0009;Penyelenggaraan Rapat Koordinasi dan Konsultasi SKPD;42;401992000;2024
636;4.01.01.1.07.0005;Pengadaan Mebel;42;40240000;2024
637;4.01.01.1.08.0003;Penyediaan Jasa Peralatan dan Perlengkapan Kantor;42;176015400;2024
638;4.01.01.1.09.0001;Penyediaan Jasa Pemeliharaan, Biaya Pemeliharaan dan Pajak Kendaraan Perorangan Dinas atau Kendaraan Dinas Jabatan;42;100000000;2024
638;4.01.01.1.09.0006;Pemeliharaan Peralatan dan Mesin Lainnya;42;33000000;2024
639;4.01.05.1.01.0001;Fasilitasi Penyusunan Produk Hukum Pengaturan;42;532180400;2024
639;4.01.05.1.01.0003;Pendokumentasian Produk Hukum dan Naskah Hukum Lainnya;42;189000000;2024
639;4.01.05.1.01.0004;Fasilitasi dan Evaluasi Produk Hukum Kabupaten/Kota;42;375000000;2024
640;4.01.05.1.02.0001;Fasilitasi Penyelesaian Masalah Hukum;42;1210232000;2024
640;4.01.05.1.02.0002;Fasilitasi Penyelesaian Masalah Non Litigasi dan HAM;42;266693500;2024
641;4.01.01.1.01.0006;Koordinasi dan Penyusunan Laporan Capaian Kinerja dan Ikhtisar Realisasi Kinerja SKPD;37;35472500;2024
642;4.01.01.1.02.0002;Penyediaan Administrasi Pelaksanaan Tugas ASN;37;902400000;2024
643;4.01.01.1.05.0011;Bimbingan Teknis Implementasi Peraturan Perundang-Undangan;37;172040000;2024
644;4.01.01.1.06.0009;Penyelenggaraan Rapat Koordinasi dan Konsultasi SKPD;37;371719000;2024
645;4.01.01.1.07.0006;Pengadaan Peralatan dan Mesin Lainnya;37;406451500;2024
646;4.01.01.1.08.0003;Penyediaan Jasa Peralatan dan Perlengkapan Kantor;37;70397800;2024
647;4.01.01.1.09.0006;Pemeliharaan Peralatan dan Mesin Lainnya;37;365110000;2024
648;4.01.04.1.01.0001;Pengelolaan Sarana dan Prasarana Spiritual;37;29075910000;2024
648;4.01.04.1.01.0002;Fasilitasi Kelembagaan Bina Spiritual;37;13036399650;2024
649;4.01.04.1.02.0001;Fasilitasi, Koordinasi, Sinkronisasi, Evaluasi dan Capaian Kinerja Kebijakan Kesejahteraan Rakyat Bidang Pendidikan;37;137999800;2024
649;4.01.04.1.02.0002;Fasilitasi, Koordinasi dan Sinkronisasi, Evaluasi dan Capaian Kinerja Kebijakan Kesejahteraan Rakyat Bidang Kesehatan;37;124999750;2024
649;4.01.04.1.02.0003;Fasilitasi, Koordinasi dan Sinkronisasi, Evaluasi dan Capaian Kinerja Kebijakan Kesejahteraan Rakyat Bidang Sosial;37;137999850;2024
650;4.01.04.1.03.0001;Koordinasi dan Sinkronisasi Kebijakan Kesejahteraan Rakyat Bidang Kepemudaan, Olahraga, Kebudayaan, dan Pariwisata;37;203000000;2024
650;4.01.04.1.03.0002;Koordinasi dan Sinkronisasi Kebijakan Kesejahteraan Rakyat Bidang Pemberdayaan Perempuan dan Perlindungan Anak, Pengendalian Penduduk dan Keluarga Berencana, Administrasi Kependudukan dan Pencatatan Sipil, Pemberdayaan Masyarakat dan Desa, Transmigrasi dan Tenaga Kerja;37;130500000;2024
650;4.01.04.1.03.0003;Koordinasi dan Sinkronisasi Kebijakan Kesejahteraan Rakyat Bidang Komunikasi, Informatika, Statistik, Persandian, dan Perhubungan;37;137999850;2024
651;4.01.01.1.01.0006;Koordinasi dan Penyusunan Laporan Capaian Kinerja dan Ikhtisar Realisasi Kinerja SKPD;40;64840950;2024
652;4.01.01.1.02.0002;Penyediaan Administrasi Pelaksanaan Tugas ASN;40;414090000;2024
653;4.01.01.1.05.0002;Pengadaan Pakaian Dinas Beserta Atribut Kelengkapannya;40;41415000;2024
653;4.01.01.1.05.0009;Pendidikan dan Pelatihan Pegawai Berdasarkan Tugas dan Fungsi;40;39050000;2024
654;4.01.01.1.06.0002;Penyediaan Peralatan dan Perlengkapan Kantor;40;272208930;2024
654;4.01.01.1.06.0005;Penyediaan Barang Cetakan dan Penggandaan;40;29999950;2024
654;4.01.01.1.06.0009;Penyelenggaraan Rapat Koordinasi dan Konsultasi SKPD;40;431810250;2024
655;4.01.01.1.07.0001;Pengadaan Kendaraan Perorangan Dinas atau Kendaraan Dinas Jabatan;40;22220000;2024
656;4.01.01.1.08.0001;Penyediaan Jasa Surat Menyurat;40;23676100;2024
657;4.01.01.1.09.0001;Penyediaan Jasa Pemeliharaan, Biaya Pemeliharaan dan Pajak Kendaraan Perorangan Dinas atau Kendaraan Dinas Jabatan;40;201500000;2024
657;4.01.01.1.09.0006;Pemeliharaan Peralatan dan Mesin Lainnya;40;56630000;2024
658;4.01.02.1.01.0001;Fasilitasi Penataan Kelembagaan Provinsi;40;241487950;2024
658;4.01.02.1.01.0002;Fasilitasi Penataan Kelembagaan Kabupaten/Kota;40;217312300;2024
658;4.01.02.1.01.0003;Penataan Analisis Jabatan;40;549761700;2024
659;4.01.02.1.02.0001;Pembinaan Pelaksanaan Reformasi Birokrasi;40;233230225;2024
659;4.01.02.1.02.0002;Monitoring dan Evaluasi Akuntabilitas Kinerja;40;235250000;2024
659;4.01.02.1.02.0003;Evaluasi Pelaksanaan Budaya Kerja;40;81700300;2024
659;4.01.02.1.02.0004;Pengelolaan Tatalaksana Pemerintahan;40;139366000;2024
659;4.01.02.1.02.0005;Fasilitasi Peningkatan Pelayanan Publik;40;254449700;2024
660;4.01.01.1.01.0001;Penyusunan Dokumen Perencanaan Perangkat Daerah;38;28705380;2024
660;4.01.01.1.01.0006;Koordinasi dan Penyusunan Laporan Capaian Kinerja dan Ikhtisar Realisasi Kinerja SKPD;38;17249800;2024
660;4.01.01.1.01.0007;Evaluasi Kinerja Perangkat Daerah;38;8410880;2024
661;4.01.01.1.05.0011;Bimbingan Teknis Implementasi Peraturan Perundang-Undangan;38;9220000;2024
662;4.01.01.1.06.0002;Penyediaan Peralatan dan Perlengkapan Kantor;38;851358604;2024
662;4.01.01.1.06.0005;Penyediaan Barang Cetakan dan Penggandaan;38;0;2024
662;4.01.01.1.06.0009;Penyelenggaraan Rapat Koordinasi dan Konsultasi SKPD;38;391243950;2024
663;4.01.01.1.08.0004;Penyediaan Jasa Pelayanan Umum Kantor;38;817267850;2024
664;4.01.01.1.09.0002;Penyediaan Jasa Pemeliharaan, Biaya Pemeliharaan, Pajak dan Perizinan Kendaraan Dinas Operasional atau Lapangan;38;293560000;2024
665;4.01.03.1.01.0002;Fasilitasi Pelaksanaan Pemerintahan Umum;38;130000000;2024
665;4.01.03.1.01.0003;Fasilitasi Penataan Wilayah;38;115131266;2024
666;4.01.03.1.02.0001;Fasilitasi Administrasi Kepala Daerah dan DPRD;38;145298000;2024
666;4.01.03.1.02.0002;Pengembangan Otonomi dan Penataan Urusan;38;224630000;2024
666;4.01.03.1.02.0003;Evaluasi dan Penyelenggaraan Pemerintahan;38;164995000;2024
667;4.01.03.1.03.0001;Fasilitasi Kerja Sama Antar Pemerintah;38;845000000;2024
667;4.01.03.1.03.0002;Fasilitasi Kerja Sama Badan Usaha/Swasta;38;150030000;2024
667;4.01.03.1.03.0003;Evaluasi Pelaksanaan Kerja Sama;38;222899270;2024
668;4.01.01.1.01.0006;Koordinasi dan Penyusunan Laporan Capaian Kinerja dan Ikhtisar Realisasi Kinerja SKPD;45;6731000;2024
669;4.01.01.1.02.0002;Penyediaan Administrasi Pelaksanaan Tugas ASN;45;726300000;2024
670;4.01.01.1.05.0002;Pengadaan Pakaian Dinas Beserta Atribut Kelengkapannya;45;0;2024
670;4.01.01.1.05.0011;Bimbingan Teknis Implementasi Peraturan Perundang-Undangan;45;0;2024
671;4.01.01.1.06.0003;Penyediaan Peralatan Rumah Tangga;45;12886900;2024
671;4.01.01.1.06.0005;Penyediaan Barang Cetakan dan Penggandaan;45;119447400;2024
671;4.01.01.1.06.0009;Penyelenggaraan Rapat Koordinasi dan Konsultasi SKPD;45;293772000;2024
672;4.01.01.1.07.0006;Pengadaan Peralatan dan Mesin Lainnya;45;430090000;2024
673;4.01.01.1.08.0001;Penyediaan Jasa Surat Menyurat;45;0;2024
673;4.01.01.1.08.0002;Penyediaan Jasa Komunikasi, Sumber Daya Air dan Listrik;45;229429500;2024
673;4.01.01.1.08.0004;Penyediaan Jasa Pelayanan Umum Kantor;45;64350000;2024
674;4.01.01.1.09.0001;Penyediaan Jasa Pemeliharaan, Biaya Pemeliharaan dan Pajak Kendaraan Perorangan Dinas atau Kendaraan Dinas Jabatan;45;360060000;2024
674;4.01.01.1.09.0006;Pemeliharaan Peralatan dan Mesin Lainnya;45;37520000;2024
674;4.01.01.1.09.0009;Pemeliharaan/Rehabilitasi Gedung Kantor dan Bangunan Lainnya;45;214764000;2024
675;4.01.07.1.01.0001;Pengelolaan Strategi Pengadaan Barang dan Jasa;45;243249300;2024
675;4.01.07.1.01.0002;Pelaksanaan Pengadaan Barang dan Jasa;45;189397800;2024
675;4.01.07.1.01.0003;Pemantauan dan Evaluasi Pengadaan Barang dan Jasa;45;255124000;2024
676;4.01.07.1.02.0001;Pengelolaan Sistem Pengadaan Secara Elektronik;45;147807050;2024
676;4.01.07.1.02.0002;Pengembangan Sistem Informasi Pengadaan Barang dan Jasa;45;335891000;2024
676;4.01.07.1.02.0003;Pengelolaan Informasi Pengadaan Barang dan Jasa;45;140786650;2024
677;4.01.07.1.03.0001;Pembinaan Sumber Daya Manusia Pengadaan Barang dan Jasa;45;215105000;2024
677;4.01.07.1.03.0002;Pembinaan Kelembagaan Pengadaan Barang dan Jasa;45;316232400;2024
677;4.01.07.1.03.0003;Pendampingan, Konsultasi, dan/atau Bimbingan Teknis Pengadaan Barang dan Jasa;45;161056000;2024
678;4.01.01.1.05.0011;Bimbingan Teknis Implementasi Peraturan Perundang-Undangan;39;47970000;2024
679;4.01.01.1.06.0009;Penyelenggaraan Rapat Koordinasi dan Konsultasi SKPD;39;279623600;2024
680;4.01.01.1.08.0003;Penyediaan Jasa Peralatan dan Perlengkapan Kantor;39;756890660;2024
681;4.01.06.1.01.0001;Fasilitasi Pengelolaan Kebijakan Ekonomi Makro;39;303859900;2024
681;4.01.06.1.01.0002;Fasilitasi Pengelolaan Kebijakan Ekonomi Mikro;39;221699600;2024
682;4.01.06.1.02.0001;Koordinasi, Sinkronisasi dan Evaluasi Kebijakan Pertanian, Kehutanan, Kelautan, dan Perikanan;39;159876000;2024
682;4.01.06.1.02.0002;Koordinasi, Sinkronisasi dan Evaluasi Kebijakan Pertambangan dan Lingkungan Hidup;39;179773950;2024
682;4.01.06.1.02.0003;Koordinasi, Sinkronisasi dan Evaluasi Kebijakan Energi dan Air;39;160350000;2024
683;4.01.06.1.03.0001;Koordinasi, Sinkronisasi, Monitoring, dan Evaluasi Kebijakan Pengelolaan Badan Usaha Milik Daerah Jasa Keuangan dan Aneka Usaha;39;265539700;2024
683;4.01.06.1.03.0002;Koordinasi, Sinkronisasi, Monitoring dan Evaluasi Kebijakan Pengelolaan Badan Usaha Milik Daerah Air Minum, Limbah dan Sanitasi;39;224145650;2024
683;4.01.06.1.03.0004;Koordinasi, Sinkronisasi, Monitoring dan Evaluasi Kebijakan Pengelolaan Badan Layanan Umum Daerah;39;170830800;2024
684;4.01.01.1.01.0001;Penyusunan Dokumen Perencanaan Perangkat Daerah;43;29138750;2024
685;4.01.01.1.02.0001;Penyediaan Gaji dan Tunjangan ASN;43;57355726378;2024
685;4.01.01.1.02.0002;Penyediaan Administrasi Pelaksanaan Tugas ASN;43;4591890000;2024
685;4.01.01.1.02.0003;Pelaksanaan Penatausahaan dan Pengujian/Verifikasi Keuangan SKPD;43;536834650;2024
685;4.01.01.1.02.0004;Koordinasi dan Pelaksanaan Akuntansi SKPD;43;20250000;2024
685;4.01.01.1.02.0005;Koordinasi dan Penyusunan Laporan Keuangan Akhir Tahun SKPD;43;41549800;2024
685;4.01.01.1.02.0007;Koordinasi dan Penyusunan Laporan Keuangan Bulanan/ Triwulanan/Semesteran SKPD;43;43350000;2024
685;4.01.01.1.02.0008;Penyusunan Pelaporan dan Analisis Prognosis Realisasi Anggaran;43;27599850;2024
686;4.01.01.1.03.0002;Pengamanan Barang Milik Daerah SKPD;43;17725000;2024
686;4.01.01.1.03.0005;Rekonsiliasi dan Penyusunan Laporan Barang Milik Daerah pada SKPD;43;17500000;2024
686;4.01.01.1.03.0006;Penatausahaan Barang Milik Daerah pada SKPD;43;228959000;2024
686;4.01.01.1.03.0007;Pemanfaatan Barang Milik Daerah SKPD;43;108180000;2024
687;4.01.01.1.05.0011;Bimbingan Teknis Implementasi Peraturan Perundang-Undangan;43;26000000;2024
688;4.01.01.1.06.0001;Penyediaan Komponen Instalasi Listrik/Penerangan Bangunan Kantor;43;46406400;2024
688;4.01.01.1.06.0002;Penyediaan Peralatan dan Perlengkapan Kantor;43;176416100;2024
688;4.01.01.1.06.0003;Penyediaan Peralatan Rumah Tangga;43;30079480;2024
688;4.01.01.1.06.0005;Penyediaan Barang Cetakan dan Penggandaan;43;176381250;2024
688;4.01.01.1.06.0008;Fasilitasi Kunjungan Tamu;43;1117733000;2024
688;4.01.01.1.06.0009;Penyelenggaraan Rapat Koordinasi dan Konsultasi SKPD;43;252498600;2024
688;4.01.01.1.06.0010;Penatausahaan Arsip Dinamis pada SKPD;43;20249750;2024
689;4.01.01.1.07.0002;Pengadaan Kendaraan Dinas Operasional atau Lapangan;43;0;2024
689;4.01.01.1.07.0005;Pengadaan Mebel;43;136581325;2024
689;4.01.01.1.07.0006;Pengadaan Peralatan dan Mesin Lainnya;43;853134862;2024
690;4.01.01.1.08.0001;Penyediaan Jasa Surat Menyurat;43;20272500;2024
690;4.01.01.1.08.0002;Penyediaan Jasa Komunikasi, Sumber Daya Air dan Listrik;43;1984986000;2024
690;4.01.01.1.08.0003;Penyediaan Jasa Peralatan dan Perlengkapan Kantor;43;298251500;2024
690;4.01.01.1.08.0004;Penyediaan Jasa Pelayanan Umum Kantor;43;365470000;2024
691;4.01.01.1.09.0001;Penyediaan Jasa Pemeliharaan, Biaya Pemeliharaan dan Pajak Kendaraan Perorangan Dinas atau Kendaraan Dinas Jabatan;43;913700000;2024
691;4.01.01.1.09.0002;Penyediaan Jasa Pemeliharaan, Biaya Pemeliharaan, Pajak dan Perizinan Kendaraan Dinas Operasional atau Lapangan;43;1046804000;2024
691;4.01.01.1.09.0005;Pemeliharaan Mebel;43;0;2024
691;4.01.01.1.09.0006;Pemeliharaan Peralatan dan Mesin Lainnya;43;404940000;2024
691;4.01.01.1.09.0009;Pemeliharaan/Rehabilitasi Gedung Kantor dan Bangunan Lainnya;43;1447742300;2024
691;4.01.01.1.09.0010;Pemeliharaan/Rehabilitasi Sarana dan Prasarana Gedung Kantor atau Bangunan Lainnya;43;200000000;2024
691;4.01.01.1.09.0011;Pemeliharaan/Rehabilitasi Sarana dan Prasarana Pendukung Gedung Kantor atau Bangunan Lainnya;43;1070073230;2024
692;4.01.01.1.12.0001;Penyediaan Kebutuhan Rumah Tangga Kepala Daerah;43;1298563320;2024
692;4.01.01.1.12.0002;Penyediaan Kebutuhan Rumah Tangga Wakil Kepala Daerah;43;822944324;2024
692;4.01.01.1.12.0003;Penyediaan Kebutuhan Rumah Tangga Sekretariat Daerah;43;292356024;2024
693;4.01.01.1.02.0002;Penyediaan Administrasi Pelaksanaan Tugas ASN (WKDH);43;519360000;2024
694;4.01.01.1.05.0002;Pengadaan Pakaian Dinas Beserta Atribut Kelengkapannya (WKDH);43;45117316;2024
695;4.01.01.1.06.0002;Penyediaan Peralatan dan Perlengkapan Kantor (WKDH);43;57542170;2024
695;4.01.01.1.06.0005;Penyediaan Barang Cetakan dan Penggandaan (WKDH);43;28191300;2024
696;4.01.01.1.08.0002;Penyediaan Jasa Komunikasi, Sumber Daya Air dan Listrik (WKDH);43;21150000;2024
696;4.01.01.1.08.0004;Penyediaan Jasa Pelayanan Umum Kantor (WKDH);43;28000000;2024
697;4.01.01.1.09.0001;Penyediaan Jasa Pemeliharaan, Biaya Pemeliharaan dan Pajak Kendaraan Perorangan Dinas atau Kendaraan Dinas Jabatan (WKDH);43;523000000;2024
698;4.01.01.1.11.0002;Penyediaan Pakaian Dinas dan Atribut Kelengkapan Kepala Daerah dan Wakil Kepala Daerah (WKDH);43;51712949;2024
698;4.01.01.1.11.0003;Pelaksanaan Medical Check Up Kepala Daerah dan Wakil Kepala Daerah (WKDH);43;200000000;2024
699;4.01.01.1.12.0002;Penyediaan Kebutuhan Rumah Tangga Wakil Kepala Daerah (WKDH);43;744491265;2024
700;4.01.01.1.13.0002;Fasilitasi Komunikasi Pimpinan (WKDH);43;1550000000;2024
701;4.01.01.1.14.0002;Fasilitasi Kunjungan Tamu Kepala Daerah dan Wakil Kepala Daerah (WKDH);43;331435000;2024
702;4.01.01.1.02.0002;Penyediaan Administrasi Pelaksanaan Tugas ASN (KDH);43;1025400000;2024
703;4.01.01.1.05.0002;Pengadaan Pakaian Dinas Beserta Atribut Kelengkapannya  (KDH);43;223780;2024
704;4.01.01.1.06.0002;Penyediaan Peralatan dan Perlengkapan Kantor (KDH);43;129546600;2024
704;4.01.01.1.06.0005;Penyediaan Barang Cetakan dan Penggandaan (KDH);43;41541250;2024
705;4.01.01.1.08.0002;Penyediaan Jasa Komunikasi, Sumber Daya Air dan Listrik (KDH);43;85125000;2024
705;4.01.01.1.08.0004;Penyediaan Jasa Pelayanan Umum Kantor (KDH);43;639189600;2024
706;4.01.01.1.09.0001;Penyediaan Jasa Pemeliharaan, Biaya Pemeliharaan dan Pajak Kendaraan Perorangan Dinas atau Kendaraan Dinas Jabatan (KDH);43;683000000;2024
707;4.01.01.1.11.0001;Penyediaan Gaji dan Tunjangan Kepala Daerah dan Wakil Kepala Daerah (KDH);43;240777917;2024
707;4.01.01.1.11.0002;Penyediaan Pakaian Dinas dan Atribut Kelengkapan Kepala Daerah dan Wakil Kepala Daerah (KDH);43;81178948;2024
707;4.01.01.1.11.0003;Pelaksanaan Medical Check Up Kepala Daerah dan Wakil Kepala Daerah (KDH);43;100000000;2024
707;4.01.01.1.11.0004;Penyediaan Dana Penunjang Operasional Kepala Daerah dan Wakil Kepala Daerah (KDH);43;3012679288;2024
708;4.01.01.1.12.0001;Penyediaan Kebutuhan Rumah Tangga Kepala Daerah (KDH);43;835690881;2024
709;4.01.01.1.13.0002;Fasilitasi Komunikasi Pimpinan (KDH);43;2536680000;2024
710;4.01.01.1.02.0001;Penyediaan Gaji dan Tunjangan ASN (TU Pimpinan);43;0;2024
711;4.01.01.1.05.0002;Pengadaan Pakaian Dinas Beserta Atribut Kelengkapannya (TU Pimpinan);43;161282450;2024
712;4.01.01.1.06.0002;Penyediaan Peralatan dan Perlengkapan Kantor   (TU Pimpinan);43;129673330;2024
712;4.01.01.1.06.0005;Penyediaan Barang Cetakan dan Penggandaan (TU Pimpinan);43;21492000;2024
712;4.01.01.1.06.0008;Fasilitasi Kunjungan Tamu (TU Pimpinan);43;965391363;2024
713;4.01.01.1.08.0004;Penyediaan Jasa Pelayanan Umum Kantor (TU Pimpinan);43;1002355000;2024
714;4.01.01.1.09.0001;Penyediaan Jasa Pemeliharaan, Biaya Pemeliharaan dan Pajak Kendaraan Perorangan Dinas atau Kendaraan Dinas Jabatan (TU Pimpinan);43;900000000;2024
715;4.01.01.1.12.0003;Penyediaan Kebutuhan Rumah Tangga Sekretariat Daerah (TU Pimpinan);43;136425350;2024
716;4.01.01.1.13.0002;Fasilitasi Komunikasi Pimpinan (TU Pimpinan);43;4683148000;2024