id,satuan_kerja_id,satuan_kerja_nama,lv0_jabatan_id,lv0_jabatan_nama,lv0_eselon_nm,lv1_unit_kerja_id,lv1_unit_kerja_nama,lv1_jabatan_id,lv1_jabatan_nama,lv1_eselon_nm,lv2_unit_kerja_id,lv2_unit_kerja_nama,lv2_jabatan_id,lv2_jabatan_nama,lv2_eselon_nm,lv3_unit_kerja_id,lv3_unit_kerja_nama,lv3_jabatan_id,lv3_jabatan_nama,lv3_eselon_nm,lv4_unit_kerja_id,lv4_unit_kerja_nama,lv4_jabatan_id,lv4_jabatan_nama,lv4_eselon_nm,lv5_unit_kerja_id,lv5_unit_kerja_nama,lv5_jabatan_id,lv5_jabatan_nama,lv5_eselon_nm,lv6_unit_kerja_id,lv6_unit_kerja_nama,lv6_jabatan_id,lv6_jabatan_nama,lv6_eselon_nm,lv7_unit_kerja_id,lv7_unit_kerja_nama,lv7_jabatan_id,lv7_jabatan_nama,lv7_eselon_nm,level,unit_kerja_kode,parent_id,jabatan_id,eselon_nm,kode_unit_kerja,eselon_id,jabatan_nama,unit_kerja_nama,gol_id_minimum,alamat,latitude,longitude,m_kabkot_id,nama_kota,unit_kerja_id_baru,status,unit_kerja_aktif_mulai,unit_kerja_aktif_selesai,kode_jabatan,created_at,updated_at
188,49,SEKRETARIAT DAERAH,34461,SEKRETARIS DAERAH,I.b,144,ASISTEN ADMINISTRASI UMUM,33353,ASISTEN ADMINISTRASI UMUM,II.a,175,BIRO ADMINISTRASI PIMPINAN,34480,KEPALA BIRO ADMINISTRASI PIMPINAN,II.b,184,BAGIAN PROTOKOL,34501,KEPALA BAGIAN PROTOKOL,III.a,188,SUB BAGIAN KEPROTOKOLAN,34504,KEPALA SUB BAGIAN KEPROTOKOLAN,IV.a,,,,,,,,,,,,,,,,4,,184,34504,IV.a,1.00E+11,41,KEPALA SUB BAGIAN KEPROTOKOLAN,SUB BAGIAN KEPROTOKOLAN,133,JL. SAM RATULANGI NO.101 PALU,,,,,,1,,,,,
190,2,BADAN KESATUAN BANGSA DAN POLITIK,33322,KEPALA BADAN KESATUAN BANGSA DAN POLITIK,II.a,22,SEKRETARIAT,33315,SEKRETARIS,III.a,23,SUB BAGIAN KEPEGAWAIAN DAN UMUM,33316,KEPALA SUB BAGIAN KEPEGAWAIAN DAN UMUM,IV.a,,,,,,,,,,,,,,,,,,,,,,,,,,2,,22,33316,IV.a,1.03E+11,41,KEPALA SUB BAGIAN KEPEGAWAIAN DAN UMUM,SUB BAGIAN KEPEGAWAIAN DAN UMUM,133,JL. TANJUNG API NO. 7 PALU,,,,,,1,,,,,
191,25,DINAS PERHUBUNGAN,33482,KEPALA DINAS PERHUBUNGAN,II.a,427,SEKRETARIAT,33483,SEKRETARIS,III.a,,,,,,,,,,,,,,,,,,,,,,,,,,,,,,,1,,25,33483,III.a,1.02E+11,31,SEKRETARIS,SEKRETARIAT,141,JL. R.A. KARTINI NO.35 PALU,,,,,,1,,,,,
192,47,SATUAN POLISI PAMONG PRAJA,33981,KEPALA SATUAN POLISI PAMONG PRAJA,II.a,254,BIDANG PERLINDUNGAN MASYARAKAT,33995,KEPALA BIDANG PERLINDUNGAN MASYARAKAT,III.a,255,SEKSI DATA DAN INFORMASI,33996,KEPALA SEKSI DATA DAN INFORMASI,IV.a,,,,,,,,,,,,,,,,,,,,,,,,,,2,,254,33996,IV.a,1.04E+11,41,KEPALA SEKSI DATA DAN INFORMASI,SEKSI DATA DAN INFORMASI,133,JL. PRAMUKA NO.21 PALU,,,,,,1,,,,,
193,5,BADAN KEPEGAWAIAN DAERAH,24454,KEPALA BADAN KEPEGAWAIAN DAERAH,II.a,11,SEKRETARIAT,33300,SEKRETARIS,III.a,18,SUB BAGIAN UMUM DAN KEPEGAWAIAN,33302,KEPALA SUB BAGIAN UMUM DAN KEPEGAWAIAN,IV.a,,,,,,,,,,,,,,,,,,,,,,,,,,2,,11,33302,IV.a,1.04E+11,41,KEPALA SUB BAGIAN UMUM DAN KEPEGAWAIAN,SUB BAGIAN UMUM DAN KEPEGAWAIAN,133,"JL. DR. SAM RATULANGI, NO. 63, PALU",,,,,,1,,,,,
194,36,DINAS ENERGI DAN SUMBER DAYA MINERAL,33744,KEPALA DINAS ENERGI DAN SUMBER DAYA MINERAL,II.a,642,UPT PELAYANAN TEKNIS LABORATORIUM,33926,KEPALA UPT PELAYANAN TEKNIS LABORATORIUM,III.b,644,SEKSI PELAYANAN PENGUJIAN,33928,KEPALA SEKSI PELAYANAN PENGUJIAN,IV.a,,,,,,,,,,,,,,,,,,,,,,,,,,2,,642,33928,IV.a,1.02E+11,41,KEPALA SEKSI PELAYANAN PENGUJIAN,SEKSI PELAYANAN PENGUJIAN,133,JL. SAM RATULANGI NO.25 PALU,,,,,,1,,,,,
195,5,BADAN KEPEGAWAIAN DAERAH,24454,KEPALA BADAN KEPEGAWAIAN DAERAH,II.a,14,BIDANG MUTASI DAN PROMOSI,33306,KEPALA BIDANG MUTASI DAN PROMOSI,III.a,,,,,,,,,,,,,,,,,,,,,,,,,,,,,,,1,,5,33306,III.a,1.04E+11,31,KEPALA BIDANG MUTASI DAN PROMOSI,BIDANG MUTASI DAN PROMOSI,141,"JL. DR. SAM RATULANGI, NO. 63, PALU",,,,,,1,,,,,
196,33,DINAS PERKEBUNAN DAN PETERNAKAN,37689,KEPALA DINAS PERKEBUNAN DAN PETERNAKAN,II.a,886,UPT VETERINER,36591,KEPALA UPT VETERINER,III.a,887,SEKSI PELAYANAN KESEHATAN HEWAN,36592,KEPALA SEKSI PELAYANAN KESEHATAN HEWAN,IV.a,,,,,,,,,,,,,,,,,,,,,,,,,,2,,886,36592,IV.a,1.03E+11,41,KEPALA SEKSI PELAYANAN KESEHATAN HEWAN,SEKSI PELAYANAN KESEHATAN HEWAN,133,JL. R.A. KARTINI NO.25 & 31 PALU,,,,,,1,,,,,
197,5,BADAN KEPEGAWAIAN DAERAH,24454,KEPALA BADAN KEPEGAWAIAN DAERAH,II.a,15,BIDANG PENILAIAN KINERJA APARATUR DAN PENGHARGAAN,33307,KEPALA BIDANG PENILAIAN KINERJA APARATUR DAN PENGHARGAAN,III.a,,,,,,,,,,,,,,,,,,,,,,,,,,,,,,,1,,5,33307,III.a,1.04E+11,31,KEPALA BIDANG PENILAIAN KINERJA APARATUR DAN PENGHARGAAN,BIDANG PENILAIAN KINERJA APARATUR DAN PENGHARGAAN,141,"JL. DR. SAM RATULANGI, NO. 63, PALU",,,,,,1,,,,,
198,2,BADAN KESATUAN BANGSA DAN POLITIK,33322,KEPALA BADAN KESATUAN BANGSA DAN POLITIK,II.a,22,SEKRETARIAT,33315,SEKRETARIS,III.a,,,,,,,,,,,,,,,,,,,,,,,,,,,,,,,1,,2,33315,III.a,1.03E+11,31,SEKRETARIS,SEKRETARIAT,141,JL. TANJUNG API NO. 7 PALU,,,,,,1,,,,,
199,36,DINAS ENERGI DAN SUMBER DAYA MINERAL,33744,KEPALA DINAS ENERGI DAN SUMBER DAYA MINERAL,II.a,646,CABANG DINAS ENERGI DAN SUMBER DAYA MINERAL WILAYAH I,33930,KEPALA CABANG DINAS ENERGI DAN SUMBER DAYA MINERAL WILAYAH I,III.b,,,,,,,,,,,,,,,,,,,,,,,,,,,,,,,1,Cabang,36,33930,III.b,1.02E+11,32,KEPALA CABANG DINAS ENERGI DAN SUMBER DAYA MINERAL WILAYAH I,CABANG DINAS ENERGI DAN SUMBER DAYA MINERAL WILAYAH I,134,JL. SAM RATULANGI NO.25 PALU,,,,,,1,,,,,
200,2,BADAN KESATUAN BANGSA DAN POLITIK,33322,KEPALA BADAN KESATUAN BANGSA DAN POLITIK,II.a,22,SEKRETARIAT,33315,SEKRETARIS,III.a,24,SUB BAGIAN KEUANGAN DAN ASET,33317,KEPALA SUB BAGIAN KEUANGAN DAN ASET,IV.a,,,,,,,,,,,,,,,,,,,,,,,,,,2,,22,33317,IV.a,1.03E+11,41,KEPALA SUB BAGIAN KEUANGAN DAN ASET,SUB BAGIAN KEUANGAN DAN ASET,133,JL. TANJUNG API NO. 7 PALU,,,,,,1,,,,,
201,5,BADAN KEPEGAWAIAN DAERAH,24454,KEPALA BADAN KEPEGAWAIAN DAERAH,II.a,11,SEKRETARIAT,33300,SEKRETARIS,III.a,,,,,,,,,,,,,,,,,,,,,,,,,,,,,,,1,,5,33300,III.a,1.04E+11,31,SEKRETARIS,SEKRETARIAT,141,"JL. DR. SAM RATULANGI, NO. 63, PALU",,,,,,1,,,,,
202,14,DINAS CIPTA KARYA DAN SUMBER DAYA AIR,33805,KEPALA DINAS CIPTA KARYA DAN SUMBER DAYA AIR,II.a,682,UPT SISTEM PENGELOLAAN AIR MINUM DAERAH,33837,KEPALA UPT SISTEM PENGELOLAAN AIR MINUM DAERAH,III.b,685,SEKSI PELAYANAN TEKNIS,33841,KEPALA SEKSI PELAYANAN TEKNIS,IV.a,,,,,,,,,,,,,,,,,,,,,,,,,,2,,682,33841,IV.a,1.01E+11,41,KEPALA SEKSI PELAYANAN TEKNIS,SEKSI PELAYANAN TEKNIS,133,JL. PROF. MOH. YAMIN NO.33 PALU,,,,,,1,,,,,
203,9,BADAN PENGHUBUNG,34016,SEKRETARIS DEWAN PERWAKILAN RAKYAT DAERAH,II.a,269,SUB BIDANG PROMOSI DAN INFORMASI DAERAH,33568,KEPALA SUB BIDANG PROMOSI DAN INFORMASI DAERAH,IV.a,,,,,,,,,,,,,,,,,,,,,,,,,,,,,,,1,,9,33568,IV.a,1.04E+11,41,KEPALA SUB BIDANG PROMOSI DAN INFORMASI DAERAH,SUB BIDANG PROMOSI DAN INFORMASI DAERAH,133,JL. BELAWAN NO. 15 JAKARTA,,,,,,1,,,,,
204,14,DINAS CIPTA KARYA DAN SUMBER DAYA AIR,33805,KEPALA DINAS CIPTA KARYA DAN SUMBER DAYA AIR,II.a,670,BIDANG AIR MINUM DAN PENYEHATAN LINGKUNGAN PERMUKIMAN,33810,KEPALA BIDANG AIR MINUM DAN PENYEHATAN LINGKUNGAN PERMUKIMAN,III.a,672,SEKSI PENYEHATAN LINGKUNGAN PERMUKIMAN,33812,KEPALA SEKSI PENYEHATAN LINGKUNGAN PERMUKIMAN,IV.a,,,,,,,,,,,,,,,,,,,,,,,,,,2,,670,33812,IV.a,1.01E+11,41,KEPALA SEKSI PENYEHATAN LINGKUNGAN PERMUKIMAN,SEKSI PENYEHATAN LINGKUNGAN PERMUKIMAN,133,JL. PROF. MOH. YAMIN NO.33 PALU,,,,,,1,,,,,
205,18,DINAS PEMBERDAYAAN PEREMPUAN DAN PERLINDUNGAN ANAK ,33338,KEPALA DINAS PEMBERDAYAAN PEREMPUAN DAN PERLINDUNGAN ANAK ,II.a,81,BIDANG KUALITAS HIDUP PEREMPUAN DAN KUALITAS KELUARGA,33342,KEPALA BIDANG KUALITAS HIDUP PEREMPUAN DAN KUALITAS KELUARGA,III.a,,,,,,,,,,,,,,,,,,,,,,,,,,,,,,,1,,18,33342,III.a,1.01E+11,31,KEPALA BIDANG KUALITAS HIDUP PEREMPUAN DAN KUALITAS KELUARGA,BIDANG KUALITAS HIDUP PEREMPUAN DAN KUALITAS KELUARGA,141,JL. MANGUNSARKORO NO. 31. PALU,,,,,,1,,,,,
206,1,BADAN PERENCANAAN PEMBANGUNAN DAERAH,33570,KEPALA BADAN PERENCANAAN PEMBANGUNAN DAERAH,II.a,227,SEKRETARIAT,33571,SEKRETARIS,III.a,228,SUB BAGIAN KEUANGAN DAN ASET,33572,KEPALA SUB BAGIAN KEUANGAN DAN ASET,IV.a,,,,,,,,,,,,,,,,,,,,,,,,,,2,,227,33572,IV.a,1.04E+11,41,KEPALA SUB BAGIAN KEUANGAN DAN ASET,SUB BAGIAN KEUANGAN DAN ASET,133,JL. MOH. YAMIN NO. 7 PALU,,,,,,1,,,,,
207,25,DINAS PERHUBUNGAN,33482,KEPALA DINAS PERHUBUNGAN,II.a,419,BIDANG ANGKUTAN DAN KESELAMATAN JALAN DAN PERKERETAAPIAN,33489,KEPALA BIDANG ANGKUTAN DAN KESELAMATAN JALAN DAN PERKERETAAPIAN,III.a,421,SEKSI ANGKUTAN JALAN DAN TERMINAL,33491,KEPALA SEKSI ANGKUTAN JALAN DAN TERMINAL,IV.a,,,,,,,,,,,,,,,,,,,,,,,,,,2,,419,33491,IV.a,1.02E+11,41,KEPALA SEKSI ANGKUTAN JALAN DAN TERMINAL,SEKSI ANGKUTAN JALAN DAN TERMINAL,133,JL. R.A. KARTINI NO.35 PALU,,,,,,1,,,,,
208,12,DINAS KESEHATAN,34343,KEPALA DINAS KESEHATAN,II.a,967,UPT RUMAH SAKIT UMUM DAERAH UNDATA,34390,KEPALA UPT RUMAH SAKIT UMUM DAERAH UNDATA,II.b,982,BAGIAN KEUANGAN,38702,KEPALA BAGIAN KEUANGAN,III.b,984,SUB BAGIAN VERIFIKASI DAN AKUNTANSI,,,,,,,,,,,,,,,,,,,,,,,,3,,982,,,1.00E+11,,,SUB BAGIAN VERIFIKASI DAN AKUNTANSI,,"JL. R.A. KARTINI, NO.11 PALU",,,,,,0,,,,,
209,2,BADAN KESATUAN BANGSA DAN POLITIK,33322,KEPALA BADAN KESATUAN BANGSA DAN POLITIK,II.a,25,BIDANG POLITIK,33318,KEPALA BIDANG POLITIK,III.a,,,,,,,,,,,,,,,,,,,,,,,,,,,,,,,1,,2,33318,III.a,1.03E+11,31,KEPALA BIDANG POLITIK,BIDANG POLITIK,141,JL. TANJUNG API NO. 7 PALU,,,,,,1,,,,,
210,33,DINAS PERKEBUNAN DAN PETERNAKAN,37689,KEPALA DINAS PERKEBUNAN DAN PETERNAKAN,II.a,882,UPT BALAI PERBENIHAN TANAMAN PERKEBUNAN,36599,KEPALA UPT BALAI PERBENIHAN TANAMAN PERKEBUNAN,III.a,883,SEKSI PERBENIHAN TANAMAN REMPAH DAN SEMUSIM,36600,KEPALA SEKSI PERBENIHAN TANAMAN REMPAH DAN SEMUSIM,IV.a,,,,,,,,,,,,,,,,,,,,,,,,,,2,,882,36600,IV.a,1.03E+11,41,KEPALA SEKSI PERBENIHAN TANAMAN REMPAH DAN SEMUSIM,SEKSI PERBENIHAN TANAMAN REMPAH DAN SEMUSIM,133,JL. R.A. KARTINI NO.25 & 31 PALU,,,,,,1,,,,,
211,4,BADAN PENGELOLAAN KEUANGAN DAN ASET DAERAH,33412,KEPALA BADAN PENGELOLAAN KEUANGAN DAN ASET DAERAH,II.a,224,BIDANG PENGELOLAAN ASET DAERAH,33413,KEPALA BIDANG PENGELOLAAN ASET DAERAH,III.a,226,SUB BIDANG PENGHAPUSAN DAN PEMINDAHTANGANAN ASET DAERAH,33546,KEPALA SUB BIDANG PENGHAPUSAN DAN PEMINDAHTANGANAN ASET DAERAH,IV.a,,,,,,,,,,,,,,,,,,,,,,,,,,2,,224,33546,IV.a,1.03E+11,41,KEPALA SUB BIDANG PENGHAPUSAN DAN PEMINDAHTANGANAN ASET DAERAH,SUB BIDANG PENGHAPUSAN DAN PEMINDAHTANGANAN ASET DAERAH,133,JL. SAM RATULANGI NO.101 PALU,,,,,,1,,,,,
212,8,BADAN PENANGGULANGAN BENCANA DAERAH,33323,KEPALA BADAN PENANGGULANGAN BENCANA DAERAH,II.a,32,BIDANG PENCEGAHAN DAN KESIAPSIAGAAN,33327,KEPALA BIDANG PENCEGAHAN DAN KESIAPSIAGAAN,III.a,,,,,,,,,,,,,,,,,,,,,,,,,,,,,,,1,,8,33327,III.a,1.03E+11,31,KEPALA BIDANG PENCEGAHAN DAN KESIAPSIAGAAN,BIDANG PENCEGAHAN DAN KESIAPSIAGAAN,141,"JL. M.T HARYONO NO.28, PALU",,,,,,1,,,,,
213,14,DINAS CIPTA KARYA DAN SUMBER DAYA AIR,33805,KEPALA DINAS CIPTA KARYA DAN SUMBER DAYA AIR,II.a,690,UPT PENGELOLAAN SUMBER DAYA AIR WILAYAH II,33878,KEPALA UPT PENGELOLAAN SUMBER DAYA AIR WILAYAH II,III.b,692,SEKSI OPERASI DAN PEMELIHARAAN,33883,KEPALA SEKSI OPERASI DAN PEMELIHARAAN,IV.a,,,,,,,,,,,,,,,,,,,,,,,,,,2,,690,33883,IV.a,1.01E+11,41,KEPALA SEKSI OPERASI DAN PEMELIHARAAN,SEKSI OPERASI DAN PEMELIHARAAN,133,JL. PROF. MOH. YAMIN NO.33 PALU,,,,,,1,,,,,
214,23,DINAS PEMBERDAYAAN MASYARAKAT DAN DESA,33330,KEPALA DINAS PEMBERDAYAAN MASYARAKAT DAN DESA,II.a,35,SEKRETARIAT,33331,SEKRETARIS,III.a,37,SUB BAGIAN KEUANGAN DAN ASET,33333,KEPALA SUB BAGIAN KEUANGAN DAN ASET,IV.a,,,,,,,,,,,,,,,,,,,,,,,,,,2,,35,33333,IV.a,1.01E+11,41,KEPALA SUB BAGIAN KEUANGAN DAN ASET,SUB BAGIAN KEUANGAN DAN ASET,133,JL. PROF. MOH. YAMIN NO.33 PALU,,,,,,1,,,,,
215,8,BADAN PENANGGULANGAN BENCANA DAERAH,33323,KEPALA BADAN PENANGGULANGAN BENCANA DAERAH,II.a,34,BIDANG REHABILITASI DAN REKONSTRUKSI,33329,KEPALA BIDANG REHABILITASI DAN REKONSTRUKSI,III.a,,,,,,,,,,,,,,,,,,,,,,,,,,,,,,,1,,8,33329,III.a,1.03E+11,31,KEPALA BIDANG REHABILITASI DAN REKONSTRUKSI,BIDANG REHABILITASI DAN REKONSTRUKSI,141,"JL. M.T HARYONO NO.28, PALU",,,,,,1,,,,,
216,35,DINAS PERINDUSTRIAN DAN PERDAGANGAN,33359,KEPALA DINAS PERINDUSTRIAN DAN PERDAGANGAN,II.a,97,UPTD PENGUJIAN SERTIFIKASI MUTU BARANG,33368,KEPALA UPT PENGUJIAN SERTIFIKASI MUTU BARANG,III.b,100,SUB BAGIAN TATA USAHA,33369,KEPALA SUB BAGIAN TATA USAHA,IV.a,,,,,,,,,,,,,,,,,,,,,,,,,,2,UPTD Tipe A,97,33369,IV.a,1.02E+11,41,KEPALA SUB BAGIAN TATA USAHA,SUB BAGIAN TATA USAHA,133,JL. R.A. KARTINI NO.18 PALU,,,,,,1,,,,,
217,31,DINAS KELAUTAN DAN PERIKANAN,34250,KEPALA DINAS KELAUTAN DAN PERIKANAN,II.a,795,UPTD PELABUHAN PERIKANAN DAN KAWASAN KONSERVASI PESISIR DAN PULAU - PULAU KECIL WILAYAH I,34284,KEPALA UPTD PELABUHAN PERIKANAN DAN KAWASAN KONSERVASI PESISIR DAN PULAU - PULAU KECIL WILAYAH I,III.b,,,,,,,,,,,,,,,,,,,,,,,,,,,,,,,1,,31,34284,III.b,1.02E+11,32,KEPALA UPTD PELABUHAN PERIKANAN DAN KAWASAN KONSERVASI PESISIR DAN PULAU - PULAU KECIL WILAYAH I,UPTD PELABUHAN PERIKANAN DAN KAWASAN KONSERVASI PESISIR DAN PULAU - PULAU KECIL WILAYAH I,134,JL. UNDATA NO.7 PALU,,,,,,1,,,,,
218,10,DINAS PENDIDIKAN,33499,KEPALA DINAS PENDIDIKAN,II.a,489,"CABANG DINAS PENDIDIKAN MENENGAH WILAYAH V KAB.BANGGAI, KAB. BANGGAI KEPULAUAN DAN KAB. BANGGAI LAUT",33502,"KEPALA CABANG DINAS PENDIDIKAN MENENGAH WILAYAH V KAB.BANGGAI, KAB. BANGGAI KEPULAUAN DAN KAB. BANGGAI LAUT",III.b,24,SMA NEGERI 1 KINTOM KAB. BANGGAI,34175,KEPALA SMA NEGERI 1 KINTOM KAB. BANGGAI,,,,,,,,,,,,,,,,,,,,,,,,,,,2,SMA,489,34175,,1.03E+11,,KEPALA SMA NEGERI 1 KINTOM KAB. BANGGAI,SMA NEGERI 1 KINTOM KAB. BANGGAI,,"JL. SETIA BUDI, NO.9 PALU",,,,,,1,,,,,
219,35,DINAS PERINDUSTRIAN DAN PERDAGANGAN,33359,KEPALA DINAS PERINDUSTRIAN DAN PERDAGANGAN,II.a,96,BIDANG PENGEMBANGAN PERDAGANGAN DALAM NEGERI,33367,KEPALA BIDANG PENGEMBANGAN PERDAGANGAN DALAM NEGERI,III.a,,,,,,,,,,,,,,,,,,,,,,,,,,,,,,,1,,35,33367,III.a,1.02E+11,31,KEPALA BIDANG PENGEMBANGAN PERDAGANGAN DALAM NEGERI,BIDANG PENGEMBANGAN PERDAGANGAN DALAM NEGERI,141,JL. R.A. KARTINI NO.18 PALU,,,,,,1,,,,,
220,17,DINAS TENAGA KERJA DAN TRANSMIGRASI,34947,KEPALA DINAS TENAGA KERJA DAN TRANSMIGRASI,II.a,716,BIDANG PEMBANGUNAN KAWASAN TRANSMIGRASI DAN PENATAAN PERSEBARAN PENDUDUK,34999,KEPALA BIDANG PEMBANGUNAN KAWASAN TRANSMIGRASI DAN PENATAAN PERSEBARAN PENDUDUK,III.a,717,SEKSI PENYIAPAN PRASARANA DAN SARANA PERMUKIMAN DAN KAWASAN TRANSMIGRASI,35005,KEPALA SEKSI PENYIAPAN PRASARANA DAN SARANA PERMUKIMAN DAN KAWASAN TRANSMIGRASI,IV.a,,,,,,,,,,,,,,,,,,,,,,,,,,2,,716,35005,IV.a,1.01E+11,41,KEPALA SEKSI PENYIAPAN PRASARANA DAN SARANA PERMUKIMAN DAN KAWASAN TRANSMIGRASI,SEKSI PENYIAPAN PRASARANA DAN SARANA PERMUKIMAN DAN KAWASAN TRANSMIGRASI,133,JL. R.A. KARTINI NO. 98 PALU,,,,,,1,,,,,
352,10,DINAS PENDIDIKAN,33499,KEPALA DINAS PENDIDIKAN,II.a,494,CABANG DINAS PENDIDIKAN MENENGAH WILAYAH VI TOLITOLI DAN BUOL,33503,KEPALA CABANG DINAS PENDIDIKAN MENENGAH WILAYAH VI TOLITOLI DAN BUOL,III.b,1128,SMA NEGERI 1 BOKAT KAB. BUOL,34371,KEPALA SMA NEGERI 1 BOKAT KAB. BUOL,,,,,,,,,,,,,,,,,,,,,,,,,,,2,SMA,494,34371,,1.03E+11,,KEPALA SMA NEGERI 1 BOKAT KAB. BUOL,SMA NEGERI 1 BOKAT KAB. BUOL,,"JL. SETIA BUDI, NO.9 PALU",,,,,,1,,,,,
221,10,DINAS PENDIDIKAN,33499,KEPALA DINAS PENDIDIKAN,II.a,489,"CABANG DINAS PENDIDIKAN MENENGAH WILAYAH V KAB.BANGGAI, KAB. BANGGAI KEPULAUAN DAN KAB. BANGGAI LAUT",33502,"KEPALA CABANG DINAS PENDIDIKAN MENENGAH WILAYAH V KAB.BANGGAI, KAB. BANGGAI KEPULAUAN DAN KAB. BANGGAI LAUT",III.b,7,SMK NEGERI 1 BATUI SELATAN KAB. BANGGAI,34200,KEPALA SMK NEGERI 1 BATUI SELATAN KAB. BANGGAI,,,,,,,,,,,,,,,,,,,,,,,,,,,2,SMK,489,34200,,1.03E+11,,KEPALA SMK NEGERI 1 BATUI SELATAN KAB. BANGGAI,SMK NEGERI 1 BATUI SELATAN KAB. BANGGAI,,"JL. SETIA BUDI, NO.9 PALU",,,,,,1,,,,,
222,3,BADAN PENDAPATAN DAERAH,33784,KEPALA BADAN PENDAPATAN DAERAH,II.a,310,BIDANG PENGENDALIAN DAN EVALUASI PENDAPATAN DAERAH,33802,KEPALA BIDANG PENGENDALIAN DAN EVALUASI PENDAPATAN DAERAH,III.a,312,SUB BIDANG PENGENDALIAN SISTEM ADMINISTRASI PELAYANAN PENDAPATAN DAERAH,33804,KEPALA SUB BIDANG PENGENDALIAN SISTEM ADMINISTRASI PELAYANAN PENDAPATAN DAERAH,IV.a,312,SUB BIDANG PENGENDALIAN SISTEM ADMINISTRASI PELAYANAN PENDAPATAN DAERAH,33804,KEPALA SUB BIDANG PENGENDALIAN SISTEM ADMINISTRASI PELAYANAN PENDAPATAN DAERAH,IV.a,,,,,,,,,,,,,,,,,,,,,2,,310,33804,IV.a,1.03E+11,41,KEPALA SUB BIDANG PENGENDALIAN SISTEM ADMINISTRASI PELAYANAN PENDAPATAN DAERAH,SUB BIDANG PENGENDALIAN SISTEM ADMINISTRASI PELAYANAN PENDAPATAN DAERAH,133,JL. PROF. DR. MOH. YAMIN NO. 34 PALU,,,,,,1,,,,,
223,12,DINAS KESEHATAN,34343,KEPALA DINAS KESEHATAN,II.a,998,UPT RUMAH SAKIT MADANI PALU,34406,KEPALA UPT RUMAH SAKIT MADANI PALU,III.a,15,BIDANG PENUNJANG PELAYANAN,38708,KEPALA BIDANG PENUNJANG PELAYANAN,III.b,17,SEKSI PENUNJANG NON MEDIS,38710,KEPALA SEKSI PENUNJANG NON MEDIS,IV.a,,,,,,,,,,,,,,,,,,,,,3,,15,38710,IV.a,1.00E+11,41,KEPALA SEKSI PENUNJANG NON MEDIS,SEKSI PENUNJANG NON MEDIS,133,"JL. R.A. KARTINI, NO.11 PALU",,,,,,1,,,,,
224,35,DINAS PERINDUSTRIAN DAN PERDAGANGAN,33359,KEPALA DINAS PERINDUSTRIAN DAN PERDAGANGAN,II.a,97,UPTD PENGUJIAN SERTIFIKASI MUTU BARANG,33368,KEPALA UPT PENGUJIAN SERTIFIKASI MUTU BARANG,III.b,,,,,,,,,,,,,,,,,,,,,,,,,,,,,,,1,UPTD Tipe A,35,33368,III.b,1.02E+11,32,KEPALA UPT PENGUJIAN SERTIFIKASI MUTU BARANG,UPTD PENGUJIAN SERTIFIKASI MUTU BARANG,134,JL. R.A. KARTINI NO.18 PALU,,,,,,1,,,,,
225,35,DINAS PERINDUSTRIAN DAN PERDAGANGAN,33359,KEPALA DINAS PERINDUSTRIAN DAN PERDAGANGAN,II.a,89,SEKRETARIAT,33360,SEKRETARIS,III.a,,,,,,,,,,,,,,,,,,,,,,,,,,,,,,,1,,35,33360,III.a,1.02E+11,31,SEKRETARIS,SEKRETARIAT,141,JL. R.A. KARTINI NO.18 PALU,,,,,,1,,,,,
226,19,DINAS PANGAN,33900,KEPALA DINAS PANGAN,II.a,284,"UPT PENGAWASAN, SERTIFIKASI MUTU DAN KEAMANAN PANGAN",33954,"KEPALA UPT PENGAWASAN, SERTIFIKASI MUTU DAN KEAMANAN PANGAN",III.b,,,,,,,,,,,,,,,,,,,,,,,,,,,,,,,1,UPTD Tipe A,19,33954,III.b,1.01E+11,32,"KEPALA UPT PENGAWASAN, SERTIFIKASI MUTU DAN KEAMANAN PANGAN","UPT PENGAWASAN, SERTIFIKASI MUTU DAN KEAMANAN PANGAN",134,JL. PROF. MOH. YAMIN NO. 17 PALU,,,,,,1,,,,,
227,35,DINAS PERINDUSTRIAN DAN PERDAGANGAN,33359,KEPALA DINAS PERINDUSTRIAN DAN PERDAGANGAN,II.a,89,SEKRETARIAT,33360,SEKRETARIS,III.a,90,SUB BAGIAN PERENCANAAN PROGRAM,33361,KEPALA SUB BAGIAN PROGRAM,IV.a,,,,,,,,,,,,,,,,,,,,,,,,,,2,,89,33361,IV.a,1.02E+11,41,KEPALA SUB BAGIAN PROGRAM,SUB BAGIAN PERENCANAAN PROGRAM,133,JL. R.A. KARTINI NO.18 PALU,,,,,,1,,,,,
228,19,DINAS PANGAN,33900,KEPALA DINAS PANGAN,II.a,284,"UPT PENGAWASAN, SERTIFIKASI MUTU DAN KEAMANAN PANGAN",33954,"KEPALA UPT PENGAWASAN, SERTIFIKASI MUTU DAN KEAMANAN PANGAN",III.b,287,SEKSI PENGAWASAN KEAMANAN PANGAN,33957,KEPALA SEKSI PENGAWASAN KEAMANAN PANGAN,IV.a,,,,,,,,,,,,,,,,,,,,,,,,,,2,,284,33957,IV.a,1.01E+11,41,KEPALA SEKSI PENGAWASAN KEAMANAN PANGAN,SEKSI PENGAWASAN KEAMANAN PANGAN,133,JL. PROF. MOH. YAMIN NO. 17 PALU,,,,,,1,,,,,
229,10,DINAS PENDIDIKAN,33499,KEPALA DINAS PENDIDIKAN,II.a,365,CABANG DINAS PENDIDIKAN MENENGAH WILAYAH I KOTA PALU DAN KAB. SIGI,33513,KEPALA CABANG DINAS PENDIDIKAN MENENGAH WILAYAH I KOTA PALU DAN KAB. SIGI,III.b,371,SMA NEGERI 2 PALU KOTA PALU,33519,KEPALA SMA NEGERI 2 PALU KOTA PALU,,,,,,,,,,,,,,,,,,,,,,,,,,,2,SMA,365,33519,,1.03E+11,,KEPALA SMA NEGERI 2 PALU KOTA PALU,SMA NEGERI 2 PALU KOTA PALU,,"JL. SETIA BUDI, NO.9 PALU",,,,,,1,,,,,
230,10,DINAS PENDIDIKAN,33499,KEPALA DINAS PENDIDIKAN,II.a,489,"CABANG DINAS PENDIDIKAN MENENGAH WILAYAH V KAB.BANGGAI, KAB. BANGGAI KEPULAUAN DAN KAB. BANGGAI LAUT",33502,"KEPALA CABANG DINAS PENDIDIKAN MENENGAH WILAYAH V KAB.BANGGAI, KAB. BANGGAI KEPULAUAN DAN KAB. BANGGAI LAUT",III.b,965,SEKSI PEMBINAAN SMA,34171,KEPALA SEKSI PEMBINAAN SMA,IV.a,,,,,,,,,,,,,,,,,,,,,,,,,,2,,489,34171,IV.a,1.03E+11,41,KEPALA SEKSI PEMBINAAN SMA,SEKSI PEMBINAAN SMA,133,"JL. SETIA BUDI, NO.9 PALU",,,,,,1,,,,,
231,10,DINAS PENDIDIKAN,33499,KEPALA DINAS PENDIDIKAN,II.a,489,"CABANG DINAS PENDIDIKAN MENENGAH WILAYAH V KAB.BANGGAI, KAB. BANGGAI KEPULAUAN DAN KAB. BANGGAI LAUT",33502,"KEPALA CABANG DINAS PENDIDIKAN MENENGAH WILAYAH V KAB.BANGGAI, KAB. BANGGAI KEPULAUAN DAN KAB. BANGGAI LAUT",III.b,1052,SLB NEGERI TOILI KAB. BANGGAI,34213,KEPALA SLB NEGERI TOILI KAB. BANGGAI,,,,,,,,,,,,,,,,,,,,,,,,,,,2,SLB,489,34213,,1.03E+11,,KEPALA SLB NEGERI TOILI KAB. BANGGAI,SLB NEGERI TOILI KAB. BANGGAI,,"JL. SETIA BUDI, NO.9 PALU",,,,,,1,,,,,
232,23,DINAS PEMBERDAYAAN MASYARAKAT DAN DESA,33330,KEPALA DINAS PEMBERDAYAAN MASYARAKAT DAN DESA,II.a,42,BIDANG PEMBERDAYAAN LEMBAGA KEMASYARAKATAN,33336,KEPALA BIDANG PEMBERDAYAAN LEMBAGA KEMASYARAKATAN,III.a,,,,,,,,,,,,,,,,,,,,,,,,,,,,,,,1,,23,33336,III.a,1.01E+11,31,KEPALA BIDANG PEMBERDAYAAN LEMBAGA KEMASYARAKATAN,BIDANG PEMBERDAYAAN LEMBAGA KEMASYARAKATAN,141,JL. PROF. MOH. YAMIN NO.33 PALU,,,,,,1,,,,,
233,31,DINAS KELAUTAN DAN PERIKANAN,34250,KEPALA DINAS KELAUTAN DAN PERIKANAN,II.a,823,UPTD PELABUHAN PERIKANAN DAN KAWASAN KONSERVASI PESISIR DAN PULAU-PULAU KECIL WILAYAH VII,34326,KEPALA UPTD PELABUHAN PERIKANAN DAN KAWASAN KONSERVASI PESISIR DAN PULAU-PULAU KECIL WILAYAH VII,III.b,826,SEKSI KEPELABUHAN,34332,KEPALA SEKSI KEPELABUHAN,IV.a,,,,,,,,,,,,,,,,,,,,,,,,,,2,,823,34332,IV.a,1.02E+11,41,KEPALA SEKSI KEPELABUHAN,SEKSI KEPELABUHAN,133,JL. UNDATA NO.7 PALU,,,,,,1,,,,,
234,23,DINAS PEMBERDAYAAN MASYARAKAT DAN DESA,33330,KEPALA DINAS PEMBERDAYAAN MASYARAKAT DAN DESA,II.a,38,BIDANG PENATAAN DAN PERKEMBANGAN DESA,33334,KEPALA BIDANG PENATAAN DAN PERKEMBANGAN DESA,III.a,,,,,,,,,,,,,,,,,,,,,,,,,,,,,,,1,,23,33334,III.a,1.01E+11,31,KEPALA BIDANG PENATAAN DAN PERKEMBANGAN DESA,BIDANG PENATAAN DAN PERKEMBANGAN DESA,141,JL. PROF. MOH. YAMIN NO.33 PALU,,,,,,1,,,,,
235,35,DINAS PERINDUSTRIAN DAN PERDAGANGAN,33359,KEPALA DINAS PERINDUSTRIAN DAN PERDAGANGAN,II.a,112,UPTD PENGAWASAN DAN PERLINDUNGAN KONSUMEN,33376,KEPALA UPT PENGAWASAN DAN PERLINDUNGAN KONSUMEN,III.b,298,SEKSI KELEMBAGAAN DAN PEMBERDAYAAN KONSUMEN,33379,KEPALA SEKSI KELEMBAGAAN DAN PEMBERDAYAAN KONSUMEN,IV.a,,,,,,,,,,,,,,,,,,,,,,,,,,2,UPTD Tipe A,112,33379,IV.a,1.02E+11,41,KEPALA SEKSI KELEMBAGAAN DAN PEMBERDAYAAN KONSUMEN,SEKSI KELEMBAGAAN DAN PEMBERDAYAAN KONSUMEN,133,JL. R.A. KARTINI NO.18 PALU,,,,,,1,,,,,
236,49,SEKRETARIAT DAERAH,34461,SEKRETARIS DAERAH,I.b,1,ASISTEN PEMERINTAHAN DAN KESEJAHTERAAN RAKYAT,34132,ASISTEN PEMERINTAHAN DAN KESEJAHTERAAN RAKYAT,II.a,2,BIRO PEMERINTAHAN DAN OTONOMI DAERAH,34131,KEPALA BIRO PEMERINTAHAN DAN OTONOMI DAERAH,II.b,6,BAGIAN OTONOMI DAERAH,34126,KEPALA BAGIAN OTONOMI DAERAH,III.a,7,SUB BAGIAN ADMINISTRASI KEPALA DAERAH DAN DPRD,34125,KEPALA SUB BAGIAN ADMINISTRASI KEPALA DAERAH DAN DPRD,IV.a,,,,,,,,,,,,,,,,4,,6,34125,IV.a,1.00E+11,41,KEPALA SUB BAGIAN ADMINISTRASI KEPALA DAERAH DAN DPRD,SUB BAGIAN ADMINISTRASI KEPALA DAERAH DAN DPRD,133,JL. SAM RATULANGI NO.101 PALU,,,,,,1,,,,,
237,12,DINAS KESEHATAN,34343,KEPALA DINAS KESEHATAN,II.a,967,UPT RUMAH SAKIT UMUM DAERAH UNDATA,34390,KEPALA UPT RUMAH SAKIT UMUM DAERAH UNDATA,II.b,975,BIDANG PENUNJANG MEDIK,34398,KEPALA BIDANG PENUNJANG MEDIK,III.a,977,SEKSI PENGENDALIAN MUTU PENUNJANG MEDIK,,,,,,,,,,,,,,,,,,,,,,,,3,,975,,,1.00E+11,,,SEKSI PENGENDALIAN MUTU PENUNJANG MEDIK,,"JL. R.A. KARTINI, NO.11 PALU",,,,,,0,,,,,
238,23,DINAS PEMBERDAYAAN MASYARAKAT DAN DESA,33330,KEPALA DINAS PEMBERDAYAAN MASYARAKAT DAN DESA,II.a,40,BIDANG PEMERINTAHAN DESA,33335,KEPALA BIDANG PEMERINTAHAN DESA,III.a,,,,,,,,,,,,,,,,,,,,,,,,,,,,,,,1,,23,33335,III.a,1.01E+11,31,KEPALA BIDANG PEMERINTAHAN DESA,BIDANG PEMERINTAHAN DESA,141,JL. PROF. MOH. YAMIN NO.33 PALU,,,,,,1,,,,,
240,5,BADAN KEPEGAWAIAN DAERAH,24454,KEPALA BADAN KEPEGAWAIAN DAERAH,II.a,11,SEKRETARIAT,33300,SEKRETARIS,III.a,17,"SUB BAGIAN PROGRAM, KEUANGAN DAN ASET",33301,"KEPALA SUB BAGIAN PROGRAM, KEUANGAN DAN ASET",IV.a,,,,,,,,,,,,,,,,,,,,,,,,,,2,,11,33301,IV.a,1.04E+11,41,"KEPALA SUB BAGIAN PROGRAM, KEUANGAN DAN ASET","SUB BAGIAN PROGRAM, KEUANGAN DAN ASET",133,"JL. DR. SAM RATULANGI, NO. 63, PALU",,,,,,1,,,,,
241,10,DINAS PENDIDIKAN,33499,KEPALA DINAS PENDIDIKAN,II.a,489,"CABANG DINAS PENDIDIKAN MENENGAH WILAYAH V KAB.BANGGAI, KAB. BANGGAI KEPULAUAN DAN KAB. BANGGAI LAUT",33502,"KEPALA CABANG DINAS PENDIDIKAN MENENGAH WILAYAH V KAB.BANGGAI, KAB. BANGGAI KEPULAUAN DAN KAB. BANGGAI LAUT",III.b,36,SMA NEGERI 1 TOILI BARAT KAB. BANGGAI,34178,KEPALA SMA NEGERI 1 TOILI BARAT KAB. BANGGAI,,,,,,,,,,,,,,,,,,,,,,,,,,,2,SMA,489,34178,,1.03E+11,,KEPALA SMA NEGERI 1 TOILI BARAT KAB. BANGGAI,SMA NEGERI 1 TOILI BARAT KAB. BANGGAI,,"JL. SETIA BUDI, NO.9 PALU",,,,,,1,,,,,
242,10,DINAS PENDIDIKAN,33499,KEPALA DINAS PENDIDIKAN,II.a,489,"CABANG DINAS PENDIDIKAN MENENGAH WILAYAH V KAB.BANGGAI, KAB. BANGGAI KEPULAUAN DAN KAB. BANGGAI LAUT",33502,"KEPALA CABANG DINAS PENDIDIKAN MENENGAH WILAYAH V KAB.BANGGAI, KAB. BANGGAI KEPULAUAN DAN KAB. BANGGAI LAUT",III.b,1056,SMK NEGERI 2 BANGGAI KAB. BANGGAI LAUT,34217,KEPALA SMK NEGERI 2 BANGGAI KAB. BANGGAI LAUT,,,,,,,,,,,,,,,,,,,,,,,,,,,2,SMK,489,34217,,1.03E+11,,KEPALA SMK NEGERI 2 BANGGAI KAB. BANGGAI LAUT,SMK NEGERI 2 BANGGAI KAB. BANGGAI LAUT,,"JL. SETIA BUDI, NO.9 PALU",,,,,,1,,,,,
243,31,DINAS KELAUTAN DAN PERIKANAN,34250,KEPALA DINAS KELAUTAN DAN PERIKANAN,II.a,803,UPTD PELABUHAN PERIKANAN DAN KAWASAN KONSERVASI PESISIR DAN PULAU-PULAU KECIL WILAYAH III,34298,KEPALA UPTD PELABUHAN PERIKANAN DAN KAWASAN KONSERVASI PESISIR DAN PULAU-PULAU KECIL WILAYAH III,III.b,805,SEKSI KEPELABUHAN,34300,KEPALA SEKSI KEPELABUHAN,IV.a,,,,,,,,,,,,,,,,,,,,,,,,,,2,,803,34300,IV.a,1.02E+11,41,KEPALA SEKSI KEPELABUHAN,SEKSI KEPELABUHAN,133,JL. UNDATA NO.7 PALU,,,,,,1,,,,,
244,36,DINAS ENERGI DAN SUMBER DAYA MINERAL,33744,KEPALA DINAS ENERGI DAN SUMBER DAYA MINERAL,II.a,641,BIDANG KETENAGALISTRIKAN,33925,KEPALA BIDANG KETENAGALISTRIKAN,III.a,,,,,,,,,,,,,,,,,,,,,,,,,,,,,,,1,,36,33925,III.a,1.02E+11,31,KEPALA BIDANG KETENAGALISTRIKAN,BIDANG KETENAGALISTRIKAN,141,JL. SAM RATULANGI NO.25 PALU,,,,,,1,,,,,
245,10,DINAS PENDIDIKAN,33499,KEPALA DINAS PENDIDIKAN,II.a,365,CABANG DINAS PENDIDIKAN MENENGAH WILAYAH I KOTA PALU DAN KAB. SIGI,33513,KEPALA CABANG DINAS PENDIDIKAN MENENGAH WILAYAH I KOTA PALU DAN KAB. SIGI,III.b,367,SEKSI PEMBINAAN SMA,33515,KEPALA SEKSI PEMBINAAN SMA,IV.a,,,,,,,,,,,,,,,,,,,,,,,,,,2,,365,33515,IV.a,1.03E+11,41,KEPALA SEKSI PEMBINAAN SMA,SEKSI PEMBINAAN SMA,133,"JL. SETIA BUDI, NO.9 PALU",,,,,,1,,,,,
247,18,DINAS PEMBERDAYAAN PEREMPUAN DAN PERLINDUNGAN ANAK ,33338,KEPALA DINAS PEMBERDAYAAN PEREMPUAN DAN PERLINDUNGAN ANAK ,II.a,82,BIDANG DATA DAN INFORMASI GENDER DAN ANAK,33343,KEPALA BIDANG DATA DAN INFORMASI GENDER DAN ANAK,III.a,,,,,,,,,,,,,,,,,,,,,,,,,,,,,,,1,,18,33343,III.a,1.01E+11,31,KEPALA BIDANG DATA DAN INFORMASI GENDER DAN ANAK,BIDANG DATA DAN INFORMASI GENDER DAN ANAK,141,JL. MANGUNSARKORO NO. 31. PALU,,,,,,1,,,,,
248,13,DINAS BINA MARGA DAN TATA RUANG,33455,KEPALA DINAS BINA MARGA DAN PENATAAN RUANG,II.a,390,BIDANG PENATAAN RUANG,33460,KEPALA BIDANG PENATAAN RUANG,III.a,392,SEKSI PENGENDALIAN PEMANFAATAN RUANG,33462,KEPALA SEKSI PENGENDALIAN PEMANFAATAN RUANG,IV.a,,,,,,,,,,,,,,,,,,,,,,,,,,2,,390,33462,IV.a,1.00E+11,41,KEPALA SEKSI PENGENDALIAN PEMANFAATAN RUANG,SEKSI PENGENDALIAN PEMANFAATAN RUANG,133,"JL. TOWUA, NO. 85 PALU",,,,,,1,,,,,
251,18,DINAS PEMBERDAYAAN PEREMPUAN DAN PERLINDUNGAN ANAK ,33338,KEPALA DINAS PEMBERDAYAAN PEREMPUAN DAN PERLINDUNGAN ANAK ,II.a,85,UPT PERLINDUNGAN PEREMPUAN DAN ANAK,33346,KEPALA UPT PERLINDUNGAN PEREMPUAN DAN ANAK,III.a,,,,,,,,,,,,,,,,,,,,,,,,,,,,,,,1,UPTD Tipe A,18,33346,III.a,1.01E+11,31,KEPALA UPT PERLINDUNGAN PEREMPUAN DAN ANAK,UPT PERLINDUNGAN PEREMPUAN DAN ANAK,141,JL. MANGUNSARKORO NO. 31. PALU,,,,,,1,,,,,
246,34,DINAS KEHUTANAN,33380,KEPALA DINAS KEHUTANAN,II.a,467,UPTD KESATUAN PENGELOLAAN HUTAN TEPO ASA AROA,33427,KEPALA UPTD KESATUAN PENGELOLAAN HUTAN TEPO ASA AROA,III.b,472,SUB BAGIAN TATA USAHA,33430,KEPALA SUB BAGIAN TATA USAHA,IV.a,,,,,,,,,,,,,,,,,,,,,,,,,,2,,467,33430,IV.a,1.02E+11,41,KEPALA SUB BAGIAN TATA USAHA,SUB BAGIAN TATA USAHA,133,JL. S. PARMAN NO. 9 PALU,,,,,,1,,,,,
249,34,DINAS KEHUTANAN,33380,KEPALA DINAS KEHUTANAN,II.a,456,UPTD KESATUAN PENGELOLAAN HUTAN BANAWA LALUNDU,33431,KEPALA UPTD KESATUAN PENGELOLAAN HUTAN BANAWA LALUNDU,III.a,,,,,,,,,,,,,,,,,,,,,,,,,,,,,,,1,,12,33431,III.a,1.02E+11,31,KEPALA UPTD KESATUAN PENGELOLAAN HUTAN BANAWA LALUNDU,UPTD KESATUAN PENGELOLAAN HUTAN BANAWA LALUNDU,141,JL. S. PARMAN NO. 9 PALU,,,,,,1,,,,,
250,34,DINAS KEHUTANAN,33380,KEPALA DINAS KEHUTANAN,II.a,456,UPTD KESATUAN PENGELOLAAN HUTAN BANAWA LALUNDU,33431,KEPALA UPTD KESATUAN PENGELOLAAN HUTAN BANAWA LALUNDU,III.a,459,SEKSI PERENCANAAN DAN PEMANFAATAN HUTAN,33433,KEPALA SEKSI PERENCANAAN DAN PEMANFAATAN HUTAN,IV.a,,,,,,,,,,,,,,,,,,,,,,,,,,2,,456,33433,IV.a,1.02E+11,41,KEPALA SEKSI PERENCANAAN DAN PEMANFAATAN HUTAN,SEKSI PERENCANAAN DAN PEMANFAATAN HUTAN,133,JL. S. PARMAN NO. 9 PALU,,,,,,1,,,,,
252,36,DINAS ENERGI DAN SUMBER DAYA MINERAL,33744,KEPALA DINAS ENERGI DAN SUMBER DAYA MINERAL,II.a,642,UPT PELAYANAN TEKNIS LABORATORIUM,33926,KEPALA UPT PELAYANAN TEKNIS LABORATORIUM,III.b,,,,,,,,,,,,,,,,,,,,,,,,,,,,,,,1,UPTD Tipe A,36,33926,III.b,1.02E+11,32,KEPALA UPT PELAYANAN TEKNIS LABORATORIUM,UPT PELAYANAN TEKNIS LABORATORIUM,134,JL. SAM RATULANGI NO.25 PALU,,,,,,1,,,,,
253,31,DINAS KELAUTAN DAN PERIKANAN,34250,KEPALA DINAS KELAUTAN DAN PERIKANAN,II.a,811,UPTD PELABUHAN PERIKANAN DAN KAWASAN KONSERVASI PESISIR DAN PULAU-PULAU KECIL WILAYAH V,34306,KEPALA UPTD PELABUHAN PERIKANAN DAN KAWASAN KONSERVASI PESISIR DAN PULAU-PULAU KECIL WILAYAH V,III.b,,,,,,,,,,,,,,,,,,,,,,,,,,,,,,,1,,31,34306,III.b,1.02E+11,32,KEPALA UPTD PELABUHAN PERIKANAN DAN KAWASAN KONSERVASI PESISIR DAN PULAU-PULAU KECIL WILAYAH V,UPTD PELABUHAN PERIKANAN DAN KAWASAN KONSERVASI PESISIR DAN PULAU-PULAU KECIL WILAYAH V,134,JL. UNDATA NO.7 PALU,,,,,,1,,,,,
254,35,DINAS PERINDUSTRIAN DAN PERDAGANGAN,33359,KEPALA DINAS PERINDUSTRIAN DAN PERDAGANGAN,II.a,89,SEKRETARIAT,33360,SEKRETARIS,III.a,92,SUB BAGIAN KEPEGAWAIAN DAN UMUM,33363,KEPALA SUB BAGIAN KEPEGAWAIAN DAN UMUM,IV.a,,,,,,,,,,,,,,,,,,,,,,,,,,2,,89,33363,IV.a,1.02E+11,41,KEPALA SUB BAGIAN KEPEGAWAIAN DAN UMUM,SUB BAGIAN KEPEGAWAIAN DAN UMUM,133,JL. R.A. KARTINI NO.18 PALU,,,,,,1,,,,,
255,36,DINAS ENERGI DAN SUMBER DAYA MINERAL,33744,KEPALA DINAS ENERGI DAN SUMBER DAYA MINERAL,II.a,642,UPT PELAYANAN TEKNIS LABORATORIUM,33926,KEPALA UPT PELAYANAN TEKNIS LABORATORIUM,III.b,643,SUB BAGIAN TATA USAHA,33927,KEPALA SUB BAGIAN TATA USAHA,IV.a,,,,,,,,,,,,,,,,,,,,,,,,,,2,,642,33927,IV.a,1.02E+11,41,KEPALA SUB BAGIAN TATA USAHA,SUB BAGIAN TATA USAHA,133,JL. SAM RATULANGI NO.25 PALU,,,,,,1,,,,,
256,49,SEKRETARIAT DAERAH,34461,SEKRETARIS DAERAH,I.b,1,ASISTEN PEMERINTAHAN DAN KESEJAHTERAAN RAKYAT,34132,ASISTEN PEMERINTAHAN DAN KESEJAHTERAAN RAKYAT,II.a,2,BIRO PEMERINTAHAN DAN OTONOMI DAERAH,34131,KEPALA BIRO PEMERINTAHAN DAN OTONOMI DAERAH,II.b,6,BAGIAN OTONOMI DAERAH,34126,KEPALA BAGIAN OTONOMI DAERAH,III.a,44,SUB BAGIAN EVALUASI DAN PENYELENGGARAAN PEMERINTAHAN,34123,KEPALA SUB BAGIAN EVALUASI DAN PENYELENGGARAAN PEMERINTAHAN,IV.a,,,,,,,,,,,,,,,,4,,6,34123,IV.a,1.00E+11,41,KEPALA SUB BAGIAN EVALUASI DAN PENYELENGGARAAN PEMERINTAHAN,SUB BAGIAN EVALUASI DAN PENYELENGGARAAN PEMERINTAHAN,133,JL. SAM RATULANGI NO.101 PALU,,,,,,1,,,,,
257,26,"DINAS KOMUNIKASI, INFORMATIKA, PERSANDIAN DAN STATISTIK",33973,"KEPALA DINAS KOMUNIKASI, INFORMATIKA, PERSANDIAN DAN STATISTIK",II.a,277,BIDANG STATISTIK,33980,KEPALA BIDANG STATISTIK,III.a,,,,,,,,,,,,,,,,,,,,,,,,,,,,,,,1,,26,33980,III.a,1.03E+11,31,KEPALA BIDANG STATISTIK,BIDANG STATISTIK,141,JL. KARTINI NO. 106 PALU,,,,,,1,,,,,
258,10,DINAS PENDIDIKAN,33499,KEPALA DINAS PENDIDIKAN,II.a,484,CABANG DINAS PENDIDIKAN MENENGAH WILAYAH III KAB. POSO DAN KAB. TOJO UNA-UNA,33704,KEPALA CABANG DINAS PENDIDIKAN MENENGAH WILAYAH III KAB. POSO DAN KAB. TOJO UNA-UNA,III.b,,,,,,,,,,,,,,,,,,,,,,,,,,,,,,,1,Cabang,10,33704,III.b,1.03E+11,32,KEPALA CABANG DINAS PENDIDIKAN MENENGAH WILAYAH III KAB. POSO DAN KAB. TOJO UNA-UNA,CABANG DINAS PENDIDIKAN MENENGAH WILAYAH III KAB. POSO DAN KAB. TOJO UNA-UNA,134,"JL. SETIA BUDI, NO.9 PALU",,,,,,1,,,,,
261,10,DINAS PENDIDIKAN,33499,KEPALA DINAS PENDIDIKAN,II.a,489,"CABANG DINAS PENDIDIKAN MENENGAH WILAYAH V KAB.BANGGAI, KAB. BANGGAI KEPULAUAN DAN KAB. BANGGAI LAUT",33502,"KEPALA CABANG DINAS PENDIDIKAN MENENGAH WILAYAH V KAB.BANGGAI, KAB. BANGGAI KEPULAUAN DAN KAB. BANGGAI LAUT",III.b,1079,SMA NEGERI 2 TINANGKUNG KAB. BANGGAI KEPULAUAN,34258,KEPALA SMA NEGERI 2 TINANGKUNG KAB. BANGGAI KEPULAUAN,,,,,,,,,,,,,,,,,,,,,,,,,,,2,SMA,489,34258,,1.03E+11,,KEPALA SMA NEGERI 2 TINANGKUNG KAB. BANGGAI KEPULAUAN,SMA NEGERI 2 TINANGKUNG KAB. BANGGAI KEPULAUAN,,"JL. SETIA BUDI, NO.9 PALU",,,,,,1,,,,,
262,35,DINAS PERINDUSTRIAN DAN PERDAGANGAN,33359,KEPALA DINAS PERINDUSTRIAN DAN PERDAGANGAN,II.a,112,UPTD PENGAWASAN DAN PERLINDUNGAN KONSUMEN,33376,KEPALA UPT PENGAWASAN DAN PERLINDUNGAN KONSUMEN,III.b,,,,,,,,,,,,,,,,,,,,,,,,,,,,,,,1,UPTD Tipe A,35,33376,III.b,1.02E+11,32,KEPALA UPT PENGAWASAN DAN PERLINDUNGAN KONSUMEN,UPTD PENGAWASAN DAN PERLINDUNGAN KONSUMEN,134,JL. R.A. KARTINI NO.18 PALU,,,,,,1,,,,,
264,35,DINAS PERINDUSTRIAN DAN PERDAGANGAN,33359,KEPALA DINAS PERINDUSTRIAN DAN PERDAGANGAN,II.a,97,UPTD PENGUJIAN SERTIFIKASI MUTU BARANG,33368,KEPALA UPT PENGUJIAN SERTIFIKASI MUTU BARANG,III.b,102,SEKSI KALIBRASI,33370,KEPALA SEKSI KALIBRASI,IV.a,,,,,,,,,,,,,,,,,,,,,,,,,,2,UPTD Tipe A,97,33370,IV.a,1.02E+11,41,KEPALA SEKSI KALIBRASI,SEKSI KALIBRASI,133,JL. R.A. KARTINI NO.18 PALU,,,,,,1,,,,,
265,35,DINAS PERINDUSTRIAN DAN PERDAGANGAN,33359,KEPALA DINAS PERINDUSTRIAN DAN PERDAGANGAN,II.a,106,UPTD PENGEMBANGAN PRODUK INDUSTRI PANGAN DAN KERAJINAN DAERAH,33372,KEPALA UPT PENGEMBANGAN PRODUK INDUSTRI PANGAN DAN KERAJINAN DAERAH,III.b,107,SUB BAGIAN TATA USAHA,33373,KEPALA SUB BAGIAN TATA USAHA,IV.a,,,,,,,,,,,,,,,,,,,,,,,,,,2,UPTD Tipe A,106,33373,IV.a,1.02E+11,41,KEPALA SUB BAGIAN TATA USAHA,SUB BAGIAN TATA USAHA,133,JL. R.A. KARTINI NO.18 PALU,,,,,,1,,,,,
267,12,DINAS KESEHATAN,34343,KEPALA DINAS KESEHATAN,II.a,998,UPT RUMAH SAKIT MADANI PALU,34406,KEPALA UPT RUMAH SAKIT MADANI PALU,III.a,999,BAGIAN TATA USAHA,34407,KEPALA BAGIAN TATA USAHA,III.a,46,SUB BAGIAN PERENCANAAN PROGRAM DAN EVALUASI,34410,KEPALA SUB BAGIAN PERENCANAAN PROGRAM DAN EVALUASI,IV.a,,,,,,,,,,,,,,,,,,,,,3,,999,34410,IV.a,1.00E+11,41,KEPALA SUB BAGIAN PERENCANAAN PROGRAM DAN EVALUASI,SUB BAGIAN PERENCANAAN PROGRAM DAN EVALUASI,133,"JL. R.A. KARTINI, NO.11 PALU",,,,,,1,,,,,
260,34,DINAS KEHUTANAN,33380,KEPALA DINAS KEHUTANAN,II.a,451,UPTD KESATUAN PENGELOLAAN HUTAN KULAWI,33435,KEPALA UPTD KESATUAN PENGELOLAAN HUTAN KULAWI,III.b,,,,,,,,,,,,,,,,,,,,,,,,,,,,,,,1,,12,33435,III.b,1.02E+11,32,KEPALA UPTD KESATUAN PENGELOLAAN HUTAN KULAWI,UPTD KESATUAN PENGELOLAAN HUTAN KULAWI,134,JL. S. PARMAN NO. 9 PALU,,,,,,1,,,,,
263,34,DINAS KEHUTANAN,33380,KEPALA DINAS KEHUTANAN,II.a,479,UPTD KESATUAN PENGELOLAAN HUTAN TOPEASA MAROSO,33419,KEPALA UPTD KESATUAN PENGELOLAAN HUTAN TOPEASA MAROSO,III.b,482,SEKSI PERENCANAAN DAN PEMANFAATAN HUTAN,33421,KEPALA SEKSI PERENCANAAN DAN PEMANFAATAN HUTAN,IV.a,,,,,,,,,,,,,,,,,,,,,,,,,,2,,479,33421,IV.a,1.02E+11,41,KEPALA SEKSI PERENCANAAN DAN PEMANFAATAN HUTAN,SEKSI PERENCANAAN DAN PEMANFAATAN HUTAN,133,JL. S. PARMAN NO. 9 PALU,,,,,,1,,,,,
266,34,DINAS KEHUTANAN,33380,KEPALA DINAS KEHUTANAN,II.a,500,UPTD KESATUAN PENGELOLAAN HUTAN POGOGUL,33400,KEPALA UPTD KESATUAN PENGELOLAAN HUTAN POGOGUL,III.b,,,,,,,,,,,,,,,,,,,,,,,,,,,,,,,1,,12,33400,III.b,1.02E+11,32,KEPALA UPTD KESATUAN PENGELOLAAN HUTAN POGOGUL,UPTD KESATUAN PENGELOLAAN HUTAN POGOGUL,134,JL. S. PARMAN NO. 9 PALU,,,,,,1,,,,,
269,35,DINAS PERINDUSTRIAN DAN PERDAGANGAN,33359,KEPALA DINAS PERINDUSTRIAN DAN PERDAGANGAN,II.a,95,BIDANG SARANA DAN PRASARANA DAN PEMBERDAYAAN INDUSTRI,33366,KEPALA BIDANG SARANA DAN PRASARANA DAN PEMBERDAYAAN INDUSTRI,III.a,,,,,,,,,,,,,,,,,,,,,,,,,,,,,,,1,,35,33366,III.a,1.02E+11,31,KEPALA BIDANG SARANA DAN PRASARANA DAN PEMBERDAYAAN INDUSTRI,BIDANG SARANA DAN PRASARANA DAN PEMBERDAYAAN INDUSTRI,141,JL. R.A. KARTINI NO.18 PALU,,,,,,1,,,,,
271,25,DINAS PERHUBUNGAN,33482,KEPALA DINAS PERHUBUNGAN,II.a,422,BIDANG LALU LINTAS JALAN,33486,KEPALA BIDANG LALU LINTAS JALAN,III.a,423,SEKSI PRASARANA LALU LINTAS,33487,KEPALA SEKSI PRASARANA LALU LINTAS,IV.a,,,,,,,,,,,,,,,,,,,,,,,,,,2,,422,33487,IV.a,1.02E+11,41,KEPALA SEKSI PRASARANA LALU LINTAS,SEKSI PRASARANA LALU LINTAS,133,JL. R.A. KARTINI NO.35 PALU,,,,,,1,,,,,
272,47,SATUAN POLISI PAMONG PRAJA,33981,KEPALA SATUAN POLISI PAMONG PRAJA,II.a,251,BIDANG PENEGAKAN PERDA,33992,KEPALA BIDANG PENEGAKAN PERDA,III.a,,,,,,,,,,,,,,,,,,,,,,,,,,,,,,,1,,47,33992,III.a,1.04E+11,31,KEPALA BIDANG PENEGAKAN PERDA,BIDANG PENEGAKAN PERDA,141,JL. PRAMUKA NO.21 PALU,,,,,,1,,,,,
276,1,BADAN PERENCANAAN PEMBANGUNAN DAERAH,33570,KEPALA BADAN PERENCANAAN PEMBANGUNAN DAERAH,II.a,227,SEKRETARIAT,33571,SEKRETARIS,III.a,229,SUB BAGIAN KEPEGAWAIAN DAN UMUM,33573,KEPALA SUB BAGIAN KEPEGAWAIAN DAN UMUM,IV.a,,,,,,,,,,,,,,,,,,,,,,,,,,2,,227,33573,IV.a,1.04E+11,41,KEPALA SUB BAGIAN KEPEGAWAIAN DAN UMUM,SUB BAGIAN KEPEGAWAIAN DAN UMUM,133,JL. MOH. YAMIN NO. 7 PALU,,,,,,1,,,,,
277,33,DINAS PERKEBUNAN DAN PETERNAKAN,37689,KEPALA DINAS PERKEBUNAN DAN PETERNAKAN,II.a,929,SEKRETARIAT,36556,SEKRETARIS,III.a,931,SUB BAGIAN KEUANGAN DAN ASET,36561,KEPALA SUB BAGIAN KEUANGAN DAN ASET,IV.a,,,,,,,,,,,,,,,,,,,,,,,,,,2,,929,36561,IV.a,1.03E+11,41,KEPALA SUB BAGIAN KEUANGAN DAN ASET,SUB BAGIAN KEUANGAN DAN ASET,133,JL. R.A. KARTINI NO.25 & 31 PALU,,,,,,1,,,,,
278,32,DINAS TANAMAN PANGAN DAN HORTIKULTURA,37620,KEPALA DINAS TANAMAN PANGAN DAN HORTIKULTURA,II.a,827,SEKRETARIAT,37588,SEKRETARIS,III.a,,,,,,,,,,,,,,,,,,,,,,,,,,,,,,,1,,32,37588,III.a,1.03E+11,31,SEKRETARIS,SEKRETARIAT,141,JL. R.A. KARTINI NO. 80 PALU,,,,,,1,,,,,
279,5,BADAN KEPEGAWAIAN DAERAH,24454,KEPALA BADAN KEPEGAWAIAN DAERAH,II.a,13,"BIDANG PENGADAAN, PEMBERHENTIAN DAN INFORMASI",33305,"KEPALA BIDANG PENGADAAN, PEMBERHENTIAN DAN INFORMASI",III.a,,,,,,,,,,,,,,,,,,,,,,,,,,,,,,,1,,5,33305,III.a,1.04E+11,31,"KEPALA BIDANG PENGADAAN, PEMBERHENTIAN DAN INFORMASI","BIDANG PENGADAAN, PEMBERHENTIAN DAN INFORMASI",141,"JL. DR. SAM RATULANGI, NO. 63, PALU",,,,,,1,,,,,
280,49,SEKRETARIAT DAERAH,34461,SEKRETARIS DAERAH,I.b,105,BAGIAN BUMD DAN BLUD,,,,109,"SUB BAGIAN BADAN USAHA MILIK DAERAH, JASA KEUANGAN DAN ANEKA USAHA",,,,,,,,,,,,,,,,,,,,,,,,,,,,,2,,105,,,1.00E+11,,,"SUB BAGIAN BADAN USAHA MILIK DAERAH, JASA KEUANGAN DAN ANEKA USAHA",,JL. SAM RATULANGI NO.101 PALU,,,,,,0,,,,,
281,12,DINAS KESEHATAN,34343,KEPALA DINAS KESEHATAN,II.a,967,UPT RUMAH SAKIT UMUM DAERAH UNDATA,34390,KEPALA UPT RUMAH SAKIT UMUM DAERAH UNDATA,II.b,969,BIDANG KEPERAWATAN,34392,KEPALA BIDANG KEPERAWATAN,III.a,971,SEKSI PENGEMBANGAN FASILITAS KEPERAWATAN,,,,,,,,,,,,,,,,,,,,,,,,3,,969,,,1.00E+11,,,SEKSI PENGEMBANGAN FASILITAS KEPERAWATAN,,"JL. R.A. KARTINI, NO.11 PALU",,,,,,0,,,,,
283,12,DINAS KESEHATAN,34343,KEPALA DINAS KESEHATAN,II.a,967,UPT RUMAH SAKIT UMUM DAERAH UNDATA,34390,KEPALA UPT RUMAH SAKIT UMUM DAERAH UNDATA,II.b,972,BIDANG PELAYANAN MEDIK,34395,KEPALA BIDANG PELAYANAN MEDIK,III.a,974,SEKSI PENGEMBANGAN FASILITASI DAN RUJUKAN,,,,,,,,,,,,,,,,,,,,,,,,3,,972,,,1.00E+11,,,SEKSI PENGEMBANGAN FASILITASI DAN RUJUKAN,,"JL. R.A. KARTINI, NO.11 PALU",,,,,,0,,,,,
284,17,DINAS TENAGA KERJA DAN TRANSMIGRASI,34947,KEPALA DINAS TENAGA KERJA DAN TRANSMIGRASI,II.a,726,UPT PENGAWASAN KETENAGAKERJAAN WILAYAH I,35271,KEPALA UPT PENGAWASAN KETENAGAKERJAAN WILAYAH I,III.a,728,SUB PENGAWASAN NORMA KERJA,35283,KEPALA SUB PENGAWASAN NORMA KERJA,IV.a,,,,,,,,,,,,,,,,,,,,,,,,,,2,,726,35283,IV.a,1.01E+11,41,KEPALA SUB PENGAWASAN NORMA KERJA,SUB PENGAWASAN NORMA KERJA,133,JL. R.A. KARTINI NO. 98 PALU,,,,,,1,,,,,
285,49,SEKRETARIAT DAERAH,34461,SEKRETARIS DAERAH,I.b,105,BAGIAN BUMD DAN BLUD,,,,111,"SUB BAGIAN BADAN USAHA MILIK DAERAH AIR MINUM, LIMBAH DAN SANITASI",,,,,,,,,,,,,,,,,,,,,,,,,,,,,2,,105,,,1.00E+11,,,"SUB BAGIAN BADAN USAHA MILIK DAERAH AIR MINUM, LIMBAH DAN SANITASI",,JL. SAM RATULANGI NO.101 PALU,,,,,,0,,,,,
270,34,DINAS KEHUTANAN,33380,KEPALA DINAS KEHUTANAN,II.a,515,UPTD KESATUAN PENGELOLAAN HUTAN DAMPELAS TINOMBO,33388,KEPALA UPT KESATUAN PENGELOLAAN HUTAN DAMPELAS TINOMBO,III.b,524,SUB BAGIAN TATA USAHA,33391,KEPALA SUB BAGIAN TATA USAHA,IV.a,,,,,,,,,,,,,,,,,,,,,,,,,,2,,515,33391,IV.a,1.02E+11,41,KEPALA SUB BAGIAN TATA USAHA,SUB BAGIAN TATA USAHA,133,JL. S. PARMAN NO. 9 PALU,,,,,,1,,,,,
273,34,DINAS KEHUTANAN,33380,KEPALA DINAS KEHUTANAN,II.a,491,UPTD KESATUAN PENGELOLAAN HUTAN SIVIA PATUJU,33408,KEPALA UPTD KESATUAN PENGELOLAAN HUTAN SIVIA PATUJU,III.b,,,,,,,,,,,,,,,,,,,,,,,,,,,,,,,1,,12,33408,III.b,1.02E+11,32,KEPALA UPTD KESATUAN PENGELOLAAN HUTAN SIVIA PATUJU,UPTD KESATUAN PENGELOLAAN HUTAN SIVIA PATUJU,134,JL. S. PARMAN NO. 9 PALU,,,,,,1,,,,,
274,34,DINAS KEHUTANAN,33380,KEPALA DINAS KEHUTANAN,II.a,496,UPTD KESATUAN PENGELOLAAN HUTAN SINTUWU MAROSO,33404,KEPALA UPTD KESATUAN PENGELOLAAN HUTAN SINTUWU MAROSO,III.b,,,,,,,,,,,,,,,,,,,,,,,,,,,,,,,1,,12,33404,III.b,1.02E+11,32,KEPALA UPTD KESATUAN PENGELOLAAN HUTAN SINTUWU MAROSO,UPTD KESATUAN PENGELOLAAN HUTAN SINTUWU MAROSO,134,JL. S. PARMAN NO. 9 PALU,,,,,,1,,,,,
282,34,DINAS KEHUTANAN,33380,KEPALA DINAS KEHUTANAN,II.a,525,"BIDANG PENYULUHAN, PEMBERDAYAAN MASYARAKAT DAN HUTAN ADAT",33387,"KEPALA BIDANG PENYULUHAN, PEMBERDAYAAN MASYARAKAT DAN HUTAN ADAT",III.a,,,,,,,,,,,,,,,,,,,,,,,,,,,,,,,1,,12,33387,III.a,1.02E+11,31,"KEPALA BIDANG PENYULUHAN, PEMBERDAYAAN MASYARAKAT DAN HUTAN ADAT","BIDANG PENYULUHAN, PEMBERDAYAAN MASYARAKAT DAN HUTAN ADAT",141,JL. S. PARMAN NO. 9 PALU,,,,,,1,,,,,
286,34,DINAS KEHUTANAN,33380,KEPALA DINAS KEHUTANAN,II.a,526,BIDANG PENGELOLAAN DAS DAN RHL,33386,KEPALA BIDANG PENGELOLAAN DAS DAN RHL,III.a,,,,,,,,,,,,,,,,,,,,,,,,,,,,,,,1,,12,33386,III.a,1.02E+11,31,KEPALA BIDANG PENGELOLAAN DAS DAN RHL,BIDANG PENGELOLAAN DAS DAN RHL,141,JL. S. PARMAN NO. 9 PALU,,,,,,1,,,,,
288,49,SEKRETARIAT DAERAH,34461,SEKRETARIS DAERAH,I.b,144,ASISTEN ADMINISTRASI UMUM,33353,ASISTEN ADMINISTRASI UMUM,II.a,175,BIRO ADMINISTRASI PIMPINAN,34480,KEPALA BIRO ADMINISTRASI PIMPINAN,II.b,180,BAGIAN MATERI DAN KOMUNIKASI PIMPINAN,34492,KEPALA BAGIAN MATERI DAN KOMUNIKASI PIMPINAN,III.a,,,,,,,,,,,,,,,,,,,,,3,,175,34492,III.a,1.00E+11,31,KEPALA BAGIAN MATERI DAN KOMUNIKASI PIMPINAN,BAGIAN MATERI DAN KOMUNIKASI PIMPINAN,141,JL. SAM RATULANGI NO.101 PALU,,,,,,1,,,,,
289,12,DINAS KESEHATAN,34343,KEPALA DINAS KESEHATAN,II.a,770,UPT LABORATORIUM KESEHATAN,,,,18,SEKSI PENGUJIAN,,,,,,,,,,,,,,,,,,,,,,,,,,,,,2,,770,,,1.00E+11,,,SEKSI PENGUJIAN,,"JL. R.A. KARTINI, NO.11 PALU",,,,,,0,,,,,
290,49,SEKRETARIAT DAERAH,34461,SEKRETARIS DAERAH,I.b,191,"STAF AHLI GUBERNUR BIDANG SUMBER DAYA MANUSIA, PENGEMBANGAN KAWASAN DAN WILAYAH",33350,"STAF AHLI GUBERNUR BIDANG SUMBER DAYA MANUSIA, PENGEMBANGAN KAWASAN DAN WILAYAH",II.a,,,,,,,,,,,,,,,,,,,,,,,,,,,,,,,1,,49,33350,II.a,1.00E+11,21,"STAF AHLI GUBERNUR BIDANG SUMBER DAYA MANUSIA, PENGEMBANGAN KAWASAN DAN WILAYAH","STAF AHLI GUBERNUR BIDANG SUMBER DAYA MANUSIA, PENGEMBANGAN KAWASAN DAN WILAYAH",143,JL. SAM RATULANGI NO.101 PALU,,,,,,1,,,,,
291,10,DINAS PENDIDIKAN,33499,KEPALA DINAS PENDIDIKAN,II.a,489,"CABANG DINAS PENDIDIKAN MENENGAH WILAYAH V KAB.BANGGAI, KAB. BANGGAI KEPULAUAN DAN KAB. BANGGAI LAUT",33502,"KEPALA CABANG DINAS PENDIDIKAN MENENGAH WILAYAH V KAB.BANGGAI, KAB. BANGGAI KEPULAUAN DAN KAB. BANGGAI LAUT",III.b,1073,SMA NEGERI 1 BUKO SELATAN KAB. BANGGAI KEPULAUAN,34247,KEPALA SMA NEGERI 1 BUKO SELATAN KAB. BANGGAI KEPULAUAN,,,,,,,,,,,,,,,,,,,,,,,,,,,2,SMA,489,34247,,1.03E+11,,KEPALA SMA NEGERI 1 BUKO SELATAN KAB. BANGGAI KEPULAUAN,SMA NEGERI 1 BUKO SELATAN KAB. BANGGAI KEPULAUAN,,"JL. SETIA BUDI, NO.9 PALU",,,,,,1,,,,,
293,11,DINAS KEBUDAYAAN,33578,KEPALA DINAS KEBUDAYAAN,II.a,200,BIDANG PERLINDUNGAN DAN PELESTARIAN KEBUDAYAAN,33585,KEPALA BIDANG PERLINDUNGAN DAN PELESTARIAN KEBUDAYAAN,III.a,,,,,,,,,,,,,,,,,,,,,,,,,,,,,,,1,,11,33585,III.a,1.03E+11,31,KEPALA BIDANG PERLINDUNGAN DAN PELESTARIAN KEBUDAYAAN,BIDANG PERLINDUNGAN DAN PELESTARIAN KEBUDAYAAN,141,JL. KEMIRI NO. 23 PALU,,,,,,1,,,,,
294,12,DINAS KESEHATAN,34343,KEPALA DINAS KESEHATAN,II.a,754,BIDANG KESEHATAN MASYARAKAT,34354,KEPALA BIDANG KESEHATAN MASYARAKAT,III.a,755,SEKSI PROMOSI DAN PEMBERDAYAAN MASYARAKAT,34356,KEPALA SEKSI PROMOSI DAN PEMBERDAYAAN MASYARAKAT,IV.a,,,,,,,,,,,,,,,,,,,,,,,,,,2,,754,34356,IV.a,1.00E+11,41,KEPALA SEKSI PROMOSI DAN PEMBERDAYAAN MASYARAKAT,SEKSI PROMOSI DAN PEMBERDAYAAN MASYARAKAT,133,"JL. R.A. KARTINI, NO.11 PALU",,,,,,1,,,,,
295,4,BADAN PENGELOLAAN KEUANGAN DAN ASET DAERAH,33412,KEPALA BADAN PENGELOLAAN KEUANGAN DAN ASET DAERAH,II.a,218,BIDANG AKUNTANSI,33550,KEPALA BIDANG AKUNTANSI,IV.a,220,SUB BIDANG AKUNTANSI MANAJEMEN,33552,KEPALA SUB BIDANG AKUNTANSI MANAJEMEN,IV.a,,,,,,,,,,,,,,,,,,,,,,,,,,2,,218,33552,IV.a,1.03E+11,41,KEPALA SUB BIDANG AKUNTANSI MANAJEMEN,SUB BIDANG AKUNTANSI MANAJEMEN,133,JL. SAM RATULANGI NO.101 PALU,,,,,,1,,,,,
296,10,DINAS PENDIDIKAN,33499,KEPALA DINAS PENDIDIKAN,II.a,484,CABANG DINAS PENDIDIKAN MENENGAH WILAYAH III KAB. POSO DAN KAB. TOJO UNA-UNA,33704,KEPALA CABANG DINAS PENDIDIKAN MENENGAH WILAYAH III KAB. POSO DAN KAB. TOJO UNA-UNA,III.b,589,SMA NEGERI 1 LORE SELATAN KAB. POSO,33708,KEPALA SMA NEGERI 1 LORE SELATAN KAB. POSO,,,,,,,,,,,,,,,,,,,,,,,,,,,2,SMA,484,33708,,1.03E+11,,KEPALA SMA NEGERI 1 LORE SELATAN KAB. POSO,SMA NEGERI 1 LORE SELATAN KAB. POSO,,"JL. SETIA BUDI, NO.9 PALU",,,,,,1,,,,,
298,14,DINAS CIPTA KARYA DAN SUMBER DAYA AIR,33805,KEPALA DINAS CIPTA KARYA DAN SUMBER DAYA AIR,II.a,690,UPT PENGELOLAAN SUMBER DAYA AIR WILAYAH II,33878,KEPALA UPT PENGELOLAAN SUMBER DAYA AIR WILAYAH II,III.b,691,SUB BAGIAN TATA USAHA,33882,KEPALA SUB BAGIAN TATA USAHA,IV.a,,,,,,,,,,,,,,,,,,,,,,,,,,2,,690,33882,IV.a,1.01E+11,41,KEPALA SUB BAGIAN TATA USAHA,SUB BAGIAN TATA USAHA,133,JL. PROF. MOH. YAMIN NO.33 PALU,,,,,,1,,,,,
299,10,DINAS PENDIDIKAN,33499,KEPALA DINAS PENDIDIKAN,II.a,489,"CABANG DINAS PENDIDIKAN MENENGAH WILAYAH V KAB.BANGGAI, KAB. BANGGAI KEPULAUAN DAN KAB. BANGGAI LAUT",33502,"KEPALA CABANG DINAS PENDIDIKAN MENENGAH WILAYAH V KAB.BANGGAI, KAB. BANGGAI KEPULAUAN DAN KAB. BANGGAI LAUT",III.b,1063,SMA NEGERI 1 BANGGAI KAB. BANGGAI LAUT,34224,KEPALA SMA NEGERI 1 BANGGAI KAB. BANGGAI LAUT,,,,,,,,,,,,,,,,,,,,,,,,,,,2,SMA,489,34224,,1.03E+11,,KEPALA SMA NEGERI 1 BANGGAI KAB. BANGGAI LAUT,SMA NEGERI 1 BANGGAI KAB. BANGGAI LAUT,,"JL. SETIA BUDI, NO.9 PALU",,,,,,1,,,,,
300,12,DINAS KESEHATAN,34343,KEPALA DINAS KESEHATAN,II.a,967,UPT RUMAH SAKIT UMUM DAERAH UNDATA,34390,KEPALA UPT RUMAH SAKIT UMUM DAERAH UNDATA,II.b,982,BAGIAN KEUANGAN,38702,KEPALA BAGIAN KEUANGAN,III.b,983,SUB BAGIAN PERBENDAHARAAN DAN MOBILISASI DANA,,,,,,,,,,,,,,,,,,,,,,,,3,,982,,,1.00E+11,,,SUB BAGIAN PERBENDAHARAAN DAN MOBILISASI DANA,,"JL. R.A. KARTINI, NO.11 PALU",,,,,,0,,,,,
301,3,BADAN PENDAPATAN DAERAH,33784,KEPALA BADAN PENDAPATAN DAERAH,II.a,349,UPTD BADAN PENDAPATAN WILAYAH X,33862,KEPALA UPTD BADAN PENDAPATAN WILAYAH X,III.b,352,SEKSI PENETAPAN DAN PENAGIHAN,33865,KEPALA SEKSI PENETAPAN DAN PENAGIHAN,IV.a,,,,,,,,,,,,,,,,,,,,,,,,,,2,,349,33865,IV.a,1.03E+11,41,KEPALA SEKSI PENETAPAN DAN PENAGIHAN,SEKSI PENETAPAN DAN PENAGIHAN,133,JL. PROF. DR. MOH. YAMIN NO. 34 PALU,,,,,,1,,,,,
303,4,BADAN PENGELOLAAN KEUANGAN DAN ASET DAERAH,33412,KEPALA BADAN PENGELOLAAN KEUANGAN DAN ASET DAERAH,II.a,218,BIDANG AKUNTANSI,33550,KEPALA BIDANG AKUNTANSI,IV.a,,,,,,,,,,,,,,,,,,,,,,,,,,,,,,,1,,4,33550,IV.a,1.03E+11,41,KEPALA BIDANG AKUNTANSI,BIDANG AKUNTANSI,133,JL. SAM RATULANGI NO.101 PALU,,,,,,1,,,,,
292,34,DINAS KEHUTANAN,33380,KEPALA DINAS KEHUTANAN,II.a,529,SEKRETARIAT,33381,SEKRETARIS,III.a,,,,,,,,,,,,,,,,,,,,,,,,,,,,,,,1,,12,33381,III.a,1.02E+11,31,SEKRETARIS,SEKRETARIAT,141,JL. S. PARMAN NO. 9 PALU,,,,,,1,,,,,
297,34,DINAS KEHUTANAN,33380,KEPALA DINAS KEHUTANAN,II.a,515,UPTD KESATUAN PENGELOLAAN HUTAN DAMPELAS TINOMBO,33388,KEPALA UPT KESATUAN PENGELOLAAN HUTAN DAMPELAS TINOMBO,III.b,,,,,,,,,,,,,,,,,,,,,,,,,,,,,,,1,,12,33388,III.b,1.02E+11,32,KEPALA UPT KESATUAN PENGELOLAAN HUTAN DAMPELAS TINOMBO,UPTD KESATUAN PENGELOLAAN HUTAN DAMPELAS TINOMBO,134,JL. S. PARMAN NO. 9 PALU,,,,,,1,,,,,
302,34,DINAS KEHUTANAN,33380,KEPALA DINAS KEHUTANAN,II.a,529,SEKRETARIAT,33381,SEKRETARIS,III.a,531,SUB BAGIAN KEUANGAN DAN ASET,33383,KEPALA SUB BAGIAN KEUANGAN DAN ASET,IV.a,,,,,,,,,,,,,,,,,,,,,,,,,,2,,529,33383,IV.a,1.02E+11,41,KEPALA SUB BAGIAN KEUANGAN DAN ASET,SUB BAGIAN KEUANGAN DAN ASET,133,JL. S. PARMAN NO. 9 PALU,,,,,,1,,,,,
304,11,DINAS KEBUDAYAAN,33578,KEPALA DINAS KEBUDAYAAN,II.a,196,SEKRETARIAT,33586,SEKRETARIS,III.a,,,,,,,,,,,,,,,,,,,,,,,,,,,,,,,1,,11,33586,III.a,1.03E+11,31,SEKRETARIS,SEKRETARIAT,141,JL. KEMIRI NO. 23 PALU,,,,,,1,,,,,
305,49,SEKRETARIAT DAERAH,34461,SEKRETARIS DAERAH,I.b,72,ASISTEN PEREKONOMIAN DAN PEMBANGUNAN,39771,ASISTEN PEREKONOMIAN DAN PEMBANGUNAN,II.a,131,BIRO ADMINISTRASI PEMBANGUNAN,34464,KEPALA BIRO ADMINISTRASI PEMBANGUNAN,II.b,136,BAGIAN PENGENDALIAN ADMINISTRASI PELAKSANAAN PEMBANGUNAN WILAYAH,34471,KEPALA BAGIAN PENGENDALIAN ADMINISTRASI PELAKSANAAN PEMBANGUNAN WILAYAH,III.a,139,SUB BAGIAN PENGENDALIAN ADMINISTRASI PELAKSANAAN PEMBANGUNAN WILAYAH III,34475,KEPALA SUB BAGIAN PENGENDALIAN ADMINISTRASI PELAKSANAAN PEMBANGUNAN WILAYAH III,IV.a,,,,,,,,,,,,,,,,4,,136,34475,IV.a,1.00E+11,41,KEPALA SUB BAGIAN PENGENDALIAN ADMINISTRASI PELAKSANAAN PEMBANGUNAN WILAYAH III,SUB BAGIAN PENGENDALIAN ADMINISTRASI PELAKSANAAN PEMBANGUNAN WILAYAH III,133,JL. SAM RATULANGI NO.101 PALU,,,,,,1,,,,,
306,12,DINAS KESEHATAN,34343,KEPALA DINAS KESEHATAN,II.a,770,UPT LABORATORIUM KESEHATAN,,,,19,SEKSI PELAYANAN DAN MUTU,,,,,,,,,,,,,,,,,,,,,,,,,,,,,2,,770,,,1.00E+11,,,SEKSI PELAYANAN DAN MUTU,,"JL. R.A. KARTINI, NO.11 PALU",,,,,,0,,,,,
307,13,DINAS BINA MARGA DAN TATA RUANG,33455,KEPALA DINAS BINA MARGA DAN PENATAAN RUANG,II.a,377,SEKRETARIAT,33472,SEKRETARIS,III.a,378,SUB BAGIAN PROGRAM,33473,KEPALA SUB BAGIAN PROGRAM,IV.a,,,,,,,,,,,,,,,,,,,,,,,,,,2,,377,33473,IV.a,1.00E+11,41,KEPALA SUB BAGIAN PROGRAM,SUB BAGIAN PROGRAM,133,"JL. TOWUA, NO. 85 PALU",,,,,,1,,,,,
308,14,DINAS CIPTA KARYA DAN SUMBER DAYA AIR,33805,KEPALA DINAS CIPTA KARYA DAN SUMBER DAYA AIR,II.a,670,BIDANG AIR MINUM DAN PENYEHATAN LINGKUNGAN PERMUKIMAN,33810,KEPALA BIDANG AIR MINUM DAN PENYEHATAN LINGKUNGAN PERMUKIMAN,III.a,,,,,,,,,,,,,,,,,,,,,,,,,,,,,,,1,,14,33810,III.a,1.01E+11,31,KEPALA BIDANG AIR MINUM DAN PENYEHATAN LINGKUNGAN PERMUKIMAN,BIDANG AIR MINUM DAN PENYEHATAN LINGKUNGAN PERMUKIMAN,141,JL. PROF. MOH. YAMIN NO.33 PALU,,,,,,1,,,,,
309,14,DINAS CIPTA KARYA DAN SUMBER DAYA AIR,33805,KEPALA DINAS CIPTA KARYA DAN SUMBER DAYA AIR,II.a,679,"BIDANG SUNGAI, PANTAI, DANAU DAN AIR BAKU",33823,"KEPALA BIDANG SUNGAI, PANTAI, DANAU DAN AIR BAKU",III.a,681,"SEKSI TATA KELOLA SUNGAI, PANTAI, DANAU DAN AIR BAKU",33827,"KEPALA SEKSI TATA KELOLA SUNGAI, PANTAI, DANAU DAN AIR BAKU",IV.a,,,,,,,,,,,,,,,,,,,,,,,,,,2,,679,33827,IV.a,1.01E+11,41,"KEPALA SEKSI TATA KELOLA SUNGAI, PANTAI, DANAU DAN AIR BAKU","SEKSI TATA KELOLA SUNGAI, PANTAI, DANAU DAN AIR BAKU",133,JL. PROF. MOH. YAMIN NO.33 PALU,,,,,,1,,,,,
310,36,DINAS ENERGI DAN SUMBER DAYA MINERAL,33744,KEPALA DINAS ENERGI DAN SUMBER DAYA MINERAL,II.a,642,UPT PELAYANAN TEKNIS LABORATORIUM,33926,KEPALA UPT PELAYANAN TEKNIS LABORATORIUM,III.b,645,SEKSI MANAJEMEN MUTU,33929,KEPALA SEKSI MANAJEMEN MUTU,IV.a,,,,,,,,,,,,,,,,,,,,,,,,,,2,,642,33929,IV.a,1.02E+11,41,KEPALA SEKSI MANAJEMEN MUTU,SEKSI MANAJEMEN MUTU,133,JL. SAM RATULANGI NO.25 PALU,,,,,,1,,,,,
311,10,DINAS PENDIDIKAN,33499,KEPALA DINAS PENDIDIKAN,II.a,489,"CABANG DINAS PENDIDIKAN MENENGAH WILAYAH V KAB.BANGGAI, KAB. BANGGAI KEPULAUAN DAN KAB. BANGGAI LAUT",33502,"KEPALA CABANG DINAS PENDIDIKAN MENENGAH WILAYAH V KAB.BANGGAI, KAB. BANGGAI KEPULAUAN DAN KAB. BANGGAI LAUT",III.b,1090,SMK NEGERI 1 BUKO SELATAN KAB. BANGGAI KEPULAUAN,34276,KEPALA SMK NEGERI 1 BUKO SELATAN KAB. BANGGAI KEPULAUAN,,,,,,,,,,,,,,,,,,,,,,,,,,,2,SMK,489,34276,,1.03E+11,,KEPALA SMK NEGERI 1 BUKO SELATAN KAB. BANGGAI KEPULAUAN,SMK NEGERI 1 BUKO SELATAN KAB. BANGGAI KEPULAUAN,,"JL. SETIA BUDI, NO.9 PALU",,,,,,1,,,,,
312,19,DINAS PANGAN,33900,KEPALA DINAS PANGAN,II.a,281,BIDANG KETERSEDIAAN DAN KERAWANAN PANGAN,33904,KEPALA BIDANG KETERSEDIAAN DAN KERAWANAN PANGAN,III.a,,,,,,,,,,,,,,,,,,,,,,,,,,,,,,,1,,19,33904,III.a,1.01E+11,31,KEPALA BIDANG KETERSEDIAAN DAN KERAWANAN PANGAN,BIDANG KETERSEDIAAN DAN KERAWANAN PANGAN,141,JL. PROF. MOH. YAMIN NO. 17 PALU,,,,,,1,,,,,
313,10,DINAS PENDIDIKAN,33499,KEPALA DINAS PENDIDIKAN,II.a,489,"CABANG DINAS PENDIDIKAN MENENGAH WILAYAH V KAB.BANGGAI, KAB. BANGGAI KEPULAUAN DAN KAB. BANGGAI LAUT",33502,"KEPALA CABANG DINAS PENDIDIKAN MENENGAH WILAYAH V KAB.BANGGAI, KAB. BANGGAI KEPULAUAN DAN KAB. BANGGAI LAUT",III.b,1042,SMK NEGERI 5 LUWUK TIMUR KAB. BANGGAI,34203,KEPALA SMK NEGERI 5 LUWUK TIMUR KAB. BANGGAI,,,,,,,,,,,,,,,,,,,,,,,,,,,2,SMK,489,34203,,1.03E+11,,KEPALA SMK NEGERI 5 LUWUK TIMUR KAB. BANGGAI,SMK NEGERI 5 LUWUK TIMUR KAB. BANGGAI,,"JL. SETIA BUDI, NO.9 PALU",,,,,,1,,,,,
314,10,DINAS PENDIDIKAN,33499,KEPALA DINAS PENDIDIKAN,II.a,481,CABANG DINAS PENDIDIKAN MENENGAH WILAYAH II KAB. DONGGALA DAN KAB. PARIGI MOUTONG,33639,KEPALA CABANG DINAS PENDIDIKAN MENENGAH WILAYAH II KAB. DONGGALA DAN KAB. PARIGI MOUTONG,III.b,539,SMA NEGERI 1 SINDUE TOMBUSABORA KAB. DONGGALA,33656,KEPALA SMA NEGERI 1 SINDUE TOMBUSABORA KAB. DONGGALA,,,,,,,,,,,,,,,,,,,,,,,,,,,2,SMA,481,33656,,1.03E+11,,KEPALA SMA NEGERI 1 SINDUE TOMBUSABORA KAB. DONGGALA,SMA NEGERI 1 SINDUE TOMBUSABORA KAB. DONGGALA,,"JL. SETIA BUDI, NO.9 PALU",,,,,,1,,,,,
315,13,DINAS BINA MARGA DAN TATA RUANG,33455,KEPALA DINAS BINA MARGA DAN PENATAAN RUANG,II.a,384,BIDANG JALAN DAN JEMBATAN,33466,KEPALA BIDANG JALAN DAN JEMBATAN,III.a,385,SEKSI JALAN,33467,KEPALA SEKSI JALAN,IV.a,,,,,,,,,,,,,,,,,,,,,,,,,,2,,384,33467,IV.a,1.00E+11,41,KEPALA SEKSI JALAN,SEKSI JALAN,133,"JL. TOWUA, NO. 85 PALU",,,,,,1,,,,,
316,19,DINAS PANGAN,33900,KEPALA DINAS PANGAN,II.a,278,SEKRETARIAT,33901,SEKRETARIS,III.a,,,,,,,,,,,,,,,,,,,,,,,,,,,,,,,1,,19,33901,III.a,1.01E+11,31,SEKRETARIS,SEKRETARIAT,141,JL. PROF. MOH. YAMIN NO. 17 PALU,,,,,,1,,,,,
317,3,BADAN PENDAPATAN DAERAH,33784,KEPALA BADAN PENDAPATAN DAERAH,II.a,304,BIDANG PENGELOLAAN SISTEM INFORMASI PENDAPATAN DAERAH,33794,KEPALA BIDANG PENGELOLAAN SISTEM INFORMASI PENDAPATAN DAERAH,III.a,305,SUB BIDANG PELAPORAN DATA DAN INFORMASI,33795,KEPALA SUB BIDANG PELAPORAN DATA DAN INFORMASI,IV.a,,,,,,,,,,,,,,,,,,,,,,,,,,2,,304,33795,IV.a,1.03E+11,41,KEPALA SUB BIDANG PELAPORAN DATA DAN INFORMASI,SUB BIDANG PELAPORAN DATA DAN INFORMASI,133,JL. PROF. DR. MOH. YAMIN NO. 34 PALU,,,,,,1,,,,,
318,10,DINAS PENDIDIKAN,33499,KEPALA DINAS PENDIDIKAN,II.a,484,CABANG DINAS PENDIDIKAN MENENGAH WILAYAH III KAB. POSO DAN KAB. TOJO UNA-UNA,33704,KEPALA CABANG DINAS PENDIDIKAN MENENGAH WILAYAH III KAB. POSO DAN KAB. TOJO UNA-UNA,III.b,596,SMA NEGERI 1 PAMONA SELATAN KAB. POSO,33715,KEPALA SMA NEGERI 1 PAMONA SELATAN KAB. POSO,,,,,,,,,,,,,,,,,,,,,,,,,,,2,SMA,484,33715,,1.03E+11,,KEPALA SMA NEGERI 1 PAMONA SELATAN KAB. POSO,SMA NEGERI 1 PAMONA SELATAN KAB. POSO,,"JL. SETIA BUDI, NO.9 PALU",,,,,,1,,,,,
319,10,DINAS PENDIDIKAN,33499,KEPALA DINAS PENDIDIKAN,II.a,489,"CABANG DINAS PENDIDIKAN MENENGAH WILAYAH V KAB.BANGGAI, KAB. BANGGAI KEPULAUAN DAN KAB. BANGGAI LAUT",33502,"KEPALA CABANG DINAS PENDIDIKAN MENENGAH WILAYAH V KAB.BANGGAI, KAB. BANGGAI KEPULAUAN DAN KAB. BANGGAI LAUT",III.b,1057,SMK NEGERI 1 BANGGAI UTARA KAB. BANGGAI LAUT,34218,KEPALA SMK NEGERI 1 BANGGAI UTARA KAB. BANGGAI LAUT,,,,,,,,,,,,,,,,,,,,,,,,,,,2,SMK,489,34218,,1.03E+11,,KEPALA SMK NEGERI 1 BANGGAI UTARA KAB. BANGGAI LAUT,SMK NEGERI 1 BANGGAI UTARA KAB. BANGGAI LAUT,,"JL. SETIA BUDI, NO.9 PALU",,,,,,1,,,,,
320,10,DINAS PENDIDIKAN,33499,KEPALA DINAS PENDIDIKAN,II.a,489,"CABANG DINAS PENDIDIKAN MENENGAH WILAYAH V KAB.BANGGAI, KAB. BANGGAI KEPULAUAN DAN KAB. BANGGAI LAUT",33502,"KEPALA CABANG DINAS PENDIDIKAN MENENGAH WILAYAH V KAB.BANGGAI, KAB. BANGGAI KEPULAUAN DAN KAB. BANGGAI LAUT",III.b,1046,SMA NEGERI 1 MOILONG KAB. BANGGAI,34207,KEPALA SMA NEGERI 1 MOILONG KAB. BANGGAI,,,,,,,,,,,,,,,,,,,,,,,,,,,2,SMA,489,34207,,1.03E+11,,KEPALA SMA NEGERI 1 MOILONG KAB. BANGGAI,SMA NEGERI 1 MOILONG KAB. BANGGAI,,"JL. SETIA BUDI, NO.9 PALU",,,,,,1,,,,,
321,31,DINAS KELAUTAN DAN PERIKANAN,34250,KEPALA DINAS KELAUTAN DAN PERIKANAN,II.a,786,BIDANG PENGAWASAN SUMBER DAYA KELAUTAN DAN PERIKANAN,34270,KEPALA BIDANG PENGAWASAN SUMBER DAYA KELAUTAN DAN PERIKANAN,III.a,,,,,,,,,,,,,,,,,,,,,,,,,,,,,,,1,,31,34270,III.a,1.02E+11,31,KEPALA BIDANG PENGAWASAN SUMBER DAYA KELAUTAN DAN PERIKANAN,BIDANG PENGAWASAN SUMBER DAYA KELAUTAN DAN PERIKANAN,141,JL. UNDATA NO.7 PALU,,,,,,1,,,,,
323,49,SEKRETARIAT DAERAH,34461,SEKRETARIS DAERAH,I.b,144,ASISTEN ADMINISTRASI UMUM,33353,ASISTEN ADMINISTRASI UMUM,II.a,145,BIRO ORGANISASI,33354,KEPALA BIRO ORGANISASI,II.b,146,BAGIAN KELEMBAGAAN DAN REFORMASI BIROKRASI,33355,KEPALA BAGIAN KELEMBAGAAN DAN REFORMASI BIROKRASI,III.a,147,SUB BAGIAN KELEMBAGAAN PERANGKAT DAERAH PROVINSI,33356,KEPALA SUB BAGIAN KELEMBAGAAN PERANGKAT DAERAH PROVINSI,IV.a,,,,,,,,,,,,,,,,4,,146,33356,IV.a,1.00E+11,41,KEPALA SUB BAGIAN KELEMBAGAAN PERANGKAT DAERAH PROVINSI,SUB BAGIAN KELEMBAGAAN PERANGKAT DAERAH PROVINSI,133,JL. SAM RATULANGI NO.101 PALU,,,,,,1,,,,,
324,10,DINAS PENDIDIKAN,33499,KEPALA DINAS PENDIDIKAN,II.a,365,CABANG DINAS PENDIDIKAN MENENGAH WILAYAH I KOTA PALU DAN KAB. SIGI,33513,KEPALA CABANG DINAS PENDIDIKAN MENENGAH WILAYAH I KOTA PALU DAN KAB. SIGI,III.b,462,SMK NEGERI 3 SIGI KAB. SIGI,33630,KEPALA SMK NEGERI 3 SIGI KAB. SIGI,,,,,,,,,,,,,,,,,,,,,,,,,,,2,SMK,365,33630,,1.03E+12,,KEPALA SMK NEGERI 3 SIGI KAB. SIGI,SMK NEGERI 3 SIGI KAB. SIGI,,"JL. SETIA BUDI, NO.9 PALU",,,,,,1,,,,,
325,13,DINAS BINA MARGA DAN TATA RUANG,33455,KEPALA DINAS BINA MARGA DAN PENATAAN RUANG,II.a,377,SEKRETARIAT,33472,SEKRETARIS,III.a,379,SUB BAGIAN KEUANGAN DAN ASET,33474,KEPALA SUB BAGIAN KEUANGAN DAN ASET,IV.a,,,,,,,,,,,,,,,,,,,,,,,,,,2,,377,33474,IV.a,1.00E+11,41,KEPALA SUB BAGIAN KEUANGAN DAN ASET,SUB BAGIAN KEUANGAN DAN ASET,133,"JL. TOWUA, NO. 85 PALU",,,,,,1,,,,,
327,7,BADAN RISET DAN INOVASI DAERAH,33447,KEPALA BADAN RISET DAN INOVASI DAERAH,II.a,264,"BIDANG PEMANFAATAN, FASILITASI RISET DAN INOVASI DAERAH",33450,"KEPALA BIDANG PEMANFAATAN, FASILITASI RISET DAN INOVASI DAERAH",III.a,,,,,,,,,,,,,,,,,,,,,,,,,,,,,,,1,,7,33450,III.a,1.04E+11,31,"KEPALA BIDANG PEMANFAATAN, FASILITASI RISET DAN INOVASI DAERAH","BIDANG PEMANFAATAN, FASILITASI RISET DAN INOVASI DAERAH",141,"JL. GARUDA, NO 30 A PALU",,,,,,1,,,,,
328,35,DINAS PERINDUSTRIAN DAN PERDAGANGAN,33359,KEPALA DINAS PERINDUSTRIAN DAN PERDAGANGAN,II.a,93,BIDANG PERDAGANGAN LUAR NEGERI,33364,KEPALA BIDANG PERDAGANGAN LUAR NEGERI,IV.a,,,,,,,,,,,,,,,,,,,,,,,,,,,,,,,1,,35,33364,IV.a,1.02E+11,41,KEPALA BIDANG PERDAGANGAN LUAR NEGERI,BIDANG PERDAGANGAN LUAR NEGERI,133,JL. R.A. KARTINI NO.18 PALU,,,,,,1,,,,,
329,10,DINAS PENDIDIKAN,33499,KEPALA DINAS PENDIDIKAN,II.a,357,SEKRETARIAT,33505,KEPALA SEKRETARIAT,III.a,360,SUB BAGIAN KEPEGAWAIAN DAN UMUM,33508,KEPALA SUB BAGIAN KEPEGAWAIAN DAN UMUM,IV.a,,,,,,,,,,,,,,,,,,,,,,,,,,2,,357,33508,IV.a,1.03E+11,41,KEPALA SUB BAGIAN KEPEGAWAIAN DAN UMUM,SUB BAGIAN KEPEGAWAIAN DAN UMUM,133,"JL. SETIA BUDI, NO.9 PALU",,,,,,1,,,,,
330,13,DINAS BINA MARGA DAN TATA RUANG,33455,KEPALA DINAS BINA MARGA DAN PENATAAN RUANG,II.a,377,SEKRETARIAT,33472,SEKRETARIS,III.a,,,,,,,,,,,,,,,,,,,,,,,,,,,,,,,1,,13,33472,III.a,1.00E+11,31,SEKRETARIS,SEKRETARIAT,141,"JL. TOWUA, NO. 85 PALU",,,,,,1,,,,,
331,13,DINAS BINA MARGA DAN TATA RUANG,33455,KEPALA DINAS BINA MARGA DAN PENATAAN RUANG,II.a,393,UPT LABORATORIUM DAN PENGUJIAN BAHAN,33456,KEPALA UPT LABORATORIUM DAN PENGUJIAN BAHAN,III.b,,,,,,,,,,,,,,,,,,,,,,,,,,,,,,,1,UPTD Tipe A,13,33456,III.b,1.00E+11,32,KEPALA UPT LABORATORIUM DAN PENGUJIAN BAHAN,UPT LABORATORIUM DAN PENGUJIAN BAHAN,134,"JL. TOWUA, NO. 85 PALU",,,,,,1,,,,,
332,10,DINAS PENDIDIKAN,33499,KEPALA DINAS PENDIDIKAN,II.a,361,BIDANG PEMBINAAN SMA,33509,KEPALA BIDANG PEMBINAAN SMA,III.a,,,,,,,,,,,,,,,,,,,,,,,,,,,,,,,1,,10,33509,III.a,1.03E+11,31,KEPALA BIDANG PEMBINAAN SMA,BIDANG PEMBINAAN SMA,141,"JL. SETIA BUDI, NO.9 PALU",,,,,,1,,,,,
333,14,DINAS CIPTA KARYA DAN SUMBER DAYA AIR,33805,KEPALA DINAS CIPTA KARYA DAN SUMBER DAYA AIR,II.a,676,BIDANG IRIGASI DAN RAWA,33818,KEPALA BIDANG IRIGASI DAN RAWA,III.a,678,SEKSI TATA KELOLA IRIGASI DAN RAWA,33821,KEPALA SEKSI TATA KELOLA IRIGASI DAN RAWA,IV.a,,,,,,,,,,,,,,,,,,,,,,,,,,2,,676,33821,IV.a,1.01E+11,41,KEPALA SEKSI TATA KELOLA IRIGASI DAN RAWA,SEKSI TATA KELOLA IRIGASI DAN RAWA,133,JL. PROF. MOH. YAMIN NO.33 PALU,,,,,,1,,,,,
334,10,DINAS PENDIDIKAN,33499,KEPALA DINAS PENDIDIKAN,II.a,365,CABANG DINAS PENDIDIKAN MENENGAH WILAYAH I KOTA PALU DAN KAB. SIGI,33513,KEPALA CABANG DINAS PENDIDIKAN MENENGAH WILAYAH I KOTA PALU DAN KAB. SIGI,III.b,440,SMA NEGERI 3 SIGI KAB. SIGI,33543,KEPALA SMA NEGERI 3 SIGI KAB. SIGI,,,,,,,,,,,,,,,,,,,,,,,,,,,2,SMA,365,33543,,1.03E+11,,KEPALA SMA NEGERI 3 SIGI KAB. SIGI,SMA NEGERI 3 SIGI KAB. SIGI,,"JL. SETIA BUDI, NO.9 PALU",,,,,,1,,,,,
335,7,BADAN RISET DAN INOVASI DAERAH,33447,KEPALA BADAN RISET DAN INOVASI DAERAH,II.a,263,BIDANG KEBIJAKAN PEMBANGUNAN RISET DAERAH,33451,KEPALA BIDANG KEBIJAKAN PEMBANGUNAN RISET DAERAH,III.a,,,,,,,,,,,,,,,,,,,,,,,,,,,,,,,1,,7,33451,III.a,1.04E+11,31,KEPALA BIDANG KEBIJAKAN PEMBANGUNAN RISET DAERAH,BIDANG KEBIJAKAN PEMBANGUNAN RISET DAERAH,141,"JL. GARUDA, NO 30 A PALU",,,,,,1,,,,,
336,10,DINAS PENDIDIKAN,33499,KEPALA DINAS PENDIDIKAN,II.a,357,SEKRETARIAT,33505,KEPALA SEKRETARIAT,III.a,359,SUB BAGIAN KEUANGAN DAN ASET,33507,KEPALA SUB BAGIAN KEUANGAN DAN ASET,IV.a,,,,,,,,,,,,,,,,,,,,,,,,,,2,,357,33507,IV.a,1.03E+11,41,KEPALA SUB BAGIAN KEUANGAN DAN ASET,SUB BAGIAN KEUANGAN DAN ASET,133,"JL. SETIA BUDI, NO.9 PALU",,,,,,1,,,,,
326,34,DINAS KEHUTANAN,33380,KEPALA DINAS KEHUTANAN,II.a,496,UPTD KESATUAN PENGELOLAAN HUTAN SINTUWU MAROSO,33404,KEPALA UPTD KESATUAN PENGELOLAAN HUTAN SINTUWU MAROSO,III.b,499,SUB BAGIAN TATA USAHA,33407,KEPALA SUB BAGIAN TATA USAHA,IV.a,,,,,,,,,,,,,,,,,,,,,,,,,,2,,496,33407,IV.a,1.02E+11,41,KEPALA SUB BAGIAN TATA USAHA,SUB BAGIAN TATA USAHA,133,JL. S. PARMAN NO. 9 PALU,,,,,,1,,,,,
337,18,DINAS PEMBERDAYAAN PEREMPUAN DAN PERLINDUNGAN ANAK ,33338,KEPALA DINAS PEMBERDAYAAN PEREMPUAN DAN PERLINDUNGAN ANAK ,II.a,84,BIDANG PERLINDUNGAN HAK PEREMPUAN DAN PERLINDUNGAN KHUSUS ANAK,33345,KEPALA BIDANG PERLINDUNGAN HAK PEREMPUAN DAN PERLINDUNGAN KHUSUS ANAK,III.a,,,,,,,,,,,,,,,,,,,,,,,,,,,,,,,1,,18,33345,III.a,1.01E+11,31,KEPALA BIDANG PERLINDUNGAN HAK PEREMPUAN DAN PERLINDUNGAN KHUSUS ANAK,BIDANG PERLINDUNGAN HAK PEREMPUAN DAN PERLINDUNGAN KHUSUS ANAK,141,JL. MANGUNSARKORO NO. 31. PALU,,,,,,1,,,,,
338,3,BADAN PENDAPATAN DAERAH,33784,KEPALA BADAN PENDAPATAN DAERAH,II.a,325,UPTD BADAN PENDAPATAN WILAYAH IV,33834,KEPALA UPTD BADAN PENDAPATAN WILAYAH IV,III.b,327,SEKSI PELAYANAN PAJAK KENDARAAN BERMOTOR DAN BEA BALIK NAMA KENDARAAN BERMOTOR,33836,KEPALA SEKSI PELAYANAN PAJAK KENDARAAN BERMOTOR DAN BEA BALIK NAMA KENDARAAN BERMOTOR,IV.a,,,,,,,,,,,,,,,,,,,,,,,,,,2,,325,33836,IV.a,1.03E+11,41,KEPALA SEKSI PELAYANAN PAJAK KENDARAAN BERMOTOR DAN BEA BALIK NAMA KENDARAAN BERMOTOR,SEKSI PELAYANAN PAJAK KENDARAAN BERMOTOR DAN BEA BALIK NAMA KENDARAAN BERMOTOR,133,JL. PROF. DR. MOH. YAMIN NO. 34 PALU,,,,,,1,,,,,
339,13,DINAS BINA MARGA DAN TATA RUANG,33455,KEPALA DINAS BINA MARGA DAN PENATAAN RUANG,II.a,387,BIDANG BINA JASA KONSTRUKSI,33463,KEPALA BIDANG BINA JASA KONSTRUKSI,III.a,,,,,,,,,,,,,,,,,,,,,,,,,,,,,,,1,,13,33463,III.a,1.00E+11,31,KEPALA BIDANG BINA JASA KONSTRUKSI,BIDANG BINA JASA KONSTRUKSI,141,"JL. TOWUA, NO. 85 PALU",,,,,,1,,,,,
340,23,DINAS PEMBERDAYAAN MASYARAKAT DAN DESA,33330,KEPALA DINAS PEMBERDAYAAN MASYARAKAT DAN DESA,II.a,43,BIDANG PEMBERDAYAAN DESA,33337,KEPALA BIDANG PEMBERDAYAAN DESA,III.a,,,,,,,,,,,,,,,,,,,,,,,,,,,,,,,1,,23,33337,III.a,1.01E+11,31,KEPALA BIDANG PEMBERDAYAAN DESA,BIDANG PEMBERDAYAAN DESA,141,JL. PROF. MOH. YAMIN NO.33 PALU,,,,,,1,,,,,
341,49,SEKRETARIAT DAERAH,34461,SEKRETARIS DAERAH,I.b,144,ASISTEN ADMINISTRASI UMUM,33353,ASISTEN ADMINISTRASI UMUM,II.a,158,BIRO UMUM,34048,KEPALA BIRO UMUM,II.b,159,BAGIAN RUMAH TANGGA,34050,KEPALA BAGIAN RUMAH TANGGA,III.a,161,SUB BAGIAN URUSAN RUMAH TANGGA WAKIL GUBERNUR,34055,KEPALA SUB BAGIAN URUSAN RUMAH TANGGA WAKIL GUBERNUR,IV.a,,,,,,,,,,,,,,,,4,,159,34055,IV.a,1.00E+11,41,KEPALA SUB BAGIAN URUSAN RUMAH TANGGA WAKIL GUBERNUR,SUB BAGIAN URUSAN RUMAH TANGGA WAKIL GUBERNUR,133,JL. SAM RATULANGI NO.101 PALU,,,,,,1,,,,,
342,10,DINAS PENDIDIKAN,33499,KEPALA DINAS PENDIDIKAN,II.a,489,"CABANG DINAS PENDIDIKAN MENENGAH WILAYAH V KAB.BANGGAI, KAB. BANGGAI KEPULAUAN DAN KAB. BANGGAI LAUT",33502,"KEPALA CABANG DINAS PENDIDIKAN MENENGAH WILAYAH V KAB.BANGGAI, KAB. BANGGAI KEPULAUAN DAN KAB. BANGGAI LAUT",III.b,1068,SMK NEGERI 1 TINANGKUNG KAB. BANGGAI KEPULAUAN,34229,KEPALA SMK NEGERI 1 TINANGKUNG KAB. BANGGAI KEPULAUAN,,,,,,,,,,,,,,,,,,,,,,,,,,,2,SMK,489,34229,,1.03E+11,,KEPALA SMK NEGERI 1 TINANGKUNG KAB. BANGGAI KEPULAUAN,SMK NEGERI 1 TINANGKUNG KAB. BANGGAI KEPULAUAN,,"JL. SETIA BUDI, NO.9 PALU",,,,,,1,,,,,
343,10,DINAS PENDIDIKAN,33499,KEPALA DINAS PENDIDIKAN,II.a,365,CABANG DINAS PENDIDIKAN MENENGAH WILAYAH I KOTA PALU DAN KAB. SIGI,33513,KEPALA CABANG DINAS PENDIDIKAN MENENGAH WILAYAH I KOTA PALU DAN KAB. SIGI,III.b,374,SMA NEGERI 6 PALU KOTA PALU,33522,KEPALA SMA NEGERI 6 PALU KOTA PALU,,,,,,,,,,,,,,,,,,,,,,,,,,,2,SMA,365,33522,,1.03E+11,,KEPALA SMA NEGERI 6 PALU KOTA PALU,SMA NEGERI 6 PALU KOTA PALU,,"JL. SETIA BUDI, NO.9 PALU",,,,,,1,,,,,
344,20,DINAS PARIWISATA,34077,KEPALA DINAS PARIWISATA,II.a,1140,"BIDANG PENGEMBANGAN EKONOMI KREATIF, PEMANFAATAN DAN PERLINDUNGAN HAK KEKAYAAN INTELEKTUAL",38660,"KEPALA BIDANG PENGEMBANGAN EKONOMI KREATIF, PEMANFAATAN DAN PERLINDUNGAN HAK KEKAYAAN INTELEKTUAL",III.a,,,,,,,,,,,,,,,,,,,,,,,,,,,,,,,1,,20,38660,III.a,1.02E+11,31,"KEPALA BIDANG PENGEMBANGAN EKONOMI KREATIF, PEMANFAATAN DAN PERLINDUNGAN HAK KEKAYAAN INTELEKTUAL","BIDANG PENGEMBANGAN EKONOMI KREATIF, PEMANFAATAN DAN PERLINDUNGAN HAK KEKAYAAN INTELEKTUAL",141,JL. DEWI SARTIKA NO.45 PALU,,,,,,1,,,,,
345,23,DINAS PEMBERDAYAAN MASYARAKAT DAN DESA,33330,KEPALA DINAS PEMBERDAYAAN MASYARAKAT DAN DESA,II.a,35,SEKRETARIAT,33331,SEKRETARIS,III.a,,,,,,,,,,,,,,,,,,,,,,,,,,,,,,,1,,23,33331,III.a,1.01E+11,31,SEKRETARIS,SEKRETARIAT,141,JL. PROF. MOH. YAMIN NO.33 PALU,,,,,,1,,,,,
346,13,DINAS BINA MARGA DAN TATA RUANG,33455,KEPALA DINAS BINA MARGA DAN PENATAAN RUANG,II.a,387,BIDANG BINA JASA KONSTRUKSI,33463,KEPALA BIDANG BINA JASA KONSTRUKSI,III.a,388,SEKSI PENGATURAN JASA KONTRUKSI,33464,KEPALA SEKSI PENGATURAN JASA KONTRUKSI,IV.a,,,,,,,,,,,,,,,,,,,,,,,,,,2,,387,33464,IV.a,1.00E+11,41,KEPALA SEKSI PENGATURAN JASA KONTRUKSI,SEKSI PENGATURAN JASA KONTRUKSI,133,"JL. TOWUA, NO. 85 PALU",,,,,,1,,,,,
347,10,DINAS PENDIDIKAN,33499,KEPALA DINAS PENDIDIKAN,II.a,489,"CABANG DINAS PENDIDIKAN MENENGAH WILAYAH V KAB.BANGGAI, KAB. BANGGAI KEPULAUAN DAN KAB. BANGGAI LAUT",33502,"KEPALA CABANG DINAS PENDIDIKAN MENENGAH WILAYAH V KAB.BANGGAI, KAB. BANGGAI KEPULAUAN DAN KAB. BANGGAI LAUT",III.b,1059,SMA NEGERI 1 BOKAN KEPULAUAN KAB. BANGGAI LAUT,34220,KEPALA SMA NEGERI 1 BOKAN KEPULAUAN KAB. BANGGAI LAUT,,,,,,,,,,,,,,,,,,,,,,,,,,,2,SMA,489,34220,,1.03E+11,,KEPALA SMA NEGERI 1 BOKAN KEPULAUAN KAB. BANGGAI LAUT,SMA NEGERI 1 BOKAN KEPULAUAN KAB. BANGGAI LAUT,,"JL. SETIA BUDI, NO.9 PALU",,,,,,1,,,,,
348,10,DINAS PENDIDIKAN,33499,KEPALA DINAS PENDIDIKAN,II.a,489,"CABANG DINAS PENDIDIKAN MENENGAH WILAYAH V KAB.BANGGAI, KAB. BANGGAI KEPULAUAN DAN KAB. BANGGAI LAUT",33502,"KEPALA CABANG DINAS PENDIDIKAN MENENGAH WILAYAH V KAB.BANGGAI, KAB. BANGGAI KEPULAUAN DAN KAB. BANGGAI LAUT",III.b,12,SMA NEGERI 2 LAMALA KAB. BANGGAI,34180,KEPALA SMA NEGERI 2 LAMALA KAB. BANGGAI,,,,,,,,,,,,,,,,,,,,,,,,,,,2,SMA,489,34180,,1.03E+11,,KEPALA SMA NEGERI 2 LAMALA KAB. BANGGAI,SMA NEGERI 2 LAMALA KAB. BANGGAI,,"JL. SETIA BUDI, NO.9 PALU",,,,,,1,,,,,
349,10,DINAS PENDIDIKAN,33499,KEPALA DINAS PENDIDIKAN,II.a,489,"CABANG DINAS PENDIDIKAN MENENGAH WILAYAH V KAB.BANGGAI, KAB. BANGGAI KEPULAUAN DAN KAB. BANGGAI LAUT",33502,"KEPALA CABANG DINAS PENDIDIKAN MENENGAH WILAYAH V KAB.BANGGAI, KAB. BANGGAI KEPULAUAN DAN KAB. BANGGAI LAUT",III.b,1071,SMA NEGERI 2 TOTIKUM KAB. BANGGAI KEPULAUAN,34245,KEPALA SMA NEGERI 2 TOTIKUM KAB. BANGGAI KEPULAUAN,,,,,,,,,,,,,,,,,,,,,,,,,,,2,SMA,489,34245,,1.03E+11,,KEPALA SMA NEGERI 2 TOTIKUM KAB. BANGGAI KEPULAUAN,SMA NEGERI 2 TOTIKUM KAB. BANGGAI KEPULAUAN,,"JL. SETIA BUDI, NO.9 PALU",,,,,,1,,,,,
350,13,DINAS BINA MARGA DAN TATA RUANG,33455,KEPALA DINAS BINA MARGA DAN PENATAAN RUANG,II.a,381,BIDANG BINA TEKNIK,33469,KEPALA BIDANG BINA TEKNIK,III.a,382,SEKSI LINGKUNGAN DAN KESELAMATAN JALAN,33470,KEPALA SEKSI LINGKUNGAN DAN KESELAMATAN JALAN,IV.a,,,,,,,,,,,,,,,,,,,,,,,,,,2,,381,33470,IV.a,1.00E+11,41,KEPALA SEKSI LINGKUNGAN DAN KESELAMATAN JALAN,SEKSI LINGKUNGAN DAN KESELAMATAN JALAN,133,"JL. TOWUA, NO. 85 PALU",,,,,,1,,,,,
351,10,DINAS PENDIDIKAN,33499,KEPALA DINAS PENDIDIKAN,II.a,365,CABANG DINAS PENDIDIKAN MENENGAH WILAYAH I KOTA PALU DAN KAB. SIGI,33513,KEPALA CABANG DINAS PENDIDIKAN MENENGAH WILAYAH I KOTA PALU DAN KAB. SIGI,III.b,444,SMA NEGERI 5 SIGI KAB. SIGI,33545,KEPALA SMA NEGERI 5 SIGI KAB. SIGI,,,,,,,,,,,,,,,,,,,,,,,,,,,2,SMA,365,33545,,1.03E+11,,KEPALA SMA NEGERI 5 SIGI KAB. SIGI,SMA NEGERI 5 SIGI KAB. SIGI,,"JL. SETIA BUDI, NO.9 PALU",,,,,,1,,,,,
353,49,SEKRETARIAT DAERAH,34461,SEKRETARIS DAERAH,I.b,144,ASISTEN ADMINISTRASI UMUM,33353,ASISTEN ADMINISTRASI UMUM,II.a,175,BIRO ADMINISTRASI PIMPINAN,34480,KEPALA BIRO ADMINISTRASI PIMPINAN,II.b,184,BAGIAN PROTOKOL,34501,KEPALA BAGIAN PROTOKOL,III.a,186,SUB BAGIAN TAMU,34506,KEPALA SUB BAGIAN TAMU,IV.a,,,,,,,,,,,,,,,,4,,184,34506,IV.a,1.00E+11,41,KEPALA SUB BAGIAN TAMU,SUB BAGIAN TAMU,133,JL. SAM RATULANGI NO.101 PALU,,,,,,1,,,,,
354,13,DINAS BINA MARGA DAN TATA RUANG,33455,KEPALA DINAS BINA MARGA DAN PENATAAN RUANG,II.a,393,UPT LABORATORIUM DAN PENGUJIAN BAHAN,33456,KEPALA UPT LABORATORIUM DAN PENGUJIAN BAHAN,III.b,394,SUB BAGIAN TATA USAHA,33457,KEPALA SUB BAGIAN TATA USAHA,IV.a,,,,,,,,,,,,,,,,,,,,,,,,,,2,,393,33457,IV.a,1.00E+11,41,KEPALA SUB BAGIAN TATA USAHA,SUB BAGIAN TATA USAHA,133,"JL. TOWUA, NO. 85 PALU",,,,,,1,,,,,
355,10,DINAS PENDIDIKAN,33499,KEPALA DINAS PENDIDIKAN,II.a,494,CABANG DINAS PENDIDIKAN MENENGAH WILAYAH VI TOLITOLI DAN BUOL,33503,KEPALA CABANG DINAS PENDIDIKAN MENENGAH WILAYAH VI TOLITOLI DAN BUOL,III.b,1131,SLB NEGERI BUOL KAB. BUOL,34374,KEPALA SLB NEGERI BUOL KAB. BUOL,,,,,,,,,,,,,,,,,,,,,,,,,,,2,SLB,494,34374,,1.03E+11,,KEPALA SLB NEGERI BUOL KAB. BUOL,SLB NEGERI BUOL KAB. BUOL,,"JL. SETIA BUDI, NO.9 PALU",,,,,,1,,,,,
356,13,DINAS BINA MARGA DAN TATA RUANG,33455,KEPALA DINAS BINA MARGA DAN PENATAAN RUANG,II.a,390,BIDANG PENATAAN RUANG,33460,KEPALA BIDANG PENATAAN RUANG,III.a,,,,,,,,,,,,,,,,,,,,,,,,,,,,,,,1,,13,33460,III.a,1.00E+11,31,KEPALA BIDANG PENATAAN RUANG,BIDANG PENATAAN RUANG,141,"JL. TOWUA, NO. 85 PALU",,,,,,1,,,,,
357,49,SEKRETARIAT DAERAH,34461,SEKRETARIS DAERAH,I.b,1,ASISTEN PEMERINTAHAN DAN KESEJAHTERAAN RAKYAT,34132,ASISTEN PEMERINTAHAN DAN KESEJAHTERAAN RAKYAT,II.a,,,,,,,,,,,,,,,,,,,,,,,,,,,,,,,1,,49,34132,II.a,1.00E+11,21,ASISTEN PEMERINTAHAN DAN KESEJAHTERAAN RAKYAT,ASISTEN PEMERINTAHAN DAN KESEJAHTERAAN RAKYAT,143,JL. SAM RATULANGI NO.101 PALU,,,,,,1,,,,,
358,10,DINAS PENDIDIKAN,33499,KEPALA DINAS PENDIDIKAN,II.a,481,CABANG DINAS PENDIDIKAN MENENGAH WILAYAH II KAB. DONGGALA DAN KAB. PARIGI MOUTONG,33639,KEPALA CABANG DINAS PENDIDIKAN MENENGAH WILAYAH II KAB. DONGGALA DAN KAB. PARIGI MOUTONG,III.b,534,SMA NEGERI 1 SIRENJA KAB. DONGGALA,33651,KEPALA SMA NEGERI 1 SIRENJA KAB. DONGGALA,,,,,,,,,,,,,,,,,,,,,,,,,,,2,SMA,481,33651,,1.03E+11,,KEPALA SMA NEGERI 1 SIRENJA KAB. DONGGALA,SMA NEGERI 1 SIRENJA KAB. DONGGALA,,"JL. SETIA BUDI, NO.9 PALU",,,,,,1,,,,,
359,10,DINAS PENDIDIKAN,33499,KEPALA DINAS PENDIDIKAN,II.a,365,CABANG DINAS PENDIDIKAN MENENGAH WILAYAH I KOTA PALU DAN KAB. SIGI,33513,KEPALA CABANG DINAS PENDIDIKAN MENENGAH WILAYAH I KOTA PALU DAN KAB. SIGI,III.b,410,SMK NEGERI 3 PALU KOTA PALU,33533,KEPALA SMK NEGERI 3 PALU KOTA PALU,,,,,,,,,,,,,,,,,,,,,,,,,,,2,SMK,365,33533,,1.03E+11,,KEPALA SMK NEGERI 3 PALU KOTA PALU,SMK NEGERI 3 PALU KOTA PALU,,"JL. SETIA BUDI, NO.9 PALU",,,,,,1,,,,,
360,10,DINAS PENDIDIKAN,33499,KEPALA DINAS PENDIDIKAN,II.a,1133,UPTD BALAI LAYANAN PLATFORM TEKNOLOGI,34333,KEPALA UPT TEKNOLOGI KOMUNIKASI DAN INFORMASI PENDIDIKAN,III.b,,,,,,,,,,,,,,,,,,,,,,,,,,,,,,,1,UPTD Tipe B,10,34333,III.b,1.03E+11,32,KEPALA UPT TEKNOLOGI KOMUNIKASI DAN INFORMASI PENDIDIKAN,UPTD BALAI LAYANAN PLATFORM TEKNOLOGI,134,"JL. SETIA BUDI, NO.9 PALU",,,,,,1,,,,,
361,12,DINAS KESEHATAN,34343,KEPALA DINAS KESEHATAN,II.a,998,UPT RUMAH SAKIT MADANI PALU,34406,KEPALA UPT RUMAH SAKIT MADANI PALU,III.a,999,BAGIAN TATA USAHA,34407,KEPALA BAGIAN TATA USAHA,III.a,49,SUB BAGIAN KEUANGAN DAN ASSET,34409,KEPALA SUB BAGIAN KEUANGAN DAN ASSET,IV.a,,,,,,,,,,,,,,,,,,,,,3,,999,34409,IV.a,1.00E+11,41,KEPALA SUB BAGIAN KEUANGAN DAN ASSET,SUB BAGIAN KEUANGAN DAN ASSET,133,"JL. R.A. KARTINI, NO.11 PALU",,,,,,1,,,,,
362,13,DINAS BINA MARGA DAN TATA RUANG,33455,KEPALA DINAS BINA MARGA DAN PENATAAN RUANG,II.a,384,BIDANG JALAN DAN JEMBATAN,33466,KEPALA BIDANG JALAN DAN JEMBATAN,III.a,386,SEKSI JEMBATAN,33468,KEPALA SEKSI JEMBATAN,IV.a,,,,,,,,,,,,,,,,,,,,,,,,,,2,,384,33468,IV.a,1.00E+11,41,KEPALA SEKSI JEMBATAN,SEKSI JEMBATAN,133,"JL. TOWUA, NO. 85 PALU",,,,,,1,,,,,
363,10,DINAS PENDIDIKAN,33499,KEPALA DINAS PENDIDIKAN,II.a,494,CABANG DINAS PENDIDIKAN MENENGAH WILAYAH VI TOLITOLI DAN BUOL,33503,KEPALA CABANG DINAS PENDIDIKAN MENENGAH WILAYAH VI TOLITOLI DAN BUOL,III.b,1116,SMA NEGERI 1 BUKAL KAB. BUOL,34353,KEPALA SMA NEGERI 1 BUKAL KAB. BUOL,,,,,,,,,,,,,,,,,,,,,,,,,,,2,SMA,494,34353,,1.03E+11,,KEPALA SMA NEGERI 1 BUKAL KAB. BUOL,SMA NEGERI 1 BUKAL KAB. BUOL,,"JL. SETIA BUDI, NO.9 PALU",,,,,,1,,,,,
364,49,SEKRETARIAT DAERAH,34461,SEKRETARIS DAERAH,I.b,1,ASISTEN PEMERINTAHAN DAN KESEJAHTERAAN RAKYAT,34132,ASISTEN PEMERINTAHAN DAN KESEJAHTERAAN RAKYAT,II.a,2,BIRO PEMERINTAHAN DAN OTONOMI DAERAH,34131,KEPALA BIRO PEMERINTAHAN DAN OTONOMI DAERAH,II.b,3,BAGIAN PEMERINTAHAN,34130,KEPALA BAGIAN PEMERINTAHAN,III.a,,,,,,,,,,,,,,,,,,,,,3,,2,34130,III.a,1.00E+11,31,KEPALA BAGIAN PEMERINTAHAN,BAGIAN PEMERINTAHAN,141,JL. SAM RATULANGI NO.101 PALU,,,,,,1,,,,,
365,10,DINAS PENDIDIKAN,33499,KEPALA DINAS PENDIDIKAN,II.a,365,CABANG DINAS PENDIDIKAN MENENGAH WILAYAH I KOTA PALU DAN KAB. SIGI,33513,KEPALA CABANG DINAS PENDIDIKAN MENENGAH WILAYAH I KOTA PALU DAN KAB. SIGI,III.b,372,SMA NEGERI 4 PALU KOTA PALU,33520,KEPALA SMA NEGERI 4 PALU KOTA PALU,,,,,,,,,,,,,,,,,,,,,,,,,,,2,SMA,365,33520,,1.03E+11,,KEPALA SMA NEGERI 4 PALU KOTA PALU,SMA NEGERI 4 PALU KOTA PALU,,"JL. SETIA BUDI, NO.9 PALU",,,,,,1,,,,,
366,10,DINAS PENDIDIKAN,33499,KEPALA DINAS PENDIDIKAN,II.a,365,CABANG DINAS PENDIDIKAN MENENGAH WILAYAH I KOTA PALU DAN KAB. SIGI,33513,KEPALA CABANG DINAS PENDIDIKAN MENENGAH WILAYAH I KOTA PALU DAN KAB. SIGI,III.b,463,SMK NEGERI 1 DOLO BARAT KAB. SIGI,33631,KEPALA SMK NEGERI 1 DOLO BARAT KAB. SIGI,,,,,,,,,,,,,,,,,,,,,,,,,,,2,SMK,365,33631,,1.03E+11,,KEPALA SMK NEGERI 1 DOLO BARAT KAB. SIGI,SMK NEGERI 1 DOLO BARAT KAB. SIGI,,"JL. SETIA BUDI, NO.9 PALU",,,,,,1,,,,,
367,10,DINAS PENDIDIKAN,33499,KEPALA DINAS PENDIDIKAN,II.a,365,CABANG DINAS PENDIDIKAN MENENGAH WILAYAH I KOTA PALU DAN KAB. SIGI,33513,KEPALA CABANG DINAS PENDIDIKAN MENENGAH WILAYAH I KOTA PALU DAN KAB. SIGI,III.b,475,SLB NEGERI PORAME KAB. SIGI,33637,KEPALA SLB NEGERI PORAME KAB. SIGI,,,,,,,,,,,,,,,,,,,,,,,,,,,2,SLB,365,33637,,1.03E+11,,KEPALA SLB NEGERI PORAME KAB. SIGI,SLB NEGERI PORAME KAB. SIGI,,"JL. SETIA BUDI, NO.9 PALU",,,,,,1,,,,,
368,1,BADAN PERENCANAAN PEMBANGUNAN DAERAH,33570,KEPALA BADAN PERENCANAAN PEMBANGUNAN DAERAH,II.a,233,BIDANG INFRASTRUKTUR DAN KEWILAYAHAN,33577,KEPALA BIDANG INFRASTRUKTUR DAN KEWILAYAHAN,III.a,,,,,,,,,,,,,,,,,,,,,,,,,,,,,,,1,,1,33577,III.a,1.04E+11,31,KEPALA BIDANG INFRASTRUKTUR DAN KEWILAYAHAN,BIDANG INFRASTRUKTUR DAN KEWILAYAHAN,141,JL. MOH. YAMIN NO. 7 PALU,,,,,,1,,,,,
510,11,DINAS KEBUDAYAAN,33578,KEPALA DINAS KEBUDAYAAN,II.a,201,BIDANG PEMBINAAN TENAGA DAN LEMBAGA KEBUDAYAAN,33584,KEPALA BIDANG PEMBINAAN TENAGA DAN LEMBAGA KEBUDAYAAN,III.a,,,,,,,,,,,,,,,,,,,,,,,,,,,,,,,1,,11,33584,III.a,1.03E+11,31,KEPALA BIDANG PEMBINAAN TENAGA DAN LEMBAGA KEBUDAYAAN,BIDANG PEMBINAAN TENAGA DAN LEMBAGA KEBUDAYAAN,141,JL. KEMIRI NO. 23 PALU,,,,,,1,,,,,
369,10,DINAS PENDIDIKAN,33499,KEPALA DINAS PENDIDIKAN,II.a,481,CABANG DINAS PENDIDIKAN MENENGAH WILAYAH II KAB. DONGGALA DAN KAB. PARIGI MOUTONG,33639,KEPALA CABANG DINAS PENDIDIKAN MENENGAH WILAYAH II KAB. DONGGALA DAN KAB. PARIGI MOUTONG,III.b,517,SMK NEGERI 1 TERPADU SINDUE KAB. DONGGALA,33644,KEPALA SMK NEGERI 1 TERPADU SINDUE KAB. DONGGALA,,,,,,,,,,,,,,,,,,,,,,,,,,,2,SMK,481,33644,,1.03E+11,,KEPALA SMK NEGERI 1 TERPADU SINDUE KAB. DONGGALA,SMK NEGERI 1 TERPADU SINDUE KAB. DONGGALA,,"JL. SETIA BUDI, NO.9 PALU",,,,,,1,,,,,
370,10,DINAS PENDIDIKAN,33499,KEPALA DINAS PENDIDIKAN,II.a,494,CABANG DINAS PENDIDIKAN MENENGAH WILAYAH VI TOLITOLI DAN BUOL,33503,KEPALA CABANG DINAS PENDIDIKAN MENENGAH WILAYAH VI TOLITOLI DAN BUOL,III.b,1094,SEKSI PEMBINAAN SMA,34290,KEPALA SEKSI PEMBINAAN SMA,IV.a,,,,,,,,,,,,,,,,,,,,,,,,,,2,,494,34290,IV.a,1.03E+11,41,KEPALA SEKSI PEMBINAAN SMA,SEKSI PEMBINAAN SMA,133,"JL. SETIA BUDI, NO.9 PALU",,,,,,1,,,,,
371,10,DINAS PENDIDIKAN,33499,KEPALA DINAS PENDIDIKAN,II.a,481,CABANG DINAS PENDIDIKAN MENENGAH WILAYAH II KAB. DONGGALA DAN KAB. PARIGI MOUTONG,33639,KEPALA CABANG DINAS PENDIDIKAN MENENGAH WILAYAH II KAB. DONGGALA DAN KAB. PARIGI MOUTONG,III.b,519,SMA NEGERI 1 BALAESANG KAB. DONGGALA,33646,KEPALA SMA NEGERI 1 BALAESANG KAB. DONGGALA,,,,,,,,,,,,,,,,,,,,,,,,,,,2,SMA,481,33646,,1.03E+11,,KEPALA SMA NEGERI 1 BALAESANG KAB. DONGGALA,SMA NEGERI 1 BALAESANG KAB. DONGGALA,,"JL. SETIA BUDI, NO.9 PALU",,,,,,1,,,,,
372,10,DINAS PENDIDIKAN,33499,KEPALA DINAS PENDIDIKAN,II.a,489,"CABANG DINAS PENDIDIKAN MENENGAH WILAYAH V KAB.BANGGAI, KAB. BANGGAI KEPULAUAN DAN KAB. BANGGAI LAUT",33502,"KEPALA CABANG DINAS PENDIDIKAN MENENGAH WILAYAH V KAB.BANGGAI, KAB. BANGGAI KEPULAUAN DAN KAB. BANGGAI LAUT",III.b,1085,SMK NEGERI TINANGKUNG UTARA KAB. BANGGAI KEPULAUAN,34264,KEPALA SMK NEGERI TINANGKUNG UTARA KAB. BANGGAI KEPULAUAN,,,,,,,,,,,,,,,,,,,,,,,,,,,2,SMK,489,34264,,1.03E+11,,KEPALA SMK NEGERI TINANGKUNG UTARA KAB. BANGGAI KEPULAUAN,SMK NEGERI TINANGKUNG UTARA KAB. BANGGAI KEPULAUAN,,"JL. SETIA BUDI, NO.9 PALU",,,,,,1,,,,,
373,49,SEKRETARIAT DAERAH,34461,SEKRETARIS DAERAH,I.b,1,ASISTEN PEMERINTAHAN DAN KESEJAHTERAAN RAKYAT,34132,ASISTEN PEMERINTAHAN DAN KESEJAHTERAAN RAKYAT,II.a,2,BIRO PEMERINTAHAN DAN OTONOMI DAERAH,34131,KEPALA BIRO PEMERINTAHAN DAN OTONOMI DAERAH,II.b,,,,,,,,,,,,,,,,,,,,,,,,,,2,,1,34131,II.b,1.00E+11,22,KEPALA BIRO PEMERINTAHAN DAN OTONOMI DAERAH,BIRO PEMERINTAHAN DAN OTONOMI DAERAH,142,JL. SAM RATULANGI NO.101 PALU,,,,,,1,,,,,
375,10,DINAS PENDIDIKAN,33499,KEPALA DINAS PENDIDIKAN,II.a,494,CABANG DINAS PENDIDIKAN MENENGAH WILAYAH VI TOLITOLI DAN BUOL,33503,KEPALA CABANG DINAS PENDIDIKAN MENENGAH WILAYAH VI TOLITOLI DAN BUOL,III.b,1102,SMA NEGERI 1 DAMPAL SELATAN KAB. TOLITOLI,34327,KEPALA SMA NEGERI 1 DAMPAL SELATAN KAB. TOLITOLI,,,,,,,,,,,,,,,,,,,,,,,,,,,2,SMA,494,34327,,1.03E+11,,KEPALA SMA NEGERI 1 DAMPAL SELATAN KAB. TOLITOLI,SMA NEGERI 1 DAMPAL SELATAN KAB. TOLITOLI,,"JL. SETIA BUDI, NO.9 PALU",,,,,,1,,,,,
376,14,DINAS CIPTA KARYA DAN SUMBER DAYA AIR,33805,KEPALA DINAS CIPTA KARYA DAN SUMBER DAYA AIR,II.a,673,BIDANG PENATAAN LINGKUNGAN DAN BANGUNAN GEDUNG,33813,KEPALA BIDANG PENATAAN LINGKUNGAN DAN BANGUNAN GEDUNG,III.a,674,SEKSI PENATAAN LINGKUNGAN PERMUKIMAN,33814,KEPALA SEKSI PENATAAN LINGKUNGAN PERMUKIMAN,IV.a,,,,,,,,,,,,,,,,,,,,,,,,,,2,,673,33814,IV.a,1.01E+11,41,KEPALA SEKSI PENATAAN LINGKUNGAN PERMUKIMAN,SEKSI PENATAAN LINGKUNGAN PERMUKIMAN,133,JL. PROF. MOH. YAMIN NO.33 PALU,,,,,,1,,,,,
377,31,DINAS KELAUTAN DAN PERIKANAN,34250,KEPALA DINAS KELAUTAN DAN PERIKANAN,II.a,799,UPTD PELABUHAN PERIKANAN DAN KAWASAN KONSERVASI PESISIR DAN PULAU-PULAU KECIL WILAYAH II,34293,KEPALA UPTD PELABUHAN PERIKANAN DAN KAWASAN KONSERVASI PESISIR DAN PULAU-PULAU KECIL WILAYAH II,III.b,800,SUB BAGIAN TATA USAHA,34294,KEPALA SUB BAGIAN TATA USAHA,IV.a,,,,,,,,,,,,,,,,,,,,,,,,,,2,,799,34294,IV.a,1.02E+11,41,KEPALA SUB BAGIAN TATA USAHA,SUB BAGIAN TATA USAHA,133,JL. UNDATA NO.7 PALU,,,,,,1,,,,,
378,10,DINAS PENDIDIKAN,33499,KEPALA DINAS PENDIDIKAN,II.a,494,CABANG DINAS PENDIDIKAN MENENGAH WILAYAH VI TOLITOLI DAN BUOL,33503,KEPALA CABANG DINAS PENDIDIKAN MENENGAH WILAYAH VI TOLITOLI DAN BUOL,III.b,1118,SMA NEGERI 1 LAKEA KAB. BUOL,34358,KEPALA SMA NEGERI 1 LAKEA KAB. BUOL,,,,,,,,,,,,,,,,,,,,,,,,,,,2,SMA,494,34358,,1.03E+11,,KEPALA SMA NEGERI 1 LAKEA KAB. BUOL,SMA NEGERI 1 LAKEA KAB. BUOL,,"JL. SETIA BUDI, NO.9 PALU",,,,,,1,,,,,
379,10,DINAS PENDIDIKAN,33499,KEPALA DINAS PENDIDIKAN,II.a,365,CABANG DINAS PENDIDIKAN MENENGAH WILAYAH I KOTA PALU DAN KAB. SIGI,33513,KEPALA CABANG DINAS PENDIDIKAN MENENGAH WILAYAH I KOTA PALU DAN KAB. SIGI,III.b,368,SEKSI PEMBINAAN SMK,33516,KEPALA SEKSI PEMBINAAN SMK,IV.a,,,,,,,,,,,,,,,,,,,,,,,,,,2,,365,33516,IV.a,1.03E+11,41,KEPALA SEKSI PEMBINAAN SMK,SEKSI PEMBINAAN SMK,133,"JL. SETIA BUDI, NO.9 PALU",,,,,,1,,,,,
380,10,DINAS PENDIDIKAN,33499,KEPALA DINAS PENDIDIKAN,II.a,487,CABANG DINAS PENDIDIKAN MENENGAH WILAYAH IV KAB. MOROWALI DAN KAB. MOROWALI UTARA,33501,KEPALA CABANG DINAS PENDIDIKAN MENENGAH WILAYAH IV KAB. MOROWALI DAN KAB. MOROWALI UTARA,III.b,942,SMK NEGERI 1 BUNGKU TIMUR KAB. MOROWALI,34148,KEPALA SMK NEGERI 1 BUNGKU TIMUR KAB. MOROWALI,,,,,,,,,,,,,,,,,,,,,,,,,,,2,SMK,487,34148,,1.03E+11,,KEPALA SMK NEGERI 1 BUNGKU TIMUR KAB. MOROWALI,SMK NEGERI 1 BUNGKU TIMUR KAB. MOROWALI,,"JL. SETIA BUDI, NO.9 PALU",,,,,,1,,,,,
381,10,DINAS PENDIDIKAN,33499,KEPALA DINAS PENDIDIKAN,II.a,494,CABANG DINAS PENDIDIKAN MENENGAH WILAYAH VI TOLITOLI DAN BUOL,33503,KEPALA CABANG DINAS PENDIDIKAN MENENGAH WILAYAH VI TOLITOLI DAN BUOL,III.b,1132,SLB NEGERI PALELEH KAB. BUOL,34375,KEPALA SLB NEGERI PALELEH KAB. BUOL,,,,,,,,,,,,,,,,,,,,,,,,,,,2,SLB,494,34375,,1.03E+11,,KEPALA SLB NEGERI PALELEH KAB. BUOL,SLB NEGERI PALELEH KAB. BUOL,,"JL. SETIA BUDI, NO.9 PALU",,,,,,1,,,,,
382,10,DINAS PENDIDIKAN,33499,KEPALA DINAS PENDIDIKAN,II.a,481,CABANG DINAS PENDIDIKAN MENENGAH WILAYAH II KAB. DONGGALA DAN KAB. PARIGI MOUTONG,33639,KEPALA CABANG DINAS PENDIDIKAN MENENGAH WILAYAH II KAB. DONGGALA DAN KAB. PARIGI MOUTONG,III.b,536,SMA NEGERI 1 DAMPELAS KAB. DONGGALA,33653,KEPALA SMA NEGERI 1 DAMPELAS KAB. DONGGALA,,,,,,,,,,,,,,,,,,,,,,,,,,,2,SMA,481,33653,,1.03E+11,,KEPALA SMA NEGERI 1 DAMPELAS KAB. DONGGALA,SMA NEGERI 1 DAMPELAS KAB. DONGGALA,,"JL. SETIA BUDI, NO.9 PALU",,,,,,1,,,,,
383,10,DINAS PENDIDIKAN,33499,KEPALA DINAS PENDIDIKAN,II.a,365,CABANG DINAS PENDIDIKAN MENENGAH WILAYAH I KOTA PALU DAN KAB. SIGI,33513,KEPALA CABANG DINAS PENDIDIKAN MENENGAH WILAYAH I KOTA PALU DAN KAB. SIGI,III.b,457,SMK NEGERI 1 SIGI KAB. SIGI,33628,KEPALA SMK NEGERI 1 SIGI KAB. SIGI,,,,,,,,,,,,,,,,,,,,,,,,,,,2,SMK,365,33628,,1.03E+11,,KEPALA SMK NEGERI 1 SIGI KAB. SIGI,SMK NEGERI 1 SIGI KAB. SIGI,,"JL. SETIA BUDI, NO.9 PALU",,,,,,1,,,,,
384,31,DINAS KELAUTAN DAN PERIKANAN,34250,KEPALA DINAS KELAUTAN DAN PERIKANAN,II.a,803,UPTD PELABUHAN PERIKANAN DAN KAWASAN KONSERVASI PESISIR DAN PULAU-PULAU KECIL WILAYAH III,34298,KEPALA UPTD PELABUHAN PERIKANAN DAN KAWASAN KONSERVASI PESISIR DAN PULAU-PULAU KECIL WILAYAH III,III.b,804,SUB BAGIAN TATA USAHA,34299,KEPALA SUB BAGIAN TATA USAHA,IV.a,,,,,,,,,,,,,,,,,,,,,,,,,,2,,803,34299,IV.a,1.02E+11,41,KEPALA SUB BAGIAN TATA USAHA,SUB BAGIAN TATA USAHA,133,JL. UNDATA NO.7 PALU,,,,,,1,,,,,
385,20,DINAS PARIWISATA,34077,KEPALA DINAS PARIWISATA,II.a,880,"BIDANG PENGEMBANGAN EKONOMI KREATIF, PEMANFAATAN DAN PERLINDUNGAN HAK KEKAYAAN INTELEKTUAL",,,,,,,,,,,,,,,,,,,,,,,,,,,,,,,,,,1,,20,,,1.02E+11,,,"BIDANG PENGEMBANGAN EKONOMI KREATIF, PEMANFAATAN DAN PERLINDUNGAN HAK KEKAYAAN INTELEKTUAL",,JL. DEWI SARTIKA NO.45 PALU,,,,,,0,,,,,
386,10,DINAS PENDIDIKAN,33499,KEPALA DINAS PENDIDIKAN,II.a,481,CABANG DINAS PENDIDIKAN MENENGAH WILAYAH II KAB. DONGGALA DAN KAB. PARIGI MOUTONG,33639,KEPALA CABANG DINAS PENDIDIKAN MENENGAH WILAYAH II KAB. DONGGALA DAN KAB. PARIGI MOUTONG,III.b,563,SMA NEGERI 1 MOUTONG KAB. PARIGI MOUTONG,33681,KEPALA SMA NEGERI 1 MOUTONG KAB. PARIGI MOUTONG,,,,,,,,,,,,,,,,,,,,,,,,,,,2,SMA,481,33681,,1.03E+11,,KEPALA SMA NEGERI 1 MOUTONG KAB. PARIGI MOUTONG,SMA NEGERI 1 MOUTONG KAB. PARIGI MOUTONG,,"JL. SETIA BUDI, NO.9 PALU",,,,,,1,,,,,
387,10,DINAS PENDIDIKAN,33499,KEPALA DINAS PENDIDIKAN,II.a,487,CABANG DINAS PENDIDIKAN MENENGAH WILAYAH IV KAB. MOROWALI DAN KAB. MOROWALI UTARA,33501,KEPALA CABANG DINAS PENDIDIKAN MENENGAH WILAYAH IV KAB. MOROWALI DAN KAB. MOROWALI UTARA,III.b,917,SEKSI PEMBINAAN SMK,34135,KEPALA SEKSI PEMBINAAN SMK,IV.a,,,,,,,,,,,,,,,,,,,,,,,,,,2,,487,34135,IV.a,1.03E+11,41,KEPALA SEKSI PEMBINAAN SMK,SEKSI PEMBINAAN SMK,133,"JL. SETIA BUDI, NO.9 PALU",,,,,,1,,,,,
388,10,DINAS PENDIDIKAN,33499,KEPALA DINAS PENDIDIKAN,II.a,489,"CABANG DINAS PENDIDIKAN MENENGAH WILAYAH V KAB.BANGGAI, KAB. BANGGAI KEPULAUAN DAN KAB. BANGGAI LAUT",33502,"KEPALA CABANG DINAS PENDIDIKAN MENENGAH WILAYAH V KAB.BANGGAI, KAB. BANGGAI KEPULAUAN DAN KAB. BANGGAI LAUT",III.b,20,SMA NEGERI 2 PAGIMANA KAB. BANGGAI,34185,KEPALA SMA NEGERI 2 PAGIMANA KAB. BANGGAI,,,,,,,,,,,,,,,,,,,,,,,,,,,2,SMA,489,34185,,1.03E+11,,KEPALA SMA NEGERI 2 PAGIMANA KAB. BANGGAI,SMA NEGERI 2 PAGIMANA KAB. BANGGAI,,"JL. SETIA BUDI, NO.9 PALU",,,,,,1,,,,,
389,10,DINAS PENDIDIKAN,33499,KEPALA DINAS PENDIDIKAN,II.a,365,CABANG DINAS PENDIDIKAN MENENGAH WILAYAH I KOTA PALU DAN KAB. SIGI,33513,KEPALA CABANG DINAS PENDIDIKAN MENENGAH WILAYAH I KOTA PALU DAN KAB. SIGI,III.b,464,SMA NEGERI 11 SIGI KAB. SIGI,33632,KEPALA SMA NEGERI 11 SIGI KAB. SIGI,,,,,,,,,,,,,,,,,,,,,,,,,,,2,SMA,365,33632,,1.03E+11,,KEPALA SMA NEGERI 11 SIGI KAB. SIGI,SMA NEGERI 11 SIGI KAB. SIGI,,"JL. SETIA BUDI, NO.9 PALU",,,,,,1,,,,,
390,9,BADAN PENGHUBUNG,34016,SEKRETARIS DEWAN PERWAKILAN RAKYAT DAERAH,II.a,270,SUB BIDANG HUBUNGAN ANTAR LEMBAGA PEMERINTAH DAN PEMBINAAN KEMASYARAKATAN,33569,KEPALA SUB BIDANG HUBUNGAN ANTAR LEMBAGA PEMERINTAH DAN PEMBINAAN KEMASYARAKATAN,IV.a,,,,,,,,,,,,,,,,,,,,,,,,,,,,,,,1,,9,33569,IV.a,1.04E+11,41,KEPALA SUB BIDANG HUBUNGAN ANTAR LEMBAGA PEMERINTAH DAN PEMBINAAN KEMASYARAKATAN,SUB BIDANG HUBUNGAN ANTAR LEMBAGA PEMERINTAH DAN PEMBINAAN KEMASYARAKATAN,133,JL. BELAWAN NO. 15 JAKARTA,,,,,,1,,,,,
391,49,SEKRETARIAT DAERAH,34461,SEKRETARIS DAERAH,I.b,144,ASISTEN ADMINISTRASI UMUM,33353,ASISTEN ADMINISTRASI UMUM,II.a,158,BIRO UMUM,34048,KEPALA BIRO UMUM,II.b,167,BAGIAN TATA USAHA,34063,KEPALA BAGIAN TATA USAHA,III.a,169,SUB BAGIAN PENGELOLAAN KENDARAAN,34065,KEPALA SUB BAGIAN PENGELOLAAN KENDARAAN,IV.a,,,,,,,,,,,,,,,,4,,167,34065,IV.a,1.00E+11,41,KEPALA SUB BAGIAN PENGELOLAAN KENDARAAN,SUB BAGIAN PENGELOLAAN KENDARAAN,133,JL. SAM RATULANGI NO.101 PALU,,,,,,1,,,,,
392,10,DINAS PENDIDIKAN,33499,KEPALA DINAS PENDIDIKAN,II.a,481,CABANG DINAS PENDIDIKAN MENENGAH WILAYAH II KAB. DONGGALA DAN KAB. PARIGI MOUTONG,33639,KEPALA CABANG DINAS PENDIDIKAN MENENGAH WILAYAH II KAB. DONGGALA DAN KAB. PARIGI MOUTONG,III.b,532,SMA NEGERI 1 SINDUE KAB. DONGGALA,33649,KEPALA SMA NEGERI 1 SINDUE KAB. DONGGALA,,,,,,,,,,,,,,,,,,,,,,,,,,,2,SMA,481,33649,,1.03E+11,,KEPALA SMA NEGERI 1 SINDUE KAB. DONGGALA,SMA NEGERI 1 SINDUE KAB. DONGGALA,,"JL. SETIA BUDI, NO.9 PALU",,,,,,1,,,,,
393,10,DINAS PENDIDIKAN,33499,KEPALA DINAS PENDIDIKAN,II.a,481,CABANG DINAS PENDIDIKAN MENENGAH WILAYAH II KAB. DONGGALA DAN KAB. PARIGI MOUTONG,33639,KEPALA CABANG DINAS PENDIDIKAN MENENGAH WILAYAH II KAB. DONGGALA DAN KAB. PARIGI MOUTONG,III.b,571,SMA NEGERI ONGKA MALINO KAB. PARIGI MOUTONG,33689,KEPALA SMA NEGERI ONGKA MALINO KAB. PARIGI MOUTONG,,,,,,,,,,,,,,,,,,,,,,,,,,,2,SMA,481,33689,,1.03E+11,,KEPALA SMA NEGERI ONGKA MALINO KAB. PARIGI MOUTONG,SMA NEGERI ONGKA MALINO KAB. PARIGI MOUTONG,,"JL. SETIA BUDI, NO.9 PALU",,,,,,1,,,,,
394,10,DINAS PENDIDIKAN,33499,KEPALA DINAS PENDIDIKAN,II.a,481,CABANG DINAS PENDIDIKAN MENENGAH WILAYAH II KAB. DONGGALA DAN KAB. PARIGI MOUTONG,33639,KEPALA CABANG DINAS PENDIDIKAN MENENGAH WILAYAH II KAB. DONGGALA DAN KAB. PARIGI MOUTONG,III.b,577,SMK NEGERI BOLANO LAMBUNU KAB. PARIGI MOUTONG,33695,KEPALA SMK NEGERI BOLANO LAMBUNU KAB. PARIGI MOUTONG,,,,,,,,,,,,,,,,,,,,,,,,,,,2,SMK,481,33695,,1.03E+11,,KEPALA SMK NEGERI BOLANO LAMBUNU KAB. PARIGI MOUTONG,SMK NEGERI BOLANO LAMBUNU KAB. PARIGI MOUTONG,,"JL. SETIA BUDI, NO.9 PALU",,,,,,1,,,,,
395,28,DINAS PENANAMAN MODAL DAN PELAYANAN TERPADU SATU PINTU,34004,KEPALA DINAS PENANAMAN MODAL DAN PELAYANAN TERPADU SATU PINTU,II.a,741,SEKRETARIAT,34005,SEKRETARIS,III.a,743,SUB BAGIAN KEUANGAN DAN ASET,34007,KEPALA SUB BAGIAN KEUANGAN DAN ASET,IV.a,,,,,,,,,,,,,,,,,,,,,,,,,,2,,741,34007,IV.a,1.02E+11,41,KEPALA SUB BAGIAN KEUANGAN DAN ASET,SUB BAGIAN KEUANGAN DAN ASET,133,JL. CIK DITIRO NO.29 PALU,,,,,,1,,,,,
396,12,DINAS KESEHATAN,34343,KEPALA DINAS KESEHATAN,II.a,967,UPT RUMAH SAKIT UMUM DAERAH UNDATA,34390,KEPALA UPT RUMAH SAKIT UMUM DAERAH UNDATA,II.b,975,BIDANG PENUNJANG MEDIK,34398,KEPALA BIDANG PENUNJANG MEDIK,III.a,976,SEKSI PENGEMBANGAN DAN PEMELIHARAAN FASILITAS MEDIK,,,,,,,,,,,,,,,,,,,,,,,,3,,975,,,1.00E+11,,,SEKSI PENGEMBANGAN DAN PEMELIHARAAN FASILITAS MEDIK,,"JL. R.A. KARTINI, NO.11 PALU",,,,,,0,,,,,
397,32,DINAS TANAMAN PANGAN DAN HORTIKULTURA,37620,KEPALA DINAS TANAMAN PANGAN DAN HORTIKULTURA,II.a,834,UPTD BALAI PERBENIHAN TANAMAN PANGAN DAN HORTIKULTURA,37594,KEPALA UPT BALAI PERBENIHAN TPH,III.b,835,SUB BAGIAN TATA USAHA,37600,KEPALA SUB BAGIAN TATA USAHA,IV.a,,,,,,,,,,,,,,,,,,,,,,,,,,2,,834,37600,IV.a,1.03E+11,41,KEPALA SUB BAGIAN TATA USAHA,SUB BAGIAN TATA USAHA,133,JL. R.A. KARTINI NO. 80 PALU,,,,,,1,,,,,
398,31,DINAS KELAUTAN DAN PERIKANAN,34250,KEPALA DINAS KELAUTAN DAN PERIKANAN,II.a,815,UPT KAWASAN KONSERVASI PESISIR DAN PULAU-PULAU KECIL TELUK TOMINI,34312,KEPALA UPT KAWASAN KONSERVASI PESISIR DAN PULAU-PULAU KECIL TELUK TOMINI,III.b,817,SEKSI WILAYAH I PARIGI MOUTONG,34314,KEPALA SEKSI WILAYAH I PARIGI MOUTONG,IV.a,,,,,,,,,,,,,,,,,,,,,,,,,,2,,815,34314,IV.a,1.02E+11,41,KEPALA SEKSI WILAYAH I PARIGI MOUTONG,SEKSI WILAYAH I PARIGI MOUTONG,133,JL. UNDATA NO.7 PALU,,,,,,1,,,,,
399,28,DINAS PENANAMAN MODAL DAN PELAYANAN TERPADU SATU PINTU,34004,KEPALA DINAS PENANAMAN MODAL DAN PELAYANAN TERPADU SATU PINTU,II.a,741,SEKRETARIAT,34005,SEKRETARIS,III.a,744,SUB BAGIAN KEPEGAWAIAN DAN UMUM,34008,KEPALA SUB BAGIAN KEPEGAWAIAN DAN UMUM,IV.a,,,,,,,,,,,,,,,,,,,,,,,,,,2,,741,34008,IV.a,1.02E+11,41,KEPALA SUB BAGIAN KEPEGAWAIAN DAN UMUM,SUB BAGIAN KEPEGAWAIAN DAN UMUM,133,JL. CIK DITIRO NO.29 PALU,,,,,,1,,,,,
400,49,SEKRETARIAT DAERAH,34461,SEKRETARIS DAERAH,I.b,1,ASISTEN PEMERINTAHAN DAN KESEJAHTERAAN RAKYAT,34132,ASISTEN PEMERINTAHAN DAN KESEJAHTERAAN RAKYAT,II.a,2,BIRO PEMERINTAHAN DAN OTONOMI DAERAH,34131,KEPALA BIRO PEMERINTAHAN DAN OTONOMI DAERAH,II.b,3,BAGIAN PEMERINTAHAN,34130,KEPALA BAGIAN PEMERINTAHAN,III.a,4,SUB BAGIAN PEMERINTAHAN UMUM,34129,KEPALA SUB BAGIAN PEMERINTAHAN UMUM,IV.a,,,,,,,,,,,,,,,,4,,3,34129,IV.a,1.00E+11,41,KEPALA SUB BAGIAN PEMERINTAHAN UMUM,SUB BAGIAN PEMERINTAHAN UMUM,133,JL. SAM RATULANGI NO.101 PALU,,,,,,1,,,,,
401,10,DINAS PENDIDIKAN,33499,KEPALA DINAS PENDIDIKAN,II.a,481,CABANG DINAS PENDIDIKAN MENENGAH WILAYAH II KAB. DONGGALA DAN KAB. PARIGI MOUTONG,33639,KEPALA CABANG DINAS PENDIDIKAN MENENGAH WILAYAH II KAB. DONGGALA DAN KAB. PARIGI MOUTONG,III.b,509,SEKSI PEMBINAAN SMA,33641,KEPALA SEKSI PEMBINAAN SMA,IV.a,,,,,,,,,,,,,,,,,,,,,,,,,,2,,481,33641,IV.a,1.03E+11,41,KEPALA SEKSI PEMBINAAN SMA,SEKSI PEMBINAAN SMA,133,"JL. SETIA BUDI, NO.9 PALU",,,,,,1,,,,,
402,28,DINAS PENANAMAN MODAL DAN PELAYANAN TERPADU SATU PINTU,34004,KEPALA DINAS PENANAMAN MODAL DAN PELAYANAN TERPADU SATU PINTU,II.a,747,BIDANG PENGOLAHAN DATA DAN INFORMASI PENANAMAN MODAL,34012,KEPALA BIDANG PENGOLAHAN DATA DAN INFORMASI PENANAMAN MODAL,III.a,,,,,,,,,,,,,,,,,,,,,,,,,,,,,,,1,,28,34012,III.a,1.02E+11,31,KEPALA BIDANG PENGOLAHAN DATA DAN INFORMASI PENANAMAN MODAL,BIDANG PENGOLAHAN DATA DAN INFORMASI PENANAMAN MODAL,141,JL. CIK DITIRO NO.29 PALU,,,,,,1,,,,,
403,10,DINAS PENDIDIKAN,33499,KEPALA DINAS PENDIDIKAN,II.a,484,CABANG DINAS PENDIDIKAN MENENGAH WILAYAH III KAB. POSO DAN KAB. TOJO UNA-UNA,33704,KEPALA CABANG DINAS PENDIDIKAN MENENGAH WILAYAH III KAB. POSO DAN KAB. TOJO UNA-UNA,III.b,587,SEKSI PEMBINAAN SMA,33706,KEPALA SEKSI PEMBINAAN SMA,IV.a,,,,,,,,,,,,,,,,,,,,,,,,,,2,,484,33706,IV.a,1.03E+11,41,KEPALA SEKSI PEMBINAAN SMA,SEKSI PEMBINAAN SMA,133,"JL. SETIA BUDI, NO.9 PALU",,,,,,1,,,,,
404,10,DINAS PENDIDIKAN,33499,KEPALA DINAS PENDIDIKAN,II.a,489,"CABANG DINAS PENDIDIKAN MENENGAH WILAYAH V KAB.BANGGAI, KAB. BANGGAI KEPULAUAN DAN KAB. BANGGAI LAUT",33502,"KEPALA CABANG DINAS PENDIDIKAN MENENGAH WILAYAH V KAB.BANGGAI, KAB. BANGGAI KEPULAUAN DAN KAB. BANGGAI LAUT",III.b,1084,SMA NEGERI TOTIKUM SELATAN KAB. BANGGAI KEPULAUAN,34263,KEPALA SMA NEGERI TOTIKUM SELATAN KAB. BANGGAI KEPULAUAN,,,,,,,,,,,,,,,,,,,,,,,,,,,2,SMA,489,34263,,1.03E+11,,KEPALA SMA NEGERI TOTIKUM SELATAN KAB. BANGGAI KEPULAUAN,SMA NEGERI TOTIKUM SELATAN KAB. BANGGAI KEPULAUAN,,"JL. SETIA BUDI, NO.9 PALU",,,,,,1,,,,,
405,10,DINAS PENDIDIKAN,33499,KEPALA DINAS PENDIDIKAN,II.a,494,CABANG DINAS PENDIDIKAN MENENGAH WILAYAH VI TOLITOLI DAN BUOL,33503,KEPALA CABANG DINAS PENDIDIKAN MENENGAH WILAYAH VI TOLITOLI DAN BUOL,III.b,1129,SMK NEGERI 1 BUKAL KAB. BUOL,34372,KEPALA SMK NEGERI 1 BUKAL KAB. BUOL,,,,,,,,,,,,,,,,,,,,,,,,,,,2,SMK,494,34372,,1.03E+11,,KEPALA SMK NEGERI 1 BUKAL KAB. BUOL,SMK NEGERI 1 BUKAL KAB. BUOL,,"JL. SETIA BUDI, NO.9 PALU",,,,,,1,,,,,
406,10,DINAS PENDIDIKAN,33499,KEPALA DINAS PENDIDIKAN,II.a,481,CABANG DINAS PENDIDIKAN MENENGAH WILAYAH II KAB. DONGGALA DAN KAB. PARIGI MOUTONG,33639,KEPALA CABANG DINAS PENDIDIKAN MENENGAH WILAYAH II KAB. DONGGALA DAN KAB. PARIGI MOUTONG,III.b,552,SMA NEGERI 2 SIRENJA KAB. DONGGALA,33669,KEPALA SMA NEGERI 2 SIRENJA KAB. DONGGALA,,,,,,,,,,,,,,,,,,,,,,,,,,,2,SMA,481,33669,,1.03E+11,,KEPALA SMA NEGERI 2 SIRENJA KAB. DONGGALA,SMA NEGERI 2 SIRENJA KAB. DONGGALA,,"JL. SETIA BUDI, NO.9 PALU",,,,,,1,,,,,
407,10,DINAS PENDIDIKAN,33499,KEPALA DINAS PENDIDIKAN,II.a,484,CABANG DINAS PENDIDIKAN MENENGAH WILAYAH III KAB. POSO DAN KAB. TOJO UNA-UNA,33704,KEPALA CABANG DINAS PENDIDIKAN MENENGAH WILAYAH III KAB. POSO DAN KAB. TOJO UNA-UNA,III.b,592,SMA NEGERI 1 LORE UTARA KAB. POSO,33711,KEPALA SMA NEGERI 1 LORE UTARA KAB. POSO,,,,,,,,,,,,,,,,,,,,,,,,,,,2,SMA,484,33711,,1.03E+11,,KEPALA SMA NEGERI 1 LORE UTARA KAB. POSO,SMA NEGERI 1 LORE UTARA KAB. POSO,,"JL. SETIA BUDI, NO.9 PALU",,,,,,1,,,,,
408,10,DINAS PENDIDIKAN,33499,KEPALA DINAS PENDIDIKAN,II.a,481,CABANG DINAS PENDIDIKAN MENENGAH WILAYAH II KAB. DONGGALA DAN KAB. PARIGI MOUTONG,33639,KEPALA CABANG DINAS PENDIDIKAN MENENGAH WILAYAH II KAB. DONGGALA DAN KAB. PARIGI MOUTONG,III.b,575,SMK NEGERI 1 SINIU KAB. PARIGI MOUTONG,33693,KEPALA SMK NEGERI 1 SINIU KAB. PARIGI MOUTONG,,,,,,,,,,,,,,,,,,,,,,,,,,,2,SMK,481,33693,,1.03E+11,,KEPALA SMK NEGERI 1 SINIU KAB. PARIGI MOUTONG,SMK NEGERI 1 SINIU KAB. PARIGI MOUTONG,,"JL. SETIA BUDI, NO.9 PALU",,,,,,1,,,,,
409,10,DINAS PENDIDIKAN,33499,KEPALA DINAS PENDIDIKAN,II.a,365,CABANG DINAS PENDIDIKAN MENENGAH WILAYAH I KOTA PALU DAN KAB. SIGI,33513,KEPALA CABANG DINAS PENDIDIKAN MENENGAH WILAYAH I KOTA PALU DAN KAB. SIGI,III.b,373,SMA NEGERI 3 PALU KOTA PALU,33521,KEPALA SMA NEGERI 3 PALU KOTA PALU,,,,,,,,,,,,,,,,,,,,,,,,,,,2,SMA,365,33521,,1.03E+11,,KEPALA SMA NEGERI 3 PALU KOTA PALU,SMA NEGERI 3 PALU KOTA PALU,,"JL. SETIA BUDI, NO.9 PALU",,,,,,1,,,,,
410,12,DINAS KESEHATAN,34343,KEPALA DINAS KESEHATAN,II.a,967,UPT RUMAH SAKIT UMUM DAERAH UNDATA,34390,KEPALA UPT RUMAH SAKIT UMUM DAERAH UNDATA,II.b,995,BIDANG REKAM MEDIK DAN INFORMASI,34404,KEPALA BIDANG REKAM MEDIK DAN INFORMASI,III.a,996,SEKSI REKAM MEDIK,,,,,,,,,,,,,,,,,,,,,,,,3,,995,,,1.00E+11,,,SEKSI REKAM MEDIK,,"JL. R.A. KARTINI, NO.11 PALU",,,,,,0,,,,,
412,10,DINAS PENDIDIKAN,33499,KEPALA DINAS PENDIDIKAN,II.a,484,CABANG DINAS PENDIDIKAN MENENGAH WILAYAH III KAB. POSO DAN KAB. TOJO UNA-UNA,33704,KEPALA CABANG DINAS PENDIDIKAN MENENGAH WILAYAH III KAB. POSO DAN KAB. TOJO UNA-UNA,III.b,602,SMA NEGERI 1 POSO PESISIR UTARA KAB. POSO,33721,KEPALA SMA NEGERI 1 POSO PESISIR UTARA KAB. POSO,,,,,,,,,,,,,,,,,,,,,,,,,,,2,SMA,484,33721,,1.03E+11,,KEPALA SMA NEGERI 1 POSO PESISIR UTARA KAB. POSO,SMA NEGERI 1 POSO PESISIR UTARA KAB. POSO,,"JL. SETIA BUDI, NO.9 PALU",,,,,,1,,,,,
413,10,DINAS PENDIDIKAN,33499,KEPALA DINAS PENDIDIKAN,II.a,484,CABANG DINAS PENDIDIKAN MENENGAH WILAYAH III KAB. POSO DAN KAB. TOJO UNA-UNA,33704,KEPALA CABANG DINAS PENDIDIKAN MENENGAH WILAYAH III KAB. POSO DAN KAB. TOJO UNA-UNA,III.b,620,SMK NEGERI 3 AMPANA KOTA KAB. TOJO UNA-UNA,33740,KEPALA SMK NEGERI 3 AMPANA KOTA KAB. TOJO UNA-UNA,,,,,,,,,,,,,,,,,,,,,,,,,,,2,SMK,484,33740,,1.03E+11,,KEPALA SMK NEGERI 3 AMPANA KOTA KAB. TOJO UNA-UNA,SMK NEGERI 3 AMPANA KOTA KAB. TOJO UNA-UNA,,"JL. SETIA BUDI, NO.9 PALU",,,,,,1,,,,,
414,10,DINAS PENDIDIKAN,33499,KEPALA DINAS PENDIDIKAN,II.a,481,CABANG DINAS PENDIDIKAN MENENGAH WILAYAH II KAB. DONGGALA DAN KAB. PARIGI MOUTONG,33639,KEPALA CABANG DINAS PENDIDIKAN MENENGAH WILAYAH II KAB. DONGGALA DAN KAB. PARIGI MOUTONG,III.b,537,SMA NEGERI 2 DAMPELAS KAB. DONGGALA,33654,KEPALA SMA NEGERI 2 DAMPELAS KAB. DONGGALA,,,,,,,,,,,,,,,,,,,,,,,,,,,2,SMA,481,33654,,1.03E+11,,KEPALA SMA NEGERI 2 DAMPELAS KAB. DONGGALA,SMA NEGERI 2 DAMPELAS KAB. DONGGALA,,"JL. SETIA BUDI, NO.9 PALU",,,,,,1,,,,,
415,10,DINAS PENDIDIKAN,33499,KEPALA DINAS PENDIDIKAN,II.a,484,CABANG DINAS PENDIDIKAN MENENGAH WILAYAH III KAB. POSO DAN KAB. TOJO UNA-UNA,33704,KEPALA CABANG DINAS PENDIDIKAN MENENGAH WILAYAH III KAB. POSO DAN KAB. TOJO UNA-UNA,III.b,615,SMA NEGERI WALEA BESAR KAB. TOJO UNA-UNA,33735,KEPALA SMA NEGERI WALEA BESAR KAB. TOJO UNA-UNA,,,,,,,,,,,,,,,,,,,,,,,,,,,2,SMA,484,33735,,1.03E+11,,KEPALA SMA NEGERI WALEA BESAR KAB. TOJO UNA-UNA,SMA NEGERI WALEA BESAR KAB. TOJO UNA-UNA,,"JL. SETIA BUDI, NO.9 PALU",,,,,,1,,,,,
416,10,DINAS PENDIDIKAN,33499,KEPALA DINAS PENDIDIKAN,II.a,484,CABANG DINAS PENDIDIKAN MENENGAH WILAYAH III KAB. POSO DAN KAB. TOJO UNA-UNA,33704,KEPALA CABANG DINAS PENDIDIKAN MENENGAH WILAYAH III KAB. POSO DAN KAB. TOJO UNA-UNA,III.b,617,SMA NEGERI TOGEAN KAB. TOJO UNA-UNA,33737,KEPALA SMA NEGERI TOGEAN KAB. TOJO UNA-UNA,,,,,,,,,,,,,,,,,,,,,,,,,,,2,SMA,484,33737,,1.03E+11,,KEPALA SMA NEGERI TOGEAN KAB. TOJO UNA-UNA,SMA NEGERI TOGEAN KAB. TOJO UNA-UNA,,"JL. SETIA BUDI, NO.9 PALU",,,,,,1,,,,,
417,10,DINAS PENDIDIKAN,33499,KEPALA DINAS PENDIDIKAN,II.a,484,CABANG DINAS PENDIDIKAN MENENGAH WILAYAH III KAB. POSO DAN KAB. TOJO UNA-UNA,33704,KEPALA CABANG DINAS PENDIDIKAN MENENGAH WILAYAH III KAB. POSO DAN KAB. TOJO UNA-UNA,III.b,629,SMA NEGERI 1 UNA - UNA KAB. TOJO UNA-UNA,33781,KEPALA SMA NEGERI 1 UNA - UNA KAB. TOJO UNA-UNA,,,,,,,,,,,,,,,,,,,,,,,,,,,2,SMA,484,33781,,1.03E+11,,KEPALA SMA NEGERI 1 UNA - UNA KAB. TOJO UNA-UNA,SMA NEGERI 1 UNA - UNA KAB. TOJO UNA-UNA,,"JL. SETIA BUDI, NO.9 PALU",,,,,,1,,,,,
418,10,DINAS PENDIDIKAN,33499,KEPALA DINAS PENDIDIKAN,II.a,365,CABANG DINAS PENDIDIKAN MENENGAH WILAYAH I KOTA PALU DAN KAB. SIGI,33513,KEPALA CABANG DINAS PENDIDIKAN MENENGAH WILAYAH I KOTA PALU DAN KAB. SIGI,III.b,,,,,,,,,,,,,,,,,,,,,,,,,,,,,,,1,,10,33513,III.b,1.03E+11,32,KEPALA CABANG DINAS PENDIDIKAN MENENGAH WILAYAH I KOTA PALU DAN KAB. SIGI,CABANG DINAS PENDIDIKAN MENENGAH WILAYAH I KOTA PALU DAN KAB. SIGI,134,"JL. SETIA BUDI, NO.9 PALU",,,,,,1,,,,,
419,6,BADAN PENGEMBANGAN SUMBER DAYA MANUSIA,33558,KEPALA BADAN PENGEMBANGAN SUMBER DAYA MANUSIA,II.a,210,BIDANG SERTIFIKASI KOMPETENSI DAN PENGELOLAAN KELEMBAGAAN,33561,KEPALA BIDANG SERTIFIKASI KOMPETENSI DAN PENGELOLAAN KELEMBAGAAN,III.a,,,,,,,,,,,,,,,,,,,,,,,,,,,,,,,1,,6,33561,III.a,1.03E+11,31,KEPALA BIDANG SERTIFIKASI KOMPETENSI DAN PENGELOLAAN KELEMBAGAAN,BIDANG SERTIFIKASI KOMPETENSI DAN PENGELOLAAN KELEMBAGAAN,141,"JL. S. PARMAN, BESUSU TENGAH PALU",,,,,,1,,,,,
420,10,DINAS PENDIDIKAN,33499,KEPALA DINAS PENDIDIKAN,II.a,481,CABANG DINAS PENDIDIKAN MENENGAH WILAYAH II KAB. DONGGALA DAN KAB. PARIGI MOUTONG,33639,KEPALA CABANG DINAS PENDIDIKAN MENENGAH WILAYAH II KAB. DONGGALA DAN KAB. PARIGI MOUTONG,III.b,583,SLB NEGERI PARIGI KAB. PARIGI MOUTONG,33701,KEPALA SLB NEGERI PARIGI KAB. PARIGI MOUTONG,,,,,,,,,,,,,,,,,,,,,,,,,,,2,SLB,481,33701,,1.03E+11,,KEPALA SLB NEGERI PARIGI KAB. PARIGI MOUTONG,SLB NEGERI PARIGI KAB. PARIGI MOUTONG,,"JL. SETIA BUDI, NO.9 PALU",,,,,,1,,,,,
421,10,DINAS PENDIDIKAN,33499,KEPALA DINAS PENDIDIKAN,II.a,365,CABANG DINAS PENDIDIKAN MENENGAH WILAYAH I KOTA PALU DAN KAB. SIGI,33513,KEPALA CABANG DINAS PENDIDIKAN MENENGAH WILAYAH I KOTA PALU DAN KAB. SIGI,III.b,370,SMA NEGERI 1 PALU KOTA PALU,33518,KEPALA SMA NEGERI 1 PALU KOTA PALU,,,,,,,,,,,,,,,,,,,,,,,,,,,2,SMA,365,33518,,1.03E+11,,KEPALA SMA NEGERI 1 PALU KOTA PALU,SMA NEGERI 1 PALU KOTA PALU,,"JL. SETIA BUDI, NO.9 PALU",,,,,,1,,,,,
422,24,DINAS PENGENDALIAN PENDUDUK DAN KELUARGA BERENCANA,33476,KEPALA DINAS PENGENDALIAN PENDUDUK DAN KELUARGA BERENCANA,II.a,404,SEKRETARIAT,33477,SEKRETARIS,III.a,,,,,,,,,,,,,,,,,,,,,,,,,,,,,,,1,,24,33477,III.a,1.01E+11,31,SEKRETARIS,SEKRETARIAT,141,JL. R.A. KARTINI NO.100 PALU,,,,,,1,,,,,
423,20,DINAS PARIWISATA,34077,KEPALA DINAS PARIWISATA,II.a,875,SEKRETARIAT,34078,SEKRETARIS,III.a,,,,,,,,,,,,,,,,,,,,,,,,,,,,,,,1,,20,34078,III.a,1.02E+11,31,SEKRETARIS,SEKRETARIAT,141,JL. DEWI SARTIKA NO.45 PALU,,,,,,1,,,,,
424,17,DINAS TENAGA KERJA DAN TRANSMIGRASI,34947,KEPALA DINAS TENAGA KERJA DAN TRANSMIGRASI,II.a,722,UPT BALAI LATIHAN KERJA DAN PENINGKATAN PRODUKTIVITAS,35246,KEPALA UPT BALAI LATIHAN KERJA DAN PENINGKATAN PRODUKTIVITAS,IV.a,724,SEKSI PELATIHAN TENAGA KERJA,35255,KEPALA SEKSI PELATIHAN TENAGA KERJA,IV.a,,,,,,,,,,,,,,,,,,,,,,,,,,2,,722,35255,IV.a,1.01E+11,41,KEPALA SEKSI PELATIHAN TENAGA KERJA,SEKSI PELATIHAN TENAGA KERJA,133,JL. R.A. KARTINI NO. 98 PALU,,,,,,1,,,,,
425,10,DINAS PENDIDIKAN,33499,KEPALA DINAS PENDIDIKAN,II.a,365,CABANG DINAS PENDIDIKAN MENENGAH WILAYAH I KOTA PALU DAN KAB. SIGI,33513,KEPALA CABANG DINAS PENDIDIKAN MENENGAH WILAYAH I KOTA PALU DAN KAB. SIGI,III.b,425,SMK NEGERI 5 PALU KOTA PALU,33535,KEPALA SMK NEGERI 5 PALU KOTA PALU,,,,,,,,,,,,,,,,,,,,,,,,,,,2,SMK,365,33535,,1.03E+11,,KEPALA SMK NEGERI 5 PALU KOTA PALU,SMK NEGERI 5 PALU KOTA PALU,,"JL. SETIA BUDI, NO.9 PALU",,,,,,1,,,,,
426,10,DINAS PENDIDIKAN,33499,KEPALA DINAS PENDIDIKAN,II.a,484,CABANG DINAS PENDIDIKAN MENENGAH WILAYAH III KAB. POSO DAN KAB. TOJO UNA-UNA,33704,KEPALA CABANG DINAS PENDIDIKAN MENENGAH WILAYAH III KAB. POSO DAN KAB. TOJO UNA-UNA,III.b,608,SMK NEGERI 1 POSO PESISIR KAB. POSO,33728,KEPALA SMK NEGERI 1 POSO PESISIR KAB. POSO,,,,,,,,,,,,,,,,,,,,,,,,,,,2,SMK,484,33728,,1.03E+11,,KEPALA SMK NEGERI 1 POSO PESISIR KAB. POSO,SMK NEGERI 1 POSO PESISIR KAB. POSO,,"JL. SETIA BUDI, NO.9 PALU",,,,,,1,,,,,
427,28,DINAS PENANAMAN MODAL DAN PELAYANAN TERPADU SATU PINTU,34004,KEPALA DINAS PENANAMAN MODAL DAN PELAYANAN TERPADU SATU PINTU,II.a,749,BIDANG PENYELENGGARAAN PELAYANAN PERIZINAN DAN NON PERIZINAN,34014,KEPALA BIDANG PENYELENGGARAAN PELAYANAN PERIZINAN DAN NON PERIZINAN,III.a,,,,,,,,,,,,,,,,,,,,,,,,,,,,,,,1,,28,34014,III.a,1.02E+11,31,KEPALA BIDANG PENYELENGGARAAN PELAYANAN PERIZINAN DAN NON PERIZINAN,BIDANG PENYELENGGARAAN PELAYANAN PERIZINAN DAN NON PERIZINAN,141,JL. CIK DITIRO NO.29 PALU,,,,,,1,,,,,
428,10,DINAS PENDIDIKAN,33499,KEPALA DINAS PENDIDIKAN,II.a,484,CABANG DINAS PENDIDIKAN MENENGAH WILAYAH III KAB. POSO DAN KAB. TOJO UNA-UNA,33704,KEPALA CABANG DINAS PENDIDIKAN MENENGAH WILAYAH III KAB. POSO DAN KAB. TOJO UNA-UNA,III.b,598,SMA NEGERI 2 POSO KAB. POSO,33717,KEPALA SMA NEGERI 2 POSO KAB. POSO,,,,,,,,,,,,,,,,,,,,,,,,,,,2,SMA,484,33717,,1.03E+11,,KEPALA SMA NEGERI 2 POSO KAB. POSO,SMA NEGERI 2 POSO KAB. POSO,,"JL. SETIA BUDI, NO.9 PALU",,,,,,1,,,,,
429,36,DINAS ENERGI DAN SUMBER DAYA MINERAL,33744,KEPALA DINAS ENERGI DAN SUMBER DAYA MINERAL,II.a,646,CABANG DINAS ENERGI DAN SUMBER DAYA MINERAL WILAYAH I,33930,KEPALA CABANG DINAS ENERGI DAN SUMBER DAYA MINERAL WILAYAH I,III.b,648,SEKSI PERTAMBANGAN,33933,KEPALA SEKSI PERTAMBANGAN,IV.a,,,,,,,,,,,,,,,,,,,,,,,,,,2,,646,33933,IV.a,1.02E+11,41,KEPALA SEKSI PERTAMBANGAN,SEKSI PERTAMBANGAN,133,JL. SAM RATULANGI NO.25 PALU,,,,,,1,,,,,
430,10,DINAS PENDIDIKAN,33499,KEPALA DINAS PENDIDIKAN,II.a,484,CABANG DINAS PENDIDIKAN MENENGAH WILAYAH III KAB. POSO DAN KAB. TOJO UNA-UNA,33704,KEPALA CABANG DINAS PENDIDIKAN MENENGAH WILAYAH III KAB. POSO DAN KAB. TOJO UNA-UNA,III.b,632,SLB NEGERI TOJO UNA-UNA KAB. TOJO UNA-UNA,33727,KEPALA SLB NEGERI TOJO UNA-UNA KAB. TOJO UNA-UNA,,,,,,,,,,,,,,,,,,,,,,,,,,,2,SLB,484,33727,,1.03E+11,,KEPALA SLB NEGERI TOJO UNA-UNA KAB. TOJO UNA-UNA,SLB NEGERI TOJO UNA-UNA KAB. TOJO UNA-UNA,,"JL. SETIA BUDI, NO.9 PALU",,,,,,1,,,,,
431,10,DINAS PENDIDIKAN,33499,KEPALA DINAS PENDIDIKAN,II.a,494,CABANG DINAS PENDIDIKAN MENENGAH WILAYAH VI TOLITOLI DAN BUOL,33503,KEPALA CABANG DINAS PENDIDIKAN MENENGAH WILAYAH VI TOLITOLI DAN BUOL,III.b,,,,,,,,,,,,,,,,,,,,,,,,,,,,,,,1,Cabang,10,33503,III.b,1.03E+11,32,KEPALA CABANG DINAS PENDIDIKAN MENENGAH WILAYAH VI TOLITOLI DAN BUOL,CABANG DINAS PENDIDIKAN MENENGAH WILAYAH VI TOLITOLI DAN BUOL,134,"JL. SETIA BUDI, NO.9 PALU",,,,,,1,,,,,
432,10,DINAS PENDIDIKAN,33499,KEPALA DINAS PENDIDIKAN,II.a,481,CABANG DINAS PENDIDIKAN MENENGAH WILAYAH II KAB. DONGGALA DAN KAB. PARIGI MOUTONG,33639,KEPALA CABANG DINAS PENDIDIKAN MENENGAH WILAYAH II KAB. DONGGALA DAN KAB. PARIGI MOUTONG,III.b,544,SMK NEGERI 1 BANAWA KAB. DONGGALA,33661,KEPALA SMK NEGERI 1 BANAWA KAB. DONGGALA,,,,,,,,,,,,,,,,,,,,,,,,,,,2,SMK,481,33661,,1.03E+11,,KEPALA SMK NEGERI 1 BANAWA KAB. DONGGALA,SMK NEGERI 1 BANAWA KAB. DONGGALA,,"JL. SETIA BUDI, NO.9 PALU",,,,,,1,,,,,
433,5,BADAN KEPEGAWAIAN DAERAH,24454,KEPALA BADAN KEPEGAWAIAN DAERAH,II.a,16,UPT PENILAIAN KOMPETENSI PEGAWAI,33303,KEPALA UPT PENILAIAN KOMPETENSI PEGAWAI,III.b,20,SEKSI PENGUJIAN DAN PENILAIAN,33308,KEPALA SEKSI PENGUJIAN DAN PENILAIAN,IV.a,,,,,,,,,,,,,,,,,,,,,,,,,,2,UPTD Tipe A,16,33308,IV.a,1.04E+11,41,KEPALA SEKSI PENGUJIAN DAN PENILAIAN,SEKSI PENGUJIAN DAN PENILAIAN,133,"JL. DR. SAM RATULANGI, NO. 63, PALU",,,,,,1,,,,,
434,11,DINAS KEBUDAYAAN,33578,KEPALA DINAS KEBUDAYAAN,II.a,203,UPT TAMAN BUDAYA DAN MUSEUM SULAWESI TENGAH,33579,KEPALA UPT TAMAN BUDAYA DAN MUSEUM SULAWESI TENGAH,III.b,206,SEKSI PENGELOLAAN DAN PEMANFAATAN,33582,KEPALA SEKSI PENGELOLAAN DAN PEMANFAATAN,IV.a,,,,,,,,,,,,,,,,,,,,,,,,,,2,,203,33582,IV.a,1.03E+11,41,KEPALA SEKSI PENGELOLAAN DAN PEMANFAATAN,SEKSI PENGELOLAAN DAN PEMANFAATAN,133,JL. KEMIRI NO. 23 PALU,,,,,,1,,,,,
435,10,DINAS PENDIDIKAN,33499,KEPALA DINAS PENDIDIKAN,II.a,484,CABANG DINAS PENDIDIKAN MENENGAH WILAYAH III KAB. POSO DAN KAB. TOJO UNA-UNA,33704,KEPALA CABANG DINAS PENDIDIKAN MENENGAH WILAYAH III KAB. POSO DAN KAB. TOJO UNA-UNA,III.b,606,SMK NEGERI 2 POSO KAB. POSO,33725,KEPALA SMK NEGERI 2 POSO KAB. POSO,,,,,,,,,,,,,,,,,,,,,,,,,,,2,SMK,484,33725,,1.03E+11,,KEPALA SMK NEGERI 2 POSO KAB. POSO,SMK NEGERI 2 POSO KAB. POSO,,"JL. SETIA BUDI, NO.9 PALU",,,,,,1,,,,,
436,3,BADAN PENDAPATAN DAERAH,33784,KEPALA BADAN PENDAPATAN DAERAH,II.a,317,UPTD BADAN PENDAPATAN WILAYAH II,33824,KEPALA UPTD BADAN PENDAPATAN WILAYAH II,III.b,319,SEKSI PELAYANAN PAJAK KENDARAAN BERMOTOR DAN BEA BALIK NAMA KENDARAAN BERMOTOR	,33828,KEPALA SEKSI PELAYANAN PAJAK KENDARAAN BERMOTOR DAN BEA BALIK NAMA KENDARAAN BERMOTOR,IV.a,,,,,,,,,,,,,,,,,,,,,,,,,,2,,317,33828,IV.a,1.03E+11,41,KEPALA SEKSI PELAYANAN PAJAK KENDARAAN BERMOTOR DAN BEA BALIK NAMA KENDARAAN BERMOTOR,SEKSI PELAYANAN PAJAK KENDARAAN BERMOTOR DAN BEA BALIK NAMA KENDARAAN BERMOTOR	,133,JL. PROF. DR. MOH. YAMIN NO. 34 PALU,,,,,,1,,,,,
437,10,DINAS PENDIDIKAN,33499,KEPALA DINAS PENDIDIKAN,II.a,362,BIDANG PEMBINAAN SMK,33510,KEPALA BIDANG PEMBINAAN SMK,III.a,,,,,,,,,,,,,,,,,,,,,,,,,,,,,,,1,,10,33510,III.a,1.03E+11,31,KEPALA BIDANG PEMBINAAN SMK,BIDANG PEMBINAAN SMK,141,"JL. SETIA BUDI, NO.9 PALU",,,,,,1,,,,,
438,10,DINAS PENDIDIKAN,33499,KEPALA DINAS PENDIDIKAN,II.a,489,"CABANG DINAS PENDIDIKAN MENENGAH WILAYAH V KAB.BANGGAI, KAB. BANGGAI KEPULAUAN DAN KAB. BANGGAI LAUT",33502,"KEPALA CABANG DINAS PENDIDIKAN MENENGAH WILAYAH V KAB.BANGGAI, KAB. BANGGAI KEPULAUAN DAN KAB. BANGGAI LAUT",III.b,1072,SMA NEGERI 1 BUKO KAB. BANGGAI KEPULAUAN,34246,KEPALA SMA NEGERI 1 BUKO KAB. BANGGAI KEPULAUAN,,,,,,,,,,,,,,,,,,,,,,,,,,,2,SMA,489,34246,,1.03E+11,,KEPALA SMA NEGERI 1 BUKO KAB. BANGGAI KEPULAUAN,SMA NEGERI 1 BUKO KAB. BANGGAI KEPULAUAN,,"JL. SETIA BUDI, NO.9 PALU",,,,,,1,,,,,
439,10,DINAS PENDIDIKAN,33499,KEPALA DINAS PENDIDIKAN,II.a,998,UPT RUMAH SAKIT MADANI PALU,34406,KEPALA UPT RUMAH SAKIT MADANI PALU,III.a,10,BIDANG PELAYANAN,34411,KEPALA BIDANG PELAYANAN,III.a,,,,,,,,,,,,,,,,,,,,,,,,,,0,,,33499,II.a,10,21,KEPALA DINAS PENDIDIKAN,DINAS PENDIDIKAN,143,"JL. SETIA BUDI, NO.9 PALU",,,,,,1,,,,,
440,10,DINAS PENDIDIKAN,33499,KEPALA DINAS PENDIDIKAN,II.a,481,CABANG DINAS PENDIDIKAN MENENGAH WILAYAH II KAB. DONGGALA DAN KAB. PARIGI MOUTONG,33639,KEPALA CABANG DINAS PENDIDIKAN MENENGAH WILAYAH II KAB. DONGGALA DAN KAB. PARIGI MOUTONG,III.b,538,SMA NEGERI 1 SINDUE TOBATA KAB. DONGGALA,33655,KEPALA SMA NEGERI 1 SINDUE TOBATA KAB. DONGGALA,,,,,,,,,,,,,,,,,,,,,,,,,,,2,SMA,481,33655,,1.03E+11,,KEPALA SMA NEGERI 1 SINDUE TOBATA KAB. DONGGALA,SMA NEGERI 1 SINDUE TOBATA KAB. DONGGALA,,"JL. SETIA BUDI, NO.9 PALU",,,,,,1,,,,,
441,24,DINAS PENGENDALIAN PENDUDUK DAN KELUARGA BERENCANA,33476,KEPALA DINAS PENGENDALIAN PENDUDUK DAN KELUARGA BERENCANA,II.a,401,"BIDANG KELUARGA BERENCANA, KETAHANAN DAN KESEJAHTERAAN KELUARGA",33481,"KEPALA BIDANG KELUARGA BERENCANA, KETAHANAN DAN KESEJAHTERAAN KELUARGA",III.a,,,,,,,,,,,,,,,,,,,,,,,,,,,,,,,1,,24,33481,III.a,1.01E+11,31,"KEPALA BIDANG KELUARGA BERENCANA, KETAHANAN DAN KESEJAHTERAAN KELUARGA","BIDANG KELUARGA BERENCANA, KETAHANAN DAN KESEJAHTERAAN KELUARGA",141,JL. R.A. KARTINI NO.100 PALU,,,,,,1,,,,,
443,24,DINAS PENGENDALIAN PENDUDUK DAN KELUARGA BERENCANA,33476,KEPALA DINAS PENGENDALIAN PENDUDUK DAN KELUARGA BERENCANA,II.a,404,SEKRETARIAT,33477,SEKRETARIS,III.a,407,"SUB BAGIAN PROGRAM, KEUANGAN DAN ASET",33479,"KEPALA SUB BAGIAN PROGRAM, KEUANGAN DAN ASET",IV.a,,,,,,,,,,,,,,,,,,,,,,,,,,2,,404,33479,IV.a,1.01E+11,41,"KEPALA SUB BAGIAN PROGRAM, KEUANGAN DAN ASET","SUB BAGIAN PROGRAM, KEUANGAN DAN ASET",133,JL. R.A. KARTINI NO.100 PALU,,,,,,1,,,,,
444,49,SEKRETARIAT DAERAH,34461,SEKRETARIS DAERAH,I.b,72,ASISTEN PEREKONOMIAN DAN PEMBANGUNAN,39771,ASISTEN PEREKONOMIAN DAN PEMBANGUNAN,II.a,118,BIRO PENGADAAN BARANG/JASA,38323,KEPALA BIRO PENGADAAN BARANG/JASA,II.b,127,BAGIAN PEMBINAAN DAN ADVOKASI PENGADAAN BARANG/JASA,38482,KEPALA BAGIAN PEMBINAAN DAN ADVOKASI PENGADAAN BARANG/JASA,III.a,,,,,,,,,,,,,,,,,,,,,3,,118,38482,III.a,1.00E+11,31,KEPALA BAGIAN PEMBINAAN DAN ADVOKASI PENGADAAN BARANG/JASA,BAGIAN PEMBINAAN DAN ADVOKASI PENGADAAN BARANG/JASA,141,JL. SAM RATULANGI NO.101 PALU,,,,,,1,,,,,
445,10,DINAS PENDIDIKAN,33499,KEPALA DINAS PENDIDIKAN,II.a,365,CABANG DINAS PENDIDIKAN MENENGAH WILAYAH I KOTA PALU DAN KAB. SIGI,33513,KEPALA CABANG DINAS PENDIDIKAN MENENGAH WILAYAH I KOTA PALU DAN KAB. SIGI,III.b,442,SMA NEGERI 4 SIGI KAB. SIGI,33544,KEPALA SMA NEGERI 4 SIGI KAB. SIGI,,,,,,,,,,,,,,,,,,,,,,,,,,,2,SMA,365,33544,,1.03E+11,,KEPALA SMA NEGERI 4 SIGI KAB. SIGI,SMA NEGERI 4 SIGI KAB. SIGI,,"JL. SETIA BUDI, NO.9 PALU",,,,,,1,,,,,
447,35,DINAS PERINDUSTRIAN DAN PERDAGANGAN,33359,KEPALA DINAS PERINDUSTRIAN DAN PERDAGANGAN,II.a,106,UPTD PENGEMBANGAN PRODUK INDUSTRI PANGAN DAN KERAJINAN DAERAH,33372,KEPALA UPT PENGEMBANGAN PRODUK INDUSTRI PANGAN DAN KERAJINAN DAERAH,III.b,,,,,,,,,,,,,,,,,,,,,,,,,,,,,,,1,UPTD Tipe A,35,33372,III.b,1.02E+11,32,KEPALA UPT PENGEMBANGAN PRODUK INDUSTRI PANGAN DAN KERAJINAN DAERAH,UPTD PENGEMBANGAN PRODUK INDUSTRI PANGAN DAN KERAJINAN DAERAH,134,JL. R.A. KARTINI NO.18 PALU,,,,,,1,,,,,
448,10,DINAS PENDIDIKAN,33499,KEPALA DINAS PENDIDIKAN,II.a,484,CABANG DINAS PENDIDIKAN MENENGAH WILAYAH III KAB. POSO DAN KAB. TOJO UNA-UNA,33704,KEPALA CABANG DINAS PENDIDIKAN MENENGAH WILAYAH III KAB. POSO DAN KAB. TOJO UNA-UNA,III.b,634,SMA NEGERI 2 ULUBONGKA KAB. TOJO UNA-UNA,33504,KEPALA SMA NEGERI 2 ULUBONGKA KAB. TOJO UNA-UNA,,,,,,,,,,,,,,,,,,,,,,,,,,,2,SMA,484,33504,,1.03E+11,,KEPALA SMA NEGERI 2 ULUBONGKA KAB. TOJO UNA-UNA,SMA NEGERI 2 ULUBONGKA KAB. TOJO UNA-UNA,,"JL. SETIA BUDI, NO.9 PALU",,,,,,1,,,,,
449,35,DINAS PERINDUSTRIAN DAN PERDAGANGAN,33359,KEPALA DINAS PERINDUSTRIAN DAN PERDAGANGAN,II.a,112,UPTD PENGAWASAN DAN PERLINDUNGAN KONSUMEN,33376,KEPALA UPT PENGAWASAN DAN PERLINDUNGAN KONSUMEN,III.b,297,"SEKSI PENGAWASAN BARANG DAN JASA, TERTIB NIAGA DAN PENEGAKAN HUKUM",33378,"KEPALA SEKSI PENGAWASAN BARANG DAN JASA, TERTIB NIAGA DAN PENEGAKAN HUKUM",IV.a,,,,,,,,,,,,,,,,,,,,,,,,,,2,UPTD Tipe A,112,33378,IV.a,1.02E+11,41,"KEPALA SEKSI PENGAWASAN BARANG DAN JASA, TERTIB NIAGA DAN PENEGAKAN HUKUM","SEKSI PENGAWASAN BARANG DAN JASA, TERTIB NIAGA DAN PENEGAKAN HUKUM",133,JL. R.A. KARTINI NO.18 PALU,,,,,,1,,,,,
450,10,DINAS PENDIDIKAN,33499,KEPALA DINAS PENDIDIKAN,II.a,365,CABANG DINAS PENDIDIKAN MENENGAH WILAYAH I KOTA PALU DAN KAB. SIGI,33513,KEPALA CABANG DINAS PENDIDIKAN MENENGAH WILAYAH I KOTA PALU DAN KAB. SIGI,III.b,376,SMA NEGERI 9 PALU KOTA PALU,33524,KEPALA SMA NEGERI 9 PALU KOTA PALU,,,,,,,,,,,,,,,,,,,,,,,,,,,2,SMA,365,33524,,1.03E+11,,KEPALA SMA NEGERI 9 PALU KOTA PALU,SMA NEGERI 9 PALU KOTA PALU,,"JL. SETIA BUDI, NO.9 PALU",,,,,,1,,,,,
451,10,DINAS PENDIDIKAN,33499,KEPALA DINAS PENDIDIKAN,II.a,365,CABANG DINAS PENDIDIKAN MENENGAH WILAYAH I KOTA PALU DAN KAB. SIGI,33513,KEPALA CABANG DINAS PENDIDIKAN MENENGAH WILAYAH I KOTA PALU DAN KAB. SIGI,III.b,454,SMA NEGERI 10 SIGI KAB. SIGI,33627,KEPALA SMA NEGERI 10 SIGI KAB. SIGI,,,,,,,,,,,,,,,,,,,,,,,,,,,2,SMA,365,33627,,1.03E+11,,KEPALA SMA NEGERI 10 SIGI KAB. SIGI,SMA NEGERI 10 SIGI KAB. SIGI,,"JL. SETIA BUDI, NO.9 PALU",,,,,,1,,,,,
452,10,DINAS PENDIDIKAN,33499,KEPALA DINAS PENDIDIKAN,II.a,365,CABANG DINAS PENDIDIKAN MENENGAH WILAYAH I KOTA PALU DAN KAB. SIGI,33513,KEPALA CABANG DINAS PENDIDIKAN MENENGAH WILAYAH I KOTA PALU DAN KAB. SIGI,III.b,409,SMK NEGERI 2 PALU KOTA PALU,33532,KEPALA SMK NEGERI 2 PALU KOTA PALU,,,,,,,,,,,,,,,,,,,,,,,,,,,2,SMK,365,33532,,1.03E+11,,KEPALA SMK NEGERI 2 PALU KOTA PALU,SMK NEGERI 2 PALU KOTA PALU,,"JL. SETIA BUDI, NO.9 PALU",,,,,,1,,,,,
454,46,SEKRETARIAT DEWAN PERWAKILAN RAKYAT DAERAH,37872,SEKRETARIS DEWAN PERWAKILAN RAKYAT DAERAH,II.a,192,BAGIAN UMUM DAN KEUANGAN,37866,KEPALA BAGIAN UMUM DAN KEUANGAN,III.a,193,SUB BAGIAN UMUM DAN KEPEGAWAIAN,37867,KEPALA SUB BAGIAN UMUM DAN KEPEGAWAIAN,IV.a,,,,,,,,,,,,,,,,,,,,,,,,,,2,,192,37867,IV.a,1.00E+11,41,KEPALA SUB BAGIAN UMUM DAN KEPEGAWAIAN,SUB BAGIAN UMUM DAN KEPEGAWAIAN,133,JL. SAM RATULANGI NO.80 PALU,,,,,,1,,,,,
455,49,SEKRETARIAT DAERAH,34461,SEKRETARIS DAERAH,I.b,1,ASISTEN PEMERINTAHAN DAN KESEJAHTERAAN RAKYAT,34132,ASISTEN PEMERINTAHAN DAN KESEJAHTERAAN RAKYAT,II.a,2,BIRO PEMERINTAHAN DAN OTONOMI DAERAH,34131,KEPALA BIRO PEMERINTAHAN DAN OTONOMI DAERAH,II.b,45,BAGIAN KERJASAMA,34122,KEPALA BAGIAN KERJASAMA,III.a,,,,,,,,,,,,,,,,,,,,,3,,2,34122,III.a,1.00E+11,31,KEPALA BAGIAN KERJASAMA,BAGIAN KERJASAMA,141,JL. SAM RATULANGI NO.101 PALU,,,,,,1,,,,,
456,3,BADAN PENDAPATAN DAERAH,33784,KEPALA BADAN PENDAPATAN DAERAH,II.a,317,UPTD BADAN PENDAPATAN WILAYAH II,33824,KEPALA UPTD BADAN PENDAPATAN WILAYAH II,III.b,318,SUB BAGIAN TATA USAHA,33826,KEPALA SUB BAGIAN TATA USAHA,IV.a,,,,,,,,,,,,,,,,,,,,,,,,,,2,,317,33826,IV.a,1.03E+11,41,KEPALA SUB BAGIAN TATA USAHA,SUB BAGIAN TATA USAHA,133,JL. PROF. DR. MOH. YAMIN NO. 34 PALU,,,,,,1,,,,,
457,36,DINAS ENERGI DAN SUMBER DAYA MINERAL,33744,KEPALA DINAS ENERGI DAN SUMBER DAYA MINERAL,II.a,658,CABANG DINAS ENERGI DAN SUMBER DAYA MINERAL WILAYAH IV,33943,KEPALA CABANG DINAS ENERGI DAN SUMBER DAYA MINERAL WILAYAH IV,III.b,,,,,,,,,,,,,,,,,,,,,,,,,,,,,,,1,Cabang,36,33943,III.b,1.02E+11,32,KEPALA CABANG DINAS ENERGI DAN SUMBER DAYA MINERAL WILAYAH IV,CABANG DINAS ENERGI DAN SUMBER DAYA MINERAL WILAYAH IV,134,JL. SAM RATULANGI NO.25 PALU,,,,,,1,,,,,
458,7,BADAN RISET DAN INOVASI DAERAH,33447,KEPALA BADAN RISET DAN INOVASI DAERAH,II.a,260,SEKRETARIAT,33452,KEPALA SEKRETARIAT,III.a,261,SUB BAGIAN KEUANGAN DAN ASSET,33453,KEPALA SUB BAGIAN KEUANGAN DAN ASSET,IV.a,,,,,,,,,,,,,,,,,,,,,,,,,,2,,260,33453,IV.a,1.04E+11,41,KEPALA SUB BAGIAN KEUANGAN DAN ASSET,SUB BAGIAN KEUANGAN DAN ASSET,133,"JL. GARUDA, NO 30 A PALU",,,,,,1,,,,,
459,25,DINAS PERHUBUNGAN,33482,KEPALA DINAS PERHUBUNGAN,II.a,411,UPT PENGELOLAAN PRASARANA PERHUBUNGAN,33495,KEPALA UPT PENGELOLAAN PRASARANA PERHUBUNGAN,III.b,414,SEKSI PENGELOLAAN TERMINAL,33497,KEPALA SEKSI PENGELOLAAN TERMINAL,IV.a,,,,,,,,,,,,,,,,,,,,,,,,,,2,,411,33497,IV.a,1.02E+11,41,KEPALA SEKSI PENGELOLAAN TERMINAL,SEKSI PENGELOLAAN TERMINAL,133,JL. R.A. KARTINI NO.35 PALU,,,,,,1,,,,,
460,5,BADAN KEPEGAWAIAN DAERAH,24454,KEPALA BADAN KEPEGAWAIAN DAERAH,II.a,16,UPT PENILAIAN KOMPETENSI PEGAWAI,33303,KEPALA UPT PENILAIAN KOMPETENSI PEGAWAI,III.b,19,SUB BAGIAN TATA USAHA,33304,KEPALA SUB BAGIAN TATA USAHA,IV.a,,,,,,,,,,,,,,,,,,,,,,,,,,2,UPTD Tipe A,16,33304,IV.a,1.04E+11,41,KEPALA SUB BAGIAN TATA USAHA,SUB BAGIAN TATA USAHA,133,"JL. DR. SAM RATULANGI, NO. 63, PALU",,,,,,1,,,,,
453,34,DINAS KEHUTANAN,33380,KEPALA DINAS KEHUTANAN,II.a,473,UPTD KESATUAN PENGELOLAAN HUTAN PULAU PELING,33423,KEPALA UPTD KESATUAN PENGELOLAAN HUTAN PULAU PELING,III.b,476,SEKSI PERENCANAAN DAN PEMANFAATAN HUTAN,33425,KEPALA SEKSI PERENCANAAN DAN PEMANFAATAN HUTAN,IV.a,,,,,,,,,,,,,,,,,,,,,,,,,,2,,473,33425,IV.a,1.02E+11,41,KEPALA SEKSI PERENCANAAN DAN PEMANFAATAN HUTAN,SEKSI PERENCANAAN DAN PEMANFAATAN HUTAN,133,JL. S. PARMAN NO. 9 PALU,,,,,,1,,,,,
461,10,DINAS PENDIDIKAN,33499,KEPALA DINAS PENDIDIKAN,II.a,484,CABANG DINAS PENDIDIKAN MENENGAH WILAYAH III KAB. POSO DAN KAB. TOJO UNA-UNA,33704,KEPALA CABANG DINAS PENDIDIKAN MENENGAH WILAYAH III KAB. POSO DAN KAB. TOJO UNA-UNA,III.b,605,SMK NEGERI 2 POSO PESISIR KAB. POSO,33724,KEPALA SMK NEGERI 2 POSO PESISIR KAB. POSO,,,,,,,,,,,,,,,,,,,,,,,,,,,2,SMK,484,33724,,1.03E+11,,KEPALA SMK NEGERI 2 POSO PESISIR KAB. POSO,SMK NEGERI 2 POSO PESISIR KAB. POSO,,"JL. SETIA BUDI, NO.9 PALU",,,,,,1,,,,,
462,10,DINAS PENDIDIKAN,33499,KEPALA DINAS PENDIDIKAN,II.a,481,CABANG DINAS PENDIDIKAN MENENGAH WILAYAH II KAB. DONGGALA DAN KAB. PARIGI MOUTONG,33639,KEPALA CABANG DINAS PENDIDIKAN MENENGAH WILAYAH II KAB. DONGGALA DAN KAB. PARIGI MOUTONG,III.b,580,SMK NEGERI 1 MEPANGA KAB. PARIGI MOUTONG,33698,KEPALA SMK NEGERI 1 MEPANGA KAB. PARIGI MOUTONG,,,,,,,,,,,,,,,,,,,,,,,,,,,2,SMK,481,33698,,1.03E+11,,KEPALA SMK NEGERI 1 MEPANGA KAB. PARIGI MOUTONG,SMK NEGERI 1 MEPANGA KAB. PARIGI MOUTONG,,"JL. SETIA BUDI, NO.9 PALU",,,,,,1,,,,,
463,10,DINAS PENDIDIKAN,33499,KEPALA DINAS PENDIDIKAN,II.a,365,CABANG DINAS PENDIDIKAN MENENGAH WILAYAH I KOTA PALU DAN KAB. SIGI,33513,KEPALA CABANG DINAS PENDIDIKAN MENENGAH WILAYAH I KOTA PALU DAN KAB. SIGI,III.b,366,SUB BAGIAN TATA USAHA,33514,KEPALA SUB BAGIAN TATA USAHA,IV.a,,,,,,,,,,,,,,,,,,,,,,,,,,2,,365,33514,IV.a,1.03E+11,41,KEPALA SUB BAGIAN TATA USAHA,SUB BAGIAN TATA USAHA,133,"JL. SETIA BUDI, NO.9 PALU",,,,,,1,,,,,
464,10,DINAS PENDIDIKAN,33499,KEPALA DINAS PENDIDIKAN,II.a,365,CABANG DINAS PENDIDIKAN MENENGAH WILAYAH I KOTA PALU DAN KAB. SIGI,33513,KEPALA CABANG DINAS PENDIDIKAN MENENGAH WILAYAH I KOTA PALU DAN KAB. SIGI,III.b,450,SMA NEGERI 9 SIGI KAB. SIGI,33626,KEPALA SMA NEGERI 9 SIGI KAB. SIGI,,,,,,,,,,,,,,,,,,,,,,,,,,,2,SMA,365,33626,,1.03E+11,,KEPALA SMA NEGERI 9 SIGI KAB. SIGI,SMA NEGERI 9 SIGI KAB. SIGI,,"JL. SETIA BUDI, NO.9 PALU",,,,,,1,,,,,
465,13,DINAS BINA MARGA DAN TATA RUANG,33455,KEPALA DINAS BINA MARGA DAN PENATAAN RUANG,II.a,387,BIDANG BINA JASA KONSTRUKSI,33463,KEPALA BIDANG BINA JASA KONSTRUKSI,III.a,389,SEKSI PEMBERDAYAAN JASA KONSTRUKSI,33465,KEPALA SEKSI PEMBERDAYAAN JASA KONSTRUKSI,IV.a,,,,,,,,,,,,,,,,,,,,,,,,,,2,,387,33465,IV.a,1.00E+11,41,KEPALA SEKSI PEMBERDAYAAN JASA KONSTRUKSI,SEKSI PEMBERDAYAAN JASA KONSTRUKSI,133,"JL. TOWUA, NO. 85 PALU",,,,,,1,,,,,
466,25,DINAS PERHUBUNGAN,33482,KEPALA DINAS PERHUBUNGAN,II.a,419,BIDANG ANGKUTAN DAN KESELAMATAN JALAN DAN PERKERETAAPIAN,33489,KEPALA BIDANG ANGKUTAN DAN KESELAMATAN JALAN DAN PERKERETAAPIAN,III.a,,,,,,,,,,,,,,,,,,,,,,,,,,,,,,,1,,25,33489,III.a,1.02E+11,31,KEPALA BIDANG ANGKUTAN DAN KESELAMATAN JALAN DAN PERKERETAAPIAN,BIDANG ANGKUTAN DAN KESELAMATAN JALAN DAN PERKERETAAPIAN,141,JL. R.A. KARTINI NO.35 PALU,,,,,,1,,,,,
467,12,DINAS KESEHATAN,34343,KEPALA DINAS KESEHATAN,II.a,760,BIDANG PELAYANAN KESEHATAN,34376,KEPALA BIDANG PELAYANAN KESEHATAN,III.a,762,SEKSI PELAYANAN KESEHATAN RUJUKAN,34378,KEPALA SEKSI PELAYANAN KESEHATAN RUJUKAN,IV.a,,,,,,,,,,,,,,,,,,,,,,,,,,2,,760,34378,IV.a,1.00E+11,41,KEPALA SEKSI PELAYANAN KESEHATAN RUJUKAN,SEKSI PELAYANAN KESEHATAN RUJUKAN,133,"JL. R.A. KARTINI, NO.11 PALU",,,,,,1,,,,,
469,16,DINAS SOSIAL,33907,KEPALA DINAS SOSIAL,II.a,865,UPT PANTI SOSIAL REHABILITASI TUNA SOSIAL,33969,KEPALA UPT PANTI SOSIAL REHABILITASI TUNA SOSIAL,III.b,868,SEKSI PROGRAM DAN ADVOKASI SOSIAL,33972,KEPALA SEKSI PROGRAM DAN ADVOKASI SOSIAL,IV.a,,,,,,,,,,,,,,,,,,,,,,,,,,2,,865,33972,IV.a,1.01E+11,41,KEPALA SEKSI PROGRAM DAN ADVOKASI SOSIAL,SEKSI PROGRAM DAN ADVOKASI SOSIAL,133,JL. PROF. MOH. YAMIN NO. 15 PALU,,,,,,1,,,,,
470,10,DINAS PENDIDIKAN,33499,KEPALA DINAS PENDIDIKAN,II.a,481,CABANG DINAS PENDIDIKAN MENENGAH WILAYAH II KAB. DONGGALA DAN KAB. PARIGI MOUTONG,33639,KEPALA CABANG DINAS PENDIDIKAN MENENGAH WILAYAH II KAB. DONGGALA DAN KAB. PARIGI MOUTONG,III.b,559,SMA NEGERI 1 TINOMBO KAB. PARIGI MOUTONG,33676,KEPALA SMA NEGERI 1 TINOMBO KAB. PARIGI MOUTONG,,,,,,,,,,,,,,,,,,,,,,,,,,,2,SMA,481,33676,,1.03E+11,,KEPALA SMA NEGERI 1 TINOMBO KAB. PARIGI MOUTONG,SMA NEGERI 1 TINOMBO KAB. PARIGI MOUTONG,,"JL. SETIA BUDI, NO.9 PALU",,,,,,1,,,,,
471,2,BADAN KESATUAN BANGSA DAN POLITIK,33322,KEPALA BADAN KESATUAN BANGSA DAN POLITIK,II.a,26,BIDANG IDEOLOGI DAN WAWASAN KEBANGSAAN,33319,KEPALA BIDANG IDEOLOGI DAN WAWASAN KEBANGSAAN,III.a,,,,,,,,,,,,,,,,,,,,,,,,,,,,,,,1,,2,33319,III.a,1.03E+11,31,KEPALA BIDANG IDEOLOGI DAN WAWASAN KEBANGSAAN,BIDANG IDEOLOGI DAN WAWASAN KEBANGSAAN,141,JL. TANJUNG API NO. 7 PALU,,,,,,1,,,,,
472,2,BADAN KESATUAN BANGSA DAN POLITIK,33322,KEPALA BADAN KESATUAN BANGSA DAN POLITIK,II.a,27,BIDANG KEWASPADAAN,33320,KEPALA BIDANG KEWASPADAAN,III.a,,,,,,,,,,,,,,,,,,,,,,,,,,,,,,,1,,2,33320,III.a,1.03E+11,31,KEPALA BIDANG KEWASPADAAN,BIDANG KEWASPADAAN,141,JL. TANJUNG API NO. 7 PALU,,,,,,1,,,,,
473,12,DINAS KESEHATAN,34343,KEPALA DINAS KESEHATAN,II.a,967,UPT RUMAH SAKIT UMUM DAERAH UNDATA,34390,KEPALA UPT RUMAH SAKIT UMUM DAERAH UNDATA,II.b,968,WAKIL DIREKTUR PELAYANAN,34391,KEPALA WAKIL DIREKTUR PELAYANAN,III.a,,,,,,,,,,,,,,,,,,,,,,,,,,2,,967,34391,III.a,1.00E+11,31,KEPALA WAKIL DIREKTUR PELAYANAN,WAKIL DIREKTUR PELAYANAN,141,"JL. R.A. KARTINI, NO.11 PALU",,,,,,1,,,,,
474,12,DINAS KESEHATAN,34343,KEPALA DINAS KESEHATAN,II.a,967,UPT RUMAH SAKIT UMUM DAERAH UNDATA,34390,KEPALA UPT RUMAH SAKIT UMUM DAERAH UNDATA,II.b,985,BAGIAN PERLENGKAPAN DAN UMUM,38700,KEPALA BAGIAN PERLENGKAPAN DAN UMUM,III.b,986,SUB BAGIAN PERLENGKAPAN,,,,,,,,,,,,,,,,,,,,,,,,3,,985,,,1.00E+11,,,SUB BAGIAN PERLENGKAPAN,,"JL. R.A. KARTINI, NO.11 PALU",,,,,,0,,,,,
475,12,DINAS KESEHATAN,34343,KEPALA DINAS KESEHATAN,II.a,967,UPT RUMAH SAKIT UMUM DAERAH UNDATA,34390,KEPALA UPT RUMAH SAKIT UMUM DAERAH UNDATA,II.b,979,BAGIAN KEPEGAWAIAN,38701,KEPALA BAGIAN KEPEGAWAIAN,III.b,980,SUB BAGIAN PENGEMBANGAN KARIER DAN MUTASI,,,,,,,,,,,,,,,,,,,,,,,,3,,979,,,1.00E+11,,,SUB BAGIAN PENGEMBANGAN KARIER DAN MUTASI,,"JL. R.A. KARTINI, NO.11 PALU",,,,,,0,,,,,
476,10,DINAS PENDIDIKAN,33499,KEPALA DINAS PENDIDIKAN,II.a,481,CABANG DINAS PENDIDIKAN MENENGAH WILAYAH II KAB. DONGGALA DAN KAB. PARIGI MOUTONG,33639,KEPALA CABANG DINAS PENDIDIKAN MENENGAH WILAYAH II KAB. DONGGALA DAN KAB. PARIGI MOUTONG,III.b,564,SMA NEGERI 1 TORUE KAB. PARIGI MOUTONG,33682,KEPALA SMA NEGERI 1 TORUE KAB. PARIGI MOUTONG,,,,,,,,,,,,,,,,,,,,,,,,,,,2,SMA,481,33682,,1.03E+11,,KEPALA SMA NEGERI 1 TORUE KAB. PARIGI MOUTONG,SMA NEGERI 1 TORUE KAB. PARIGI MOUTONG,,"JL. SETIA BUDI, NO.9 PALU",,,,,,1,,,,,
827,46,SEKRETARIAT DEWAN PERWAKILAN RAKYAT DAERAH,37872,SEKRETARIS DEWAN PERWAKILAN RAKYAT DAERAH,II.a,192,BAGIAN UMUM DAN KEUANGAN,37866,KEPALA BAGIAN UMUM DAN KEUANGAN,III.a,,,,,,,,,,,,,,,,,,,,,,,,,,,,,,,1,,46,37866,III.a,1.00E+11,31,KEPALA BAGIAN UMUM DAN KEUANGAN,BAGIAN UMUM DAN KEUANGAN,141,JL. SAM RATULANGI NO.80 PALU,,,,,,1,,,,,
477,10,DINAS PENDIDIKAN,33499,KEPALA DINAS PENDIDIKAN,II.a,365,CABANG DINAS PENDIDIKAN MENENGAH WILAYAH I KOTA PALU DAN KAB. SIGI,33513,KEPALA CABANG DINAS PENDIDIKAN MENENGAH WILAYAH I KOTA PALU DAN KAB. SIGI,III.b,403,SMA NEGERI MODEL TERPADU MADANI KOTA PALU,33529,KEPALA SMA NEGERI MODEL TERPADU MADANI KOTA PALU,,,,,,,,,,,,,,,,,,,,,,,,,,,2,SMA,365,33529,,1.03E+11,,KEPALA SMA NEGERI MODEL TERPADU MADANI KOTA PALU,SMA NEGERI MODEL TERPADU MADANI KOTA PALU,,"JL. SETIA BUDI, NO.9 PALU",,,,,,1,,,,,
478,11,DINAS KEBUDAYAAN,33578,KEPALA DINAS KEBUDAYAAN,II.a,196,SEKRETARIAT,33586,SEKRETARIS,III.a,197,SUB BAGIAN PROGRAM,33587,KEPALA SUB BAGIAN PROGRAM,IV.a,,,,,,,,,,,,,,,,,,,,,,,,,,2,,196,33587,IV.a,1.03E+11,41,KEPALA SUB BAGIAN PROGRAM,SUB BAGIAN PROGRAM,133,JL. KEMIRI NO. 23 PALU,,,,,,1,,,,,
481,12,DINAS KESEHATAN,34343,KEPALA DINAS KESEHATAN,II.a,760,BIDANG PELAYANAN KESEHATAN,34376,KEPALA BIDANG PELAYANAN KESEHATAN,III.a,761,SEKSI PELAYANAN KESEHATAN PRIMER,34377,KEPALA SEKSI PELAYANAN KESEHATAN PRIMER,IV.a,,,,,,,,,,,,,,,,,,,,,,,,,,2,,760,34377,IV.a,1.00E+11,41,KEPALA SEKSI PELAYANAN KESEHATAN PRIMER,SEKSI PELAYANAN KESEHATAN PRIMER,133,"JL. R.A. KARTINI, NO.11 PALU",,,,,,1,,,,,
483,12,DINAS KESEHATAN,34343,KEPALA DINAS KESEHATAN,II.a,967,UPT RUMAH SAKIT UMUM DAERAH UNDATA,34390,KEPALA UPT RUMAH SAKIT UMUM DAERAH UNDATA,II.b,969,BIDANG KEPERAWATAN,34392,KEPALA BIDANG KEPERAWATAN,III.a,,,,,,,,,,,,,,,,,,,,,,,,,,2,,967,34392,III.a,1.00E+11,31,KEPALA BIDANG KEPERAWATAN,BIDANG KEPERAWATAN,141,"JL. R.A. KARTINI, NO.11 PALU",,,,,,1,,,,,
484,49,SEKRETARIAT DAERAH,34461,SEKRETARIS DAERAH,I.b,1,ASISTEN PEMERINTAHAN DAN KESEJAHTERAAN RAKYAT,34132,ASISTEN PEMERINTAHAN DAN KESEJAHTERAAN RAKYAT,II.a,9,BIRO KESEJAHTERAAN RAKYAT,34118,KEPALA BIRO KESEJAHTERAAN RAKYAT,II.b,,,,,,,,,,,,,,,,,,,,,,,,,,2,,1,34118,II.b,1.00E+11,22,KEPALA BIRO KESEJAHTERAAN RAKYAT,BIRO KESEJAHTERAAN RAKYAT,142,JL. SAM RATULANGI NO.101 PALU,,,,,,1,,,,,
485,11,DINAS KEBUDAYAAN,33578,KEPALA DINAS KEBUDAYAAN,II.a,196,SEKRETARIAT,33586,SEKRETARIS,III.a,198,SUB BAGIAN KEUANGAN DAN ASET,33588,KEPALA SUB BAGIAN KEUANGAN DAN ASET,IV.a,,,,,,,,,,,,,,,,,,,,,,,,,,2,,196,33588,IV.a,1.03E+11,41,KEPALA SUB BAGIAN KEUANGAN DAN ASET,SUB BAGIAN KEUANGAN DAN ASET,133,JL. KEMIRI NO. 23 PALU,,,,,,1,,,,,
486,8,BADAN PENANGGULANGAN BENCANA DAERAH,33323,KEPALA BADAN PENANGGULANGAN BENCANA DAERAH,II.a,29,SEKRETARIAT,33324,SEKRETARIS,III.a,31,SUB BAGIAN KEUANGAN DAN ASET,33326,KEPALA SUB BAGIAN KEUANGAN DAN ASET,IV.a,,,,,,,,,,,,,,,,,,,,,,,,,,2,,29,33326,IV.a,1.03E+11,41,KEPALA SUB BAGIAN KEUANGAN DAN ASET,SUB BAGIAN KEUANGAN DAN ASET,133,"JL. M.T HARYONO NO.28, PALU",,,,,,1,,,,,
488,4,BADAN PENGELOLAAN KEUANGAN DAN ASET DAERAH,33412,KEPALA BADAN PENGELOLAAN KEUANGAN DAN ASET DAERAH,II.a,221,BIDANG PERBENDAHARAAN,33547,KEPALA BIDANG PERBENDAHARAAN,III.a,,,,,,,,,,,,,,,,,,,,,,,,,,,,,,,1,,4,33547,III.a,1.03E+11,31,KEPALA BIDANG PERBENDAHARAAN,BIDANG PERBENDAHARAAN,141,JL. SAM RATULANGI NO.101 PALU,,,,,,1,,,,,
489,25,DINAS PERHUBUNGAN,33482,KEPALA DINAS PERHUBUNGAN,II.a,422,BIDANG LALU LINTAS JALAN,33486,KEPALA BIDANG LALU LINTAS JALAN,III.a,424,SEKSI MANAJEMEN DAN REKAYASA LALU LINTAS,33488,KEPALA SEKSI MANAJEMEN DAN REKAYASA LALU LINTAS,IV.a,,,,,,,,,,,,,,,,,,,,,,,,,,2,,422,33488,IV.a,1.02E+11,41,KEPALA SEKSI MANAJEMEN DAN REKAYASA LALU LINTAS,SEKSI MANAJEMEN DAN REKAYASA LALU LINTAS,133,JL. R.A. KARTINI NO.35 PALU,,,,,,1,,,,,
490,6,BADAN PENGEMBANGAN SUMBER DAYA MANUSIA,33558,KEPALA BADAN PENGEMBANGAN SUMBER DAYA MANUSIA,II.a,207,SEKRETARIAT,33562,SEKRETARIS,III.a,,,,,,,,,,,,,,,,,,,,,,,,,,,,,,,1,,6,33562,III.a,1.03E+11,31,SEKRETARIS,SEKRETARIAT,141,"JL. S. PARMAN, BESUSU TENGAH PALU",,,,,,1,,,,,
491,10,DINAS PENDIDIKAN,33499,KEPALA DINAS PENDIDIKAN,II.a,484,CABANG DINAS PENDIDIKAN MENENGAH WILAYAH III KAB. POSO DAN KAB. TOJO UNA-UNA,33704,KEPALA CABANG DINAS PENDIDIKAN MENENGAH WILAYAH III KAB. POSO DAN KAB. TOJO UNA-UNA,III.b,613,SLB NEGERI POSO KAB. POSO,33733,KEPALA SLB NEGERI POSO KAB. POSO,,,,,,,,,,,,,,,,,,,,,,,,,,,2,SLB,484,33733,,1.03E+11,,KEPALA SLB NEGERI POSO KAB. POSO,SLB NEGERI POSO KAB. POSO,,"JL. SETIA BUDI, NO.9 PALU",,,,,,1,,,,,
492,11,DINAS KEBUDAYAAN,33578,KEPALA DINAS KEBUDAYAAN,II.a,203,UPT TAMAN BUDAYA DAN MUSEUM SULAWESI TENGAH,33579,KEPALA UPT TAMAN BUDAYA DAN MUSEUM SULAWESI TENGAH,III.b,,,,,,,,,,,,,,,,,,,,,,,,,,,,,,,1,UPTD Tipe A,11,33579,III.b,1.03E+11,32,KEPALA UPT TAMAN BUDAYA DAN MUSEUM SULAWESI TENGAH,UPT TAMAN BUDAYA DAN MUSEUM SULAWESI TENGAH,134,JL. KEMIRI NO. 23 PALU,,,,,,1,,,,,
493,10,DINAS PENDIDIKAN,33499,KEPALA DINAS PENDIDIKAN,II.a,484,CABANG DINAS PENDIDIKAN MENENGAH WILAYAH III KAB. POSO DAN KAB. TOJO UNA-UNA,33704,KEPALA CABANG DINAS PENDIDIKAN MENENGAH WILAYAH III KAB. POSO DAN KAB. TOJO UNA-UNA,III.b,633,SMA NEGERI 2 AMPANA KOTA KAB. TOJO UNA-UNA,33500,KEPALA SMA NEGERI 2 AMPANA KOTA KAB. TOJO UNA-UNA,,,,,,,,,,,,,,,,,,,,,,,,,,,2,SMA,484,33500,,1.03E+11,,KEPALA SMA NEGERI 2 AMPANA KOTA KAB. TOJO UNA-UNA,SMA NEGERI 2 AMPANA KOTA KAB. TOJO UNA-UNA,,"JL. SETIA BUDI, NO.9 PALU",,,,,,1,,,,,
480,34,DINAS KEHUTANAN,33380,KEPALA DINAS KEHUTANAN,II.a,527,BIDANG PERLINDUNGAN DAN KSDAE,33385,KEPALA BIDANG PERLINDUNGAN DAN KSDAE,III.a,,,,,,,,,,,,,,,,,,,,,,,,,,,,,,,1,,12,33385,III.a,1.02E+11,31,KEPALA BIDANG PERLINDUNGAN DAN KSDAE,BIDANG PERLINDUNGAN DAN KSDAE,141,JL. S. PARMAN NO. 9 PALU,,,,,,1,,,,,
482,34,DINAS KEHUTANAN,33380,KEPALA DINAS KEHUTANAN,II.a,491,UPTD KESATUAN PENGELOLAAN HUTAN SIVIA PATUJU,33408,KEPALA UPTD KESATUAN PENGELOLAAN HUTAN SIVIA PATUJU,III.b,492,"SEKSI PERLINDUNGAN, KONSERVASI SUMBER DAYA ALAM EKOSISTEM DAN PEMBERDAYAAN MASYARAKAT",33409,"KEPALA SEKSI PERLINDUNGAN, KONSERVASI SUMBER DAYA ALAM EKOSISTEM DAN PEMBERDAYAAN MASYARAKAT",IV.a,,,,,,,,,,,,,,,,,,,,,,,,,,2,,491,33409,IV.a,1.02E+11,41,"KEPALA SEKSI PERLINDUNGAN, KONSERVASI SUMBER DAYA ALAM EKOSISTEM DAN PEMBERDAYAAN MASYARAKAT","SEKSI PERLINDUNGAN, KONSERVASI SUMBER DAYA ALAM EKOSISTEM DAN PEMBERDAYAAN MASYARAKAT",133,JL. S. PARMAN NO. 9 PALU,,,,,,1,,,,,
487,34,DINAS KEHUTANAN,33380,KEPALA DINAS KEHUTANAN,II.a,434,UPTD KESATUAN PENGELOLAAN TAMAN HUTAN RAYA SULAWESI TENGAH,33443,KEPALA UPTD KESATUAN PENGELOLAAN TAMAN HUTAN RAYA SULAWESI TENGAH,III.b,439,SUB BAGIAN TATA USAHA,33446,KEPALA SUB BAGIAN TATA USAHA,IV.a,,,,,,,,,,,,,,,,,,,,,,,,,,2,,434,33446,IV.a,1.02E+11,41,KEPALA SUB BAGIAN TATA USAHA,SUB BAGIAN TATA USAHA,133,JL. S. PARMAN NO. 9 PALU,,,,,,1,,,,,
494,10,DINAS PENDIDIKAN,33499,KEPALA DINAS PENDIDIKAN,II.a,481,CABANG DINAS PENDIDIKAN MENENGAH WILAYAH II KAB. DONGGALA DAN KAB. PARIGI MOUTONG,33639,KEPALA CABANG DINAS PENDIDIKAN MENENGAH WILAYAH II KAB. DONGGALA DAN KAB. PARIGI MOUTONG,III.b,,,,,,,,,,,,,,,,,,,,,,,,,,,,,,,1,UPTD Tipe A,10,33639,III.b,1.03E+11,32,KEPALA CABANG DINAS PENDIDIKAN MENENGAH WILAYAH II KAB. DONGGALA DAN KAB. PARIGI MOUTONG,CABANG DINAS PENDIDIKAN MENENGAH WILAYAH II KAB. DONGGALA DAN KAB. PARIGI MOUTONG,134,"JL. SETIA BUDI, NO.9 PALU",,,,,,1,,,,,
495,31,DINAS KELAUTAN DAN PERIKANAN,34250,KEPALA DINAS KELAUTAN DAN PERIKANAN,II.a,807,UPTD PELABUHAN PERIKANAN DAN KAWASAN KONSERVASI PESISIR DAN PULAU-PULAU KECIL WILAYAH IV,34302,KEPALA UPTD PELABUHAN PERIKANAN DAN KAWASAN KONSERVASI PESISIR DAN PULAU-PULAU KECIL WILAYAH IV,III.b,810,SEKSI KONSERVASI DAN PENGAWASAN,34305,KEPALA SEKSI KONSERVASI DAN PENGAWASAN,IV.a,,,,,,,,,,,,,,,,,,,,,,,,,,2,,807,34305,IV.a,1.02E+11,41,KEPALA SEKSI KONSERVASI DAN PENGAWASAN,SEKSI KONSERVASI DAN PENGAWASAN,133,JL. UNDATA NO.7 PALU,,,,,,1,,,,,
496,11,DINAS KEBUDAYAAN,33578,KEPALA DINAS KEBUDAYAAN,II.a,203,UPT TAMAN BUDAYA DAN MUSEUM SULAWESI TENGAH,33579,KEPALA UPT TAMAN BUDAYA DAN MUSEUM SULAWESI TENGAH,III.b,205,SEKSI PELESTARIAN DAN PENGEMBANGAN,33581,KEPALA SEKSI PELESTARIAN DAN PENGEMBANGAN,IV.a,,,,,,,,,,,,,,,,,,,,,,,,,,2,,203,33581,IV.a,1.03E+11,41,KEPALA SEKSI PELESTARIAN DAN PENGEMBANGAN,SEKSI PELESTARIAN DAN PENGEMBANGAN,133,JL. KEMIRI NO. 23 PALU,,,,,,1,,,,,
498,6,BADAN PENGEMBANGAN SUMBER DAYA MANUSIA,33558,KEPALA BADAN PENGEMBANGAN SUMBER DAYA MANUSIA,II.a,207,SEKRETARIAT,33562,SEKRETARIS,III.a,208,"SUB BAGIAN PROGRAM,KEUANGAN DAN ASET",33563,"KEPALA SUB BAGIAN PROGRAM,KEUANGAN DAN ASET",IV.a,,,,,,,,,,,,,,,,,,,,,,,,,,2,,207,33563,IV.a,1.03E+11,41,"KEPALA SUB BAGIAN PROGRAM,KEUANGAN DAN ASET","SUB BAGIAN PROGRAM,KEUANGAN DAN ASET",133,"JL. S. PARMAN, BESUSU TENGAH PALU",,,,,,1,,,,,
499,19,DINAS PANGAN,33900,KEPALA DINAS PANGAN,II.a,282,BIDANG DISTRIBUSI DAN CADANGAN PANGAN MASYARAKAT,33906,KEPALA BIDANG DISTRIBUSI DAN CADANGAN PANGAN MASYARAKAT,III.a,,,,,,,,,,,,,,,,,,,,,,,,,,,,,,,1,,19,33906,III.a,1.01E+11,31,KEPALA BIDANG DISTRIBUSI DAN CADANGAN PANGAN MASYARAKAT,BIDANG DISTRIBUSI DAN CADANGAN PANGAN MASYARAKAT,141,JL. PROF. MOH. YAMIN NO. 17 PALU,,,,,,1,,,,,
500,3,BADAN PENDAPATAN DAERAH,33784,KEPALA BADAN PENDAPATAN DAERAH,II.a,304,BIDANG PENGELOLAAN SISTEM INFORMASI PENDAPATAN DAERAH,33794,KEPALA BIDANG PENGELOLAAN SISTEM INFORMASI PENDAPATAN DAERAH,III.a,306,SUB BIDANG INFRASTRUKTUR,33796,KEPALA SUB BIDANG INFRASTRUKTUR,IV.a,,,,,,,,,,,,,,,,,,,,,,,,,,2,,304,33796,IV.a,1.03E+11,41,KEPALA SUB BIDANG INFRASTRUKTUR,SUB BIDANG INFRASTRUKTUR,133,JL. PROF. DR. MOH. YAMIN NO. 34 PALU,,,,,,1,,,,,
501,10,DINAS PENDIDIKAN,33499,KEPALA DINAS PENDIDIKAN,II.a,484,CABANG DINAS PENDIDIKAN MENENGAH WILAYAH III KAB. POSO DAN KAB. TOJO UNA-UNA,33704,KEPALA CABANG DINAS PENDIDIKAN MENENGAH WILAYAH III KAB. POSO DAN KAB. TOJO UNA-UNA,III.b,631,SMA NEGERI 2 UNA-UNA KAB. TOJO UNA-UNA,33679,KEPALA SMA NEGERI 2 UNA-UNA KAB. TOJO UNA-UNA,,,,,,,,,,,,,,,,,,,,,,,,,,,2,SMA,484,33679,,1.03E+11,,KEPALA SMA NEGERI 2 UNA-UNA KAB. TOJO UNA-UNA,SMA NEGERI 2 UNA-UNA KAB. TOJO UNA-UNA,,"JL. SETIA BUDI, NO.9 PALU",,,,,,1,,,,,
502,10,DINAS PENDIDIKAN,33499,KEPALA DINAS PENDIDIKAN,II.a,487,CABANG DINAS PENDIDIKAN MENENGAH WILAYAH IV KAB. MOROWALI DAN KAB. MOROWALI UTARA,33501,KEPALA CABANG DINAS PENDIDIKAN MENENGAH WILAYAH IV KAB. MOROWALI DAN KAB. MOROWALI UTARA,III.b,959,SMA NEGERI 1 BUNGKU UTARA KAB. MOROWALI UTARA,34165,KEPALA SMA NEGERI 1 BUNGKU UTARA KAB. MOROWALI UTARA,,,,,,,,,,,,,,,,,,,,,,,,,,,2,SMA,487,34165,,1.03E+11,,KEPALA SMA NEGERI 1 BUNGKU UTARA KAB. MOROWALI UTARA,SMA NEGERI 1 BUNGKU UTARA KAB. MOROWALI UTARA,,"JL. SETIA BUDI, NO.9 PALU",,,,,,1,,,,,
503,10,DINAS PENDIDIKAN,33499,KEPALA DINAS PENDIDIKAN,II.a,365,CABANG DINAS PENDIDIKAN MENENGAH WILAYAH I KOTA PALU DAN KAB. SIGI,33513,KEPALA CABANG DINAS PENDIDIKAN MENENGAH WILAYAH I KOTA PALU DAN KAB. SIGI,III.b,436,SMA NEGERI 1 SIGI KAB. SIGI,33541,KEPALA SMA NEGERI 1 SIGI KAB. SIGI,,,,,,,,,,,,,,,,,,,,,,,,,,,2,SMA,365,33541,,1.03E+11,,KEPALA SMA NEGERI 1 SIGI KAB. SIGI,SMA NEGERI 1 SIGI KAB. SIGI,,"JL. SETIA BUDI, NO.9 PALU",,,,,,1,,,,,
504,6,BADAN PENGEMBANGAN SUMBER DAYA MANUSIA,33558,KEPALA BADAN PENGEMBANGAN SUMBER DAYA MANUSIA,II.a,212,BIDANG PENGEMBANGAN KOMPETENSI MANAJERIAL DAN FUNGSIONAL,33559,KEPALA BIDANG PENGEMBANGAN KOMPETENSI MANAJERIAL DAN FUNGSIONAL,III.a,,,,,,,,,,,,,,,,,,,,,,,,,,,,,,,1,,6,33559,III.a,1.03E+11,31,KEPALA BIDANG PENGEMBANGAN KOMPETENSI MANAJERIAL DAN FUNGSIONAL,BIDANG PENGEMBANGAN KOMPETENSI MANAJERIAL DAN FUNGSIONAL,141,"JL. S. PARMAN, BESUSU TENGAH PALU",,,,,,1,,,,,
505,9,BADAN PENGHUBUNG,34016,SEKRETARIS DEWAN PERWAKILAN RAKYAT DAERAH,II.a,268,SUB BAGIAN TATA USAHA,33567,KEPALA SUB BAGIAN TATA USAHA,IV.a,,,,,,,,,,,,,,,,,,,,,,,,,,,,,,,1,,9,33567,IV.a,1.04E+11,41,KEPALA SUB BAGIAN TATA USAHA,SUB BAGIAN TATA USAHA,133,JL. BELAWAN NO. 15 JAKARTA,,,,,,1,,,,,
506,18,DINAS PEMBERDAYAAN PEREMPUAN DAN PERLINDUNGAN ANAK ,33338,KEPALA DINAS PEMBERDAYAAN PEREMPUAN DAN PERLINDUNGAN ANAK ,II.a,74,SEKRETARIAT,33339,SEKRETARIS,III.a,,,,,,,,,,,,,,,,,,,,,,,,,,,,,,,1,,18,33339,III.a,1.01E+11,31,SEKRETARIS,SEKRETARIAT,141,JL. MANGUNSARKORO NO. 31. PALU,,,,,,1,,,,,
507,18,DINAS PEMBERDAYAAN PEREMPUAN DAN PERLINDUNGAN ANAK ,33338,KEPALA DINAS PEMBERDAYAAN PEREMPUAN DAN PERLINDUNGAN ANAK ,II.a,74,SEKRETARIAT,33339,SEKRETARIS,III.a,77,SUB BAGIAN KEUANGAN DAN ASET,33340,KEPALA SUB BAGIAN KEUANGAN DAN ASET,IV.a,,,,,,,,,,,,,,,,,,,,,,,,,,2,,74,33340,IV.a,1.01E+11,41,KEPALA SUB BAGIAN KEUANGAN DAN ASET,SUB BAGIAN KEUANGAN DAN ASET,133,JL. MANGUNSARKORO NO. 31. PALU,,,,,,1,,,,,
508,10,DINAS PENDIDIKAN,33499,KEPALA DINAS PENDIDIKAN,II.a,487,CABANG DINAS PENDIDIKAN MENENGAH WILAYAH IV KAB. MOROWALI DAN KAB. MOROWALI UTARA,33501,KEPALA CABANG DINAS PENDIDIKAN MENENGAH WILAYAH IV KAB. MOROWALI DAN KAB. MOROWALI UTARA,III.b,915,SUB BAGIAN TATA USAHA,34133,KEPALA SUB BAGIAN TATA USAHA,IV.a,,,,,,,,,,,,,,,,,,,,,,,,,,2,,487,34133,IV.a,1.03E+11,41,KEPALA SUB BAGIAN TATA USAHA,SUB BAGIAN TATA USAHA,133,"JL. SETIA BUDI, NO.9 PALU",,,,,,1,,,,,
509,10,DINAS PENDIDIKAN,33499,KEPALA DINAS PENDIDIKAN,II.a,489,"CABANG DINAS PENDIDIKAN MENENGAH WILAYAH V KAB.BANGGAI, KAB. BANGGAI KEPULAUAN DAN KAB. BANGGAI LAUT",33502,"KEPALA CABANG DINAS PENDIDIKAN MENENGAH WILAYAH V KAB.BANGGAI, KAB. BANGGAI KEPULAUAN DAN KAB. BANGGAI LAUT",III.b,1083,SMK NEGERI 2 BULAGI UTARA KAB. BANGGAI KEPULAUAN,34262,KEPALA SMK NEGERI 2 BULAGI UTARA KAB. BANGGAI KEPULAUAN,,,,,,,,,,,,,,,,,,,,,,,,,,,2,SMK,489,34262,,1.03E+11,,KEPALA SMK NEGERI 2 BULAGI UTARA KAB. BANGGAI KEPULAUAN,SMK NEGERI 2 BULAGI UTARA KAB. BANGGAI KEPULAUAN,,"JL. SETIA BUDI, NO.9 PALU",,,,,,1,,,,,
511,35,DINAS PERINDUSTRIAN DAN PERDAGANGAN,33359,KEPALA DINAS PERINDUSTRIAN DAN PERDAGANGAN,II.a,89,SEKRETARIAT,33360,SEKRETARIS,III.a,91,SUB BAGIAN KEUANGAN DAN ASET,33362,KEPALA SUB BAGIAN KEUANGAN DAN ASET,IV.a,,,,,,,,,,,,,,,,,,,,,,,,,,2,,89,33362,IV.a,1.02E+11,41,KEPALA SUB BAGIAN KEUANGAN DAN ASET,SUB BAGIAN KEUANGAN DAN ASET,133,JL. R.A. KARTINI NO.18 PALU,,,,,,1,,,,,
512,4,BADAN PENGELOLAAN KEUANGAN DAN ASET DAERAH,33412,KEPALA BADAN PENGELOLAAN KEUANGAN DAN ASET DAERAH,II.a,221,BIDANG PERBENDAHARAAN,33547,KEPALA BIDANG PERBENDAHARAAN,III.a,222,SUB BIDANG BELANJA TIDAK LANGSUNG,33548,KEPALA SUB BIDANG BELANJA TIDAK LANGSUNG,IV.a,,,,,,,,,,,,,,,,,,,,,,,,,,2,,221,33548,IV.a,1.03E+11,41,KEPALA SUB BIDANG BELANJA TIDAK LANGSUNG,SUB BIDANG BELANJA TIDAK LANGSUNG,133,JL. SAM RATULANGI NO.101 PALU,,,,,,1,,,,,
513,23,DINAS PEMBERDAYAAN MASYARAKAT DAN DESA,33330,KEPALA DINAS PEMBERDAYAAN MASYARAKAT DAN DESA,II.a,1141,KEPALA DINAS,,,,,,,,,,,,,,,,,,,,,,,,,,,,,,,,,,1,,23,,,23,,,KEPALA DINAS,,JL. PROF. MOH. YAMIN NO.33 PALU,,,,,,0,,,,,
514,29,DINAS PEMUDA DAN OLAHRAGA,33893,KEPALA DINAS PEMUDA DAN OLAHRAGA,II.a,739,BIDANG KETENAGAAN ORGANISASI DAN KEPRAMUKAAN,33898,KEPALA BIDANG KETENAGAAN ORGANISASI DAN KEPRAMUKAAN,III.a,,,,,,,,,,,,,,,,,,,,,,,,,,,,,,,1,,29,33898,III.a,1.02E+11,31,KEPALA BIDANG KETENAGAAN ORGANISASI DAN KEPRAMUKAAN,BIDANG KETENAGAAN ORGANISASI DAN KEPRAMUKAAN,141,JL. SOEKARNO-HATTA EX STQ PALU,,,,,,1,,,,,
515,10,DINAS PENDIDIKAN,33499,KEPALA DINAS PENDIDIKAN,II.a,487,CABANG DINAS PENDIDIKAN MENENGAH WILAYAH IV KAB. MOROWALI DAN KAB. MOROWALI UTARA,33501,KEPALA CABANG DINAS PENDIDIKAN MENENGAH WILAYAH IV KAB. MOROWALI DAN KAB. MOROWALI UTARA,III.b,950,SMA NEGERI 1 PETASIA KAB. MOROWALI UTARA,34156,KEPALA SMA NEGERI 1 PETASIA KAB. MOROWALI UTARA,,,,,,,,,,,,,,,,,,,,,,,,,,,2,SMA,487,34156,,1.03E+11,,KEPALA SMA NEGERI 1 PETASIA KAB. MOROWALI UTARA,SMA NEGERI 1 PETASIA KAB. MOROWALI UTARA,,"JL. SETIA BUDI, NO.9 PALU",,,,,,1,,,,,
516,10,DINAS PENDIDIKAN,33499,KEPALA DINAS PENDIDIKAN,II.a,494,CABANG DINAS PENDIDIKAN MENENGAH WILAYAH VI TOLITOLI DAN BUOL,33503,KEPALA CABANG DINAS PENDIDIKAN MENENGAH WILAYAH VI TOLITOLI DAN BUOL,III.b,1110,SMK NEGERI BASIDONDO KAB. TOLITOLI,34342,KEPALA SMK NEGERI BASIDONDO KAB. TOLITOLI,,,,,,,,,,,,,,,,,,,,,,,,,,,2,SMK,494,34342,,1.03E+11,,KEPALA SMK NEGERI BASIDONDO KAB. TOLITOLI,SMK NEGERI BASIDONDO KAB. TOLITOLI,,"JL. SETIA BUDI, NO.9 PALU",,,,,,1,,,,,
518,49,SEKRETARIAT DAERAH,34461,SEKRETARIS DAERAH,I.b,72,ASISTEN PEREKONOMIAN DAN PEMBANGUNAN,39771,ASISTEN PEREKONOMIAN DAN PEMBANGUNAN,II.a,118,BIRO PENGADAAN BARANG/JASA,38323,KEPALA BIRO PENGADAAN BARANG/JASA,II.b,119,BAGIAN PENGELOLAAN PENGADAAN BARANG/JASA,38334,KEPALA BAGIAN PENGELOLAAN PENGADAAN BARANG/JASA,III.a,120,SUB BAGIAN PENGELOLAAN STRATEGI PENGADAAN BARANG/JASA,38361,KEPALA SUB BAGIAN PENGELOLAAN STRATEGI PENGADAAN BARANG/JASA,IV.a,,,,,,,,,,,,,,,,4,,119,38361,IV.a,1.00E+11,41,KEPALA SUB BAGIAN PENGELOLAAN STRATEGI PENGADAAN BARANG/JASA,SUB BAGIAN PENGELOLAAN STRATEGI PENGADAAN BARANG/JASA,133,JL. SAM RATULANGI NO.101 PALU,,,,,,1,,,,,
520,33,DINAS PERKEBUNAN DAN PETERNAKAN,37689,KEPALA DINAS PERKEBUNAN DAN PETERNAKAN,II.a,894,UPT PENGAWASAN MUTU DAN SERTIFIKASI BENIH PERKEBUNAN,36579,KEPALA UPT PENGAWASAN MUTU DAN SERTIFIKASI BENIH PERKEBUNAN,III.a,895,SEKSI PENGAWASAN MUTU BENIH,36580,KEPALA SEKSI PENGAWASAN MUTU BENIH,IV.a,,,,,,,,,,,,,,,,,,,,,,,,,,2,,894,36580,IV.a,1.03E+11,41,KEPALA SEKSI PENGAWASAN MUTU BENIH,SEKSI PENGAWASAN MUTU BENIH,133,JL. R.A. KARTINI NO.25 & 31 PALU,,,,,,1,,,,,
521,49,SEKRETARIAT DAERAH,34461,SEKRETARIS DAERAH,I.b,144,ASISTEN ADMINISTRASI UMUM,33353,ASISTEN ADMINISTRASI UMUM,II.a,158,BIRO UMUM,34048,KEPALA BIRO UMUM,II.b,171,BIRO ADMINISTRASI PIMPINAN,34067,KEPALA BIRO ADMINISTRASI PIMPINAN,II.b,174,BAGIAN PERENCANAAN DAN KEPEGAWAIAN SETDA,,,,,,,,,,,,,,,,,,,4,,171,,,1.00E+11,,,BAGIAN PERENCANAAN DAN KEPEGAWAIAN SETDA,,JL. SAM RATULANGI NO.101 PALU,,,,,,0,,,,,
522,49,SEKRETARIAT DAERAH,34461,SEKRETARIS DAERAH,I.b,1,ASISTEN PEMERINTAHAN DAN KESEJAHTERAAN RAKYAT,34132,ASISTEN PEMERINTAHAN DAN KESEJAHTERAAN RAKYAT,II.a,9,BIRO KESEJAHTERAAN RAKYAT,34118,KEPALA BIRO KESEJAHTERAAN RAKYAT,II.b,10,BAGIAN BINA MENTAL SPIRITUAL,34117,KEPALA BAGIAN BINA MENTAL SPIRITUAL,III.a,50,SUB BAGIAN KELEMBAGAAN BINA SPIRITUAL,34114,KEPALA SUB BAGIAN KELEMBAGAAN BINA SPIRITUAL,IV.a,,,,,,,,,,,,,,,,4,,10,34114,IV.a,1.00E+11,41,KEPALA SUB BAGIAN KELEMBAGAAN BINA SPIRITUAL,SUB BAGIAN KELEMBAGAAN BINA SPIRITUAL,133,JL. SAM RATULANGI NO.101 PALU,,,,,,1,,,,,
523,10,DINAS PENDIDIKAN,33499,KEPALA DINAS PENDIDIKAN,II.a,487,CABANG DINAS PENDIDIKAN MENENGAH WILAYAH IV KAB. MOROWALI DAN KAB. MOROWALI UTARA,33501,KEPALA CABANG DINAS PENDIDIKAN MENENGAH WILAYAH IV KAB. MOROWALI DAN KAB. MOROWALI UTARA,III.b,936,SMA NEGERI 1 WITAPONDA KAB. MOROWALI,34142,KEPALA SMA NEGERI 1 WITAPONDA KAB. MOROWALI,,,,,,,,,,,,,,,,,,,,,,,,,,,2,SMA,487,34142,,1.03E+11,,KEPALA SMA NEGERI 1 WITAPONDA KAB. MOROWALI,SMA NEGERI 1 WITAPONDA KAB. MOROWALI,,"JL. SETIA BUDI, NO.9 PALU",,,,,,1,,,,,
524,10,DINAS PENDIDIKAN,33499,KEPALA DINAS PENDIDIKAN,II.a,487,CABANG DINAS PENDIDIKAN MENENGAH WILAYAH IV KAB. MOROWALI DAN KAB. MOROWALI UTARA,33501,KEPALA CABANG DINAS PENDIDIKAN MENENGAH WILAYAH IV KAB. MOROWALI DAN KAB. MOROWALI UTARA,III.b,932,SMA NEGERI 2 BUNGKU KAB. MOROWALI,34138,KEPALA SMA NEGERI 2 BUNGKU KAB. MOROWALI,,,,,,,,,,,,,,,,,,,,,,,,,,,2,SMA,487,34138,,1.03E+11,,KEPALA SMA NEGERI 2 BUNGKU KAB. MOROWALI,SMA NEGERI 2 BUNGKU KAB. MOROWALI,,"JL. SETIA BUDI, NO.9 PALU",,,,,,1,,,,,
525,26,"DINAS KOMUNIKASI, INFORMATIKA, PERSANDIAN DAN STATISTIK",33973,"KEPALA DINAS KOMUNIKASI, INFORMATIKA, PERSANDIAN DAN STATISTIK",II.a,275,BIDANG APLIKASI INFORMATIKA,33978,KEPALA BIDANG APLIKASI INFORMATIKA,III.a,,,,,,,,,,,,,,,,,,,,,,,,,,,,,,,1,,26,33978,III.a,1.03E+11,31,KEPALA BIDANG APLIKASI INFORMATIKA,BIDANG APLIKASI INFORMATIKA,141,JL. KARTINI NO. 106 PALU,,,,,,1,,,,,
519,34,DINAS KEHUTANAN,33380,KEPALA DINAS KEHUTANAN,II.a,451,UPTD KESATUAN PENGELOLAAN HUTAN KULAWI,33435,KEPALA UPTD KESATUAN PENGELOLAAN HUTAN KULAWI,III.b,452,"SEKSI PERLINDUNGAN, KONSERVASI SUMBER DAYA ALAM EKOSISTEM DAN PEMBERDAYAAN MASYARAKAT",33436,"KEPALA SEKSI PERLINDUNGAN, KONSERVASI SUMBER DAYA ALAM EKOSISTEM DAN PEMBERDAYAAN MASYARAKAT",IV.a,,,,,,,,,,,,,,,,,,,,,,,,,,2,,451,33436,IV.a,1.02E+11,41,"KEPALA SEKSI PERLINDUNGAN, KONSERVASI SUMBER DAYA ALAM EKOSISTEM DAN PEMBERDAYAAN MASYARAKAT","SEKSI PERLINDUNGAN, KONSERVASI SUMBER DAYA ALAM EKOSISTEM DAN PEMBERDAYAAN MASYARAKAT",133,JL. S. PARMAN NO. 9 PALU,,,,,,1,,,,,
526,25,DINAS PERHUBUNGAN,33482,KEPALA DINAS PERHUBUNGAN,II.a,419,BIDANG ANGKUTAN DAN KESELAMATAN JALAN DAN PERKERETAAPIAN,33489,KEPALA BIDANG ANGKUTAN DAN KESELAMATAN JALAN DAN PERKERETAAPIAN,III.a,420,SEKSI KESELAMATAN JALAN,33490,KEPALA SEKSI KESELAMATAN JALAN,IV.a,,,,,,,,,,,,,,,,,,,,,,,,,,2,,419,33490,IV.a,1.02E+11,41,KEPALA SEKSI KESELAMATAN JALAN,SEKSI KESELAMATAN JALAN,133,JL. R.A. KARTINI NO.35 PALU,,,,,,1,,,,,
527,33,DINAS PERKEBUNAN DAN PETERNAKAN,37689,KEPALA DINAS PERKEBUNAN DAN PETERNAKAN,II.a,890,UPT PEMBIBITAN TERNAK,36584,KEPALA UPT PEMBIBITAN TERNAK,III.a,,,,,,,,,,,,,,,,,,,,,,,,,,,,,,,1,,33,36584,III.a,1.03E+11,31,KEPALA UPT PEMBIBITAN TERNAK,UPT PEMBIBITAN TERNAK,141,JL. R.A. KARTINI NO.25 & 31 PALU,,,,,,1,,,,,
528,10,DINAS PENDIDIKAN,33499,KEPALA DINAS PENDIDIKAN,II.a,489,"CABANG DINAS PENDIDIKAN MENENGAH WILAYAH V KAB.BANGGAI, KAB. BANGGAI KEPULAUAN DAN KAB. BANGGAI LAUT",33502,"KEPALA CABANG DINAS PENDIDIKAN MENENGAH WILAYAH V KAB.BANGGAI, KAB. BANGGAI KEPULAUAN DAN KAB. BANGGAI LAUT",III.b,1062,SMA NEGERI 2 BANGGAI KAB. BANGGAI LAUT,34223,KEPALA SMA NEGERI 2 BANGGAI KAB. BANGGAI LAUT,,,,,,,,,,,,,,,,,,,,,,,,,,,2,SMA,489,34223,,1.03E+11,,KEPALA SMA NEGERI 2 BANGGAI KAB. BANGGAI LAUT,SMA NEGERI 2 BANGGAI KAB. BANGGAI LAUT,,"JL. SETIA BUDI, NO.9 PALU",,,,,,1,,,,,
529,10,DINAS PENDIDIKAN,33499,KEPALA DINAS PENDIDIKAN,II.a,487,CABANG DINAS PENDIDIKAN MENENGAH WILAYAH IV KAB. MOROWALI DAN KAB. MOROWALI UTARA,33501,KEPALA CABANG DINAS PENDIDIKAN MENENGAH WILAYAH IV KAB. MOROWALI DAN KAB. MOROWALI UTARA,III.b,962,SLB NEGERI MOLINO KAB. MOROWALI UTARA,34168,KEPALA SLB NEGERI MOLINO KAB. MOROWALI UTARA,,,,,,,,,,,,,,,,,,,,,,,,,,,2,SLB,487,34168,,1.03E+11,,KEPALA SLB NEGERI MOLINO KAB. MOROWALI UTARA,SLB NEGERI MOLINO KAB. MOROWALI UTARA,,"JL. SETIA BUDI, NO.9 PALU",,,,,,1,,,,,
530,10,DINAS PENDIDIKAN,33499,KEPALA DINAS PENDIDIKAN,II.a,489,"CABANG DINAS PENDIDIKAN MENENGAH WILAYAH V KAB.BANGGAI, KAB. BANGGAI KEPULAUAN DAN KAB. BANGGAI LAUT",33502,"KEPALA CABANG DINAS PENDIDIKAN MENENGAH WILAYAH V KAB.BANGGAI, KAB. BANGGAI KEPULAUAN DAN KAB. BANGGAI LAUT",III.b,29,SMA NEGERI 1 BUALEMO KAB. BANGGAI,34182,KEPALA SMA NEGERI 1 BUALEMO KAB. BANGGAI,,,,,,,,,,,,,,,,,,,,,,,,,,,2,SMA,489,34182,,1.03E+11,,KEPALA SMA NEGERI 1 BUALEMO KAB. BANGGAI,SMA NEGERI 1 BUALEMO KAB. BANGGAI,,"JL. SETIA BUDI, NO.9 PALU",,,,,,1,,,,,
531,10,DINAS PENDIDIKAN,33499,KEPALA DINAS PENDIDIKAN,II.a,487,CABANG DINAS PENDIDIKAN MENENGAH WILAYAH IV KAB. MOROWALI DAN KAB. MOROWALI UTARA,33501,KEPALA CABANG DINAS PENDIDIKAN MENENGAH WILAYAH IV KAB. MOROWALI DAN KAB. MOROWALI UTARA,III.b,940,SMK NEGERI 1 BUNGKU BARAT KAB. MOROWALI,34146,KEPALA SMK NEGERI 1 BUNGKU BARAT KAB. MOROWALI,,,,,,,,,,,,,,,,,,,,,,,,,,,2,SMK,487,34146,,1.03E+11,,KEPALA SMK NEGERI 1 BUNGKU BARAT KAB. MOROWALI,SMK NEGERI 1 BUNGKU BARAT KAB. MOROWALI,,"JL. SETIA BUDI, NO.9 PALU",,,,,,1,,,,,
532,47,SATUAN POLISI PAMONG PRAJA,33981,KEPALA SATUAN POLISI PAMONG PRAJA,II.a,254,BIDANG PERLINDUNGAN MASYARAKAT,33995,KEPALA BIDANG PERLINDUNGAN MASYARAKAT,III.a,,,,,,,,,,,,,,,,,,,,,,,,,,,,,,,1,,47,33995,III.a,1.04E+11,31,KEPALA BIDANG PERLINDUNGAN MASYARAKAT,BIDANG PERLINDUNGAN MASYARAKAT,141,JL. PRAMUKA NO.21 PALU,,,,,,1,,,,,
533,33,DINAS PERKEBUNAN DAN PETERNAKAN,37689,KEPALA DINAS PERKEBUNAN DAN PETERNAKAN,II.a,890,UPT PEMBIBITAN TERNAK,36584,KEPALA UPT PEMBIBITAN TERNAK,III.a,891,SEKSI PAKAN DAN HPT,36587,KEPALA SEKSI PAKAN DAN HPT,IV.a,,,,,,,,,,,,,,,,,,,,,,,,,,2,,890,36587,IV.a,1.03E+11,41,KEPALA SEKSI PAKAN DAN HPT,SEKSI PAKAN DAN HPT,133,JL. R.A. KARTINI NO.25 & 31 PALU,,,,,,1,,,,,
534,12,DINAS KESEHATAN,34343,KEPALA DINAS KESEHATAN,II.a,967,UPT RUMAH SAKIT UMUM DAERAH UNDATA,34390,KEPALA UPT RUMAH SAKIT UMUM DAERAH UNDATA,II.b,972,BIDANG PELAYANAN MEDIK,34395,KEPALA BIDANG PELAYANAN MEDIK,III.a,,,,,,,,,,,,,,,,,,,,,,,,,,2,,967,34395,III.a,1.00E+11,31,KEPALA BIDANG PELAYANAN MEDIK,BIDANG PELAYANAN MEDIK,141,"JL. R.A. KARTINI, NO.11 PALU",,,,,,1,,,,,
535,17,DINAS TENAGA KERJA DAN TRANSMIGRASI,34947,KEPALA DINAS TENAGA KERJA DAN TRANSMIGRASI,II.a,719,"BIDANG PENGEMBANGAN KAWASAN TRANSMIGRASI, DAERAH TERTINGGAL DAN DAERAH TERTENTU",35022,"KEPALA BIDANG PENGEMBANGAN KAWASAN TRANSMIGRASI, DAERAH TERTINGGAL DAN DAERAH TERTENTU",III.a,721,SEKSI EVALUASI PERKEMBANGAN PERMUKIMAN KAWASAN TRANSMIGRASI DAN SARANA PRASARANA DAERAH TERTINGGAL SERTA DAERAH TERTENTU,35035,KEPALA SEKSI EVALUASI PERKEMBANGAN PERMUKIMAN KAWASAN TRANSMIGRASI DAN SARANA PRASARANA DAERAH TERTINGGAL SERTA DAERAH TERTENTU,IV.a,,,,,,,,,,,,,,,,,,,,,,,,,,2,,719,35035,IV.a,1.01E+11,41,KEPALA SEKSI EVALUASI PERKEMBANGAN PERMUKIMAN KAWASAN TRANSMIGRASI DAN SARANA PRASARANA DAERAH TERTINGGAL SERTA DAERAH TERTENTU,SEKSI EVALUASI PERKEMBANGAN PERMUKIMAN KAWASAN TRANSMIGRASI DAN SARANA PRASARANA DAERAH TERTINGGAL SERTA DAERAH TERTENTU,133,JL. R.A. KARTINI NO. 98 PALU,,,,,,1,,,,,
536,10,DINAS PENDIDIKAN,33499,KEPALA DINAS PENDIDIKAN,II.a,487,CABANG DINAS PENDIDIKAN MENENGAH WILAYAH IV KAB. MOROWALI DAN KAB. MOROWALI UTARA,33501,KEPALA CABANG DINAS PENDIDIKAN MENENGAH WILAYAH IV KAB. MOROWALI DAN KAB. MOROWALI UTARA,III.b,957,SMA NEGERI 2 MORI ATAS KAB. MOROWALI UTARA,34163,KEPALA SMA NEGERI 2 MORI ATAS KAB. MOROWALI UTARA,,,,,,,,,,,,,,,,,,,,,,,,,,,2,SMA,487,34163,,1.03E+11,,KEPALA SMA NEGERI 2 MORI ATAS KAB. MOROWALI UTARA,SMA NEGERI 2 MORI ATAS KAB. MOROWALI UTARA,,"JL. SETIA BUDI, NO.9 PALU",,,,,,1,,,,,
537,49,SEKRETARIAT DAERAH,34461,SEKRETARIS DAERAH,I.b,1,ASISTEN PEMERINTAHAN DAN KESEJAHTERAAN RAKYAT,34132,ASISTEN PEMERINTAHAN DAN KESEJAHTERAAN RAKYAT,II.a,9,BIRO KESEJAHTERAAN RAKYAT,34118,KEPALA BIRO KESEJAHTERAAN RAKYAT,II.b,51,BAGIAN KESEJAHTERAAN RAKYAT NON PELAYANAN DASAR,34113,KEPALA BAGIAN KESEJAHTERAAN RAKYAT NON PELAYANAN DASAR,III.a,52,SUB BAGIAN KESEJAHTERAAN RAKYAT NON PELAYANAN DASAR I,34112,KEPALA SUB BAGIAN KESEJAHTERAAN RAKYAT NON PELAYANAN DASAR I,IV.a,,,,,,,,,,,,,,,,4,,51,34112,IV.a,1.00E+11,41,KEPALA SUB BAGIAN KESEJAHTERAAN RAKYAT NON PELAYANAN DASAR I,SUB BAGIAN KESEJAHTERAAN RAKYAT NON PELAYANAN DASAR I,133,JL. SAM RATULANGI NO.101 PALU,,,,,,1,,,,,
538,12,DINAS KESEHATAN,34343,KEPALA DINAS KESEHATAN,II.a,998,UPT RUMAH SAKIT MADANI PALU,34406,KEPALA UPT RUMAH SAKIT MADANI PALU,III.a,15,BIDANG PENUNJANG PELAYANAN,38708,KEPALA BIDANG PENUNJANG PELAYANAN,III.b,16,SEKSI PENUNJANG MEDIS,38709,KEPALA SEKSI PENUNJANG MEDIS,IV.a,,,,,,,,,,,,,,,,,,,,,3,,15,38709,IV.a,1.00E+11,41,KEPALA SEKSI PENUNJANG MEDIS,SEKSI PENUNJANG MEDIS,133,"JL. R.A. KARTINI, NO.11 PALU",,,,,,1,,,,,
539,25,DINAS PERHUBUNGAN,33482,KEPALA DINAS PERHUBUNGAN,II.a,422,BIDANG LALU LINTAS JALAN,33486,KEPALA BIDANG LALU LINTAS JALAN,III.a,,,,,,,,,,,,,,,,,,,,,,,,,,,,,,,1,,25,33486,III.a,1.02E+11,31,KEPALA BIDANG LALU LINTAS JALAN,BIDANG LALU LINTAS JALAN,141,JL. R.A. KARTINI NO.35 PALU,,,,,,1,,,,,
825,3,BADAN PENDAPATAN DAERAH,33784,KEPALA BADAN PENDAPATAN DAERAH,II.a,345,UPTD BADAN PENDAPATAN WILAYAH IX,33858,KEPALA UPTD BADAN PENDAPATAN WILAYAH IX,III.b,348,SEKSI PENETAPAN DAN PENAGIHAN,33861,KEPALA SEKSI PENETAPAN DAN PENAGIHAN,IV.a,,,,,,,,,,,,,,,,,,,,,,,,,,2,,345,33861,IV.a,1.03E+11,41,KEPALA SEKSI PENETAPAN DAN PENAGIHAN,SEKSI PENETAPAN DAN PENAGIHAN,133,JL. PROF. DR. MOH. YAMIN NO. 34 PALU,,,,,,1,,,,,
540,10,DINAS PENDIDIKAN,33499,KEPALA DINAS PENDIDIKAN,II.a,481,CABANG DINAS PENDIDIKAN MENENGAH WILAYAH II KAB. DONGGALA DAN KAB. PARIGI MOUTONG,33639,KEPALA CABANG DINAS PENDIDIKAN MENENGAH WILAYAH II KAB. DONGGALA DAN KAB. PARIGI MOUTONG,III.b,582,SMK NEGERI PARIWISATA PARIGATA PARIGI KAB. PARIGI MOUTONG,33700,KEPALA SMK NEGERI PARIWISATA PARIGATA PARIGI KAB. PARIGI MOUTONG,,,,,,,,,,,,,,,,,,,,,,,,,,,2,SMK,481,33700,,1.03E+11,,KEPALA SMK NEGERI PARIWISATA PARIGATA PARIGI KAB. PARIGI MOUTONG,SMK NEGERI PARIWISATA PARIGATA PARIGI KAB. PARIGI MOUTONG,,"JL. SETIA BUDI, NO.9 PALU",,,,,,1,,,,,
541,33,DINAS PERKEBUNAN DAN PETERNAKAN,37689,KEPALA DINAS PERKEBUNAN DAN PETERNAKAN,II.a,894,UPT PENGAWASAN MUTU DAN SERTIFIKASI BENIH PERKEBUNAN,36579,KEPALA UPT PENGAWASAN MUTU DAN SERTIFIKASI BENIH PERKEBUNAN,III.a,,,,,,,,,,,,,,,,,,,,,,,,,,,,,,,1,,33,36579,III.a,1.03E+11,31,KEPALA UPT PENGAWASAN MUTU DAN SERTIFIKASI BENIH PERKEBUNAN,UPT PENGAWASAN MUTU DAN SERTIFIKASI BENIH PERKEBUNAN,141,JL. R.A. KARTINI NO.25 & 31 PALU,,,,,,1,,,,,
542,10,DINAS PENDIDIKAN,33499,KEPALA DINAS PENDIDIKAN,II.a,487,CABANG DINAS PENDIDIKAN MENENGAH WILAYAH IV KAB. MOROWALI DAN KAB. MOROWALI UTARA,33501,KEPALA CABANG DINAS PENDIDIKAN MENENGAH WILAYAH IV KAB. MOROWALI DAN KAB. MOROWALI UTARA,III.b,963,SMK NEGERI 1 LEMBO RAYA KAB. MOROWALI UTARA,34169,KEPALA SMK NEGERI 1 LEMBO RAYA KAB. MOROWALI UTARA,,,,,,,,,,,,,,,,,,,,,,,,,,,2,SMK,487,34169,,1.03E+11,,KEPALA SMK NEGERI 1 LEMBO RAYA KAB. MOROWALI UTARA,SMK NEGERI 1 LEMBO RAYA KAB. MOROWALI UTARA,,"JL. SETIA BUDI, NO.9 PALU",,,,,,1,,,,,
543,49,SEKRETARIAT DAERAH,34461,SEKRETARIS DAERAH,I.b,1,ASISTEN PEMERINTAHAN DAN KESEJAHTERAAN RAKYAT,34132,ASISTEN PEMERINTAHAN DAN KESEJAHTERAAN RAKYAT,II.a,2,BIRO PEMERINTAHAN DAN OTONOMI DAERAH,34131,KEPALA BIRO PEMERINTAHAN DAN OTONOMI DAERAH,II.b,3,BAGIAN PEMERINTAHAN,34130,KEPALA BAGIAN PEMERINTAHAN,III.a,39,SUB BAGIAN TATA USAHA,34127,KEPALA SUB BAGIAN TATA USAHA,IV.a,,,,,,,,,,,,,,,,4,,3,34127,IV.a,1.00E+11,41,KEPALA SUB BAGIAN TATA USAHA,SUB BAGIAN TATA USAHA,133,JL. SAM RATULANGI NO.101 PALU,,,,,,1,,,,,
544,10,DINAS PENDIDIKAN,33499,KEPALA DINAS PENDIDIKAN,II.a,481,CABANG DINAS PENDIDIKAN MENENGAH WILAYAH II KAB. DONGGALA DAN KAB. PARIGI MOUTONG,33639,KEPALA CABANG DINAS PENDIDIKAN MENENGAH WILAYAH II KAB. DONGGALA DAN KAB. PARIGI MOUTONG,III.b,555,SMA NEGERI 1 PARIGI TENGAH KAB. PARIGI MOUTONG,33672,KEPALA SMA NEGERI 1 PARIGI TENGAH KAB. PARIGI MOUTONG,,,,,,,,,,,,,,,,,,,,,,,,,,,2,SMA,481,33672,,1.03E+11,,KEPALA SMA NEGERI 1 PARIGI TENGAH KAB. PARIGI MOUTONG,SMA NEGERI 1 PARIGI TENGAH KAB. PARIGI MOUTONG,,"JL. SETIA BUDI, NO.9 PALU",,,,,,1,,,,,
545,10,DINAS PENDIDIKAN,33499,KEPALA DINAS PENDIDIKAN,II.a,481,CABANG DINAS PENDIDIKAN MENENGAH WILAYAH II KAB. DONGGALA DAN KAB. PARIGI MOUTONG,33639,KEPALA CABANG DINAS PENDIDIKAN MENENGAH WILAYAH II KAB. DONGGALA DAN KAB. PARIGI MOUTONG,III.b,558,SMA NEGERI 1 AMPIBABO KAB. PARIGI MOUTONG,33675,KEPALA SMA NEGERI 1 AMPIBABO KAB. PARIGI MOUTONG,IV.b,,,,,,,,,,,,,,,,,,,,,,,,,,2,SMA,481,33675,IV.b,1.03E+11,42,KEPALA SMA NEGERI 1 AMPIBABO KAB. PARIGI MOUTONG,SMA NEGERI 1 AMPIBABO KAB. PARIGI MOUTONG,132,"JL. SETIA BUDI, NO.9 PALU",,,,,,1,,,,,
546,25,DINAS PERHUBUNGAN,33482,KEPALA DINAS PERHUBUNGAN,II.a,427,SEKRETARIAT,33483,SEKRETARIS,III.a,428,SUB BAGIAN KEPEGAWAIAN DAN UMUM,33484,KEPALA SUB BAGIAN KEPEGAWAIAN DAN UMUM,IV.a,,,,,,,,,,,,,,,,,,,,,,,,,,2,,427,33484,IV.a,1.02E+11,41,KEPALA SUB BAGIAN KEPEGAWAIAN DAN UMUM,SUB BAGIAN KEPEGAWAIAN DAN UMUM,133,JL. R.A. KARTINI NO.35 PALU,,,,,,1,,,,,
547,10,DINAS PENDIDIKAN,33499,KEPALA DINAS PENDIDIKAN,II.a,489,"CABANG DINAS PENDIDIKAN MENENGAH WILAYAH V KAB.BANGGAI, KAB. BANGGAI KEPULAUAN DAN KAB. BANGGAI LAUT",33502,"KEPALA CABANG DINAS PENDIDIKAN MENENGAH WILAYAH V KAB.BANGGAI, KAB. BANGGAI KEPULAUAN DAN KAB. BANGGAI LAUT",III.b,1061,SMK NEGERI 1 BANGGAI KAB. BANGGAI LAUT,34222,KEPALA SMK NEGERI 1 BANGGAI KAB. BANGGAI LAUT,,,,,,,,,,,,,,,,,,,,,,,,,,,2,SMK,489,34222,,1.03E+11,,KEPALA SMK NEGERI 1 BANGGAI KAB. BANGGAI LAUT,SMK NEGERI 1 BANGGAI KAB. BANGGAI LAUT,,"JL. SETIA BUDI, NO.9 PALU",,,,,,1,,,,,
548,33,DINAS PERKEBUNAN DAN PETERNAKAN,37689,KEPALA DINAS PERKEBUNAN DAN PETERNAKAN,II.a,882,UPT BALAI PERBENIHAN TANAMAN PERKEBUNAN,36599,KEPALA UPT BALAI PERBENIHAN TANAMAN PERKEBUNAN,III.a,,,,,,,,,,,,,,,,,,,,,,,,,,,,,,,1,UPTD Tipe A,33,36599,III.a,1.03E+11,31,KEPALA UPT BALAI PERBENIHAN TANAMAN PERKEBUNAN,UPT BALAI PERBENIHAN TANAMAN PERKEBUNAN,141,JL. R.A. KARTINI NO.25 & 31 PALU,,,,,,1,,,,,
549,33,DINAS PERKEBUNAN DAN PETERNAKAN,37689,KEPALA DINAS PERKEBUNAN DAN PETERNAKAN,II.a,882,UPT BALAI PERBENIHAN TANAMAN PERKEBUNAN,36599,KEPALA UPT BALAI PERBENIHAN TANAMAN PERKEBUNAN,III.a,885,SUB BAGIAN TATA USAHA,36603,KEPALA SUB BAGIAN TATA USAHA,IV.a,,,,,,,,,,,,,,,,,,,,,,,,,,2,,882,36603,IV.a,1.03E+11,41,KEPALA SUB BAGIAN TATA USAHA,SUB BAGIAN TATA USAHA,133,JL. R.A. KARTINI NO.25 & 31 PALU,,,,,,1,,,,,
550,49,SEKRETARIAT DAERAH,34461,SEKRETARIS DAERAH,I.b,1,ASISTEN PEMERINTAHAN DAN KESEJAHTERAAN RAKYAT,34132,ASISTEN PEMERINTAHAN DAN KESEJAHTERAAN RAKYAT,II.a,2,BIRO PEMERINTAHAN DAN OTONOMI DAERAH,34131,KEPALA BIRO PEMERINTAHAN DAN OTONOMI DAERAH,II.b,6,BAGIAN OTONOMI DAERAH,34126,KEPALA BAGIAN OTONOMI DAERAH,III.a,,,,,,,,,,,,,,,,,,,,,3,,2,34126,III.a,1.00E+11,31,KEPALA BAGIAN OTONOMI DAERAH,BAGIAN OTONOMI DAERAH,141,JL. SAM RATULANGI NO.101 PALU,,,,,,1,,,,,
551,48,INSPEKTORAT DAERAH,33591,INSPEKTUR DAERAH,II.a,237,INSPEKTUR PEMBANTU WILAYAH I,34003,INSPEKTUR PEMBANTU WILAYAH I,III.a,,,,,,,,,,,,,,,,,,,,,,,,,,,,,,,1,,48,34003,III.a,1.04E+11,31,INSPEKTUR PEMBANTU WILAYAH I,INSPEKTUR PEMBANTU WILAYAH I,141,JL. DEWI SARTIKA NO.47 PALU,,,,,,1,,,,,
552,33,DINAS PERKEBUNAN DAN PETERNAKAN,37689,KEPALA DINAS PERKEBUNAN DAN PETERNAKAN,II.a,929,SEKRETARIAT,36556,SEKRETARIS,III.a,,,,,,,,,,,,,,,,,,,,,,,,,,,,,,,1,,33,36556,III.a,1.03E+11,31,SEKRETARIS,SEKRETARIAT,141,JL. R.A. KARTINI NO.25 & 31 PALU,,,,,,1,,,,,
553,12,DINAS KESEHATAN,34343,KEPALA DINAS KESEHATAN,II.a,998,UPT RUMAH SAKIT MADANI PALU,34406,KEPALA UPT RUMAH SAKIT MADANI PALU,III.a,15,BIDANG PENUNJANG PELAYANAN,38708,KEPALA BIDANG PENUNJANG PELAYANAN,III.b,,,,,,,,,,,,,,,,,,,,,,,,,,2,,998,38708,III.b,1.00E+11,32,KEPALA BIDANG PENUNJANG PELAYANAN,BIDANG PENUNJANG PELAYANAN,134,"JL. R.A. KARTINI, NO.11 PALU",,,,,,1,,,,,
554,10,DINAS PENDIDIKAN,33499,KEPALA DINAS PENDIDIKAN,II.a,481,CABANG DINAS PENDIDIKAN MENENGAH WILAYAH II KAB. DONGGALA DAN KAB. PARIGI MOUTONG,33639,KEPALA CABANG DINAS PENDIDIKAN MENENGAH WILAYAH II KAB. DONGGALA DAN KAB. PARIGI MOUTONG,III.b,568,SMA NEGERI 1 BALINGGI KAB. PARIGI MOUTONG,33686,KEPALA SMA NEGERI 1 BALINGGI KAB. PARIGI MOUTONG,IV.b,,,,,,,,,,,,,,,,,,,,,,,,,,2,SMA,481,33686,IV.b,1.03E+11,42,KEPALA SMA NEGERI 1 BALINGGI KAB. PARIGI MOUTONG,SMA NEGERI 1 BALINGGI KAB. PARIGI MOUTONG,132,"JL. SETIA BUDI, NO.9 PALU",,,,,,1,,,,,
189,34,DINAS KEHUTANAN,33380,KEPALA DINAS KEHUTANAN,II.a,485,UPTD KESATUAN PENGELOLAAN HUTAN BALANTAK,33415,KEPALA UPTD KESATUAN PENGELOLAAN HUTAN BALANTAK,III.b,,,,,,,,,,,,,,,,,,,,,,,,,,,,,,,1,,12,33415,III.b,1.02E+11,32,KEPALA UPTD KESATUAN PENGELOLAAN HUTAN BALANTAK,UPTD KESATUAN PENGELOLAAN HUTAN BALANTAK,134,JL. S. PARMAN NO. 9 PALU,,,,,,1,,,,,
555,4,BADAN PENGELOLAAN KEUANGAN DAN ASET DAERAH,33412,KEPALA BADAN PENGELOLAAN KEUANGAN DAN ASET DAERAH,II.a,221,BIDANG PERBENDAHARAAN,33547,KEPALA BIDANG PERBENDAHARAAN,III.a,223,SUB BIDANG BELANJA LANGSUNG,33549,KEPALA SUB BIDANG BELANJA LANGSUNG,IV.a,,,,,,,,,,,,,,,,,,,,,,,,,,2,,221,33549,IV.a,1.03E+11,41,KEPALA SUB BIDANG BELANJA LANGSUNG,SUB BIDANG BELANJA LANGSUNG,133,JL. SAM RATULANGI NO.101 PALU,,,,,,1,,,,,
556,10,DINAS PENDIDIKAN,33499,KEPALA DINAS PENDIDIKAN,II.a,481,CABANG DINAS PENDIDIKAN MENENGAH WILAYAH II KAB. DONGGALA DAN KAB. PARIGI MOUTONG,33639,KEPALA CABANG DINAS PENDIDIKAN MENENGAH WILAYAH II KAB. DONGGALA DAN KAB. PARIGI MOUTONG,III.b,546,SMK NEGERI 1 BALAESANG KAB. DONGGALA,33663,KEPALA SMK NEGERI 1 BALAESANG KAB. DONGGALA,,,,,,,,,,,,,,,,,,,,,,,,,,,2,SMK,481,33663,,1.03E+11,,KEPALA SMK NEGERI 1 BALAESANG KAB. DONGGALA,SMK NEGERI 1 BALAESANG KAB. DONGGALA,,"JL. SETIA BUDI, NO.9 PALU",,,,,,1,,,,,
557,33,DINAS PERKEBUNAN DAN PETERNAKAN,37689,KEPALA DINAS PERKEBUNAN DAN PETERNAKAN,II.a,886,UPT VETERINER,36591,KEPALA UPT VETERINER,III.a,,,,,,,,,,,,,,,,,,,,,,,,,,,,,,,1,UPTD Tipe A,33,36591,III.a,1.03E+11,31,KEPALA UPT VETERINER,UPT VETERINER,141,JL. R.A. KARTINI NO.25 & 31 PALU,,,,,,1,,,,,
558,10,DINAS PENDIDIKAN,33499,KEPALA DINAS PENDIDIKAN,II.a,481,CABANG DINAS PENDIDIKAN MENENGAH WILAYAH II KAB. DONGGALA DAN KAB. PARIGI MOUTONG,33639,KEPALA CABANG DINAS PENDIDIKAN MENENGAH WILAYAH II KAB. DONGGALA DAN KAB. PARIGI MOUTONG,III.b,573,SMK NEGERI 1 TAOPA KAB. PARIGI MOUTONG,33691,KEPALA SMK NEGERI 1 TAOPA KAB. PARIGI MOUTONG,,,,,,,,,,,,,,,,,,,,,,,,,,,2,SMK,481,33691,,1.03E+11,,KEPALA SMK NEGERI 1 TAOPA KAB. PARIGI MOUTONG,SMK NEGERI 1 TAOPA KAB. PARIGI MOUTONG,,"JL. SETIA BUDI, NO.9 PALU",,,,,,1,,,,,
559,10,DINAS PENDIDIKAN,33499,KEPALA DINAS PENDIDIKAN,II.a,481,CABANG DINAS PENDIDIKAN MENENGAH WILAYAH II KAB. DONGGALA DAN KAB. PARIGI MOUTONG,33639,KEPALA CABANG DINAS PENDIDIKAN MENENGAH WILAYAH II KAB. DONGGALA DAN KAB. PARIGI MOUTONG,III.b,585,SMA NEGERI 1 PARIGI BARAT KAB. PARIGI MOUTONG,33703,KEPALA SMA NEGERI 1 PARIGI BARAT KAB. PARIGI MOUTONG,,,,,,,,,,,,,,,,,,,,,,,,,,,2,SMA,481,33703,,1.03E+11,,KEPALA SMA NEGERI 1 PARIGI BARAT KAB. PARIGI MOUTONG,SMA NEGERI 1 PARIGI BARAT KAB. PARIGI MOUTONG,,"JL. SETIA BUDI, NO.9 PALU",,,,,,1,,,,,
560,13,DINAS BINA MARGA DAN TATA RUANG,33455,KEPALA DINAS BINA MARGA DAN PENATAAN RUANG,II.a,390,BIDANG PENATAAN RUANG,33460,KEPALA BIDANG PENATAAN RUANG,III.a,391,SEKSI PEMANFAATAN RUANG,33461,KEPALA SEKSI PEMANFAATAN RUANG,IV.a,,,,,,,,,,,,,,,,,,,,,,,,,,2,,390,33461,IV.a,1.00E+11,41,KEPALA SEKSI PEMANFAATAN RUANG,SEKSI PEMANFAATAN RUANG,133,"JL. TOWUA, NO. 85 PALU",,,,,,1,,,,,
561,49,SEKRETARIAT DAERAH,34461,SEKRETARIS DAERAH,I.b,1,ASISTEN PEMERINTAHAN DAN KESEJAHTERAAN RAKYAT,34132,ASISTEN PEMERINTAHAN DAN KESEJAHTERAAN RAKYAT,II.a,2,BIRO PEMERINTAHAN DAN OTONOMI DAERAH,34131,KEPALA BIRO PEMERINTAHAN DAN OTONOMI DAERAH,II.b,6,BAGIAN OTONOMI DAERAH,34126,KEPALA BAGIAN OTONOMI DAERAH,III.a,41,SUB BAGIAN PENGEMBANGAN OTONOMI DAERAH DAN PENATAAN URUSAN,34124,KEPALA SUB BAGIAN PENGEMBANGAN OTONOMI DAERAH DAN PENATAAN URUSAN,IV.a,,,,,,,,,,,,,,,,4,,6,34124,IV.a,1.00E+11,41,KEPALA SUB BAGIAN PENGEMBANGAN OTONOMI DAERAH DAN PENATAAN URUSAN,SUB BAGIAN PENGEMBANGAN OTONOMI DAERAH DAN PENATAAN URUSAN,133,JL. SAM RATULANGI NO.101 PALU,,,,,,1,,,,,
563,33,DINAS PERKEBUNAN DAN PETERNAKAN,37689,KEPALA DINAS PERKEBUNAN DAN PETERNAKAN,II.a,929,SEKRETARIAT,36556,SEKRETARIS,III.a,930,SUB BAGIAN KEPEGAWAIAN DAN UMUM,36559,KEPALA SUB BAGIAN KEPEGAWAIAN DAN UMUM,IV.a,,,,,,,,,,,,,,,,,,,,,,,,,,2,,929,36559,IV.a,1.03E+11,41,KEPALA SUB BAGIAN KEPEGAWAIAN DAN UMUM,SUB BAGIAN KEPEGAWAIAN DAN UMUM,133,JL. R.A. KARTINI NO.25 & 31 PALU,,,,,,1,,,,,
564,48,INSPEKTORAT DAERAH,33591,INSPEKTUR DAERAH,II.a,234,SEKRETARIAT,33590,SEKRETARIS,III.a,,,,,,,,,,,,,,,,,,,,,,,,,,,,,,,1,,48,33590,III.a,1.04E+11,31,SEKRETARIS,SEKRETARIAT,141,JL. DEWI SARTIKA NO.47 PALU,,,,,,1,,,,,
565,7,BADAN RISET DAN INOVASI DAERAH,33447,KEPALA BADAN RISET DAN INOVASI DAERAH,II.a,260,SEKRETARIAT,33452,KEPALA SEKRETARIAT,III.a,262,SUB BAGIAN KEPEGAWAIAN DAN UMUM,33454,KEPALA SUB BAGIAN KEPEGAWAIAN DAN UMUM,IV.a,,,,,,,,,,,,,,,,,,,,,,,,,,2,,260,33454,IV.a,1.04E+11,41,KEPALA SUB BAGIAN KEPEGAWAIAN DAN UMUM,SUB BAGIAN KEPEGAWAIAN DAN UMUM,133,"JL. GARUDA, NO 30 A PALU",,,,,,1,,,,,
566,17,DINAS TENAGA KERJA DAN TRANSMIGRASI,34947,KEPALA DINAS TENAGA KERJA DAN TRANSMIGRASI,II.a,726,UPT PENGAWASAN KETENAGAKERJAAN WILAYAH I,35271,KEPALA UPT PENGAWASAN KETENAGAKERJAAN WILAYAH I,III.a,,,,,,,,,,,,,,,,,,,,,,,,,,,,,,,1,UPTD Tipe A,17,35271,III.a,1.01E+11,31,KEPALA UPT PENGAWASAN KETENAGAKERJAAN WILAYAH I,UPT PENGAWASAN KETENAGAKERJAAN WILAYAH I,141,JL. R.A. KARTINI NO. 98 PALU,,,,,,1,,,,,
567,48,INSPEKTORAT DAERAH,33591,INSPEKTUR DAERAH,II.a,234,SEKRETARIAT,33590,SEKRETARIS,III.a,236,SUB BAGIAN KEPEGAWAIAN DAN UMUM,34002,KEPALA SUB BAGIAN KEPEGAWAIAN DAN UMUM,IV.a,,,,,,,,,,,,,,,,,,,,,,,,,,2,,234,34002,IV.a,1.04E+11,41,KEPALA SUB BAGIAN KEPEGAWAIAN DAN UMUM,SUB BAGIAN KEPEGAWAIAN DAN UMUM,133,JL. DEWI SARTIKA NO.47 PALU,,,,,,1,,,,,
568,14,DINAS CIPTA KARYA DAN SUMBER DAYA AIR,33805,KEPALA DINAS CIPTA KARYA DAN SUMBER DAYA AIR,II.a,682,UPT SISTEM PENGELOLAAN AIR MINUM DAERAH,33837,KEPALA UPT SISTEM PENGELOLAAN AIR MINUM DAERAH,III.b,683,SUB BAGIAN TATA USAHA,33839,KEPALA SUB BAGIAN TATA USAHA,IV.a,,,,,,,,,,,,,,,,,,,,,,,,,,2,,682,33839,IV.a,1.01E+11,41,KEPALA SUB BAGIAN TATA USAHA,SUB BAGIAN TATA USAHA,133,JL. PROF. MOH. YAMIN NO.33 PALU,,,,,,1,,,,,
569,25,DINAS PERHUBUNGAN,33482,KEPALA DINAS PERHUBUNGAN,II.a,411,UPT PENGELOLAAN PRASARANA PERHUBUNGAN,33495,KEPALA UPT PENGELOLAAN PRASARANA PERHUBUNGAN,III.b,415,SUB BAGIAN TATA USAHA,33498,KEPALA SUB BAGIAN TATA USAHA,IV.a,,,,,,,,,,,,,,,,,,,,,,,,,,2,,411,33498,IV.a,1.02E+11,41,KEPALA SUB BAGIAN TATA USAHA,SUB BAGIAN TATA USAHA,133,JL. R.A. KARTINI NO.35 PALU,,,,,,1,,,,,
570,10,DINAS PENDIDIKAN,33499,KEPALA DINAS PENDIDIKAN,II.a,487,CABANG DINAS PENDIDIKAN MENENGAH WILAYAH IV KAB. MOROWALI DAN KAB. MOROWALI UTARA,33501,KEPALA CABANG DINAS PENDIDIKAN MENENGAH WILAYAH IV KAB. MOROWALI DAN KAB. MOROWALI UTARA,III.b,945,SLB NEGERI KTM MOROWALI KAB. MOROWALI,34151,KEPALA SLB NEGERI KTM MOROWALI KAB. MOROWALI,,,,,,,,,,,,,,,,,,,,,,,,,,,2,SLB,487,34151,,1.03E+11,,KEPALA SLB NEGERI KTM MOROWALI KAB. MOROWALI,SLB NEGERI KTM MOROWALI KAB. MOROWALI,,"JL. SETIA BUDI, NO.9 PALU",,,,,,1,,,,,
571,49,SEKRETARIAT DAERAH,34461,SEKRETARIS DAERAH,I.b,1,ASISTEN PEMERINTAHAN DAN KESEJAHTERAAN RAKYAT,34132,ASISTEN PEMERINTAHAN DAN KESEJAHTERAAN RAKYAT,II.a,9,BIRO KESEJAHTERAAN RAKYAT,34118,KEPALA BIRO KESEJAHTERAAN RAKYAT,II.b,55,BAGIAN KESEJAHTERAAN RAKYAT PELAYANAN DASAR,34109,KEPALA BAGIAN KESEJAHTERAAN RAKYAT PELAYANAN DASAR,III.a,56,SUB BAGIAN KESEHATAN,34108,KEPALA SUB BAGIAN KESEHATAN,IV.a,,,,,,,,,,,,,,,,4,,55,34108,IV.a,1.00E+11,41,KEPALA SUB BAGIAN KESEHATAN,SUB BAGIAN KESEHATAN,133,JL. SAM RATULANGI NO.101 PALU,,,,,,1,,,,,
572,10,DINAS PENDIDIKAN,33499,KEPALA DINAS PENDIDIKAN,II.a,487,CABANG DINAS PENDIDIKAN MENENGAH WILAYAH IV KAB. MOROWALI DAN KAB. MOROWALI UTARA,33501,KEPALA CABANG DINAS PENDIDIKAN MENENGAH WILAYAH IV KAB. MOROWALI DAN KAB. MOROWALI UTARA,III.b,918,SMA NEGERI 1 BUNGKU KAB. MOROWALI,34136,KEPALA SMA NEGERI 1 BUNGKU TENGAH KAB. MOROWALI,,,,,,,,,,,,,,,,,,,,,,,,,,,2,SMA,487,34136,,1.03E+11,,KEPALA SMA NEGERI 1 BUNGKU TENGAH KAB. MOROWALI,SMA NEGERI 1 BUNGKU KAB. MOROWALI,,"JL. SETIA BUDI, NO.9 PALU",,,,,,1,,,,,
573,4,BADAN PENGELOLAAN KEUANGAN DAN ASET DAERAH,33412,KEPALA BADAN PENGELOLAAN KEUANGAN DAN ASET DAERAH,II.a,218,BIDANG AKUNTANSI,33550,KEPALA BIDANG AKUNTANSI,IV.a,219,SUB BIDANG AKUNTANSI DAN PELAPORAN,33551,KEPALA SUB BIDANG AKUNTANSI DAN PELAPORAN,IV.a,,,,,,,,,,,,,,,,,,,,,,,,,,2,,218,33551,IV.a,1.03E+11,41,KEPALA SUB BIDANG AKUNTANSI DAN PELAPORAN,SUB BIDANG AKUNTANSI DAN PELAPORAN,133,JL. SAM RATULANGI NO.101 PALU,,,,,,1,,,,,
574,33,DINAS PERKEBUNAN DAN PETERNAKAN,37689,KEPALA DINAS PERKEBUNAN DAN PETERNAKAN,II.a,926,BIDANG KESEHATAN HEWAN DAN KESEHATAN MASYARAKAT VETERINIER,36569,KEPALA BIDANG KESEHATAN HEWAN DAN KESEHATAN MASYARAKAT VETERINIER,III.a,,,,,,,,,,,,,,,,,,,,,,,,,,,,,,,1,,33,36569,III.a,1.03E+11,31,KEPALA BIDANG KESEHATAN HEWAN DAN KESEHATAN MASYARAKAT VETERINIER,BIDANG KESEHATAN HEWAN DAN KESEHATAN MASYARAKAT VETERINIER,141,JL. R.A. KARTINI NO.25 & 31 PALU,,,,,,1,,,,,
575,48,INSPEKTORAT DAERAH,33591,INSPEKTUR DAERAH,II.a,234,SEKRETARIAT,33590,SEKRETARIS,III.a,235,"SUB BAGIAN PROGRAM, KEUANGAN DAN ASET",34001,"KEPALA SUB BAGIAN PROGRAM, KEUANGAN DAN ASET",IV.a,,,,,,,,,,,,,,,,,,,,,,,,,,2,,234,34001,IV.a,1.04E+11,41,"KEPALA SUB BAGIAN PROGRAM, KEUANGAN DAN ASET","SUB BAGIAN PROGRAM, KEUANGAN DAN ASET",133,JL. DEWI SARTIKA NO.47 PALU,,,,,,1,,,,,
576,49,SEKRETARIAT DAERAH,34461,SEKRETARIS DAERAH,I.b,72,ASISTEN PEREKONOMIAN DAN PEMBANGUNAN,39771,ASISTEN PEREKONOMIAN DAN PEMBANGUNAN,II.a,118,BIRO PENGADAAN BARANG/JASA,38323,KEPALA BIRO PENGADAAN BARANG/JASA,II.b,119,BAGIAN PENGELOLAAN PENGADAAN BARANG/JASA,38334,KEPALA BAGIAN PENGELOLAAN PENGADAAN BARANG/JASA,III.a,122,SUB BAGIAN PEMANTAUAN DAN EVALUASI PENGADAAN BARANG/JASA,38474,KEPALA SUB BAGIAN PEMANTAUAN DAN EVALUASI PENGADAAN BARANG/JASA,IV.a,,,,,,,,,,,,,,,,4,,119,38474,IV.a,1.00E+11,41,KEPALA SUB BAGIAN PEMANTAUAN DAN EVALUASI PENGADAAN BARANG/JASA,SUB BAGIAN PEMANTAUAN DAN EVALUASI PENGADAAN BARANG/JASA,133,JL. SAM RATULANGI NO.101 PALU,,,,,,1,,,,,
577,14,DINAS CIPTA KARYA DAN SUMBER DAYA AIR,33805,KEPALA DINAS CIPTA KARYA DAN SUMBER DAYA AIR,II.a,679,"BIDANG SUNGAI, PANTAI, DANAU DAN AIR BAKU",33823,"KEPALA BIDANG SUNGAI, PANTAI, DANAU DAN AIR BAKU",III.a,680,"SEKSI PENGENDALIAN SUNGAI, PANTAI, DANAU DAN AIR BAKU",33825,"KEPALA SEKSI PENGENDALIAN SUNGAI, PANTAI, DANAU DAN AIR BAKU",IV.a,,,,,,,,,,,,,,,,,,,,,,,,,,2,,679,33825,IV.a,1.01E+11,41,"KEPALA SEKSI PENGENDALIAN SUNGAI, PANTAI, DANAU DAN AIR BAKU","SEKSI PENGENDALIAN SUNGAI, PANTAI, DANAU DAN AIR BAKU",133,JL. PROF. MOH. YAMIN NO.33 PALU,,,,,,1,,,,,
578,3,BADAN PENDAPATAN DAERAH,33784,KEPALA BADAN PENDAPATAN DAERAH,II.a,333,UPTD BADAN PENDAPATAN WILAYAH VI,33846,KEPALA UPTD BADAN PENDAPATAN WILAYAH VI,III.b,334,SUB BAGIAN TATA USAHA,33847,KEPALA SUB BAGIAN TATA USAHA,IV.a,,,,,,,,,,,,,,,,,,,,,,,,,,2,,333,33847,IV.a,1.03E+11,41,KEPALA SUB BAGIAN TATA USAHA,SUB BAGIAN TATA USAHA,133,JL. PROF. DR. MOH. YAMIN NO. 34 PALU,,,,,,1,,,,,
579,36,DINAS ENERGI DAN SUMBER DAYA MINERAL,33744,KEPALA DINAS ENERGI DAN SUMBER DAYA MINERAL,II.a,635,SEKRETARIAT,33745,SEKRETARIS,III.a,,,,,,,,,,,,,,,,,,,,,,,,,,,,,,,1,,36,33745,III.a,1.02E+11,31,SEKRETARIS,SEKRETARIAT,141,JL. SAM RATULANGI NO.25 PALU,,,,,,1,,,,,
580,25,DINAS PERHUBUNGAN,33482,KEPALA DINAS PERHUBUNGAN,II.a,416,BIDANG PELAYARAN LAUT DAN LLASDP,33492,KEPALA BIDANG PELAYARAN LAUT DAN LLASDP,III.a,418,SEKSI LALU LINTAS ANGKUTAN LAUT,33494,KEPALA SEKSI LALU LINTAS ANGKUTAN LAUT,IV.a,,,,,,,,,,,,,,,,,,,,,,,,,,2,,416,33494,IV.a,1.02E+11,41,KEPALA SEKSI LALU LINTAS ANGKUTAN LAUT,SEKSI LALU LINTAS ANGKUTAN LAUT,133,JL. R.A. KARTINI NO.35 PALU,,,,,,1,,,,,
581,17,DINAS TENAGA KERJA DAN TRANSMIGRASI,34947,KEPALA DINAS TENAGA KERJA DAN TRANSMIGRASI,II.a,710,BIDANG PEMBINAAN HUBUNGAN INDUSTRIAL DAN PENGAWASAN KETENAGAKERJAAN,34975,KEPALA BIDANG PEMBINAAN HUBUNGAN INDUSTRIAL DAN PENGAWASAN KETENAGAKERJAAN,III.a,712,"SEKSI SYARAT KERJA, PENGUPAHAN DAN JAMINAN SOSIAL",34983,"KEPALA SEKSI SYARAT KERJA, PENGUPAHAN DAN JAMINAN SOSIAL",IV.a,,,,,,,,,,,,,,,,,,,,,,,,,,2,,710,34983,IV.a,1.01E+11,41,"KEPALA SEKSI SYARAT KERJA, PENGUPAHAN DAN JAMINAN SOSIAL","SEKSI SYARAT KERJA, PENGUPAHAN DAN JAMINAN SOSIAL",133,JL. R.A. KARTINI NO. 98 PALU,,,,,,1,,,,,
582,49,SEKRETARIAT DAERAH,34461,SEKRETARIS DAERAH,I.b,144,ASISTEN ADMINISTRASI UMUM,33353,ASISTEN ADMINISTRASI UMUM,II.a,158,BIRO UMUM,34048,KEPALA BIRO UMUM,II.b,159,BAGIAN RUMAH TANGGA,34050,KEPALA BAGIAN RUMAH TANGGA,III.a,162,SUB BAGIAN URUSAN DALAM,34058,KEPALA SUB BAGIAN URUSAN DALAM,IV.a,,,,,,,,,,,,,,,,4,,159,34058,IV.a,1.00E+11,41,KEPALA SUB BAGIAN URUSAN DALAM,SUB BAGIAN URUSAN DALAM,133,JL. SAM RATULANGI NO.101 PALU,,,,,,1,,,,,
583,49,SEKRETARIAT DAERAH,34461,SEKRETARIS DAERAH,I.b,1,ASISTEN PEMERINTAHAN DAN KESEJAHTERAAN RAKYAT,34132,ASISTEN PEMERINTAHAN DAN KESEJAHTERAAN RAKYAT,II.a,59,BIRO HUKUM,34105,KEPALA BIRO HUKUM,II.b,60,BAGIAN PERATURAN PERUNDANG-UNDANGAN PROVINSI,34104,KEPALA BAGIAN PERATURAN PERUNDANG-UNDANGAN PROVINSI,III.a,62,SUB BAGIAN PENYUSUNAN PRODUK HUKUM PENETAPAN,34102,KEPALA SUB BAGIAN PENYUSUNAN PRODUK HUKUM PENETAPAN,IV.a,,,,,,,,,,,,,,,,4,,60,34102,IV.a,1.00E+11,41,KEPALA SUB BAGIAN PENYUSUNAN PRODUK HUKUM PENETAPAN,SUB BAGIAN PENYUSUNAN PRODUK HUKUM PENETAPAN,133,JL. SAM RATULANGI NO.101 PALU,,,,,,1,,,,,
584,12,DINAS KESEHATAN,34343,KEPALA DINAS KESEHATAN,II.a,1135,UPT LABORATORIUM KESEHATAN,38704,KEPALA UPT LABORATORIUM KESEHATAN,III.b,1138,SEKSI PENGUJIAN,38706,KEPALA SEKSI PENGUJIAN,IV.a,,,,,,,,,,,,,,,,,,,,,,,,,,2,,1135,38706,IV.a,1.00E+11,41,KEPALA SEKSI PENGUJIAN,SEKSI PENGUJIAN,133,"JL. R.A. KARTINI, NO.11 PALU",,,,,,1,,,,,
585,35,DINAS PERINDUSTRIAN DAN PERDAGANGAN,33359,KEPALA DINAS PERINDUSTRIAN DAN PERDAGANGAN,II.a,112,UPTD PENGAWASAN DAN PERLINDUNGAN KONSUMEN,33376,KEPALA UPT PENGAWASAN DAN PERLINDUNGAN KONSUMEN,III.b,296,SUB BAGIAN TATA USAHA,33377,KEPALA SUB BAGIAN TATA USAHA,IV.a,,,,,,,,,,,,,,,,,,,,,,,,,,2,UPTD Tipe A,112,33377,IV.a,1.02E+11,41,KEPALA SUB BAGIAN TATA USAHA,SUB BAGIAN TATA USAHA,133,JL. R.A. KARTINI NO.18 PALU,,,,,,1,,,,,
586,14,DINAS CIPTA KARYA DAN SUMBER DAYA AIR,33805,KEPALA DINAS CIPTA KARYA DAN SUMBER DAYA AIR,II.a,686,UPT PENGELOLAAN SUMBER DAYA AIR WILAYAH I,33877,KEPALA UPT PENGELOLAAN SUMBER DAYA AIR WILAYAH I,III.b,,,,,,,,,,,,,,,,,,,,,,,,,,,,,,,1,UPTD Tipe A,14,33877,III.b,1.01E+11,32,KEPALA UPT PENGELOLAAN SUMBER DAYA AIR WILAYAH I,UPT PENGELOLAAN SUMBER DAYA AIR WILAYAH I,134,JL. PROF. MOH. YAMIN NO.33 PALU,,,,,,1,,,,,
587,14,DINAS CIPTA KARYA DAN SUMBER DAYA AIR,33805,KEPALA DINAS CIPTA KARYA DAN SUMBER DAYA AIR,II.a,690,UPT PENGELOLAAN SUMBER DAYA AIR WILAYAH II,33878,KEPALA UPT PENGELOLAAN SUMBER DAYA AIR WILAYAH II,III.b,693,SEKSI HIDROLOGI DAN SISTEM INFORMASI MANAJEMEN,33884,KEPALA SEKSI HIDROLOGI DAN SISTEM INFORMASI MANAJEMEN,IV.a,,,,,,,,,,,,,,,,,,,,,,,,,,2,,690,33884,IV.a,1.01E+11,41,KEPALA SEKSI HIDROLOGI DAN SISTEM INFORMASI MANAJEMEN,SEKSI HIDROLOGI DAN SISTEM INFORMASI MANAJEMEN,133,JL. PROF. MOH. YAMIN NO.33 PALU,,,,,,1,,,,,
588,18,DINAS PEMBERDAYAAN PEREMPUAN DAN PERLINDUNGAN ANAK ,33338,KEPALA DINAS PEMBERDAYAAN PEREMPUAN DAN PERLINDUNGAN ANAK ,II.a,85,UPT PERLINDUNGAN PEREMPUAN DAN ANAK,33346,KEPALA UPT PERLINDUNGAN PEREMPUAN DAN ANAK,III.a,86,SUB BAGIAN TATA USAHA,33347,KEPALA SUB BAGIAN TATA USAHA,IV.a,,,,,,,,,,,,,,,,,,,,,,,,,,2,UPTD Tipe A,85,33347,IV.a,1.01E+11,41,KEPALA SUB BAGIAN TATA USAHA,SUB BAGIAN TATA USAHA,133,JL. MANGUNSARKORO NO. 31. PALU,,,,,,1,,,,,
589,33,DINAS PERKEBUNAN DAN PETERNAKAN,37689,KEPALA DINAS PERKEBUNAN DAN PETERNAKAN,II.a,882,UPT BALAI PERBENIHAN TANAMAN PERKEBUNAN,36599,KEPALA UPT BALAI PERBENIHAN TANAMAN PERKEBUNAN,III.a,884,SEKSI PERBENIHAN TANAMAN TAHUNAN DAN PENYEGAR,36601,KEPALA SEKSI PERBENIHAN TANAMAN TAHUNAN DAN PENYEGAR,IV.a,,,,,,,,,,,,,,,,,,,,,,,,,,2,,882,36601,IV.a,1.03E+11,41,KEPALA SEKSI PERBENIHAN TANAMAN TAHUNAN DAN PENYEGAR,SEKSI PERBENIHAN TANAMAN TAHUNAN DAN PENYEGAR,133,JL. R.A. KARTINI NO.25 & 31 PALU,,,,,,1,,,,,
590,10,DINAS PENDIDIKAN,33499,KEPALA DINAS PENDIDIKAN,II.a,487,CABANG DINAS PENDIDIKAN MENENGAH WILAYAH IV KAB. MOROWALI DAN KAB. MOROWALI UTARA,33501,KEPALA CABANG DINAS PENDIDIKAN MENENGAH WILAYAH IV KAB. MOROWALI DAN KAB. MOROWALI UTARA,III.b,939,SMK NEGERI 1 MENUI KAB. MOROWALI,34145,KEPALA SMK NEGERI 1 MENUI KAB. MOROWALI,,,,,,,,,,,,,,,,,,,,,,,,,,,2,SMK,487,34145,,1.03E+11,,KEPALA SMK NEGERI 1 MENUI KAB. MOROWALI,SMK NEGERI 1 MENUI KAB. MOROWALI,,"JL. SETIA BUDI, NO.9 PALU",,,,,,1,,,,,
591,10,DINAS PENDIDIKAN,33499,KEPALA DINAS PENDIDIKAN,II.a,487,CABANG DINAS PENDIDIKAN MENENGAH WILAYAH IV KAB. MOROWALI DAN KAB. MOROWALI UTARA,33501,KEPALA CABANG DINAS PENDIDIKAN MENENGAH WILAYAH IV KAB. MOROWALI DAN KAB. MOROWALI UTARA,III.b,941,SMK NEGERI 1 BUNGKU SELATAN KAB. MOROWALI,34147,KEPALA SMK NEGERI 1 BUNGKU SELATAN KAB. MOROWALI,,,,,,,,,,,,,,,,,,,,,,,,,,,2,SMK,487,34147,,1.03E+11,,KEPALA SMK NEGERI 1 BUNGKU SELATAN KAB. MOROWALI,SMK NEGERI 1 BUNGKU SELATAN KAB. MOROWALI,,"JL. SETIA BUDI, NO.9 PALU",,,,,,1,,,,,
592,36,DINAS ENERGI DAN SUMBER DAYA MINERAL,33744,KEPALA DINAS ENERGI DAN SUMBER DAYA MINERAL,II.a,639,BIDANG MINERAL DAN BATUBARA,33923,KEPALA BIDANG MINERAL DAN BATUBARA,III.a,,,,,,,,,,,,,,,,,,,,,,,,,,,,,,,1,,36,33923,III.a,1.02E+11,31,KEPALA BIDANG MINERAL DAN BATUBARA,BIDANG MINERAL DAN BATUBARA,141,JL. SAM RATULANGI NO.25 PALU,,,,,,1,,,,,
593,49,SEKRETARIAT DAERAH,34461,SEKRETARIS DAERAH,I.b,1,ASISTEN PEMERINTAHAN DAN KESEJAHTERAAN RAKYAT,34132,ASISTEN PEMERINTAHAN DAN KESEJAHTERAAN RAKYAT,II.a,9,BIRO KESEJAHTERAAN RAKYAT,34118,KEPALA BIRO KESEJAHTERAAN RAKYAT,II.b,10,BAGIAN BINA MENTAL SPIRITUAL,34117,KEPALA BAGIAN BINA MENTAL SPIRITUAL,III.a,,,,,,,,,,,,,,,,,,,,,3,,9,34117,III.a,1.00E+11,31,KEPALA BAGIAN BINA MENTAL SPIRITUAL,BAGIAN BINA MENTAL SPIRITUAL,141,JL. SAM RATULANGI NO.101 PALU,,,,,,1,,,,,
594,36,DINAS ENERGI DAN SUMBER DAYA MINERAL,33744,KEPALA DINAS ENERGI DAN SUMBER DAYA MINERAL,II.a,650,CABANG DINAS ENERGI DAN SUMBER DAYA MINERAL WILAYAH II,33935,KEPALA CABANG DINAS ENERGI DAN SUMBER DAYA MINERAL WILAYAH II,III.b,651,SUB BAGIAN TATA USAHA,33936,KEPALA SUB BAGIAN TATA USAHA,IV.a,,,,,,,,,,,,,,,,,,,,,,,,,,2,,650,33936,IV.a,1.02E+11,41,KEPALA SUB BAGIAN TATA USAHA,SUB BAGIAN TATA USAHA,133,JL. SAM RATULANGI NO.25 PALU,,,,,,1,,,,,
595,36,DINAS ENERGI DAN SUMBER DAYA MINERAL,33744,KEPALA DINAS ENERGI DAN SUMBER DAYA MINERAL,II.a,654,CABANG DINAS ENERGI DAN SUMBER DAYA MINERAL WILAYAH III,33939,KEPALA CABANG DINAS ENERGI DAN SUMBER DAYA MINERAL WILAYAH III,III.b,656,SEKSI PERTAMBANGAN,33941,KEPALA SEKSI PERTAMBANGAN,IV.a,,,,,,,,,,,,,,,,,,,,,,,,,,2,,654,33941,IV.a,1.02E+11,41,KEPALA SEKSI PERTAMBANGAN,SEKSI PERTAMBANGAN,133,JL. SAM RATULANGI NO.25 PALU,,,,,,1,,,,,
596,33,DINAS PERKEBUNAN DAN PETERNAKAN,37689,KEPALA DINAS PERKEBUNAN DAN PETERNAKAN,II.a,890,UPT PEMBIBITAN TERNAK,36584,KEPALA UPT PEMBIBITAN TERNAK,III.a,893,SUB BAGIAN TATA USAHA,36590,KEPALA SUB BAGIAN TATA USAHA,IV.a,,,,,,,,,,,,,,,,,,,,,,,,,,2,,890,36590,IV.a,1.03E+11,41,KEPALA SUB BAGIAN TATA USAHA,SUB BAGIAN TATA USAHA,133,JL. R.A. KARTINI NO.25 & 31 PALU,,,,,,1,,,,,
597,12,DINAS KESEHATAN,34343,KEPALA DINAS KESEHATAN,II.a,967,UPT RUMAH SAKIT UMUM DAERAH UNDATA,34390,KEPALA UPT RUMAH SAKIT UMUM DAERAH UNDATA,II.b,995,BIDANG REKAM MEDIK DAN INFORMASI,34404,KEPALA BIDANG REKAM MEDIK DAN INFORMASI,III.a,997,SEKSI INFORMASI DAN PEMASARAN,,,,,,,,,,,,,,,,,,,,,,,,3,,995,,,1.00E+11,,,SEKSI INFORMASI DAN PEMASARAN,,"JL. R.A. KARTINI, NO.11 PALU",,,,,,0,,,,,
598,10,DINAS PENDIDIKAN,33499,KEPALA DINAS PENDIDIKAN,II.a,494,CABANG DINAS PENDIDIKAN MENENGAH WILAYAH VI TOLITOLI DAN BUOL,33503,KEPALA CABANG DINAS PENDIDIKAN MENENGAH WILAYAH VI TOLITOLI DAN BUOL,III.b,1125,SMK NEGERI 1 TILOAN KAB. BUOL,34368,KEPALA SMK NEGERI 1 TILOAN KAB. BUOL,,,,,,,,,,,,,,,,,,,,,,,,,,,2,SMK,494,34368,,1.03E+11,,KEPALA SMK NEGERI 1 TILOAN KAB. BUOL,SMK NEGERI 1 TILOAN KAB. BUOL,,"JL. SETIA BUDI, NO.9 PALU",,,,,,1,,,,,
599,10,DINAS PENDIDIKAN,33499,KEPALA DINAS PENDIDIKAN,II.a,481,CABANG DINAS PENDIDIKAN MENENGAH WILAYAH II KAB. DONGGALA DAN KAB. PARIGI MOUTONG,33639,KEPALA CABANG DINAS PENDIDIKAN MENENGAH WILAYAH II KAB. DONGGALA DAN KAB. PARIGI MOUTONG,III.b,1142,SMK NEGERI 1 SOJOL UTARA KAB. DONGGALA,,,,,,,,,,,,,,,,,,,,,,,,,,,,,2,SMK,481,,,1.03E+11,,,SMK NEGERI 1 SOJOL UTARA KAB. DONGGALA,,"JL. SETIA BUDI, NO.9 PALU",,,,,,1,,,,,
600,10,DINAS PENDIDIKAN,33499,KEPALA DINAS PENDIDIKAN,II.a,365,CABANG DINAS PENDIDIKAN MENENGAH WILAYAH I KOTA PALU DAN KAB. SIGI,33513,KEPALA CABANG DINAS PENDIDIKAN MENENGAH WILAYAH I KOTA PALU DAN KAB. SIGI,III.b,408,SMK NEGERI 1 PALU KOTA PALU,33531,KEPALA SMK NEGERI 1 PALU KOTA PALU,,,,,,,,,,,,,,,,,,,,,,,,,,,2,SMK,365,33531,,1.03E+11,,KEPALA SMK NEGERI 1 PALU KOTA PALU,SMK NEGERI 1 PALU KOTA PALU,,"JL. SETIA BUDI, NO.9 PALU",,,,,,1,,,,,
601,49,SEKRETARIAT DAERAH,34461,SEKRETARIS DAERAH,I.b,1,ASISTEN PEMERINTAHAN DAN KESEJAHTERAAN RAKYAT,34132,ASISTEN PEMERINTAHAN DAN KESEJAHTERAAN RAKYAT,II.a,9,BIRO KESEJAHTERAAN RAKYAT,34118,KEPALA BIRO KESEJAHTERAAN RAKYAT,II.b,10,BAGIAN BINA MENTAL SPIRITUAL,34117,KEPALA BAGIAN BINA MENTAL SPIRITUAL,III.a,12,SUB BAGIAN TATA USAHA,34116,KEPALA SUB BAGIAN TATA USAHA,IV.a,,,,,,,,,,,,,,,,4,,10,34116,IV.a,1.00E+11,41,KEPALA SUB BAGIAN TATA USAHA,SUB BAGIAN TATA USAHA,133,JL. SAM RATULANGI NO.101 PALU,,,,,,1,,,,,
602,36,DINAS ENERGI DAN SUMBER DAYA MINERAL,33744,KEPALA DINAS ENERGI DAN SUMBER DAYA MINERAL,II.a,650,CABANG DINAS ENERGI DAN SUMBER DAYA MINERAL WILAYAH II,33935,KEPALA CABANG DINAS ENERGI DAN SUMBER DAYA MINERAL WILAYAH II,III.b,653,"SEKSI AIR, TANAH DAN ENERGI",33938,"KEPALA SEKSI AIR, TANAH DAN ENERGI",IV.a,,,,,,,,,,,,,,,,,,,,,,,,,,2,,650,33938,IV.a,1.02E+11,41,"KEPALA SEKSI AIR, TANAH DAN ENERGI","SEKSI AIR, TANAH DAN ENERGI",133,JL. SAM RATULANGI NO.25 PALU,,,,,,1,,,,,
603,10,DINAS PENDIDIKAN,33499,KEPALA DINAS PENDIDIKAN,II.a,481,CABANG DINAS PENDIDIKAN MENENGAH WILAYAH II KAB. DONGGALA DAN KAB. PARIGI MOUTONG,33639,KEPALA CABANG DINAS PENDIDIKAN MENENGAH WILAYAH II KAB. DONGGALA DAN KAB. PARIGI MOUTONG,III.b,584,SMA NEGERI 1 TOMINI KAB. PARIGI MOUTONG,33702,KEPALA SMA NEGERI 1 TOMINI KAB. PARIGI MOUTONG,,,,,,,,,,,,,,,,,,,,,,,,,,,2,SMA,481,33702,,1.03E+11,,KEPALA SMA NEGERI 1 TOMINI KAB. PARIGI MOUTONG,SMA NEGERI 1 TOMINI KAB. PARIGI MOUTONG,,"JL. SETIA BUDI, NO.9 PALU",,,,,,1,,,,,
604,36,DINAS ENERGI DAN SUMBER DAYA MINERAL,33744,KEPALA DINAS ENERGI DAN SUMBER DAYA MINERAL,II.a,650,CABANG DINAS ENERGI DAN SUMBER DAYA MINERAL WILAYAH II,33935,KEPALA CABANG DINAS ENERGI DAN SUMBER DAYA MINERAL WILAYAH II,III.b,,,,,,,,,,,,,,,,,,,,,,,,,,,,,,,1,Cabang,36,33935,III.b,1.02E+11,32,KEPALA CABANG DINAS ENERGI DAN SUMBER DAYA MINERAL WILAYAH II,CABANG DINAS ENERGI DAN SUMBER DAYA MINERAL WILAYAH II,134,JL. SAM RATULANGI NO.25 PALU,,,,,,1,,,,,
605,33,DINAS PERKEBUNAN DAN PETERNAKAN,37689,KEPALA DINAS PERKEBUNAN DAN PETERNAKAN,II.a,894,UPT PENGAWASAN MUTU DAN SERTIFIKASI BENIH PERKEBUNAN,36579,KEPALA UPT PENGAWASAN MUTU DAN SERTIFIKASI BENIH PERKEBUNAN,III.a,920,SUB BAGIAN TATA USAHA,36582,KEPALA SUB BAGIAN TATA USAHA,IV.a,,,,,,,,,,,,,,,,,,,,,,,,,,2,,894,36582,IV.a,1.03E+11,41,KEPALA SUB BAGIAN TATA USAHA,SUB BAGIAN TATA USAHA,133,JL. R.A. KARTINI NO.25 & 31 PALU,,,,,,1,,,,,
606,49,SEKRETARIAT DAERAH,34461,SEKRETARIS DAERAH,I.b,1,ASISTEN PEMERINTAHAN DAN KESEJAHTERAAN RAKYAT,34132,ASISTEN PEMERINTAHAN DAN KESEJAHTERAAN RAKYAT,II.a,9,BIRO KESEJAHTERAAN RAKYAT,34118,KEPALA BIRO KESEJAHTERAAN RAKYAT,II.b,51,BAGIAN KESEJAHTERAAN RAKYAT NON PELAYANAN DASAR,34113,KEPALA BAGIAN KESEJAHTERAAN RAKYAT NON PELAYANAN DASAR,III.a,,,,,,,,,,,,,,,,,,,,,3,,9,34113,III.a,1.00E+11,31,KEPALA BAGIAN KESEJAHTERAAN RAKYAT NON PELAYANAN DASAR,BAGIAN KESEJAHTERAAN RAKYAT NON PELAYANAN DASAR,141,JL. SAM RATULANGI NO.101 PALU,,,,,,1,,,,,
607,36,DINAS ENERGI DAN SUMBER DAYA MINERAL,33744,KEPALA DINAS ENERGI DAN SUMBER DAYA MINERAL,II.a,662,CABANG DINAS ENERGI DAN SUMBER DAYA MINERAL WILAYAH V,33947,KEPALA CABANG DINAS ENERGI DAN SUMBER DAYA MINERAL WILAYAH V,III.b,,,,,,,,,,,,,,,,,,,,,,,,,,,,,,,1,Cabang,36,33947,III.b,1.02E+11,32,KEPALA CABANG DINAS ENERGI DAN SUMBER DAYA MINERAL WILAYAH V,CABANG DINAS ENERGI DAN SUMBER DAYA MINERAL WILAYAH V,134,JL. SAM RATULANGI NO.25 PALU,,,,,,1,,,,,
608,10,DINAS PENDIDIKAN,33499,KEPALA DINAS PENDIDIKAN,II.a,365,CABANG DINAS PENDIDIKAN MENENGAH WILAYAH I KOTA PALU DAN KAB. SIGI,33513,KEPALA CABANG DINAS PENDIDIKAN MENENGAH WILAYAH I KOTA PALU DAN KAB. SIGI,III.b,426,SMK NEGERI 6 PALU KOTA PALU,33536,KEPALA SMK NEGERI 6 PALU KOTA PALU,,,,,,,,,,,,,,,,,,,,,,,,,,,2,SMK,365,33536,,1.03E+11,,KEPALA SMK NEGERI 6 PALU KOTA PALU,SMK NEGERI 6 PALU KOTA PALU,,"JL. SETIA BUDI, NO.9 PALU",,,,,,1,,,,,
610,10,DINAS PENDIDIKAN,33499,KEPALA DINAS PENDIDIKAN,II.a,365,CABANG DINAS PENDIDIKAN MENENGAH WILAYAH I KOTA PALU DAN KAB. SIGI,33513,KEPALA CABANG DINAS PENDIDIKAN MENENGAH WILAYAH I KOTA PALU DAN KAB. SIGI,III.b,432,SD NEGERI MODEL TERPADU MADANI,33539,KEPALA SD NEGERI MODEL TERPADU MADANI,,,,,,,,,,,,,,,,,,,,,,,,,,,2,,365,33539,,1.03E+11,,KEPALA SD NEGERI MODEL TERPADU MADANI,SD NEGERI MODEL TERPADU MADANI,,"JL. SETIA BUDI, NO.9 PALU",,,,,,1,,,,,
611,36,DINAS ENERGI DAN SUMBER DAYA MINERAL,33744,KEPALA DINAS ENERGI DAN SUMBER DAYA MINERAL,II.a,658,CABANG DINAS ENERGI DAN SUMBER DAYA MINERAL WILAYAH IV,33943,KEPALA CABANG DINAS ENERGI DAN SUMBER DAYA MINERAL WILAYAH IV,III.b,659,SUB BAGIAN TATA USAHA,33944,KEPALA SUB BAGIAN TATA USAHA,IV.a,,,,,,,,,,,,,,,,,,,,,,,,,,2,,658,33944,IV.a,1.02E+11,41,KEPALA SUB BAGIAN TATA USAHA,SUB BAGIAN TATA USAHA,133,JL. SAM RATULANGI NO.25 PALU,,,,,,1,,,,,
612,36,DINAS ENERGI DAN SUMBER DAYA MINERAL,33744,KEPALA DINAS ENERGI DAN SUMBER DAYA MINERAL,II.a,658,CABANG DINAS ENERGI DAN SUMBER DAYA MINERAL WILAYAH IV,33943,KEPALA CABANG DINAS ENERGI DAN SUMBER DAYA MINERAL WILAYAH IV,III.b,660,SEKSI PERTAMBANGAN,33945,KEPALA SEKSI PERTAMBANGAN,IV.a,,,,,,,,,,,,,,,,,,,,,,,,,,2,,658,33945,IV.a,1.02E+11,41,KEPALA SEKSI PERTAMBANGAN,SEKSI PERTAMBANGAN,133,JL. SAM RATULANGI NO.25 PALU,,,,,,1,,,,,
613,33,DINAS PERKEBUNAN DAN PETERNAKAN,37689,KEPALA DINAS PERKEBUNAN DAN PETERNAKAN,II.a,925,BIDANG PETERNAKAN DAN PENYULUHAN,36574,KEPALA BIDANG PETERNAKAN DAN PENYULUHAN,III.a,,,,,,,,,,,,,,,,,,,,,,,,,,,,,,,1,,33,36574,III.a,1.03E+11,31,KEPALA BIDANG PETERNAKAN DAN PENYULUHAN,BIDANG PETERNAKAN DAN PENYULUHAN,141,JL. R.A. KARTINI NO.25 & 31 PALU,,,,,,1,,,,,
614,3,BADAN PENDAPATAN DAERAH,33784,KEPALA BADAN PENDAPATAN DAERAH,II.a,299,SEKRETARIAT,33786,SEKRETARIS,III.a,,,,,,,,,,,,,,,,,,,,,,,,,,,,,,,1,,3,33786,III.a,1.03E+11,31,SEKRETARIS,SEKRETARIAT,141,JL. PROF. DR. MOH. YAMIN NO. 34 PALU,,,,,,1,,,,,
615,12,DINAS KESEHATAN,34343,KEPALA DINAS KESEHATAN,II.a,998,UPT RUMAH SAKIT MADANI PALU,34406,KEPALA UPT RUMAH SAKIT MADANI PALU,III.a,10,BIDANG PELAYANAN,34411,KEPALA BIDANG PELAYANAN,III.a,12,SEKSI PELAYANAN MEDIS,34412,KEPALA SEKSI PELAYANAN MEDIS,IV.a,,,,,,,,,,,,,,,,,,,,,3,,10,34412,IV.a,1.00E+11,41,KEPALA SEKSI PELAYANAN MEDIS,SEKSI PELAYANAN MEDIS,133,"JL. R.A. KARTINI, NO.11 PALU",,,,,,1,,,,,
616,10,DINAS PENDIDIKAN,33499,KEPALA DINAS PENDIDIKAN,II.a,365,CABANG DINAS PENDIDIKAN MENENGAH WILAYAH I KOTA PALU DAN KAB. SIGI,33513,KEPALA CABANG DINAS PENDIDIKAN MENENGAH WILAYAH I KOTA PALU DAN KAB. SIGI,III.b,412,SMK NEGERI 4 PALU KOTA PALU,33534,KEPALA SMK NEGERI 4 PALU KOTA PALU,,,,,,,,,,,,,,,,,,,,,,,,,,,2,SMK,365,33534,,1.03E+11,,KEPALA SMK NEGERI 4 PALU KOTA PALU,SMK NEGERI 4 PALU KOTA PALU,,"JL. SETIA BUDI, NO.9 PALU",,,,,,1,,,,,
617,3,BADAN PENDAPATAN DAERAH,33784,KEPALA BADAN PENDAPATAN DAERAH,II.a,333,UPTD BADAN PENDAPATAN WILAYAH VI,33846,KEPALA UPTD BADAN PENDAPATAN WILAYAH VI,III.b,335,SEKSI PELAYANAN PAJAK KENDARAAN BERMOTOR DAN BEA BALIK NAMA KENDARAAN BERMOTOR,33848,KEPALA SEKSI PELAYANAN PAJAK KENDARAAN BERMOTOR DAN BEA BALIK NAMA KENDARAAN BERMOTOR,IV.a,,,,,,,,,,,,,,,,,,,,,,,,,,2,,333,33848,IV.a,1.03E+11,41,KEPALA SEKSI PELAYANAN PAJAK KENDARAAN BERMOTOR DAN BEA BALIK NAMA KENDARAAN BERMOTOR,SEKSI PELAYANAN PAJAK KENDARAAN BERMOTOR DAN BEA BALIK NAMA KENDARAAN BERMOTOR,133,JL. PROF. DR. MOH. YAMIN NO. 34 PALU,,,,,,1,,,,,
618,6,BADAN PENGEMBANGAN SUMBER DAYA MANUSIA,33558,KEPALA BADAN PENGEMBANGAN SUMBER DAYA MANUSIA,II.a,211,BIDANG PENGEMBANGAN KOMPETENSI TEKNIS,33560,KEPALA BIDANG PENGEMBANGAN KOMPETENSI TEKNIS,III.a,,,,,,,,,,,,,,,,,,,,,,,,,,,,,,,1,,6,33560,III.a,1.03E+11,31,KEPALA BIDANG PENGEMBANGAN KOMPETENSI TEKNIS,BIDANG PENGEMBANGAN KOMPETENSI TEKNIS,141,"JL. S. PARMAN, BESUSU TENGAH PALU",,,,,,1,,,,,
619,1,BADAN PERENCANAAN PEMBANGUNAN DAERAH,33570,KEPALA BADAN PERENCANAAN PEMBANGUNAN DAERAH,II.a,227,SEKRETARIAT,33571,SEKRETARIS,III.a,,,,,,,,,,,,,,,,,,,,,,,,,,,,,,,1,,1,33571,III.a,1.04E+11,31,SEKRETARIS,SEKRETARIAT,141,JL. MOH. YAMIN NO. 7 PALU,,,,,,1,,,,,
620,3,BADAN PENDAPATAN DAERAH,33784,KEPALA BADAN PENDAPATAN DAERAH,II.a,307,BIDANG PERENCANAAN DAN PENGEMBANGAN PENDAPATAN DAERAH,33798,KEPALA BIDANG PERENCANAAN DAN PENGEMBANGAN PENDAPATAN DAERAH,III.a,,,,,,,,,,,,,,,,,,,,,,,,,,,,,,,1,,3,33798,III.a,1.03E+11,31,KEPALA BIDANG PERENCANAAN DAN PENGEMBANGAN PENDAPATAN DAERAH,BIDANG PERENCANAAN DAN PENGEMBANGAN PENDAPATAN DAERAH,141,JL. PROF. DR. MOH. YAMIN NO. 34 PALU,,,,,,1,,,,,
621,3,BADAN PENDAPATAN DAERAH,33784,KEPALA BADAN PENDAPATAN DAERAH,II.a,317,UPTD BADAN PENDAPATAN WILAYAH II,33824,KEPALA UPTD BADAN PENDAPATAN WILAYAH II,III.b,,,,,,,,,,,,,,,,,,,,,,,,,,,,,,,1,,3,33824,III.b,1.03E+11,32,KEPALA UPTD BADAN PENDAPATAN WILAYAH II,UPTD BADAN PENDAPATAN WILAYAH II,134,JL. PROF. DR. MOH. YAMIN NO. 34 PALU,,,,,,1,,,,,
622,10,DINAS PENDIDIKAN,33499,KEPALA DINAS PENDIDIKAN,II.a,365,CABANG DINAS PENDIDIKAN MENENGAH WILAYAH I KOTA PALU DAN KAB. SIGI,33513,KEPALA CABANG DINAS PENDIDIKAN MENENGAH WILAYAH I KOTA PALU DAN KAB. SIGI,III.b,438,SMA NEGERI 2 SIGI KAB. SIGI,33542,KEPALA SMA NEGERI 2 SIGI KAB. SIGI,,,,,,,,,,,,,,,,,,,,,,,,,,,2,SMA,365,33542,,1.03E+11,,KEPALA SMA NEGERI 2 SIGI KAB. SIGI,SMA NEGERI 2 SIGI KAB. SIGI,,"JL. SETIA BUDI, NO.9 PALU",,,,,,1,,,,,
623,5,BADAN KEPEGAWAIAN DAERAH,24454,KEPALA BADAN KEPEGAWAIAN DAERAH,II.a,16,UPT PENILAIAN KOMPETENSI PEGAWAI,33303,KEPALA UPT PENILAIAN KOMPETENSI PEGAWAI,III.b,21,SEKSI HUBUNGAN ANTAR LEMBAGA,33309,KEPALA SEKSI HUBUNGAN ANTAR LEMBAGA,IV.a,,,,,,,,,,,,,,,,,,,,,,,,,,2,UPTD Tipe A,16,33309,IV.a,1.04E+11,41,KEPALA SEKSI HUBUNGAN ANTAR LEMBAGA,SEKSI HUBUNGAN ANTAR LEMBAGA,133,"JL. DR. SAM RATULANGI, NO. 63, PALU",,,,,,1,,,,,
624,49,SEKRETARIAT DAERAH,34461,SEKRETARIS DAERAH,I.b,1,ASISTEN PEMERINTAHAN DAN KESEJAHTERAAN RAKYAT,34132,ASISTEN PEMERINTAHAN DAN KESEJAHTERAAN RAKYAT,II.a,59,BIRO HUKUM,34105,KEPALA BIRO HUKUM,II.b,64,BAGIAN PERATURAN PERUNDANG-UNDANGAN KABUPATEN/KOTA,34100,KEPALA BAGIAN PERATURAN PERUNDANG-UNDANGAN KABUPATEN/KOTA,III.a,,,,,,,,,,,,,,,,,,,,,3,,59,34100,III.a,1.00E+11,31,KEPALA BAGIAN PERATURAN PERUNDANG-UNDANGAN KABUPATEN/KOTA,BAGIAN PERATURAN PERUNDANG-UNDANGAN KABUPATEN/KOTA,141,JL. SAM RATULANGI NO.101 PALU,,,,,,1,,,,,
625,49,SEKRETARIAT DAERAH,34461,SEKRETARIS DAERAH,I.b,72,ASISTEN PEREKONOMIAN DAN PEMBANGUNAN,39771,ASISTEN PEREKONOMIAN DAN PEMBANGUNAN,II.a,131,BIRO ADMINISTRASI PEMBANGUNAN,34464,KEPALA BIRO ADMINISTRASI PEMBANGUNAN,II.b,140,BAGIAN PELAPORAN PELAKSANAAN PEMBANGUNAN,34476,KEPALA BAGIAN PELAPORAN PELAKSANAAN PEMBANGUNAN,III.a,141,SUB BAGIAN ANALISIS CAPAIAN KINERJA PEMBANGUNAN DAERAH,34477,KEPALA SUB BAGIAN ANALISIS CAPAIAN KINERJA PEMBANGUNAN DAERAH,IV.a,,,,,,,,,,,,,,,,4,,140,34477,IV.a,1.00E+11,41,KEPALA SUB BAGIAN ANALISIS CAPAIAN KINERJA PEMBANGUNAN DAERAH,SUB BAGIAN ANALISIS CAPAIAN KINERJA PEMBANGUNAN DAERAH,133,JL. SAM RATULANGI NO.101 PALU,,,,,,1,,,,,
626,49,SEKRETARIAT DAERAH,34461,SEKRETARIS DAERAH,I.b,144,ASISTEN ADMINISTRASI UMUM,33353,ASISTEN ADMINISTRASI UMUM,II.a,158,BIRO UMUM,34048,KEPALA BIRO UMUM,II.b,171,BIRO ADMINISTRASI PIMPINAN,34067,KEPALA BIRO ADMINISTRASI PIMPINAN,II.b,172,BAGIAN PERENCANAAN DAN KEPEGAWAIAN SETDA,34336,KEPALA BAGIAN PERENCANAAN DAN KEPEGAWAIAN SETDA,III.a,,,,,,,,,,,,,,,,4,,171,34336,III.a,1.00E+11,31,KEPALA BAGIAN PERENCANAAN DAN KEPEGAWAIAN SETDA,BAGIAN PERENCANAAN DAN KEPEGAWAIAN SETDA,141,JL. SAM RATULANGI NO.101 PALU,,,,,,0,,,,,
627,10,DINAS PENDIDIKAN,33499,KEPALA DINAS PENDIDIKAN,II.a,487,CABANG DINAS PENDIDIKAN MENENGAH WILAYAH IV KAB. MOROWALI DAN KAB. MOROWALI UTARA,33501,KEPALA CABANG DINAS PENDIDIKAN MENENGAH WILAYAH IV KAB. MOROWALI DAN KAB. MOROWALI UTARA,III.b,943,SMA NEGERI 1 BUMI RAYA KAB. MOROWALI,34149,KEPALA SMA NEGERI 1 BUMI RAYA KAB. MOROWALI,,,,,,,,,,,,,,,,,,,,,,,,,,,2,SMA,487,34149,,1.03E+11,,KEPALA SMA NEGERI 1 BUMI RAYA KAB. MOROWALI,SMA NEGERI 1 BUMI RAYA KAB. MOROWALI,,"JL. SETIA BUDI, NO.9 PALU",,,,,,1,,,,,
628,49,SEKRETARIAT DAERAH,34461,SEKRETARIS DAERAH,I.b,1,ASISTEN PEMERINTAHAN DAN KESEJAHTERAAN RAKYAT,34132,ASISTEN PEMERINTAHAN DAN KESEJAHTERAAN RAKYAT,II.a,59,BIRO HUKUM,34105,KEPALA BIRO HUKUM,II.b,68,BAGIAN BANTUAN HUKUM,34096,KEPALA BAGIAN BANTUAN HUKUM,III.a,,,,,,,,,,,,,,,,,,,,,3,,59,34096,III.a,1.00E+11,31,KEPALA BAGIAN BANTUAN HUKUM,BAGIAN BANTUAN HUKUM,141,JL. SAM RATULANGI NO.101 PALU,,,,,,1,,,,,
629,12,DINAS KESEHATAN,34343,KEPALA DINAS KESEHATAN,II.a,776,UPT PUSAT PELAYANAN KESELAMATAN TERPADU,34386,KEPALA UPT PUSAT PELAYANAN KESELAMATAN TERPADU,III.b,779,SEKSI PENANGANAN KRISIS KESEHATAN,34389,KEPALA SEKSI PENANGANAN KRISIS KESEHATAN,IV.a,,,,,,,,,,,,,,,,,,,,,,,,,,2,,776,34389,IV.a,1.00E+11,41,KEPALA SEKSI PENANGANAN KRISIS KESEHATAN,SEKSI PENANGANAN KRISIS KESEHATAN,133,"JL. R.A. KARTINI, NO.11 PALU",,,,,,1,,,,,
630,1,BADAN PERENCANAAN PEMBANGUNAN DAERAH,33570,KEPALA BADAN PERENCANAAN PEMBANGUNAN DAERAH,II.a,230,"BIDANG PERENCANAAN, PENGENDALIAN DAN EVALUASI PEMBANGUNAN DAERAH",33574,"KEPALA BIDANG PERENCANAAN, PENGENDALIAN DAN EVALUASI PEMBANGUNAN DAERAH",IV.a,,,,,,,,,,,,,,,,,,,,,,,,,,,,,,,1,,1,33574,IV.a,1.04E+11,41,"KEPALA BIDANG PERENCANAAN, PENGENDALIAN DAN EVALUASI PEMBANGUNAN DAERAH","BIDANG PERENCANAAN, PENGENDALIAN DAN EVALUASI PEMBANGUNAN DAERAH",133,JL. MOH. YAMIN NO. 7 PALU,,,,,,1,,,,,
631,10,DINAS PENDIDIKAN,33499,KEPALA DINAS PENDIDIKAN,II.a,481,CABANG DINAS PENDIDIKAN MENENGAH WILAYAH II KAB. DONGGALA DAN KAB. PARIGI MOUTONG,33639,KEPALA CABANG DINAS PENDIDIKAN MENENGAH WILAYAH II KAB. DONGGALA DAN KAB. PARIGI MOUTONG,III.b,562,SMA NEGERI 1 MEPANGA KAB. PARIGI MOUTONG,33680,KEPALA SMA NEGERI 1 MEPANGA KAB. PARIGI MOUTONG,V.b,,,,,,,,,,,,,,,,,,,,,,,,,,2,SMA,481,33680,V.b,1.03E+11,52,KEPALA SMA NEGERI 1 MEPANGA KAB. PARIGI MOUTONG,SMA NEGERI 1 MEPANGA KAB. PARIGI MOUTONG,,"JL. SETIA BUDI, NO.9 PALU",,,,,,1,,,,,
632,3,BADAN PENDAPATAN DAERAH,33784,KEPALA BADAN PENDAPATAN DAERAH,II.a,313,UPTD BADAN PENDAPATAN WILAYAH I,33815,KEPALA UPTD BADAN PENDAPATAN WILAYAH I,III.b,,,,,,,,,,,,,,,,,,,,,,,,,,,,,,,1,,3,33815,III.b,1.03E+11,32,KEPALA UPTD BADAN PENDAPATAN WILAYAH I,UPTD BADAN PENDAPATAN WILAYAH I,134,JL. PROF. DR. MOH. YAMIN NO. 34 PALU,,,,,,1,,,,,
633,10,DINAS PENDIDIKAN,33499,KEPALA DINAS PENDIDIKAN,II.a,489,"CABANG DINAS PENDIDIKAN MENENGAH WILAYAH V KAB.BANGGAI, KAB. BANGGAI KEPULAUAN DAN KAB. BANGGAI LAUT",33502,"KEPALA CABANG DINAS PENDIDIKAN MENENGAH WILAYAH V KAB.BANGGAI, KAB. BANGGAI KEPULAUAN DAN KAB. BANGGAI LAUT",III.b,26,SMA NEGERI 2 TOILI BARAT KAB. BANGGAI,34188,KEPALA SMA NEGERI 2 TOILI BARAT KAB. BANGGAI,,,,,,,,,,,,,,,,,,,,,,,,,,,2,SMA,489,34188,,1.03E+11,,KEPALA SMA NEGERI 2 TOILI BARAT KAB. BANGGAI,SMA NEGERI 2 TOILI BARAT KAB. BANGGAI,,"JL. SETIA BUDI, NO.9 PALU",,,,,,1,,,,,
634,12,DINAS KESEHATAN,34343,KEPALA DINAS KESEHATAN,II.a,967,UPT RUMAH SAKIT UMUM DAERAH UNDATA,34390,KEPALA UPT RUMAH SAKIT UMUM DAERAH UNDATA,II.b,992,"BIDANG PENDIDIKAN, LATIHAN DAN PENELITIAN",34405,"KEPALA BIDANG PENDIDIKAN, LATIHAN DAN PENELITIAN",IV.a,,,,,,,,,,,,,,,,,,,,,,,,,,2,,967,34405,IV.a,1.00E+11,41,"KEPALA BIDANG PENDIDIKAN, LATIHAN DAN PENELITIAN","BIDANG PENDIDIKAN, LATIHAN DAN PENELITIAN",133,"JL. R.A. KARTINI, NO.11 PALU",,,,,,1,,,,,
635,49,SEKRETARIAT DAERAH,34461,SEKRETARIS DAERAH,I.b,1,ASISTEN PEMERINTAHAN DAN KESEJAHTERAAN RAKYAT,34132,ASISTEN PEMERINTAHAN DAN KESEJAHTERAAN RAKYAT,II.a,59,BIRO HUKUM,34105,KEPALA BIRO HUKUM,II.b,64,BAGIAN PERATURAN PERUNDANG-UNDANGAN KABUPATEN/KOTA,34100,KEPALA BAGIAN PERATURAN PERUNDANG-UNDANGAN KABUPATEN/KOTA,III.a,67,SUB BAGIAN PRODUK HUKUM WILAYAH III,34097,KEPALA SUB BAGIAN PRODUK HUKUM WILAYAH III,IV.a,,,,,,,,,,,,,,,,4,,64,34097,IV.a,1.00E+11,41,KEPALA SUB BAGIAN PRODUK HUKUM WILAYAH III,SUB BAGIAN PRODUK HUKUM WILAYAH III,133,JL. SAM RATULANGI NO.101 PALU,,,,,,1,,,,,
636,10,DINAS PENDIDIKAN,33499,KEPALA DINAS PENDIDIKAN,II.a,484,CABANG DINAS PENDIDIKAN MENENGAH WILAYAH III KAB. POSO DAN KAB. TOJO UNA-UNA,33704,KEPALA CABANG DINAS PENDIDIKAN MENENGAH WILAYAH III KAB. POSO DAN KAB. TOJO UNA-UNA,III.b,594,SMA NEGERI 1 LAGE KAB. POSO,33713,KEPALA SMA NEGERI 1 LAGE KAB. POSO,,,,,,,,,,,,,,,,,,,,,,,,,,,2,SMA,484,33713,,1.03E+11,,KEPALA SMA NEGERI 1 LAGE KAB. POSO,SMA NEGERI 1 LAGE KAB. POSO,,"JL. SETIA BUDI, NO.9 PALU",,,,,,1,,,,,
637,26,"DINAS KOMUNIKASI, INFORMATIKA, PERSANDIAN DAN STATISTIK",33973,"KEPALA DINAS KOMUNIKASI, INFORMATIKA, PERSANDIAN DAN STATISTIK",II.a,274,BIDANG INFORMASI DAN KOMUNIKASI PUBLIK,33977,KEPALA BIDANG INFORMASI DAN KOMUNIKASI PUBLIK,III.a,,,,,,,,,,,,,,,,,,,,,,,,,,,,,,,1,,26,33977,III.a,1.03E+11,31,KEPALA BIDANG INFORMASI DAN KOMUNIKASI PUBLIK,BIDANG INFORMASI DAN KOMUNIKASI PUBLIK,141,JL. KARTINI NO. 106 PALU,,,,,,1,,,,,
638,3,BADAN PENDAPATAN DAERAH,33784,KEPALA BADAN PENDAPATAN DAERAH,II.a,321,UPTD BADAN PENDAPATAN WILAYAH III,33830,KEPALA UPTD BADAN PENDAPATAN WILAYAH III,III.b,322,SUB BAGIAN TATA USAHA,33831,KEPALA SUB BAGIAN TATA USAHA,IV.a,,,,,,,,,,,,,,,,,,,,,,,,,,2,,321,33831,IV.a,1.03E+11,41,KEPALA SUB BAGIAN TATA USAHA,SUB BAGIAN TATA USAHA,133,JL. PROF. DR. MOH. YAMIN NO. 34 PALU,,,,,,1,,,,,
639,7,BADAN RISET DAN INOVASI DAERAH,33447,KEPALA BADAN RISET DAN INOVASI DAERAH,II.a,260,SEKRETARIAT,33452,KEPALA SEKRETARIAT,III.a,,,,,,,,,,,,,,,,,,,,,,,,,,,,,,,1,,7,33452,III.a,1.04E+11,31,KEPALA SEKRETARIAT,SEKRETARIAT,141,"JL. GARUDA, NO 30 A PALU",,,,,,1,,,,,
640,49,SEKRETARIAT DAERAH,34461,SEKRETARIS DAERAH,I.b,8,SUB BAGIAN PENGEMBANGAN OTONOMI DAERAH DAN PENATAAN URUSAN,,,,,,,,,,,,,,,,,,,,,,,,,,,,,,,,,,1,,49,,,1.00E+11,,,SUB BAGIAN PENGEMBANGAN OTONOMI DAERAH DAN PENATAAN URUSAN,,JL. SAM RATULANGI NO.101 PALU,,,,,,0,,,,,
641,49,SEKRETARIAT DAERAH,34461,SEKRETARIS DAERAH,I.b,1,ASISTEN PEMERINTAHAN DAN KESEJAHTERAAN RAKYAT,34132,ASISTEN PEMERINTAHAN DAN KESEJAHTERAAN RAKYAT,II.a,9,BIRO KESEJAHTERAAN RAKYAT,34118,KEPALA BIRO KESEJAHTERAAN RAKYAT,II.b,51,BAGIAN KESEJAHTERAAN RAKYAT NON PELAYANAN DASAR,34113,KEPALA BAGIAN KESEJAHTERAAN RAKYAT NON PELAYANAN DASAR,III.a,53,SUB BAGIAN KESEJAHTERAAN RAKYAT NON PELAYANAN DASAR II,34111,KEPALA SUB BAGIAN KESEJAHTERAAN RAKYAT NON PELAYANAN DASAR II,IV.a,,,,,,,,,,,,,,,,4,,51,34111,IV.a,1.00E+11,41,KEPALA SUB BAGIAN KESEJAHTERAAN RAKYAT NON PELAYANAN DASAR II,SUB BAGIAN KESEJAHTERAAN RAKYAT NON PELAYANAN DASAR II,133,JL. SAM RATULANGI NO.101 PALU,,,,,,1,,,,,
642,21,DINAS LINGKUNGAN HIDUP,34084,KEPALA DINAS LINGKUNGAN HIDUP,II.a,291,BIDANG TATA LINGKUNGAN,34089,KEPALA BIDANG TATA LINGKUNGAN,III.a,,,,,,,,,,,,,,,,,,,,,,,,,,,,,,,1,,21,34089,III.a,1.01E+11,31,KEPALA BIDANG TATA LINGKUNGAN,BIDANG TATA LINGKUNGAN,141,JL. UNDATA NO.35 PALU,,,,,,1,,,,,
643,3,BADAN PENDAPATAN DAERAH,33784,KEPALA BADAN PENDAPATAN DAERAH,II.a,337,UPTD BADAN PENDAPATAN WILAYAH VII,33850,KEPALA UPTD BADAN PENDAPATAN WILAYAH VII,III.b,,,,,,,,,,,,,,,,,,,,,,,,,,,,,,,1,,3,33850,III.b,1.03E+11,32,KEPALA UPTD BADAN PENDAPATAN WILAYAH VII,UPTD BADAN PENDAPATAN WILAYAH VII,134,JL. PROF. DR. MOH. YAMIN NO. 34 PALU,,,,,,1,,,,,
644,48,INSPEKTORAT DAERAH,33591,INSPEKTUR DAERAH,II.a,239,INSPEKTUR PEMBANTU WILAYAH III,33593,INSPEKTUR PEMBANTU WILAYAH III,III.a,,,,,,,,,,,,,,,,,,,,,,,,,,,,,,,1,,48,33593,III.a,1.04E+11,31,INSPEKTUR PEMBANTU WILAYAH III,INSPEKTUR PEMBANTU WILAYAH III,141,JL. DEWI SARTIKA NO.47 PALU,,,,,,1,,,,,
645,3,BADAN PENDAPATAN DAERAH,33784,KEPALA BADAN PENDAPATAN DAERAH,II.a,321,UPTD BADAN PENDAPATAN WILAYAH III,33830,KEPALA UPTD BADAN PENDAPATAN WILAYAH III,III.b,,,,,,,,,,,,,,,,,,,,,,,,,,,,,,,1,,3,33830,III.b,1.03E+11,32,KEPALA UPTD BADAN PENDAPATAN WILAYAH III,UPTD BADAN PENDAPATAN WILAYAH III,134,JL. PROF. DR. MOH. YAMIN NO. 34 PALU,,,,,,1,,,,,
646,21,DINAS LINGKUNGAN HIDUP,34084,KEPALA DINAS LINGKUNGAN HIDUP,II.a,293,BIDANG PENGENDALIAN PENCEMARAN DAN KERUSAKAN LINGKUNGAN HIDUP,34087,KEPALA BIDANG PENGENDALIAN PENCEMARAN DAN KERUSAKAN LINGKUNGAN HIDUP,III.a,,,,,,,,,,,,,,,,,,,,,,,,,,,,,,,1,,21,34087,III.a,1.01E+11,31,KEPALA BIDANG PENGENDALIAN PENCEMARAN DAN KERUSAKAN LINGKUNGAN HIDUP,BIDANG PENGENDALIAN PENCEMARAN DAN KERUSAKAN LINGKUNGAN HIDUP,141,JL. UNDATA NO.35 PALU,,,,,,1,,,,,
647,49,SEKRETARIAT DAERAH,34461,SEKRETARIS DAERAH,I.b,72,ASISTEN PEREKONOMIAN DAN PEMBANGUNAN,39771,ASISTEN PEREKONOMIAN DAN PEMBANGUNAN,II.a,,,,,,,,,,,,,,,,,,,,,,,,,,,,,,,1,,49,39771,II.a,1.00E+11,21,ASISTEN PEREKONOMIAN DAN PEMBANGUNAN,ASISTEN PEREKONOMIAN DAN PEMBANGUNAN,143,JL. SAM RATULANGI NO.101 PALU,,,,,,1,,,,,
648,21,DINAS LINGKUNGAN HIDUP,34084,KEPALA DINAS LINGKUNGAN HIDUP,II.a,288,SEKRETARIAT,34090,SEKRETARIS,III.a,289,"SUB BAGIAN PROGRAM, KEUANGAN DAN ASET",34091,"KEPALA SUB BAGIAN PROGRAM, KEUANGAN DAN ASET",IV.a,,,,,,,,,,,,,,,,,,,,,,,,,,2,,288,34091,IV.a,1.01E+11,41,"KEPALA SUB BAGIAN PROGRAM, KEUANGAN DAN ASET","SUB BAGIAN PROGRAM, KEUANGAN DAN ASET",133,JL. UNDATA NO.35 PALU,,,,,,1,,,,,
649,25,DINAS PERHUBUNGAN,33482,KEPALA DINAS PERHUBUNGAN,II.a,411,UPT PENGELOLAAN PRASARANA PERHUBUNGAN,33495,KEPALA UPT PENGELOLAAN PRASARANA PERHUBUNGAN,III.b,,,,,,,,,,,,,,,,,,,,,,,,,,,,,,,1,UPTD Tipe A,25,33495,III.b,1.02E+11,32,KEPALA UPT PENGELOLAAN PRASARANA PERHUBUNGAN,UPT PENGELOLAAN PRASARANA PERHUBUNGAN,134,JL. R.A. KARTINI NO.35 PALU,,,,,,1,,,,,
650,48,INSPEKTORAT DAERAH,33591,INSPEKTUR DAERAH,II.a,240,INSPEKTUR PEMBANTU KHUSUS,33592,INSPEKTUR PEMBANTU KHUSUS,III.a,,,,,,,,,,,,,,,,,,,,,,,,,,,,,,,1,,48,33592,III.a,1.04E+11,31,INSPEKTUR PEMBANTU KHUSUS,INSPEKTUR PEMBANTU KHUSUS,141,JL. DEWI SARTIKA NO.47 PALU,,,,,,1,,,,,
651,10,DINAS PENDIDIKAN,33499,KEPALA DINAS PENDIDIKAN,II.a,494,CABANG DINAS PENDIDIKAN MENENGAH WILAYAH VI TOLITOLI DAN BUOL,33503,KEPALA CABANG DINAS PENDIDIKAN MENENGAH WILAYAH VI TOLITOLI DAN BUOL,III.b,1100,SMA NEGERI 1 TOLI-TOLI UTARA KAB. TOLITOLI,34324,KEPALA SMA NEGERI 1 TOLI-TOLI UTARA KAB. TOLITOLI,,,,,,,,,,,,,,,,,,,,,,,,,,,2,SMA,494,34324,,1.03E+11,,KEPALA SMA NEGERI 1 TOLI-TOLI UTARA KAB. TOLITOLI,SMA NEGERI 1 TOLI-TOLI UTARA KAB. TOLITOLI,,"JL. SETIA BUDI, NO.9 PALU",,,,,,1,,,,,
652,3,BADAN PENDAPATAN DAERAH,33784,KEPALA BADAN PENDAPATAN DAERAH,II.a,301,BIDANG PENGELOLAAN PENDAPATAN DAERAH,33791,KEPALA BIDANG PENGELOLAAN PENDAPATAN DAERAH,III.a,,,,,,,,,,,,,,,,,,,,,,,,,,,,,,,1,,3,33791,III.a,1.03E+11,31,KEPALA BIDANG PENGELOLAAN PENDAPATAN DAERAH,BIDANG PENGELOLAAN PENDAPATAN DAERAH,141,JL. PROF. DR. MOH. YAMIN NO. 34 PALU,,,,,,1,,,,,
653,3,BADAN PENDAPATAN DAERAH,33784,KEPALA BADAN PENDAPATAN DAERAH,II.a,349,UPTD BADAN PENDAPATAN WILAYAH X,33862,KEPALA UPTD BADAN PENDAPATAN WILAYAH X,III.b,,,,,,,,,,,,,,,,,,,,,,,,,,,,,,,1,,3,33862,III.b,1.03E+11,32,KEPALA UPTD BADAN PENDAPATAN WILAYAH X,UPTD BADAN PENDAPATAN WILAYAH X,134,JL. PROF. DR. MOH. YAMIN NO. 34 PALU,,,,,,1,,,,,
654,10,DINAS PENDIDIKAN,33499,KEPALA DINAS PENDIDIKAN,II.a,484,CABANG DINAS PENDIDIKAN MENENGAH WILAYAH III KAB. POSO DAN KAB. TOJO UNA-UNA,33704,KEPALA CABANG DINAS PENDIDIKAN MENENGAH WILAYAH III KAB. POSO DAN KAB. TOJO UNA-UNA,III.b,604,SMK NEGERI 1 PAMONA UTARA KAB. POSO,33722,KEPALA SMK NEGERI 1 PAMONA UTARA KAB. POSO,,,,,,,,,,,,,,,,,,,,,,,,,,,2,SMK,484,33722,,1.03E+11,,KEPALA SMK NEGERI 1 PAMONA UTARA KAB. POSO,SMK NEGERI 1 PAMONA UTARA KAB. POSO,,"JL. SETIA BUDI, NO.9 PALU",,,,,,1,,,,,
655,3,BADAN PENDAPATAN DAERAH,33784,KEPALA BADAN PENDAPATAN DAERAH,II.a,353,UPTD BADAN PENDAPATAN WILAYAH XI,33866,KEPALA UPTD BADAN PENDAPATAN WILAYAH XI,III.b,,,,,,,,,,,,,,,,,,,,,,,,,,,,,,,1,,3,33866,III.b,1.03E+11,32,KEPALA UPTD BADAN PENDAPATAN WILAYAH XI,UPTD BADAN PENDAPATAN WILAYAH XI,134,JL. PROF. DR. MOH. YAMIN NO. 34 PALU,,,,,,1,,,,,
656,49,SEKRETARIAT DAERAH,34461,SEKRETARIS DAERAH,I.b,72,ASISTEN PEREKONOMIAN DAN PEMBANGUNAN,39771,ASISTEN PEREKONOMIAN DAN PEMBANGUNAN,II.a,73,BIRO PEREKONOMIAN,34712,KEPALA BIRO PEREKONOMIAN,II.b,75,BAGIAN KEBIJAKAN PEREKONOMIAN,34713,KEPALA BAGIAN KEBIJAKAN PEREKONOMIAN,III.a,,,,,,,,,,,,,,,,,,,,,3,,73,34713,III.a,1.00E+11,31,KEPALA BAGIAN KEBIJAKAN PEREKONOMIAN,BAGIAN KEBIJAKAN PEREKONOMIAN,141,JL. SAM RATULANGI NO.101 PALU,,,,,,1,,,,,
657,10,DINAS PENDIDIKAN,33499,KEPALA DINAS PENDIDIKAN,II.a,487,CABANG DINAS PENDIDIKAN MENENGAH WILAYAH IV KAB. MOROWALI DAN KAB. MOROWALI UTARA,33501,KEPALA CABANG DINAS PENDIDIKAN MENENGAH WILAYAH IV KAB. MOROWALI DAN KAB. MOROWALI UTARA,III.b,935,SMA NEGERI 1 BUNGKU PESISIR KAB. MOROWALI,34141,KEPALA SMA NEGERI 1 BUNGKU PESISIR KAB. MOROWALI,,,,,,,,,,,,,,,,,,,,,,,,,,,2,SMA,487,34141,,1.03E+11,,KEPALA SMA NEGERI 1 BUNGKU PESISIR KAB. MOROWALI,SMA NEGERI 1 BUNGKU PESISIR KAB. MOROWALI,,"JL. SETIA BUDI, NO.9 PALU",,,,,,1,,,,,
658,36,DINAS ENERGI DAN SUMBER DAYA MINERAL,33744,KEPALA DINAS ENERGI DAN SUMBER DAYA MINERAL,II.a,662,CABANG DINAS ENERGI DAN SUMBER DAYA MINERAL WILAYAH V,33947,KEPALA CABANG DINAS ENERGI DAN SUMBER DAYA MINERAL WILAYAH V,III.b,664,SEKSI PERTAMBANGAN,33950,KEPALA SEKSI PERTAMBANGAN,IV.a,,,,,,,,,,,,,,,,,,,,,,,,,,2,,662,33950,IV.a,1.02E+11,41,KEPALA SEKSI PERTAMBANGAN,SEKSI PERTAMBANGAN,133,JL. SAM RATULANGI NO.25 PALU,,,,,,1,,,,,
659,28,DINAS PENANAMAN MODAL DAN PELAYANAN TERPADU SATU PINTU,34004,KEPALA DINAS PENANAMAN MODAL DAN PELAYANAN TERPADU SATU PINTU,II.a,750,BIDANG PENGADUAN KEBIJAKAN DAN PELAPORAN LAYANAN,34015,KEPALA BIDANG PENGADUAN KEBIJAKAN DAN PELAPORAN LAYANAN,III.a,,,,,,,,,,,,,,,,,,,,,,,,,,,,,,,1,,28,34015,III.a,1.02E+11,31,KEPALA BIDANG PENGADUAN KEBIJAKAN DAN PELAPORAN LAYANAN,BIDANG PENGADUAN KEBIJAKAN DAN PELAPORAN LAYANAN,141,JL. CIK DITIRO NO.29 PALU,,,,,,1,,,,,
660,10,DINAS PENDIDIKAN,33499,KEPALA DINAS PENDIDIKAN,II.a,494,CABANG DINAS PENDIDIKAN MENENGAH WILAYAH VI TOLITOLI DAN BUOL,33503,KEPALA CABANG DINAS PENDIDIKAN MENENGAH WILAYAH VI TOLITOLI DAN BUOL,III.b,1099,SMA NEGERI 1 LAMPASIO KAB. TOLITOLI,34323,KEPALA SMA NEGERI 1 LAMPASIO KAB. TOLITOLI,,,,,,,,,,,,,,,,,,,,,,,,,,,2,SMA,494,34323,,1.03E+11,,KEPALA SMA NEGERI 1 LAMPASIO KAB. TOLITOLI,SMA NEGERI 1 LAMPASIO KAB. TOLITOLI,,"JL. SETIA BUDI, NO.9 PALU",,,,,,1,,,,,
661,48,INSPEKTORAT DAERAH,33591,INSPEKTUR DAERAH,II.a,238,INSPEKTUR PEMBANTU WILAYAH II,33594,INSPEKTUR PEMBANTU WILAYAH II,III.a,,,,,,,,,,,,,,,,,,,,,,,,,,,,,,,1,,48,33594,III.a,1.04E+11,31,INSPEKTUR PEMBANTU WILAYAH II,INSPEKTUR PEMBANTU WILAYAH II,141,JL. DEWI SARTIKA NO.47 PALU,,,,,,1,,,,,
662,10,DINAS PENDIDIKAN,33499,KEPALA DINAS PENDIDIKAN,II.a,484,CABANG DINAS PENDIDIKAN MENENGAH WILAYAH III KAB. POSO DAN KAB. TOJO UNA-UNA,33704,KEPALA CABANG DINAS PENDIDIKAN MENENGAH WILAYAH III KAB. POSO DAN KAB. TOJO UNA-UNA,III.b,599,SMA NEGERI 1 PAMONA BARAT KAB. POSO,33718,KEPALA SMA NEGERI 1 PAMONA BARAT KAB. POSO,,,,,,,,,,,,,,,,,,,,,,,,,,,2,SMA,484,33718,,1.03E+11,,KEPALA SMA NEGERI 1 PAMONA BARAT KAB. POSO,SMA NEGERI 1 PAMONA BARAT KAB. POSO,,"JL. SETIA BUDI, NO.9 PALU",,,,,,1,,,,,
663,3,BADAN PENDAPATAN DAERAH,33784,KEPALA BADAN PENDAPATAN DAERAH,II.a,341,UPTD BADAN PENDAPATAN WILAYAH VIII,33854,KEPALA UPTD BADAN PENDAPATAN WILAYAH VIII,III.b,,,,,,,,,,,,,,,,,,,,,,,,,,,,,,,1,,3,33854,III.b,1.03E+11,32,KEPALA UPTD BADAN PENDAPATAN WILAYAH VIII,UPTD BADAN PENDAPATAN WILAYAH VIII,134,JL. PROF. DR. MOH. YAMIN NO. 34 PALU,,,,,,1,,,,,
664,49,SEKRETARIAT DAERAH,34461,SEKRETARIS DAERAH,I.b,1,ASISTEN PEMERINTAHAN DAN KESEJAHTERAAN RAKYAT,34132,ASISTEN PEMERINTAHAN DAN KESEJAHTERAAN RAKYAT,II.a,9,BIRO KESEJAHTERAAN RAKYAT,34118,KEPALA BIRO KESEJAHTERAAN RAKYAT,II.b,55,BAGIAN KESEJAHTERAAN RAKYAT PELAYANAN DASAR,34109,KEPALA BAGIAN KESEJAHTERAAN RAKYAT PELAYANAN DASAR,III.a,,,,,,,,,,,,,,,,,,,,,3,,9,34109,III.a,1.00E+11,31,KEPALA BAGIAN KESEJAHTERAAN RAKYAT PELAYANAN DASAR,BAGIAN KESEJAHTERAAN RAKYAT PELAYANAN DASAR,141,JL. SAM RATULANGI NO.101 PALU,,,,,,1,,,,,
665,3,BADAN PENDAPATAN DAERAH,33784,KEPALA BADAN PENDAPATAN DAERAH,II.a,313,UPTD BADAN PENDAPATAN WILAYAH I,33815,KEPALA UPTD BADAN PENDAPATAN WILAYAH I,III.b,314,SUB BAGIAN TATA USAHA,33816,KEPALA SUB BAGIAN TATA USAHA,IV.a,,,,,,,,,,,,,,,,,,,,,,,,,,2,,313,33816,IV.a,1.03E+11,41,KEPALA SUB BAGIAN TATA USAHA,SUB BAGIAN TATA USAHA,133,JL. PROF. DR. MOH. YAMIN NO. 34 PALU,,,,,,1,,,,,
666,27,DINAS KOPERASI USAHA KECIL DAN MENENGAH,34231,KEPALA DINAS KOPERASI USAHA KECIL DAN MENENGAH,II.a,908,BIDANG KELEMBAGAAN DAN PENGAWASAN,34236,KEPALA BIDANG KELEMBAGAAN DAN PENGAWASAN,IV.a,,,,,,,,,,,,,,,,,,,,,,,,,,,,,,,1,,27,34236,IV.a,1.02E+11,41,KEPALA BIDANG KELEMBAGAAN DAN PENGAWASAN,BIDANG KELEMBAGAAN DAN PENGAWASAN,133,JL. KARTINI NO.17 PALU,,,,,,1,,,,,
667,10,DINAS PENDIDIKAN,33499,KEPALA DINAS PENDIDIKAN,II.a,365,CABANG DINAS PENDIDIKAN MENENGAH WILAYAH I KOTA PALU DAN KAB. SIGI,33513,KEPALA CABANG DINAS PENDIDIKAN MENENGAH WILAYAH I KOTA PALU DAN KAB. SIGI,III.b,375,SMA NEGERI 7 PALU KOTA PALU,33523,KEPALA SMA NEGERI 7 PALU KOTA PALU,,,,,,,,,,,,,,,,,,,,,,,,,,,2,SMA,365,33523,,1.03E+11,,KEPALA SMA NEGERI 7 PALU KOTA PALU,SMA NEGERI 7 PALU KOTA PALU,,"JL. SETIA BUDI, NO.9 PALU",,,,,,1,,,,,
668,3,BADAN PENDAPATAN DAERAH,33784,KEPALA BADAN PENDAPATAN DAERAH,II.a,321,UPTD BADAN PENDAPATAN WILAYAH III,33830,KEPALA UPTD BADAN PENDAPATAN WILAYAH III,III.b,323,SEKSI PELAYANAN PAJAK KENDARAAN BERMOTOR DAN BEA BALIK NAMA KENDARAAN BERMOTOR,33832,KEPALA SEKSI PELAYANAN PAJAK KENDARAAN BERMOTOR DAN BEA BALIK NAMA KENDARAAN BERMOTOR,IV.a,,,,,,,,,,,,,,,,,,,,,,,,,,2,,321,33832,IV.a,1.03E+11,41,KEPALA SEKSI PELAYANAN PAJAK KENDARAAN BERMOTOR DAN BEA BALIK NAMA KENDARAAN BERMOTOR,SEKSI PELAYANAN PAJAK KENDARAAN BERMOTOR DAN BEA BALIK NAMA KENDARAAN BERMOTOR,133,JL. PROF. DR. MOH. YAMIN NO. 34 PALU,,,,,,1,,,,,
669,3,BADAN PENDAPATAN DAERAH,33784,KEPALA BADAN PENDAPATAN DAERAH,II.a,329,UPTD BADAN PENDAPATAN WILAYAH V,33842,KEPALA UPTD BADAN PENDAPATAN WILAYAH V,III.b,332,SEKSI PENETAPAN DAN PENAGIHAN,33845,KEPALA SEKSI PENETAPAN DAN PENAGIHAN,IV.a,,,,,,,,,,,,,,,,,,,,,,,,,,2,,329,33845,IV.a,1.03E+11,41,KEPALA SEKSI PENETAPAN DAN PENAGIHAN,SEKSI PENETAPAN DAN PENAGIHAN,133,JL. PROF. DR. MOH. YAMIN NO. 34 PALU,,,,,,1,,,,,
670,21,DINAS LINGKUNGAN HIDUP,34084,KEPALA DINAS LINGKUNGAN HIDUP,II.a,288,SEKRETARIAT,34090,SEKRETARIS,III.a,,,,,,,,,,,,,,,,,,,,,,,,,,,,,,,1,,21,34090,III.a,1.01E+11,31,SEKRETARIS,SEKRETARIAT,141,JL. UNDATA NO.35 PALU,,,,,,1,,,,,
671,49,SEKRETARIAT DAERAH,34461,SEKRETARIS DAERAH,I.b,72,ASISTEN PEREKONOMIAN DAN PEMBANGUNAN,39771,ASISTEN PEREKONOMIAN DAN PEMBANGUNAN,II.a,73,BIRO PEREKONOMIAN,34712,KEPALA BIRO PEREKONOMIAN,II.b,98,BAGIAN SUMBER DAYA ALAM,34716,KEPALA BAGIAN SUMBER DAYA ALAM,III.a,,,,,,,,,,,,,,,,,,,,,3,,73,34716,III.a,1.00E+11,31,KEPALA BAGIAN SUMBER DAYA ALAM,BAGIAN SUMBER DAYA ALAM,141,JL. SAM RATULANGI NO.101 PALU,,,,,,1,,,,,
672,24,DINAS PENGENDALIAN PENDUDUK DAN KELUARGA BERENCANA,33476,KEPALA DINAS PENGENDALIAN PENDUDUK DAN KELUARGA BERENCANA,II.a,402,"BIDANG PENGENDALIAN PENDUDUK, ADVOKASI DAN KIE",33480,"KEPALA BIDANG PENGENDALIAN PENDUDUK, ADVOKASI DAN KIE",III.a,,,,,,,,,,,,,,,,,,,,,,,,,,,,,,,1,,24,33480,III.a,1.01E+11,31,"KEPALA BIDANG PENGENDALIAN PENDUDUK, ADVOKASI DAN KIE","BIDANG PENGENDALIAN PENDUDUK, ADVOKASI DAN KIE",141,JL. R.A. KARTINI NO.100 PALU,,,,,,1,,,,,
673,22,DINAS KEPENDUDUKAN DAN PENCATATAN SIPIL,33913,KEPALA DINAS KEPENDUDUKAN DAN PENCATATAN SIPIL,II.a,869,SEKRETARIAT,33914,SEKRETARIS,III.a,,,,,,,,,,,,,,,,,,,,,,,,,,,,,,,1,,22,33914,III.a,1.01E+11,31,SEKRETARIS,SEKRETARIAT,141,JL. DEWI SARTIKA NO.85 PALU,,,,,,1,,,,,
674,22,DINAS KEPENDUDUKAN DAN PENCATATAN SIPIL,33913,KEPALA DINAS KEPENDUDUKAN DAN PENCATATAN SIPIL,II.a,874,BIDANG PIAK DAN PEMANFAATAN DATA,33919,KEPALA BIDANG PIAK DAN PEMANFAATAN DATA,III.a,,,,,,,,,,,,,,,,,,,,,,,,,,,,,,,1,,22,33919,III.a,1.01E+11,31,KEPALA BIDANG PIAK DAN PEMANFAATAN DATA,BIDANG PIAK DAN PEMANFAATAN DATA,141,JL. DEWI SARTIKA NO.85 PALU,,,,,,1,,,,,
675,3,BADAN PENDAPATAN DAERAH,33784,KEPALA BADAN PENDAPATAN DAERAH,II.a,333,UPTD BADAN PENDAPATAN WILAYAH VI,33846,KEPALA UPTD BADAN PENDAPATAN WILAYAH VI,III.b,336,SEKSI PENETAPAN DAN PENAGIHAN,33849,KEPALA SEKSI PENETAPAN DAN PENAGIHAN,IV.a,,,,,,,,,,,,,,,,,,,,,,,,,,2,,333,33849,IV.a,1.03E+11,41,KEPALA SEKSI PENETAPAN DAN PENAGIHAN,SEKSI PENETAPAN DAN PENAGIHAN,133,JL. PROF. DR. MOH. YAMIN NO. 34 PALU,,,,,,1,,,,,
676,26,"DINAS KOMUNIKASI, INFORMATIKA, PERSANDIAN DAN STATISTIK",33973,"KEPALA DINAS KOMUNIKASI, INFORMATIKA, PERSANDIAN DAN STATISTIK",II.a,271,SEKRETARIAT,33974,SEKRETARIS,III.a,,,,,,,,,,,,,,,,,,,,,,,,,,,,,,,1,,26,33974,III.a,1.03E+11,31,SEKRETARIS,SEKRETARIAT,141,JL. KARTINI NO. 106 PALU,,,,,,1,,,,,
677,10,DINAS PENDIDIKAN,33499,KEPALA DINAS PENDIDIKAN,II.a,365,CABANG DINAS PENDIDIKAN MENENGAH WILAYAH I KOTA PALU DAN KAB. SIGI,33513,KEPALA CABANG DINAS PENDIDIKAN MENENGAH WILAYAH I KOTA PALU DAN KAB. SIGI,III.b,397,SMA NEGERI 8 PALU KOTA PALU,33525,KEPALA SMA NEGERI 8 PALU KOTA PALU,,,,,,,,,,,,,,,,,,,,,,,,,,,2,SMA,365,33525,,1.03E+11,,KEPALA SMA NEGERI 8 PALU KOTA PALU,SMA NEGERI 8 PALU KOTA PALU,,"JL. SETIA BUDI, NO.9 PALU",,,,,,1,,,,,
678,3,BADAN PENDAPATAN DAERAH,33784,KEPALA BADAN PENDAPATAN DAERAH,II.a,349,UPTD BADAN PENDAPATAN WILAYAH X,33862,KEPALA UPTD BADAN PENDAPATAN WILAYAH X,III.b,350,SUB BAGIAN TATA USAHA,33863,KEPALA SUB BAGIAN TATA USAHA,IV.a,,,,,,,,,,,,,,,,,,,,,,,,,,2,,349,33863,IV.a,1.03E+11,41,KEPALA SUB BAGIAN TATA USAHA,SUB BAGIAN TATA USAHA,133,JL. PROF. DR. MOH. YAMIN NO. 34 PALU,,,,,,1,,,,,
679,21,DINAS LINGKUNGAN HIDUP,34084,KEPALA DINAS LINGKUNGAN HIDUP,II.a,294,UPT LABORATORIUM LINGKUNGAN HIDUP,34085,KEPALA UPT LABORATORIUM LINGKUNGAN HIDUP,III.b,295,SUB BAGIAN TATA USAHA,34086,KEPALA SUB BAGIAN TATA USAHA,IV.a,,,,,,,,,,,,,,,,,,,,,,,,,,2,,294,34086,IV.a,1.01E+11,41,KEPALA SUB BAGIAN TATA USAHA,SUB BAGIAN TATA USAHA,133,JL. UNDATA NO.35 PALU,,,,,,1,,,,,
680,19,DINAS PANGAN,33900,KEPALA DINAS PANGAN,II.a,283,BIDANG KONSUMSI DAN PENGANEKARAGAMAN PANGAN,33952,KEPALA BIDANG KONSUMSI DAN PENGANEKARAGAMAN PANGAN,III.a,,,,,,,,,,,,,,,,,,,,,,,,,,,,,,,1,,19,33952,III.a,1.01E+11,31,KEPALA BIDANG KONSUMSI DAN PENGANEKARAGAMAN PANGAN,BIDANG KONSUMSI DAN PENGANEKARAGAMAN PANGAN,141,JL. PROF. MOH. YAMIN NO. 17 PALU,,,,,,1,,,,,
682,20,DINAS PARIWISATA,34077,KEPALA DINAS PARIWISATA,II.a,875,SEKRETARIAT,34078,SEKRETARIS,III.a,876,SUB BAGIAN KEUANGAN DAN ASET,34079,KEPALA SUB BAGIAN KEUANGAN DAN ASET,IV.a,,,,,,,,,,,,,,,,,,,,,,,,,,2,,875,34079,IV.a,1.02E+11,41,KEPALA SUB BAGIAN KEUANGAN DAN ASET,SUB BAGIAN KEUANGAN DAN ASET,133,JL. DEWI SARTIKA NO.45 PALU,,,,,,1,,,,,
683,15,DINAS PERUMAHAN KAWASAN PERMUKIMAN DAN PERTANAHAN,34068,KEPALA DINAS PERUMAHAN KAWASAN PERMUKIMAN DAN PERTANAHAN,II.a,898,BIDANG PERUMAHAN,34073,KEPALA BIDANG PERUMAHAN,III.a,,,,,,,,,,,,,,,,,,,,,,,,,,,,,,,1,,15,34073,III.a,1.01E+11,31,KEPALA BIDANG PERUMAHAN,BIDANG PERUMAHAN,141,JL. PROF. MOH. YAMIN NO.12 PALU,,,,,,1,,,,,
684,3,BADAN PENDAPATAN DAERAH,33784,KEPALA BADAN PENDAPATAN DAERAH,II.a,325,UPTD BADAN PENDAPATAN WILAYAH IV,33834,KEPALA UPTD BADAN PENDAPATAN WILAYAH IV,III.b,,,,,,,,,,,,,,,,,,,,,,,,,,,,,,,1,,3,33834,III.b,1.03E+11,32,KEPALA UPTD BADAN PENDAPATAN WILAYAH IV,UPTD BADAN PENDAPATAN WILAYAH IV,134,JL. PROF. DR. MOH. YAMIN NO. 34 PALU,,,,,,1,,,,,
685,10,DINAS PENDIDIKAN,33499,KEPALA DINAS PENDIDIKAN,II.a,487,CABANG DINAS PENDIDIKAN MENENGAH WILAYAH IV KAB. MOROWALI DAN KAB. MOROWALI UTARA,33501,KEPALA CABANG DINAS PENDIDIKAN MENENGAH WILAYAH IV KAB. MOROWALI DAN KAB. MOROWALI UTARA,III.b,952,SMK NEGERI 1 PETASIA KAB. MOROWALI UTARA,34158,KEPALA SMK NEGERI 1 PETASIA KAB. MOROWALI UTARA,,,,,,,,,,,,,,,,,,,,,,,,,,,2,SMK,487,34158,,1.03E+11,,KEPALA SMK NEGERI 1 PETASIA KAB. MOROWALI UTARA,SMK NEGERI 1 PETASIA KAB. MOROWALI UTARA,,"JL. SETIA BUDI, NO.9 PALU",,,,,,1,,,,,
686,15,DINAS PERUMAHAN KAWASAN PERMUKIMAN DAN PERTANAHAN,34068,KEPALA DINAS PERUMAHAN KAWASAN PERMUKIMAN DAN PERTANAHAN,II.a,899,BIDANG KAWASAN PERMUKIMAN,34074,KEPALA BIDANG KAWASAN PERMUKIMAN,III.a,,,,,,,,,,,,,,,,,,,,,,,,,,,,,,,1,,15,34074,III.a,1.01E+11,31,KEPALA BIDANG KAWASAN PERMUKIMAN,BIDANG KAWASAN PERMUKIMAN,141,JL. PROF. MOH. YAMIN NO.12 PALU,,,,,,1,,,,,
687,3,BADAN PENDAPATAN DAERAH,33784,KEPALA BADAN PENDAPATAN DAERAH,II.a,329,UPTD BADAN PENDAPATAN WILAYAH V,33842,KEPALA UPTD BADAN PENDAPATAN WILAYAH V,III.b,331,SEKSI PELAYANAN PAJAK KENDARAAN BERMOTOR DAN BEA BALIK NAMA KENDARAAN BERMOTOR,33844,KEPALA SEKSI PELAYANAN PAJAK KENDARAAN BERMOTOR DAN BEA BALIK NAMA KENDARAAN BERMOTOR,IV.a,,,,,,,,,,,,,,,,,,,,,,,,,,2,,329,33844,IV.a,1.03E+11,41,KEPALA SEKSI PELAYANAN PAJAK KENDARAAN BERMOTOR DAN BEA BALIK NAMA KENDARAAN BERMOTOR,SEKSI PELAYANAN PAJAK KENDARAAN BERMOTOR DAN BEA BALIK NAMA KENDARAAN BERMOTOR,133,JL. PROF. DR. MOH. YAMIN NO. 34 PALU,,,,,,1,,,,,
688,16,DINAS SOSIAL,33907,KEPALA DINAS SOSIAL,II.a,865,UPT PANTI SOSIAL REHABILITASI TUNA SOSIAL,33969,KEPALA UPT PANTI SOSIAL REHABILITASI TUNA SOSIAL,III.b,,,,,,,,,,,,,,,,,,,,,,,,,,,,,,,1,,16,33969,III.b,1.01E+11,32,KEPALA UPT PANTI SOSIAL REHABILITASI TUNA SOSIAL,UPT PANTI SOSIAL REHABILITASI TUNA SOSIAL,134,JL. PROF. MOH. YAMIN NO. 15 PALU,,,,,,1,,,,,
689,33,DINAS PERKEBUNAN DAN PETERNAKAN,37689,KEPALA DINAS PERKEBUNAN DAN PETERNAKAN,II.a,921,UPT PROTEKSI TANAMAN PERKEBUNAN,36575,KEPALA UPT PROTEKSI TANAMAN PERKEBUNAN,III.b,,,,,,,,,,,,,,,,,,,,,,,,,,,,,,,1,,33,36575,III.b,1.03E+11,32,KEPALA UPT PROTEKSI TANAMAN PERKEBUNAN,UPT PROTEKSI TANAMAN PERKEBUNAN,134,JL. R.A. KARTINI NO.25 & 31 PALU,,,,,,1,,,,,
690,19,DINAS PANGAN,33900,KEPALA DINAS PANGAN,II.a,278,SEKRETARIAT,33901,SEKRETARIS,III.a,279,"SUB BAGIAN PROGRAM, KEUANGAN DAN ASET",33902,"KEPALA SUB BAGIAN PROGRAM, KEUANGAN DAN ASET",IV.a,,,,,,,,,,,,,,,,,,,,,,,,,,2,,278,33902,IV.a,1.01E+11,41,"KEPALA SUB BAGIAN PROGRAM, KEUANGAN DAN ASET","SUB BAGIAN PROGRAM, KEUANGAN DAN ASET",133,JL. PROF. MOH. YAMIN NO. 17 PALU,,,,,,1,,,,,
691,47,SATUAN POLISI PAMONG PRAJA,33981,KEPALA SATUAN POLISI PAMONG PRAJA,II.a,251,BIDANG PENEGAKAN PERDA,33992,KEPALA BIDANG PENEGAKAN PERDA,III.a,252,SEKSI PENEGAKAN,33993,KEPALA SEKSI PENEGAKAN,IV.a,,,,,,,,,,,,,,,,,,,,,,,,,,2,,251,33993,IV.a,1.04E+11,41,KEPALA SEKSI PENEGAKAN,SEKSI PENEGAKAN,133,JL. PRAMUKA NO.21 PALU,,,,,,1,,,,,
692,10,DINAS PENDIDIKAN,33499,KEPALA DINAS PENDIDIKAN,II.a,481,CABANG DINAS PENDIDIKAN MENENGAH WILAYAH II KAB. DONGGALA DAN KAB. PARIGI MOUTONG,33639,KEPALA CABANG DINAS PENDIDIKAN MENENGAH WILAYAH II KAB. DONGGALA DAN KAB. PARIGI MOUTONG,III.b,561,SMA NEGERI 1 SAUSU KAB. PARIGI MOUTONG,33678,KEPALA SMA NEGERI 1 SAUSU KAB. PARIGI MOUTONG,,,,,,,,,,,,,,,,,,,,,,,,,,,2,SMA,481,33678,,1.03E+11,,KEPALA SMA NEGERI 1 SAUSU KAB. PARIGI MOUTONG,SMA NEGERI 1 SAUSU KAB. PARIGI MOUTONG,,"JL. SETIA BUDI, NO.9 PALU",,,,,,1,,,,,
693,21,DINAS LINGKUNGAN HIDUP,34084,KEPALA DINAS LINGKUNGAN HIDUP,II.a,294,UPT LABORATORIUM LINGKUNGAN HIDUP,34085,KEPALA UPT LABORATORIUM LINGKUNGAN HIDUP,III.b,,,,,,,,,,,,,,,,,,,,,,,,,,,,,,,1,UPTD Tipe B,21,34085,III.b,1.01E+11,32,KEPALA UPT LABORATORIUM LINGKUNGAN HIDUP,UPT LABORATORIUM LINGKUNGAN HIDUP,134,JL. UNDATA NO.35 PALU,,,,,,1,,,,,
694,49,SEKRETARIAT DAERAH,34461,SEKRETARIS DAERAH,I.b,72,ASISTEN PEREKONOMIAN DAN PEMBANGUNAN,39771,ASISTEN PEREKONOMIAN DAN PEMBANGUNAN,II.a,73,BIRO PEREKONOMIAN,34712,KEPALA BIRO PEREKONOMIAN,II.b,98,BAGIAN SUMBER DAYA ALAM,34716,KEPALA BAGIAN SUMBER DAYA ALAM,III.a,103,SUB BAGIAN SUMBER DAYA ALAM ENERGI DAN AIR,34767,KEPALA SUB BAGIAN SUMBER DAYA ALAM ENERGI DAN AIR,IV.a,,,,,,,,,,,,,,,,4,,98,34767,IV.a,1.00E+11,41,KEPALA SUB BAGIAN SUMBER DAYA ALAM ENERGI DAN AIR,SUB BAGIAN SUMBER DAYA ALAM ENERGI DAN AIR,133,JL. SAM RATULANGI NO.101 PALU,,,,,,1,,,,,
695,10,DINAS PENDIDIKAN,33499,KEPALA DINAS PENDIDIKAN,II.a,489,"CABANG DINAS PENDIDIKAN MENENGAH WILAYAH V KAB.BANGGAI, KAB. BANGGAI KEPULAUAN DAN KAB. BANGGAI LAUT",33502,"KEPALA CABANG DINAS PENDIDIKAN MENENGAH WILAYAH V KAB.BANGGAI, KAB. BANGGAI KEPULAUAN DAN KAB. BANGGAI LAUT",III.b,4,SMK NEGERI 1 LUWUK KAB. BANGGAI,34194,KEPALA SMK NEGERI 1 LUWUK KAB. BANGGAI,,,,,,,,,,,,,,,,,,,,,,,,,,,2,SMK,489,34194,,1.03E+11,,KEPALA SMK NEGERI 1 LUWUK KAB. BANGGAI,SMK NEGERI 1 LUWUK KAB. BANGGAI,,"JL. SETIA BUDI, NO.9 PALU",,,,,,1,,,,,
696,10,DINAS PENDIDIKAN,33499,KEPALA DINAS PENDIDIKAN,II.a,494,CABANG DINAS PENDIDIKAN MENENGAH WILAYAH VI TOLITOLI DAN BUOL,33503,KEPALA CABANG DINAS PENDIDIKAN MENENGAH WILAYAH VI TOLITOLI DAN BUOL,III.b,1103,SMA NEGERI 3 TOLITOLI KAB. TOLITOLI,34330,KEPALA SMA NEGERI 3 TOLITOLI KAB. TOLITOLI,,,,,,,,,,,,,,,,,,,,,,,,,,,2,SMA,494,34330,,1.03E+11,,KEPALA SMA NEGERI 3 TOLITOLI KAB. TOLITOLI,SMA NEGERI 3 TOLITOLI KAB. TOLITOLI,,"JL. SETIA BUDI, NO.9 PALU",,,,,,1,,,,,
697,16,DINAS SOSIAL,33907,KEPALA DINAS SOSIAL,II.a,865,UPT PANTI SOSIAL REHABILITASI TUNA SOSIAL,33969,KEPALA UPT PANTI SOSIAL REHABILITASI TUNA SOSIAL,III.b,867,SEKSI REHABILITASI SOSIAL,33971,KEPALA SEKSI REHABILITASI SOSIAL,IV.a,,,,,,,,,,,,,,,,,,,,,,,,,,2,,865,33971,IV.a,1.01E+11,41,KEPALA SEKSI REHABILITASI SOSIAL,SEKSI REHABILITASI SOSIAL,133,JL. PROF. MOH. YAMIN NO. 15 PALU,,,,,,1,,,,,
698,36,DINAS ENERGI DAN SUMBER DAYA MINERAL,33744,KEPALA DINAS ENERGI DAN SUMBER DAYA MINERAL,II.a,650,CABANG DINAS ENERGI DAN SUMBER DAYA MINERAL WILAYAH II,33935,KEPALA CABANG DINAS ENERGI DAN SUMBER DAYA MINERAL WILAYAH II,III.b,652,SEKSI PERTAMBANGAN,33937,KEPALA SEKSI PERTAMBANGAN,IV.a,,,,,,,,,,,,,,,,,,,,,,,,,,2,,650,33937,IV.a,1.02E+11,41,KEPALA SEKSI PERTAMBANGAN,SEKSI PERTAMBANGAN,133,JL. SAM RATULANGI NO.25 PALU,,,,,,1,,,,,
699,18,DINAS PEMBERDAYAAN PEREMPUAN DAN PERLINDUNGAN ANAK ,33338,KEPALA DINAS PEMBERDAYAAN PEREMPUAN DAN PERLINDUNGAN ANAK ,II.a,74,SEKRETARIAT,33339,SEKRETARIS,III.a,79,SUB BAGIAN KEPEGAWAIAN DAN UMUM,33341,KEPALA SUB BAGIAN KEPEGAWAIAN DAN UMUM,IV.a,,,,,,,,,,,,,,,,,,,,,,,,,,2,,74,33341,IV.a,1.01E+11,41,KEPALA SUB BAGIAN KEPEGAWAIAN DAN UMUM,SUB BAGIAN KEPEGAWAIAN DAN UMUM,133,JL. MANGUNSARKORO NO. 31. PALU,,,,,,1,,,,,
700,29,DINAS PEMUDA DAN OLAHRAGA,33893,KEPALA DINAS PEMUDA DAN OLAHRAGA,II.a,734,SEKRETARIAT,33894,SEKRETARIS,III.a,,,,,,,,,,,,,,,,,,,,,,,,,,,,,,,1,,29,33894,III.a,1.02E+11,31,SEKRETARIS,SEKRETARIAT,141,JL. SOEKARNO-HATTA EX STQ PALU,,,,,,1,,,,,
701,10,DINAS PENDIDIKAN,33499,KEPALA DINAS PENDIDIKAN,II.a,487,CABANG DINAS PENDIDIKAN MENENGAH WILAYAH IV KAB. MOROWALI DAN KAB. MOROWALI UTARA,33501,KEPALA CABANG DINAS PENDIDIKAN MENENGAH WILAYAH IV KAB. MOROWALI DAN KAB. MOROWALI UTARA,III.b,953,SMA NEGERI 1 SOYO JAYA KAB. MOROWALI UTARA,34159,KEPALA SMA NEGERI 1 SOYO JAYA KAB. MOROWALI UTARA,,,,,,,,,,,,,,,,,,,,,,,,,,,2,SMA,487,34159,,1.03E+11,,KEPALA SMA NEGERI 1 SOYO JAYA KAB. MOROWALI UTARA,SMA NEGERI 1 SOYO JAYA KAB. MOROWALI UTARA,,"JL. SETIA BUDI, NO.9 PALU",,,,,,1,,,,,
702,32,DINAS TANAMAN PANGAN DAN HORTIKULTURA,37620,KEPALA DINAS TANAMAN PANGAN DAN HORTIKULTURA,II.a,846,UPTD PENDIDIKAN DAN PELATIHAN,37599,KEPALA UPT PENDIDIKAN DAN PELATIHAN,III.b,,,,,,,,,,,,,,,,,,,,,,,,,,,,,,,1,,32,37599,III.b,1.03E+11,32,KEPALA UPT PENDIDIKAN DAN PELATIHAN,UPTD PENDIDIKAN DAN PELATIHAN,134,JL. R.A. KARTINI NO. 80 PALU,,,,,,1,,,,,
703,47,SATUAN POLISI PAMONG PRAJA,33981,KEPALA SATUAN POLISI PAMONG PRAJA,II.a,251,BIDANG PENEGAKAN PERDA,33992,KEPALA BIDANG PENEGAKAN PERDA,III.a,253,SEKSI HUBUNGAN ANTAR LEMBAGA,33994,KEPALA SEKSI HUBUNGAN ANTAR LEMBAGA,IV.a,,,,,,,,,,,,,,,,,,,,,,,,,,2,,251,33994,IV.a,1.04E+11,41,KEPALA SEKSI HUBUNGAN ANTAR LEMBAGA,SEKSI HUBUNGAN ANTAR LEMBAGA,133,JL. PRAMUKA NO.21 PALU,,,,,,1,,,,,
704,29,DINAS PEMUDA DAN OLAHRAGA,33893,KEPALA DINAS PEMUDA DAN OLAHRAGA,II.a,734,SEKRETARIAT,33894,SEKRETARIS,III.a,735,SUB BAGIAN KEUANGAN DAN ASET,33895,KEPALA SUB BAGIAN KEUANGAN DAN ASET,IV.a,,,,,,,,,,,,,,,,,,,,,,,,,,2,,734,33895,IV.a,1.02E+11,41,KEPALA SUB BAGIAN KEUANGAN DAN ASET,SUB BAGIAN KEUANGAN DAN ASET,133,JL. SOEKARNO-HATTA EX STQ PALU,,,,,,1,,,,,
705,10,DINAS PENDIDIKAN,33499,KEPALA DINAS PENDIDIKAN,II.a,484,CABANG DINAS PENDIDIKAN MENENGAH WILAYAH III KAB. POSO DAN KAB. TOJO UNA-UNA,33704,KEPALA CABANG DINAS PENDIDIKAN MENENGAH WILAYAH III KAB. POSO DAN KAB. TOJO UNA-UNA,III.b,590,SMA NEGERI HARMONI KAB. POSO,33709,KEPALA SMA NEGERI HARMONI KAB. POSO,,,,,,,,,,,,,,,,,,,,,,,,,,,2,SMA,484,33709,,1.03E+11,,KEPALA SMA NEGERI HARMONI KAB. POSO,SMA NEGERI HARMONI KAB. POSO,,"JL. SETIA BUDI, NO.9 PALU",,,,,,1,,,,,
706,15,DINAS PERUMAHAN KAWASAN PERMUKIMAN DAN PERTANAHAN,34068,KEPALA DINAS PERUMAHAN KAWASAN PERMUKIMAN DAN PERTANAHAN,II.a,901,BIDANG PERTANAHAN,34076,KEPALA BIDANG PERTANAHAN,III.a,,,,,,,,,,,,,,,,,,,,,,,,,,,,,,,1,,15,34076,III.a,1.01E+11,31,KEPALA BIDANG PERTANAHAN,BIDANG PERTANAHAN,141,JL. PROF. MOH. YAMIN NO.12 PALU,,,,,,1,,,,,
707,10,DINAS PENDIDIKAN,33499,KEPALA DINAS PENDIDIKAN,II.a,484,CABANG DINAS PENDIDIKAN MENENGAH WILAYAH III KAB. POSO DAN KAB. TOJO UNA-UNA,33704,KEPALA CABANG DINAS PENDIDIKAN MENENGAH WILAYAH III KAB. POSO DAN KAB. TOJO UNA-UNA,III.b,607,SMK NEGERI 1 PAMONA TIMUR KAB. POSO,33726,KEPALA SMK NEGERI 1 PAMONA TIMUR KAB. POSO,,,,,,,,,,,,,,,,,,,,,,,,,,,2,SMK,484,33726,,1.03E+11,,KEPALA SMK NEGERI 1 PAMONA TIMUR KAB. POSO,SMK NEGERI 1 PAMONA TIMUR KAB. POSO,,"JL. SETIA BUDI, NO.9 PALU",,,,,,1,,,,,
708,20,DINAS PARIWISATA,34077,KEPALA DINAS PARIWISATA,II.a,881,BIDANG PENGEMBANGAN SUMBER DAYA PARIWISATA DAN EKONOMI KREATIF,34083,KEPALA BIDANG PENGEMBANGAN SUMBER DAYA PARIWISATA DAN EKONOMI KREATIF,III.a,,,,,,,,,,,,,,,,,,,,,,,,,,,,,,,1,,20,34083,III.a,1.02E+11,31,KEPALA BIDANG PENGEMBANGAN SUMBER DAYA PARIWISATA DAN EKONOMI KREATIF,BIDANG PENGEMBANGAN SUMBER DAYA PARIWISATA DAN EKONOMI KREATIF,141,JL. DEWI SARTIKA NO.45 PALU,,,,,,1,,,,,
709,10,DINAS PENDIDIKAN,33499,KEPALA DINAS PENDIDIKAN,II.a,365,CABANG DINAS PENDIDIKAN MENENGAH WILAYAH I KOTA PALU DAN KAB. SIGI,33513,KEPALA CABANG DINAS PENDIDIKAN MENENGAH WILAYAH I KOTA PALU DAN KAB. SIGI,III.b,433,SMP NEGERI MODEL TERPADU MADANI,33540,KEPALA SMP NEGERI MODEL TERPADU MADANI,,,,,,,,,,,,,,,,,,,,,,,,,,,2,,365,33540,,1.03E+11,,KEPALA SMP NEGERI MODEL TERPADU MADANI,SMP NEGERI MODEL TERPADU MADANI,,"JL. SETIA BUDI, NO.9 PALU",,,,,,1,,,,,
710,3,BADAN PENDAPATAN DAERAH,33784,KEPALA BADAN PENDAPATAN DAERAH,II.a,329,UPTD BADAN PENDAPATAN WILAYAH V,33842,KEPALA UPTD BADAN PENDAPATAN WILAYAH V,III.b,330,SUB BAGIAN TATA USAHA,33843,KEPALA SUB BAGIAN TATA USAHA,IV.a,,,,,,,,,,,,,,,,,,,,,,,,,,2,,329,33843,IV.a,1.03E+11,41,KEPALA SUB BAGIAN TATA USAHA,SUB BAGIAN TATA USAHA,133,JL. PROF. DR. MOH. YAMIN NO. 34 PALU,,,,,,1,,,,,
711,28,DINAS PENANAMAN MODAL DAN PELAYANAN TERPADU SATU PINTU,34004,KEPALA DINAS PENANAMAN MODAL DAN PELAYANAN TERPADU SATU PINTU,II.a,741,SEKRETARIAT,34005,SEKRETARIS,III.a,,,,,,,,,,,,,,,,,,,,,,,,,,,,,,,1,,28,34005,III.a,1.02E+11,31,SEKRETARIS,SEKRETARIAT,141,JL. CIK DITIRO NO.29 PALU,,,,,,1,,,,,
712,3,BADAN PENDAPATAN DAERAH,33784,KEPALA BADAN PENDAPATAN DAERAH,II.a,353,UPTD BADAN PENDAPATAN WILAYAH XI,33866,KEPALA UPTD BADAN PENDAPATAN WILAYAH XI,III.b,356,SEKSI PENETAPAN DAN PENAGIHAN,33869,KEPALA SEKSI PENETAPAN DAN PENAGIHAN,IV.a,,,,,,,,,,,,,,,,,,,,,,,,,,2,,353,33869,IV.a,1.03E+11,41,KEPALA SEKSI PENETAPAN DAN PENAGIHAN,SEKSI PENETAPAN DAN PENAGIHAN,133,JL. PROF. DR. MOH. YAMIN NO. 34 PALU,,,,,,1,,,,,
713,10,DINAS PENDIDIKAN,33499,KEPALA DINAS PENDIDIKAN,II.a,484,CABANG DINAS PENDIDIKAN MENENGAH WILAYAH III KAB. POSO DAN KAB. TOJO UNA-UNA,33704,KEPALA CABANG DINAS PENDIDIKAN MENENGAH WILAYAH III KAB. POSO DAN KAB. TOJO UNA-UNA,III.b,593,SMA NEGERI 4 POSO KAB. POSO,33712,KEPALA SMA NEGERI 4 POSO KAB. POSO,,,,,,,,,,,,,,,,,,,,,,,,,,,2,SMA,484,33712,,1.03E+11,,KEPALA SMA NEGERI 4 POSO KAB. POSO,SMA NEGERI 4 POSO KAB. POSO,,"JL. SETIA BUDI, NO.9 PALU",,,,,,1,,,,,
714,29,DINAS PEMUDA DAN OLAHRAGA,33893,KEPALA DINAS PEMUDA DAN OLAHRAGA,II.a,737,BIDANG KEPEMUDAAN,33896,KEPALA BIDANG KEPEMUDAAN,III.a,,,,,,,,,,,,,,,,,,,,,,,,,,,,,,,1,,29,33896,III.a,1.02E+11,31,KEPALA BIDANG KEPEMUDAAN,BIDANG KEPEMUDAAN,141,JL. SOEKARNO-HATTA EX STQ PALU,,,,,,1,,,,,
715,10,DINAS PENDIDIKAN,33499,KEPALA DINAS PENDIDIKAN,II.a,484,CABANG DINAS PENDIDIKAN MENENGAH WILAYAH III KAB. POSO DAN KAB. TOJO UNA-UNA,33704,KEPALA CABANG DINAS PENDIDIKAN MENENGAH WILAYAH III KAB. POSO DAN KAB. TOJO UNA-UNA,III.b,603,SMK NEGERI 1 PAMONA SELATAN KAB. POSO,33723,KEPALA SMK NEGERI 1 PAMONA SELATAN KAB. POSO,,,,,,,,,,,,,,,,,,,,,,,,,,,2,SMK,484,33723,,1.03E+11,,KEPALA SMK NEGERI 1 PAMONA SELATAN KAB. POSO,SMK NEGERI 1 PAMONA SELATAN KAB. POSO,,"JL. SETIA BUDI, NO.9 PALU",,,,,,1,,,,,
716,10,DINAS PENDIDIKAN,33499,KEPALA DINAS PENDIDIKAN,II.a,487,CABANG DINAS PENDIDIKAN MENENGAH WILAYAH IV KAB. MOROWALI DAN KAB. MOROWALI UTARA,33501,KEPALA CABANG DINAS PENDIDIKAN MENENGAH WILAYAH IV KAB. MOROWALI DAN KAB. MOROWALI UTARA,III.b,948,SMK NEGERI 1 MORI ATAS KAB. MOROWALI UTARA,34154,KEPALA SMK NEGERI 1 MORI ATAS KAB. MOROWALI UTARA,,,,,,,,,,,,,,,,,,,,,,,,,,,2,SMK,487,34154,,1.03E+11,,KEPALA SMK NEGERI 1 MORI ATAS KAB. MOROWALI UTARA,SMK NEGERI 1 MORI ATAS KAB. MOROWALI UTARA,,"JL. SETIA BUDI, NO.9 PALU",,,,,,1,,,,,
826,10,DINAS PENDIDIKAN,33499,KEPALA DINAS PENDIDIKAN,II.a,484,CABANG DINAS PENDIDIKAN MENENGAH WILAYAH III KAB. POSO DAN KAB. TOJO UNA-UNA,33704,KEPALA CABANG DINAS PENDIDIKAN MENENGAH WILAYAH III KAB. POSO DAN KAB. TOJO UNA-UNA,III.b,600,SMA NEGERI 1 PAMONA UTARA KAB. POSO,33719,KEPALA SMA NEGERI 1 PAMONA UTARA KAB. POSO,,,,,,,,,,,,,,,,,,,,,,,,,,,2,SMA,484,33719,,1.03E+11,,KEPALA SMA NEGERI 1 PAMONA UTARA KAB. POSO,SMA NEGERI 1 PAMONA UTARA KAB. POSO,,"JL. SETIA BUDI, NO.9 PALU",,,,,,1,,,,,
717,4,BADAN PENGELOLAAN KEUANGAN DAN ASET DAERAH,33412,KEPALA BADAN PENGELOLAAN KEUANGAN DAN ASET DAERAH,II.a,224,BIDANG PENGELOLAAN ASET DAERAH,33413,KEPALA BIDANG PENGELOLAAN ASET DAERAH,III.a,225,SUB BIDANG PERENCANAAN DAN PENATAUSAHAAN ASET DAERAH,33414,KEPALA SUB BIDANG PERENCANAAN DAN PENATAUSAHAAN ASET DAERAH,IV.a,,,,,,,,,,,,,,,,,,,,,,,,,,2,,224,33414,IV.a,1.03E+11,41,KEPALA SUB BIDANG PERENCANAAN DAN PENATAUSAHAAN ASET DAERAH,SUB BIDANG PERENCANAAN DAN PENATAUSAHAAN ASET DAERAH,133,JL. SAM RATULANGI NO.101 PALU,,,,,,1,,,,,
718,49,SEKRETARIAT DAERAH,34461,SEKRETARIS DAERAH,I.b,72,ASISTEN PEREKONOMIAN DAN PEMBANGUNAN,39771,ASISTEN PEREKONOMIAN DAN PEMBANGUNAN,II.a,73,BIRO PEREKONOMIAN,34712,KEPALA BIRO PEREKONOMIAN,II.b,114,BAGIAN BUMD DAN BLUD,34717,KEPALA BAGIAN BUMD DAN BLUD,III.a,,,,,,,,,,,,,,,,,,,,,3,,73,34717,III.a,1.00E+11,31,KEPALA BAGIAN BUMD DAN BLUD,BAGIAN BUMD DAN BLUD,141,JL. SAM RATULANGI NO.101 PALU,,,,,,1,,,,,
719,29,DINAS PEMUDA DAN OLAHRAGA,33893,KEPALA DINAS PEMUDA DAN OLAHRAGA,II.a,740,BIDANG PRASARANA SARANA DAN STANDARISASI,33899,KEPALA BIDANG PRASARANA SARANA DAN STANDARISASI,III.a,,,,,,,,,,,,,,,,,,,,,,,,,,,,,,,1,,29,33899,III.a,1.02E+11,31,KEPALA BIDANG PRASARANA SARANA DAN STANDARISASI,BIDANG PRASARANA SARANA DAN STANDARISASI,141,JL. SOEKARNO-HATTA EX STQ PALU,,,,,,1,,,,,
720,10,DINAS PENDIDIKAN,33499,KEPALA DINAS PENDIDIKAN,II.a,365,CABANG DINAS PENDIDIKAN MENENGAH WILAYAH I KOTA PALU DAN KAB. SIGI,33513,KEPALA CABANG DINAS PENDIDIKAN MENENGAH WILAYAH I KOTA PALU DAN KAB. SIGI,III.b,465,SMA NEGERI 12 SIGI KAB. SIGI,33633,KEPALA SMA NEGERI 12 SIGI KAB. SIGI,,,,,,,,,,,,,,,,,,,,,,,,,,,2,SMA,365,33633,,1.03E+11,,KEPALA SMA NEGERI 12 SIGI KAB. SIGI,SMA NEGERI 12 SIGI KAB. SIGI,,"JL. SETIA BUDI, NO.9 PALU",,,,,,1,,,,,
721,10,DINAS PENDIDIKAN,33499,KEPALA DINAS PENDIDIKAN,II.a,484,CABANG DINAS PENDIDIKAN MENENGAH WILAYAH III KAB. POSO DAN KAB. TOJO UNA-UNA,33704,KEPALA CABANG DINAS PENDIDIKAN MENENGAH WILAYAH III KAB. POSO DAN KAB. TOJO UNA-UNA,III.b,616,SMA NEGERI 2 TOJO KAB. TOJO UNA-UNA,33736,KEPALA SMA NEGERI 2 TOJO KAB. TOJO UNA-UNA,,,,,,,,,,,,,,,,,,,,,,,,,,,2,SMA,484,33736,,1.03E+11,,KEPALA SMA NEGERI 2 TOJO KAB. TOJO UNA-UNA,SMA NEGERI 2 TOJO KAB. TOJO UNA-UNA,,"JL. SETIA BUDI, NO.9 PALU",,,,,,1,,,,,
722,10,DINAS PENDIDIKAN,33499,KEPALA DINAS PENDIDIKAN,II.a,481,CABANG DINAS PENDIDIKAN MENENGAH WILAYAH II KAB. DONGGALA DAN KAB. PARIGI MOUTONG,33639,KEPALA CABANG DINAS PENDIDIKAN MENENGAH WILAYAH II KAB. DONGGALA DAN KAB. PARIGI MOUTONG,III.b,516,SMA NEGERI 1 BANAWA KAB. DONGGALA,33643,KEPALA SMA NEGERI 1 BANAWA KAB. DONGGALA,,,,,,,,,,,,,,,,,,,,,,,,,,,2,SMA,481,33643,,1.03E+11,,KEPALA SMA NEGERI 1 BANAWA KAB. DONGGALA,SMA NEGERI 1 BANAWA KAB. DONGGALA,,"JL. SETIA BUDI, NO.9 PALU",,,,,,1,,,,,
723,10,DINAS PENDIDIKAN,33499,KEPALA DINAS PENDIDIKAN,II.a,489,"CABANG DINAS PENDIDIKAN MENENGAH WILAYAH V KAB.BANGGAI, KAB. BANGGAI KEPULAUAN DAN KAB. BANGGAI LAUT",33502,"KEPALA CABANG DINAS PENDIDIKAN MENENGAH WILAYAH V KAB.BANGGAI, KAB. BANGGAI KEPULAUAN DAN KAB. BANGGAI LAUT",III.b,9,SMK NEGERI 1 TOILI BARAT KAB. BANGGAI,34201,KEPALA SMK NEGERI 1 TOILI BARAT KAB. BANGGAI,,,,,,,,,,,,,,,,,,,,,,,,,,,2,SMK,489,34201,,1.03E+11,,KEPALA SMK NEGERI 1 TOILI BARAT KAB. BANGGAI,SMK NEGERI 1 TOILI BARAT KAB. BANGGAI,,"JL. SETIA BUDI, NO.9 PALU",,,,,,1,,,,,
724,3,BADAN PENDAPATAN DAERAH,33784,KEPALA BADAN PENDAPATAN DAERAH,II.a,345,UPTD BADAN PENDAPATAN WILAYAH IX,33858,KEPALA UPTD BADAN PENDAPATAN WILAYAH IX,III.b,,,,,,,,,,,,,,,,,,,,,,,,,,,,,,,1,,3,33858,III.b,1.03E+11,32,KEPALA UPTD BADAN PENDAPATAN WILAYAH IX,UPTD BADAN PENDAPATAN WILAYAH IX,134,JL. PROF. DR. MOH. YAMIN NO. 34 PALU,,,,,,1,,,,,
725,10,DINAS PENDIDIKAN,33499,KEPALA DINAS PENDIDIKAN,II.a,481,CABANG DINAS PENDIDIKAN MENENGAH WILAYAH II KAB. DONGGALA DAN KAB. PARIGI MOUTONG,33639,KEPALA CABANG DINAS PENDIDIKAN MENENGAH WILAYAH II KAB. DONGGALA DAN KAB. PARIGI MOUTONG,III.b,565,SMA NEGERI 1 PALASA KAB. PARIGI MOUTONG,33683,KEPALA SMA NEGERI 1 PALASA KAB. PARIGI MOUTONG,,,,,,,,,,,,,,,,,,,,,,,,,,,2,SMA,481,33683,,1.03E+11,,KEPALA SMA NEGERI 1 PALASA KAB. PARIGI MOUTONG,SMA NEGERI 1 PALASA KAB. PARIGI MOUTONG,,"JL. SETIA BUDI, NO.9 PALU",,,,,,1,,,,,
726,3,BADAN PENDAPATAN DAERAH,33784,KEPALA BADAN PENDAPATAN DAERAH,II.a,345,UPTD BADAN PENDAPATAN WILAYAH IX,33858,KEPALA UPTD BADAN PENDAPATAN WILAYAH IX,III.b,346,SUB BAGIAN TATA USAHA,33859,KEPALA SUB BAGIAN TATA USAHA,IV.a,,,,,,,,,,,,,,,,,,,,,,,,,,2,,345,33859,IV.a,1.03E+11,41,KEPALA SUB BAGIAN TATA USAHA,SUB BAGIAN TATA USAHA,133,JL. PROF. DR. MOH. YAMIN NO. 34 PALU,,,,,,1,,,,,
727,49,SEKRETARIAT DAERAH,34461,SEKRETARIS DAERAH,I.b,72,ASISTEN PEREKONOMIAN DAN PEMBANGUNAN,39771,ASISTEN PEREKONOMIAN DAN PEMBANGUNAN,II.a,73,BIRO PEREKONOMIAN,34712,KEPALA BIRO PEREKONOMIAN,II.b,114,BAGIAN BUMD DAN BLUD,34717,KEPALA BAGIAN BUMD DAN BLUD,III.a,117,SUB BAGIAN BADAN LAYANAN UMUM DAERAH,34787,KEPALA SUB BAGIAN BADAN LAYANAN UMUM DAERAH,IV.a,,,,,,,,,,,,,,,,4,,114,34787,IV.a,1.00E+11,41,KEPALA SUB BAGIAN BADAN LAYANAN UMUM DAERAH,SUB BAGIAN BADAN LAYANAN UMUM DAERAH,133,JL. SAM RATULANGI NO.101 PALU,,,,,,1,,,,,
728,10,DINAS PENDIDIKAN,33499,KEPALA DINAS PENDIDIKAN,II.a,365,CABANG DINAS PENDIDIKAN MENENGAH WILAYAH I KOTA PALU DAN KAB. SIGI,33513,KEPALA CABANG DINAS PENDIDIKAN MENENGAH WILAYAH I KOTA PALU DAN KAB. SIGI,III.b,471,SMK NEGERI 4 SIGI KAB. SIGI,33636,KEPALA SMK NEGERI 4 SIGI KAB. SIGI,,,,,,,,,,,,,,,,,,,,,,,,,,,2,SMK,365,33636,,1.03E+11,,KEPALA SMK NEGERI 4 SIGI KAB. SIGI,SMK NEGERI 4 SIGI KAB. SIGI,,"JL. SETIA BUDI, NO.9 PALU",,,,,,1,,,,,
729,10,DINAS PENDIDIKAN,33499,KEPALA DINAS PENDIDIKAN,II.a,481,CABANG DINAS PENDIDIKAN MENENGAH WILAYAH II KAB. DONGGALA DAN KAB. PARIGI MOUTONG,33639,KEPALA CABANG DINAS PENDIDIKAN MENENGAH WILAYAH II KAB. DONGGALA DAN KAB. PARIGI MOUTONG,III.b,505,SUB BAGIAN TATA USAHA,33640,KEPALA SUB BAGIAN TATA USAHA,IV.a,,,,,,,,,,,,,,,,,,,,,,,,,,2,,481,33640,IV.a,1.03E+11,41,KEPALA SUB BAGIAN TATA USAHA,SUB BAGIAN TATA USAHA,133,"JL. SETIA BUDI, NO.9 PALU",,,,,,1,,,,,
730,49,SEKRETARIAT DAERAH,34461,SEKRETARIS DAERAH,I.b,72,ASISTEN PEREKONOMIAN DAN PEMBANGUNAN,39771,ASISTEN PEREKONOMIAN DAN PEMBANGUNAN,II.a,118,BIRO PENGADAAN BARANG/JASA,38323,KEPALA BIRO PENGADAAN BARANG/JASA,II.b,,,,,,,,,,,,,,,,,,,,,,,,,,2,,72,38323,II.b,1.00E+11,22,KEPALA BIRO PENGADAAN BARANG/JASA,BIRO PENGADAAN BARANG/JASA,142,JL. SAM RATULANGI NO.101 PALU,,,,,,1,,,,,
731,28,DINAS PENANAMAN MODAL DAN PELAYANAN TERPADU SATU PINTU,34004,KEPALA DINAS PENANAMAN MODAL DAN PELAYANAN TERPADU SATU PINTU,II.a,748,BIDANG PENGENDALIAN PELAKSANAAN PENANAMAN MODAL,34013,KEPALA BIDANG PENGENDALIAN PELAKSANAAN PENANAMAN MODAL,III.a,,,,,,,,,,,,,,,,,,,,,,,,,,,,,,,1,,28,34013,III.a,1.02E+11,31,KEPALA BIDANG PENGENDALIAN PELAKSANAAN PENANAMAN MODAL,BIDANG PENGENDALIAN PELAKSANAAN PENANAMAN MODAL,141,JL. CIK DITIRO NO.29 PALU,,,,,,1,,,,,
732,10,DINAS PENDIDIKAN,33499,KEPALA DINAS PENDIDIKAN,II.a,484,CABANG DINAS PENDIDIKAN MENENGAH WILAYAH III KAB. POSO DAN KAB. TOJO UNA-UNA,33704,KEPALA CABANG DINAS PENDIDIKAN MENENGAH WILAYAH III KAB. POSO DAN KAB. TOJO UNA-UNA,III.b,628,SMA NEGERI 1 TOJO KAB. TOJO UNA-UNA,33779,KEPALA SMA NEGERI 1 TOJO KAB. TOJO UNA-UNA,,,,,,,,,,,,,,,,,,,,,,,,,,,2,SMA,484,33779,,1.03E+11,,KEPALA SMA NEGERI 1 TOJO KAB. TOJO UNA-UNA,SMA NEGERI 1 TOJO KAB. TOJO UNA-UNA,,"JL. SETIA BUDI, NO.9 PALU",,,,,,1,,,,,
733,10,DINAS PENDIDIKAN,33499,KEPALA DINAS PENDIDIKAN,II.a,481,CABANG DINAS PENDIDIKAN MENENGAH WILAYAH II KAB. DONGGALA DAN KAB. PARIGI MOUTONG,33639,KEPALA CABANG DINAS PENDIDIKAN MENENGAH WILAYAH II KAB. DONGGALA DAN KAB. PARIGI MOUTONG,III.b,549,SMK NEGERI 1 RIO PAKAVA KAB. DONGGALA,33666,KEPALA SMK NEGERI 1 RIO PAKAVA KAB. DONGGALA,,,,,,,,,,,,,,,,,,,,,,,,,,,2,SMK,481,33666,,1.03E+11,,KEPALA SMK NEGERI 1 RIO PAKAVA KAB. DONGGALA,SMK NEGERI 1 RIO PAKAVA KAB. DONGGALA,,"JL. SETIA BUDI, NO.9 PALU",,,,,,1,,,,,
734,49,SEKRETARIAT DAERAH,34461,SEKRETARIS DAERAH,I.b,1,ASISTEN PEMERINTAHAN DAN KESEJAHTERAAN RAKYAT,34132,ASISTEN PEMERINTAHAN DAN KESEJAHTERAAN RAKYAT,II.a,59,BIRO HUKUM,34105,KEPALA BIRO HUKUM,II.b,64,BAGIAN PERATURAN PERUNDANG-UNDANGAN KABUPATEN/KOTA,34100,KEPALA BAGIAN PERATURAN PERUNDANG-UNDANGAN KABUPATEN/KOTA,III.a,66,SUB BAGIAN PRODUK HUKUM WILAYAH II,34098,KEPALA SUB BAGIAN PRODUK HUKUM WILAYAH II,IV.a,,,,,,,,,,,,,,,,4,,64,34098,IV.a,1.00E+11,41,KEPALA SUB BAGIAN PRODUK HUKUM WILAYAH II,SUB BAGIAN PRODUK HUKUM WILAYAH II,133,JL. SAM RATULANGI NO.101 PALU,,,,,,1,,,,,
735,10,DINAS PENDIDIKAN,33499,KEPALA DINAS PENDIDIKAN,II.a,481,CABANG DINAS PENDIDIKAN MENENGAH WILAYAH II KAB. DONGGALA DAN KAB. PARIGI MOUTONG,33639,KEPALA CABANG DINAS PENDIDIKAN MENENGAH WILAYAH II KAB. DONGGALA DAN KAB. PARIGI MOUTONG,III.b,553,SMA NEGERI 1 BANAWA SELATAN KAB. DONGGALA,33670,KEPALA SEKOLAH,IV.b,,,,,,,,,,,,,,,,,,,,,,,,,,2,SMA,481,33670,IV.b,1.03E+11,42,KEPALA SEKOLAH,SMA NEGERI 1 BANAWA SELATAN KAB. DONGGALA,132,"JL. SETIA BUDI, NO.9 PALU",,,,,,1,,,,,
736,10,DINAS PENDIDIKAN,33499,KEPALA DINAS PENDIDIKAN,II.a,481,CABANG DINAS PENDIDIKAN MENENGAH WILAYAH II KAB. DONGGALA DAN KAB. PARIGI MOUTONG,33639,KEPALA CABANG DINAS PENDIDIKAN MENENGAH WILAYAH II KAB. DONGGALA DAN KAB. PARIGI MOUTONG,III.b,556,SMA NEGERI 1 PARIGI KAB. PARIGI MOUTONG,33673,KEPALA SMA NEGERI 1 PARIGI KAB. PARIGI MOUTONG,,,,,,,,,,,,,,,,,,,,,,,,,,,2,SMA,481,33673,,1.03E+11,,KEPALA SMA NEGERI 1 PARIGI KAB. PARIGI MOUTONG,SMA NEGERI 1 PARIGI KAB. PARIGI MOUTONG,,"JL. SETIA BUDI, NO.9 PALU",,,,,,1,,,,,
737,10,DINAS PENDIDIKAN,33499,KEPALA DINAS PENDIDIKAN,II.a,481,CABANG DINAS PENDIDIKAN MENENGAH WILAYAH II KAB. DONGGALA DAN KAB. PARIGI MOUTONG,33639,KEPALA CABANG DINAS PENDIDIKAN MENENGAH WILAYAH II KAB. DONGGALA DAN KAB. PARIGI MOUTONG,III.b,574,SMK NEGERI AMPIBABO KAB. PARIGI MOUTONG,33692,KEPALA SMK NEGERI AMPIBABO KAB. PARIGI MOUTONG,,,,,,,,,,,,,,,,,,,,,,,,,,,2,SMK,481,33692,,1.03E+11,,KEPALA SMK NEGERI AMPIBABO KAB. PARIGI MOUTONG,SMK NEGERI AMPIBABO KAB. PARIGI MOUTONG,,"JL. SETIA BUDI, NO.9 PALU",,,,,,1,,,,,
738,10,DINAS PENDIDIKAN,33499,KEPALA DINAS PENDIDIKAN,II.a,365,CABANG DINAS PENDIDIKAN MENENGAH WILAYAH I KOTA PALU DAN KAB. SIGI,33513,KEPALA CABANG DINAS PENDIDIKAN MENENGAH WILAYAH I KOTA PALU DAN KAB. SIGI,III.b,400,SLB NEGERI 2 PALU KOTA PALU,33528,KEPALA SLB NEGERI 2 PALU KOTA PALU,,,,,,,,,,,,,,,,,,,,,,,,,,,2,SLB,365,33528,,1.03E+11,,KEPALA SLB NEGERI 2 PALU KOTA PALU,SLB NEGERI 2 PALU KOTA PALU,,"JL. SETIA BUDI, NO.9 PALU",,,,,,1,,,,,
739,10,DINAS PENDIDIKAN,33499,KEPALA DINAS PENDIDIKAN,II.a,487,CABANG DINAS PENDIDIKAN MENENGAH WILAYAH IV KAB. MOROWALI DAN KAB. MOROWALI UTARA,33501,KEPALA CABANG DINAS PENDIDIKAN MENENGAH WILAYAH IV KAB. MOROWALI DAN KAB. MOROWALI UTARA,III.b,951,SMA NEGERI 2 PETASIA KAB. MOROWALI UTARA,34157,KEPALA SMA NEGERI 2 PETASIA KAB. MOROWALI UTARA,,,,,,,,,,,,,,,,,,,,,,,,,,,2,SMA,487,34157,,1.03E+11,,KEPALA SMA NEGERI 2 PETASIA KAB. MOROWALI UTARA,SMA NEGERI 2 PETASIA KAB. MOROWALI UTARA,,"JL. SETIA BUDI, NO.9 PALU",,,,,,1,,,,,
740,10,DINAS PENDIDIKAN,33499,KEPALA DINAS PENDIDIKAN,II.a,365,CABANG DINAS PENDIDIKAN MENENGAH WILAYAH I KOTA PALU DAN KAB. SIGI,33513,KEPALA CABANG DINAS PENDIDIKAN MENENGAH WILAYAH I KOTA PALU DAN KAB. SIGI,III.b,398,SMA NEGERI 5 PALU KOTA PALU,33526,KEPALA SMA NEGERI 5 PALU KOTA PALU,,,,,,,,,,,,,,,,,,,,,,,,,,,2,SMA,365,33526,,1.03E+11,,KEPALA SMA NEGERI 5 PALU KOTA PALU,SMA NEGERI 5 PALU KOTA PALU,,"JL. SETIA BUDI, NO.9 PALU",,,,,,1,,,,,
741,11,DINAS KEBUDAYAAN,33578,KEPALA DINAS KEBUDAYAAN,II.a,196,SEKRETARIAT,33586,SEKRETARIS,III.a,199,SUB BAGIAN KEPEGAWAIAN DAN UMUM,33589,KEPALA SUB BAGIAN KEPEGAWAIAN DAN UMUM,IV.a,,,,,,,,,,,,,,,,,,,,,,,,,,2,,196,33589,IV.a,1.03E+11,41,KEPALA SUB BAGIAN KEPEGAWAIAN DAN UMUM,SUB BAGIAN KEPEGAWAIAN DAN UMUM,133,JL. KEMIRI NO. 23 PALU,,,,,,1,,,,,
742,49,SEKRETARIAT DAERAH,34461,SEKRETARIS DAERAH,I.b,72,ASISTEN PEREKONOMIAN DAN PEMBANGUNAN,39771,ASISTEN PEREKONOMIAN DAN PEMBANGUNAN,II.a,131,BIRO ADMINISTRASI PEMBANGUNAN,34464,KEPALA BIRO ADMINISTRASI PEMBANGUNAN,II.b,136,BAGIAN PENGENDALIAN ADMINISTRASI PELAKSANAAN PEMBANGUNAN WILAYAH,34471,KEPALA BAGIAN PENGENDALIAN ADMINISTRASI PELAKSANAAN PEMBANGUNAN WILAYAH,III.a,,,,,,,,,,,,,,,,,,,,,3,,131,34471,III.a,1.00E+11,31,KEPALA BAGIAN PENGENDALIAN ADMINISTRASI PELAKSANAAN PEMBANGUNAN WILAYAH,BAGIAN PENGENDALIAN ADMINISTRASI PELAKSANAAN PEMBANGUNAN WILAYAH,141,JL. SAM RATULANGI NO.101 PALU,,,,,,1,,,,,
743,10,DINAS PENDIDIKAN,33499,KEPALA DINAS PENDIDIKAN,II.a,481,CABANG DINAS PENDIDIKAN MENENGAH WILAYAH II KAB. DONGGALA DAN KAB. PARIGI MOUTONG,33639,KEPALA CABANG DINAS PENDIDIKAN MENENGAH WILAYAH II KAB. DONGGALA DAN KAB. PARIGI MOUTONG,III.b,545,SMK NEGERI 2 BANAWA KAB. DONGGALA,33662,KEPALA SMK NEGERI 2 BANAWA KAB. DONGGALA,,,,,,,,,,,,,,,,,,,,,,,,,,,2,SMK,481,33662,,1.03E+11,,KEPALA SMK NEGERI 2 BANAWA KAB. DONGGALA,SMK NEGERI 2 BANAWA KAB. DONGGALA,,"JL. SETIA BUDI, NO.9 PALU",,,,,,1,,,,,
744,10,DINAS PENDIDIKAN,33499,KEPALA DINAS PENDIDIKAN,II.a,481,CABANG DINAS PENDIDIKAN MENENGAH WILAYAH II KAB. DONGGALA DAN KAB. PARIGI MOUTONG,33639,KEPALA CABANG DINAS PENDIDIKAN MENENGAH WILAYAH II KAB. DONGGALA DAN KAB. PARIGI MOUTONG,III.b,572,SMK NEGERI 1 PARIGI KAB. PARIGI MOUTONG,33690,KEPALA SMK NEGERI 1 PARIGI KAB. PARIGI MOUTONG,,,,,,,,,,,,,,,,,,,,,,,,,,,2,SMK,481,33690,,1.03E+11,,KEPALA SMK NEGERI 1 PARIGI KAB. PARIGI MOUTONG,SMK NEGERI 1 PARIGI KAB. PARIGI MOUTONG,,"JL. SETIA BUDI, NO.9 PALU",,,,,,1,,,,,
745,11,DINAS KEBUDAYAAN,33578,KEPALA DINAS KEBUDAYAAN,II.a,203,UPT TAMAN BUDAYA DAN MUSEUM SULAWESI TENGAH,33579,KEPALA UPT TAMAN BUDAYA DAN MUSEUM SULAWESI TENGAH,III.b,204,SUB BAGIAN TATA USAHA,33580,KEPALA SUB BAGIAN TATA USAHA,IV.a,,,,,,,,,,,,,,,,,,,,,,,,,,2,,203,33580,IV.a,1.03E+11,41,KEPALA SUB BAGIAN TATA USAHA,SUB BAGIAN TATA USAHA,133,JL. KEMIRI NO. 23 PALU,,,,,,1,,,,,
747,49,SEKRETARIAT DAERAH,34461,SEKRETARIS DAERAH,I.b,144,ASISTEN ADMINISTRASI UMUM,33353,ASISTEN ADMINISTRASI UMUM,II.a,158,BIRO UMUM,34048,KEPALA BIRO UMUM,II.b,163,BAGIAN ADMINISTRASI KEUANGAN DAN ASET,34059,KEPALA BAGIAN ADMINISTRASI KEUANGAN DAN ASET,III.a,164,SUB BAGIAN KEUANGAN DAN VERIFIKASI SETDA,34060,KEPALA SUB BAGIAN KEUANGAN DAN VERIFIKASI SETDA,IV.a,,,,,,,,,,,,,,,,4,,163,34060,IV.a,1.00E+11,41,KEPALA SUB BAGIAN KEUANGAN DAN VERIFIKASI SETDA,SUB BAGIAN KEUANGAN DAN VERIFIKASI SETDA,133,JL. SAM RATULANGI NO.101 PALU,,,,,,1,,,,,
748,10,DINAS PENDIDIKAN,33499,KEPALA DINAS PENDIDIKAN,II.a,484,CABANG DINAS PENDIDIKAN MENENGAH WILAYAH III KAB. POSO DAN KAB. TOJO UNA-UNA,33704,KEPALA CABANG DINAS PENDIDIKAN MENENGAH WILAYAH III KAB. POSO DAN KAB. TOJO UNA-UNA,III.b,614,SMA NEGERI 1 POSO KAB. POSO,33734,KEPALA SMA NEGERI 1 POSO KAB. POSO,,,,,,,,,,,,,,,,,,,,,,,,,,,2,SMA,484,33734,,1.03E+11,,KEPALA SMA NEGERI 1 POSO KAB. POSO,SMA NEGERI 1 POSO KAB. POSO,,"JL. SETIA BUDI, NO.9 PALU",,,,,,1,,,,,
749,10,DINAS PENDIDIKAN,33499,KEPALA DINAS PENDIDIKAN,II.a,484,CABANG DINAS PENDIDIKAN MENENGAH WILAYAH III KAB. POSO DAN KAB. TOJO UNA-UNA,33704,KEPALA CABANG DINAS PENDIDIKAN MENENGAH WILAYAH III KAB. POSO DAN KAB. TOJO UNA-UNA,III.b,586,SUB BAGIAN TATA USAHA,33705,KEPALA SUB BAGIAN TATA USAHA,IV.a,,,,,,,,,,,,,,,,,,,,,,,,,,2,,484,33705,IV.a,1.03E+11,41,KEPALA SUB BAGIAN TATA USAHA,SUB BAGIAN TATA USAHA,133,"JL. SETIA BUDI, NO.9 PALU",,,,,,1,,,,,
750,10,DINAS PENDIDIKAN,33499,KEPALA DINAS PENDIDIKAN,II.a,481,CABANG DINAS PENDIDIKAN MENENGAH WILAYAH II KAB. DONGGALA DAN KAB. PARIGI MOUTONG,33639,KEPALA CABANG DINAS PENDIDIKAN MENENGAH WILAYAH II KAB. DONGGALA DAN KAB. PARIGI MOUTONG,III.b,579,SMK NEGERI 1 PARIGI SELATAN KAB. PARIGI MOUTONG,33697,KEPALA SMK NEGERI 1 PARIGI SELATAN KAB. PARIGI MOUTONG,,,,,,,,,,,,,,,,,,,,,,,,,,,2,SMK,481,33697,,1.03E+11,,KEPALA SMK NEGERI 1 PARIGI SELATAN KAB. PARIGI MOUTONG,SMK NEGERI 1 PARIGI SELATAN KAB. PARIGI MOUTONG,,"JL. SETIA BUDI, NO.9 PALU",,,,,,1,,,,,
751,31,DINAS KELAUTAN DAN PERIKANAN,34250,KEPALA DINAS KELAUTAN DAN PERIKANAN,II.a,787,UPTD BALAI PERBENIHAN PERIKANAN,34272,KEPALA UPTD BALAI PERBENIHAN PERIKANAN,III.b,788,SUB BAGIAN TATA USAHA,34274,KEPALA SUB BAGIAN TATA USAHA,IV.a,,,,,,,,,,,,,,,,,,,,,,,,,,2,,787,34274,IV.a,1.02E+11,41,KEPALA SUB BAGIAN TATA USAHA,SUB BAGIAN TATA USAHA,133,JL. UNDATA NO.7 PALU,,,,,,1,,,,,
752,10,DINAS PENDIDIKAN,33499,KEPALA DINAS PENDIDIKAN,II.a,481,CABANG DINAS PENDIDIKAN MENENGAH WILAYAH II KAB. DONGGALA DAN KAB. PARIGI MOUTONG,33639,KEPALA CABANG DINAS PENDIDIKAN MENENGAH WILAYAH II KAB. DONGGALA DAN KAB. PARIGI MOUTONG,III.b,535,SMK NEGERI 1 BANAWA SELATAN KAB. DONGGALA,33652,KEPALA SMK NEGERI 1 BANAWA SELATAN KAB. DONGGALA,,,,,,,,,,,,,,,,,,,,,,,,,,,2,SMK,481,33652,,1.03E+11,,KEPALA SMK NEGERI 1 BANAWA SELATAN KAB. DONGGALA,SMK NEGERI 1 BANAWA SELATAN KAB. DONGGALA,,"JL. SETIA BUDI, NO.9 PALU",,,,,,1,,,,,
753,10,DINAS PENDIDIKAN,33499,KEPALA DINAS PENDIDIKAN,II.a,481,CABANG DINAS PENDIDIKAN MENENGAH WILAYAH II KAB. DONGGALA DAN KAB. PARIGI MOUTONG,33639,KEPALA CABANG DINAS PENDIDIKAN MENENGAH WILAYAH II KAB. DONGGALA DAN KAB. PARIGI MOUTONG,III.b,548,SMK NEGERI 1 PINEMBANI KAB. DONGGALA,33665,KEPALA SMK NEGERI 1 PINEMBANI KAB. DONGGALA,,,,,,,,,,,,,,,,,,,,,,,,,,,2,SMK,481,33665,,1.03E+11,,KEPALA SMK NEGERI 1 PINEMBANI KAB. DONGGALA,SMK NEGERI 1 PINEMBANI KAB. DONGGALA,,"JL. SETIA BUDI, NO.9 PALU",,,,,,1,,,,,
754,31,DINAS KELAUTAN DAN PERIKANAN,34250,KEPALA DINAS KELAUTAN DAN PERIKANAN,II.a,787,UPTD BALAI PERBENIHAN PERIKANAN,34272,KEPALA UPTD BALAI PERBENIHAN PERIKANAN,III.b,,,,,,,,,,,,,,,,,,,,,,,,,,,,,,,1,,31,34272,III.b,1.02E+11,32,KEPALA UPTD BALAI PERBENIHAN PERIKANAN,UPTD BALAI PERBENIHAN PERIKANAN,134,JL. UNDATA NO.7 PALU,,,,,,1,,,,,
755,31,DINAS KELAUTAN DAN PERIKANAN,34250,KEPALA DINAS KELAUTAN DAN PERIKANAN,II.a,807,UPTD PELABUHAN PERIKANAN DAN KAWASAN KONSERVASI PESISIR DAN PULAU-PULAU KECIL WILAYAH IV,34302,KEPALA UPTD PELABUHAN PERIKANAN DAN KAWASAN KONSERVASI PESISIR DAN PULAU-PULAU KECIL WILAYAH IV,III.b,809,SEKSI KEPELABUHAN,34304,KEPALA SEKSI KEPELABUHAN,IV.a,,,,,,,,,,,,,,,,,,,,,,,,,,2,,807,34304,IV.a,1.02E+11,41,KEPALA SEKSI KEPELABUHAN,SEKSI KEPELABUHAN,133,JL. UNDATA NO.7 PALU,,,,,,1,,,,,
756,49,SEKRETARIAT DAERAH,34461,SEKRETARIS DAERAH,I.b,144,ASISTEN ADMINISTRASI UMUM,33353,ASISTEN ADMINISTRASI UMUM,II.a,175,BIRO ADMINISTRASI PIMPINAN,34480,KEPALA BIRO ADMINISTRASI PIMPINAN,II.b,176,BAGIAN PERENCANAAN DAN KEPEGAWAIAN SETDA,34482,KEPALA BAGIAN PERENCANAAN DAN KEPEGAWAIAN SETDA,III.a,,,,,,,,,,,,,,,,,,,,,3,,175,34482,III.a,1.00E+11,31,KEPALA BAGIAN PERENCANAAN DAN KEPEGAWAIAN SETDA,BAGIAN PERENCANAAN DAN KEPEGAWAIAN SETDA,141,JL. SAM RATULANGI NO.101 PALU,,,,,,1,,,,,
757,10,DINAS PENDIDIKAN,33499,KEPALA DINAS PENDIDIKAN,II.a,484,CABANG DINAS PENDIDIKAN MENENGAH WILAYAH III KAB. POSO DAN KAB. TOJO UNA-UNA,33704,KEPALA CABANG DINAS PENDIDIKAN MENENGAH WILAYAH III KAB. POSO DAN KAB. TOJO UNA-UNA,III.b,595,SMA NEGERI 1 PAMONA TIMUR KAB. POSO,33714,KEPALA SMA NEGERI 1 PAMONA TIMUR KAB. POSO,,,,,,,,,,,,,,,,,,,,,,,,,,,2,SMA,484,33714,,1.03E+11,,KEPALA SMA NEGERI 1 PAMONA TIMUR KAB. POSO,SMA NEGERI 1 PAMONA TIMUR KAB. POSO,,"JL. SETIA BUDI, NO.9 PALU",,,,,,1,,,,,
758,10,DINAS PENDIDIKAN,33499,KEPALA DINAS PENDIDIKAN,II.a,489,"CABANG DINAS PENDIDIKAN MENENGAH WILAYAH V KAB.BANGGAI, KAB. BANGGAI KEPULAUAN DAN KAB. BANGGAI LAUT",33502,"KEPALA CABANG DINAS PENDIDIKAN MENENGAH WILAYAH V KAB.BANGGAI, KAB. BANGGAI KEPULAUAN DAN KAB. BANGGAI LAUT",III.b,964,SUB BAGIAN TATA USAHA,34170,KEPALA SUB BAGIAN TATA USAHA,IV.a,,,,,,,,,,,,,,,,,,,,,,,,,,2,,489,34170,IV.a,1.03E+11,41,KEPALA SUB BAGIAN TATA USAHA,SUB BAGIAN TATA USAHA,133,"JL. SETIA BUDI, NO.9 PALU",,,,,,1,,,,,
759,10,DINAS PENDIDIKAN,33499,KEPALA DINAS PENDIDIKAN,II.a,484,CABANG DINAS PENDIDIKAN MENENGAH WILAYAH III KAB. POSO DAN KAB. TOJO UNA-UNA,33704,KEPALA CABANG DINAS PENDIDIKAN MENENGAH WILAYAH III KAB. POSO DAN KAB. TOJO UNA-UNA,III.b,609,SMK NEGERI 1 POSO KAB. POSO,33729,KEPALA SMK NEGERI 1 POSO KAB. POSO,,,,,,,,,,,,,,,,,,,,,,,,,,,2,SMK,484,33729,,1.03E+11,,KEPALA SMK NEGERI 1 POSO KAB. POSO,SMK NEGERI 1 POSO KAB. POSO,,"JL. SETIA BUDI, NO.9 PALU",,,,,,1,,,,,
760,31,DINAS KELAUTAN DAN PERIKANAN,34250,KEPALA DINAS KELAUTAN DAN PERIKANAN,II.a,811,UPTD PELABUHAN PERIKANAN DAN KAWASAN KONSERVASI PESISIR DAN PULAU-PULAU KECIL WILAYAH V,34306,KEPALA UPTD PELABUHAN PERIKANAN DAN KAWASAN KONSERVASI PESISIR DAN PULAU-PULAU KECIL WILAYAH V,III.b,812,SUB BAGIAN TATA USAHA,34311,KEPALA SUB BAGIAN TATA USAHA,IV.a,,,,,,,,,,,,,,,,,,,,,,,,,,2,,811,34311,IV.a,1.02E+11,41,KEPALA SUB BAGIAN TATA USAHA,SUB BAGIAN TATA USAHA,133,JL. UNDATA NO.7 PALU,,,,,,1,,,,,
761,49,SEKRETARIAT DAERAH,34461,SEKRETARIS DAERAH,I.b,72,ASISTEN PEREKONOMIAN DAN PEMBANGUNAN,39771,ASISTEN PEREKONOMIAN DAN PEMBANGUNAN,II.a,131,BIRO ADMINISTRASI PEMBANGUNAN,34464,KEPALA BIRO ADMINISTRASI PEMBANGUNAN,II.b,,,,,,,,,,,,,,,,,,,,,,,,,,2,,72,34464,II.b,1.00E+11,22,KEPALA BIRO ADMINISTRASI PEMBANGUNAN,BIRO ADMINISTRASI PEMBANGUNAN,142,JL. SAM RATULANGI NO.101 PALU,,,,,,1,,,,,
762,4,BADAN PENGELOLAAN KEUANGAN DAN ASET DAERAH,33412,KEPALA BADAN PENGELOLAAN KEUANGAN DAN ASET DAERAH,II.a,215,BIDANG ANGGARAN,33553,KEPALA BIDANG ANGGARAN,III.a,,,,,,,,,,,,,,,,,,,,,,,,,,,,,,,1,,4,33553,III.a,1.03E+11,31,KEPALA BIDANG ANGGARAN,BIDANG ANGGARAN,141,JL. SAM RATULANGI NO.101 PALU,,,,,,1,,,,,
763,28,DINAS PENANAMAN MODAL DAN PELAYANAN TERPADU SATU PINTU,34004,KEPALA DINAS PENANAMAN MODAL DAN PELAYANAN TERPADU SATU PINTU,II.a,741,SEKRETARIAT,34005,SEKRETARIS,III.a,742,SUB BAGIAN PROGRAM,34006,KEPALA SUB BAGIAN PROGRAM,IV.a,,,,,,,,,,,,,,,,,,,,,,,,,,2,,741,34006,IV.a,1.02E+11,41,KEPALA SUB BAGIAN PROGRAM,SUB BAGIAN PROGRAM,133,JL. CIK DITIRO NO.29 PALU,,,,,,1,,,,,
764,4,BADAN PENGELOLAAN KEUANGAN DAN ASET DAERAH,33412,KEPALA BADAN PENGELOLAAN KEUANGAN DAN ASET DAERAH,II.a,215,BIDANG ANGGARAN,33553,KEPALA BIDANG ANGGARAN,III.a,216,SUB BIDANG PENYUSUNAN ANGGARAN,33554,KEPALA SUB BIDANG PENYUSUNAN ANGGARAN,IV.a,,,,,,,,,,,,,,,,,,,,,,,,,,2,,215,33554,IV.a,1.03E+11,41,KEPALA SUB BIDANG PENYUSUNAN ANGGARAN,SUB BIDANG PENYUSUNAN ANGGARAN,133,JL. SAM RATULANGI NO.101 PALU,,,,,,1,,,,,
765,12,DINAS KESEHATAN,34343,KEPALA DINAS KESEHATAN,II.a,754,BIDANG KESEHATAN MASYARAKAT,34354,KEPALA BIDANG KESEHATAN MASYARAKAT,III.a,,,,,,,,,,,,,,,,,,,,,,,,,,,,,,,1,,12,34354,III.a,1.00E+11,31,KEPALA BIDANG KESEHATAN MASYARAKAT,BIDANG KESEHATAN MASYARAKAT,141,"JL. R.A. KARTINI, NO.11 PALU",,,,,,1,,,,,
766,10,DINAS PENDIDIKAN,33499,KEPALA DINAS PENDIDIKAN,II.a,487,CABANG DINAS PENDIDIKAN MENENGAH WILAYAH IV KAB. MOROWALI DAN KAB. MOROWALI UTARA,33501,KEPALA CABANG DINAS PENDIDIKAN MENENGAH WILAYAH IV KAB. MOROWALI DAN KAB. MOROWALI UTARA,III.b,938,SMA NEGERI 1 MENUI KEPULAUAN KAB. MOROWALI,34144,KEPALA SMA NEGERI 1 MENUI KEPULAUAN KAB. MOROWALI,,,,,,,,,,,,,,,,,,,,,,,,,,,2,SMA,487,34144,,1.03E+11,,KEPALA SMA NEGERI 1 MENUI KEPULAUAN KAB. MOROWALI,SMA NEGERI 1 MENUI KEPULAUAN KAB. MOROWALI,,"JL. SETIA BUDI, NO.9 PALU",,,,,,1,,,,,
767,10,DINAS PENDIDIKAN,33499,KEPALA DINAS PENDIDIKAN,II.a,487,CABANG DINAS PENDIDIKAN MENENGAH WILAYAH IV KAB. MOROWALI DAN KAB. MOROWALI UTARA,33501,KEPALA CABANG DINAS PENDIDIKAN MENENGAH WILAYAH IV KAB. MOROWALI DAN KAB. MOROWALI UTARA,III.b,958,SMK NEGERI 1 BUNGKU UTARA KAB. MOROWALI UTARA,34164,KEPALA SMK NEGERI 1 BUNGKU UTARA KAB. MOROWALI UTARA,,,,,,,,,,,,,,,,,,,,,,,,,,,2,SMK,487,34164,,1.03E+11,,KEPALA SMK NEGERI 1 BUNGKU UTARA KAB. MOROWALI UTARA,SMK NEGERI 1 BUNGKU UTARA KAB. MOROWALI UTARA,,"JL. SETIA BUDI, NO.9 PALU",,,,,,1,,,,,
768,10,DINAS PENDIDIKAN,33499,KEPALA DINAS PENDIDIKAN,II.a,481,CABANG DINAS PENDIDIKAN MENENGAH WILAYAH II KAB. DONGGALA DAN KAB. PARIGI MOUTONG,33639,KEPALA CABANG DINAS PENDIDIKAN MENENGAH WILAYAH II KAB. DONGGALA DAN KAB. PARIGI MOUTONG,III.b,512,SEKSI PEMBINAAN SMK,33642,KEPALA SEKSI PEMBINAAN SMK,IV.a,,,,,,,,,,,,,,,,,,,,,,,,,,2,,481,33642,IV.a,1.03E+11,41,KEPALA SEKSI PEMBINAAN SMK,SEKSI PEMBINAAN SMK,133,"JL. SETIA BUDI, NO.9 PALU",,,,,,1,,,,,
769,27,DINAS KOPERASI USAHA KECIL DAN MENENGAH,34231,KEPALA DINAS KOPERASI USAHA KECIL DAN MENENGAH,II.a,909,BIDANG PEMBERDAYAAN DAN PENGEMBANGAN KOPERASI,34237,KEPALA BIDANG PEMBERDAYAAN DAN PENGEMBANGAN KOPERASI,IV.a,,,,,,,,,,,,,,,,,,,,,,,,,,,,,,,1,,27,34237,IV.a,1.02E+11,41,KEPALA BIDANG PEMBERDAYAAN DAN PENGEMBANGAN KOPERASI,BIDANG PEMBERDAYAAN DAN PENGEMBANGAN KOPERASI,133,JL. KARTINI NO.17 PALU,,,,,,1,,,,,
770,10,DINAS PENDIDIKAN,33499,KEPALA DINAS PENDIDIKAN,II.a,365,CABANG DINAS PENDIDIKAN MENENGAH WILAYAH I KOTA PALU DAN KAB. SIGI,33513,KEPALA CABANG DINAS PENDIDIKAN MENENGAH WILAYAH I KOTA PALU DAN KAB. SIGI,III.b,429,SMK NEGERI 7 PALU KOTA PALU,33537,KEPALA SMK NEGERI 7 PALU KOTA PALU,,,,,,,,,,,,,,,,,,,,,,,,,,,2,SMK,365,33537,,1.03E+11,,KEPALA SMK NEGERI 7 PALU KOTA PALU,SMK NEGERI 7 PALU KOTA PALU,,"JL. SETIA BUDI, NO.9 PALU",,,,,,1,,,,,
771,10,DINAS PENDIDIKAN,33499,KEPALA DINAS PENDIDIKAN,II.a,489,"CABANG DINAS PENDIDIKAN MENENGAH WILAYAH V KAB.BANGGAI, KAB. BANGGAI KEPULAUAN DAN KAB. BANGGAI LAUT",33502,"KEPALA CABANG DINAS PENDIDIKAN MENENGAH WILAYAH V KAB.BANGGAI, KAB. BANGGAI KEPULAUAN DAN KAB. BANGGAI LAUT",III.b,966,SEKSI PEMBINAAN SMK,34172,KEPALA SEKSI PEMBINAAN SMK,IV.a,,,,,,,,,,,,,,,,,,,,,,,,,,2,,489,34172,IV.a,1.03E+11,41,KEPALA SEKSI PEMBINAAN SMK,SEKSI PEMBINAAN SMK,133,"JL. SETIA BUDI, NO.9 PALU",,,,,,1,,,,,
772,10,DINAS PENDIDIKAN,33499,KEPALA DINAS PENDIDIKAN,II.a,489,"CABANG DINAS PENDIDIKAN MENENGAH WILAYAH V KAB.BANGGAI, KAB. BANGGAI KEPULAUAN DAN KAB. BANGGAI LAUT",33502,"KEPALA CABANG DINAS PENDIDIKAN MENENGAH WILAYAH V KAB.BANGGAI, KAB. BANGGAI KEPULAUAN DAN KAB. BANGGAI LAUT",III.b,1041,SMA NEGERI 1 LUWUK KAB. BANGGAI,34202,KEPALA SMA NEGERI 1 LUWUK KAB. BANGGAI,,,,,,,,,,,,,,,,,,,,,,,,,,,2,SMA,489,34202,,1.03E+11,,KEPALA SMA NEGERI 1 LUWUK KAB. BANGGAI,SMA NEGERI 1 LUWUK KAB. BANGGAI,,"JL. SETIA BUDI, NO.9 PALU",,,,,,1,,,,,
773,31,DINAS KELAUTAN DAN PERIKANAN,34250,KEPALA DINAS KELAUTAN DAN PERIKANAN,II.a,815,UPT KAWASAN KONSERVASI PESISIR DAN PULAU-PULAU KECIL TELUK TOMINI,34312,KEPALA UPT KAWASAN KONSERVASI PESISIR DAN PULAU-PULAU KECIL TELUK TOMINI,III.b,818,SEKSI WILAYAH II POSO DAN TOJO UNA UNA,34315,KEPALA SEKSI WILAYAH II POSO DAN TOJO UNA UNA,IV.a,,,,,,,,,,,,,,,,,,,,,,,,,,2,,815,34315,IV.a,1.02E+11,41,KEPALA SEKSI WILAYAH II POSO DAN TOJO UNA UNA,SEKSI WILAYAH II POSO DAN TOJO UNA UNA,133,JL. UNDATA NO.7 PALU,,,,,,1,,,,,
774,47,SATUAN POLISI PAMONG PRAJA,33981,KEPALA SATUAN POLISI PAMONG PRAJA,II.a,257,BIDANG PEMADAM KEBAKARAN DAN PENYELAMATAN,33998,KEPALA BIDANG PEMADAM KEBAKARAN DAN PENYELAMATAN,III.a,258,"SEKSI PENCEGAHAN, OPERASI DAN PENINGKATAN KAPASITAS SDM",33999,"KEPALA SEKSI PENCEGAHAN, OPERASI DAN PENINGKATAN KAPASITAS SDM",IV.a,,,,,,,,,,,,,,,,,,,,,,,,,,2,,257,33999,IV.a,1.04E+11,41,"KEPALA SEKSI PENCEGAHAN, OPERASI DAN PENINGKATAN KAPASITAS SDM","SEKSI PENCEGAHAN, OPERASI DAN PENINGKATAN KAPASITAS SDM",133,JL. PRAMUKA NO.21 PALU,,,,,,1,,,,,
775,10,DINAS PENDIDIKAN,33499,KEPALA DINAS PENDIDIKAN,II.a,494,CABANG DINAS PENDIDIKAN MENENGAH WILAYAH VI TOLITOLI DAN BUOL,33503,KEPALA CABANG DINAS PENDIDIKAN MENENGAH WILAYAH VI TOLITOLI DAN BUOL,III.b,1097,SMA NEGERI 2 TOLI-TOLI KAB. TOLITOLI,34321,KEPALA SMA NEGERI 2 TOLI-TOLI KAB. TOLITOLI,,,,,,,,,,,,,,,,,,,,,,,,,,,2,SMA,494,34321,,1.03E+11,,KEPALA SMA NEGERI 2 TOLI-TOLI KAB. TOLITOLI,SMA NEGERI 2 TOLI-TOLI KAB. TOLITOLI,,"JL. SETIA BUDI, NO.9 PALU",,,,,,1,,,,,
776,10,DINAS PENDIDIKAN,33499,KEPALA DINAS PENDIDIKAN,II.a,481,CABANG DINAS PENDIDIKAN MENENGAH WILAYAH II KAB. DONGGALA DAN KAB. PARIGI MOUTONG,33639,KEPALA CABANG DINAS PENDIDIKAN MENENGAH WILAYAH II KAB. DONGGALA DAN KAB. PARIGI MOUTONG,III.b,551,SMK NEGERI 1 SOJOL KAB. DONGGALA,33668,KEPALA SMK NEGERI 1 SOJOL KAB. DONGGALA,,,,,,,,,,,,,,,,,,,,,,,,,,,2,SMK,481,33668,,1.03E+11,,KEPALA SMK NEGERI 1 SOJOL KAB. DONGGALA,SMK NEGERI 1 SOJOL KAB. DONGGALA,,"JL. SETIA BUDI, NO.9 PALU",,,,,,1,,,,,
777,10,DINAS PENDIDIKAN,33499,KEPALA DINAS PENDIDIKAN,II.a,365,CABANG DINAS PENDIDIKAN MENENGAH WILAYAH I KOTA PALU DAN KAB. SIGI,33513,KEPALA CABANG DINAS PENDIDIKAN MENENGAH WILAYAH I KOTA PALU DAN KAB. SIGI,III.b,399,SLB NEGERI 1 PALU KOTA PALU,33527,KEPALA SLB NEGERI 1 PALU KOTA PALU,,,,,,,,,,,,,,,,,,,,,,,,,,,2,SLB,365,33527,,1.03E+11,,KEPALA SLB NEGERI 1 PALU KOTA PALU,SLB NEGERI 1 PALU KOTA PALU,,"JL. SETIA BUDI, NO.9 PALU",,,,,,1,,,,,
778,28,DINAS PENANAMAN MODAL DAN PELAYANAN TERPADU SATU PINTU,34004,KEPALA DINAS PENANAMAN MODAL DAN PELAYANAN TERPADU SATU PINTU,II.a,746,BIDANG PROMOSI PENANAMAN MODAL,34011,KEPALA BIDANG PROMOSI PENANAMAN MODAL,III.a,,,,,,,,,,,,,,,,,,,,,,,,,,,,,,,1,,28,34011,III.a,1.02E+11,31,KEPALA BIDANG PROMOSI PENANAMAN MODAL,BIDANG PROMOSI PENANAMAN MODAL,141,JL. CIK DITIRO NO.29 PALU,,,,,,1,,,,,
779,36,DINAS ENERGI DAN SUMBER DAYA MINERAL,33744,KEPALA DINAS ENERGI DAN SUMBER DAYA MINERAL,II.a,638,BIDANG GEOLOGI,33748,KEPALA BIDANG GEOLOGI,III.a,,,,,,,,,,,,,,,,,,,,,,,,,,,,,,,1,,36,33748,III.a,1.02E+11,31,KEPALA BIDANG GEOLOGI,BIDANG GEOLOGI,141,JL. SAM RATULANGI NO.25 PALU,,,,,,1,,,,,
780,14,DINAS CIPTA KARYA DAN SUMBER DAYA AIR,33805,KEPALA DINAS CIPTA KARYA DAN SUMBER DAYA AIR,II.a,690,UPT PENGELOLAAN SUMBER DAYA AIR WILAYAH II,33878,KEPALA UPT PENGELOLAAN SUMBER DAYA AIR WILAYAH II,III.b,,,,,,,,,,,,,,,,,,,,,,,,,,,,,,,1,UPTD Tipe A,14,33878,III.b,1.01E+11,32,KEPALA UPT PENGELOLAAN SUMBER DAYA AIR WILAYAH II,UPT PENGELOLAAN SUMBER DAYA AIR WILAYAH II,134,JL. PROF. MOH. YAMIN NO.33 PALU,,,,,,1,,,,,
781,21,DINAS LINGKUNGAN HIDUP,34084,KEPALA DINAS LINGKUNGAN HIDUP,II.a,292,"BIDANG PENGELOLAAN SAMPAH, LIMBAH B3, PENINGKATAN KAPASITAS DAN DATA LINGKUNGAN HIDUP",34088,"KEPALA BIDANG PENGELOLAAN SAMPAH, LIMBAH B3, PENINGKATAN KAPASITAS DAN DATA LINGKUNGAN HIDUP",III.a,,,,,,,,,,,,,,,,,,,,,,,,,,,,,,,1,,21,34088,III.a,1.01E+11,31,"KEPALA BIDANG PENGELOLAAN SAMPAH, LIMBAH B3, PENINGKATAN KAPASITAS DAN DATA LINGKUNGAN HIDUP","BIDANG PENGELOLAAN SAMPAH, LIMBAH B3, PENINGKATAN KAPASITAS DAN DATA LINGKUNGAN HIDUP",141,JL. UNDATA NO.35 PALU,,,,,,1,,,,,
782,10,DINAS PENDIDIKAN,33499,KEPALA DINAS PENDIDIKAN,II.a,481,CABANG DINAS PENDIDIKAN MENENGAH WILAYAH II KAB. DONGGALA DAN KAB. PARIGI MOUTONG,33639,KEPALA CABANG DINAS PENDIDIKAN MENENGAH WILAYAH II KAB. DONGGALA DAN KAB. PARIGI MOUTONG,III.b,540,SMA NEGERI 1 RIO PAKAVA KAB. DONGGALA,33657,KEPALA SMA NEGERI 1 RIO PAKAVA KAB. DONGGALA,,,,,,,,,,,,,,,,,,,,,,,,,,,2,SMA,481,33657,,1.03E+11,,KEPALA SMA NEGERI 1 RIO PAKAVA KAB. DONGGALA,SMA NEGERI 1 RIO PAKAVA KAB. DONGGALA,,"JL. SETIA BUDI, NO.9 PALU",,,,,,1,,,,,
783,49,SEKRETARIAT DAERAH,34461,SEKRETARIS DAERAH,I.b,72,ASISTEN PEREKONOMIAN DAN PEMBANGUNAN,39771,ASISTEN PEREKONOMIAN DAN PEMBANGUNAN,II.a,118,BIRO PENGADAAN BARANG/JASA,38323,KEPALA BIRO PENGADAAN BARANG/JASA,II.b,127,BAGIAN PEMBINAAN DAN ADVOKASI PENGADAAN BARANG/JASA,38482,KEPALA BAGIAN PEMBINAAN DAN ADVOKASI PENGADAAN BARANG/JASA,III.a,129,SUB BAGIAN TATA USAHA,38495,KEPALA SUB BAGIAN TATA USAHA,IV.a,,,,,,,,,,,,,,,,4,,127,38495,IV.a,1.00E+11,41,KEPALA SUB BAGIAN TATA USAHA,SUB BAGIAN TATA USAHA,133,JL. SAM RATULANGI NO.101 PALU,,,,,,1,,,,,
784,10,DINAS PENDIDIKAN,33499,KEPALA DINAS PENDIDIKAN,II.a,489,"CABANG DINAS PENDIDIKAN MENENGAH WILAYAH V KAB.BANGGAI, KAB. BANGGAI KEPULAUAN DAN KAB. BANGGAI LAUT",33502,"KEPALA CABANG DINAS PENDIDIKAN MENENGAH WILAYAH V KAB.BANGGAI, KAB. BANGGAI KEPULAUAN DAN KAB. BANGGAI LAUT",III.b,1053,SMA NEGERI 2 TOILI KAB. BANGGAI,34214,KEPALA SMA NEGERI 2 TOILI KAB. BANGGAI,,,,,,,,,,,,,,,,,,,,,,,,,,,2,SMA,489,34214,,1.03E+11,,KEPALA SMA NEGERI 2 TOILI KAB. BANGGAI,SMA NEGERI 2 TOILI KAB. BANGGAI,,"JL. SETIA BUDI, NO.9 PALU",,,,,,1,,,,,
785,33,DINAS PERKEBUNAN DAN PETERNAKAN,37689,KEPALA DINAS PERKEBUNAN DAN PETERNAKAN,II.a,886,UPT VETERINER,36591,KEPALA UPT VETERINER,III.a,888,SEKSI PELAYANAN KESEHATAN MASYARAKAT VETERINER,36594,KEPALA SEKSI PELAYANAN KESEHATAN MASYARAKAT VETERINER,IV.a,,,,,,,,,,,,,,,,,,,,,,,,,,2,,886,36594,IV.a,1.03E+11,41,KEPALA SEKSI PELAYANAN KESEHATAN MASYARAKAT VETERINER,SEKSI PELAYANAN KESEHATAN MASYARAKAT VETERINER,133,JL. R.A. KARTINI NO.25 & 31 PALU,,,,,,1,,,,,
786,16,DINAS SOSIAL,33907,KEPALA DINAS SOSIAL,II.a,855,BIDANG PERLINDUNGAN DAN JAMINAN SOSIAL,33959,KEPALA BIDANG PERLINDUNGAN DAN JAMINAN SOSIAL,III.a,,,,,,,,,,,,,,,,,,,,,,,,,,,,,,,1,,16,33959,III.a,1.01E+11,31,KEPALA BIDANG PERLINDUNGAN DAN JAMINAN SOSIAL,BIDANG PERLINDUNGAN DAN JAMINAN SOSIAL,141,JL. PROF. MOH. YAMIN NO. 15 PALU,,,,,,1,,,,,
787,22,DINAS KEPENDUDUKAN DAN PENCATATAN SIPIL,33913,KEPALA DINAS KEPENDUDUKAN DAN PENCATATAN SIPIL,II.a,869,SEKRETARIAT,33914,SEKRETARIS,III.a,870,SUB BAGIAN PERENCANAAN DAN KEUANGAN,33915,KEPALA SUB BAGIAN PERENCANAAN DAN KEUANGAN,IV.a,,,,,,,,,,,,,,,,,,,,,,,,,,2,,869,33915,IV.a,1.01E+11,41,KEPALA SUB BAGIAN PERENCANAAN DAN KEUANGAN,SUB BAGIAN PERENCANAAN DAN KEUANGAN,133,JL. DEWI SARTIKA NO.85 PALU,,,,,,1,,,,,
789,3,BADAN PENDAPATAN DAERAH,33784,KEPALA BADAN PENDAPATAN DAERAH,II.a,341,UPTD BADAN PENDAPATAN WILAYAH VIII,33854,KEPALA UPTD BADAN PENDAPATAN WILAYAH VIII,III.b,343,SEKSI PELAYANAN PAJAK KENDARAAN BERMOTOR DAN BEA BALIK NAMA KENDARAAN BERMOTOR,33856,KEPALA SEKSI PELAYANAN PAJAK KENDARAAN BERMOTOR DAN BEA BALIK NAMA KENDARAAN BERMOTOR,IV.a,,,,,,,,,,,,,,,,,,,,,,,,,,2,,341,33856,IV.a,1.03E+11,41,KEPALA SEKSI PELAYANAN PAJAK KENDARAAN BERMOTOR DAN BEA BALIK NAMA KENDARAAN BERMOTOR,SEKSI PELAYANAN PAJAK KENDARAAN BERMOTOR DAN BEA BALIK NAMA KENDARAAN BERMOTOR,133,JL. PROF. DR. MOH. YAMIN NO. 34 PALU,,,,,,1,,,,,
790,10,DINAS PENDIDIKAN,33499,KEPALA DINAS PENDIDIKAN,II.a,489,"CABANG DINAS PENDIDIKAN MENENGAH WILAYAH V KAB.BANGGAI, KAB. BANGGAI KEPULAUAN DAN KAB. BANGGAI LAUT",33502,"KEPALA CABANG DINAS PENDIDIKAN MENENGAH WILAYAH V KAB.BANGGAI, KAB. BANGGAI KEPULAUAN DAN KAB. BANGGAI LAUT",III.b,1064,SMA NEGERI 3 BANGGAI KAB. BANGGAI LAUT,34225,KEPALA SMA NEGERI 3 BANGGAI KAB. BANGGAI LAUT,,,,,,,,,,,,,,,,,,,,,,,,,,,2,SMA,489,34225,,1.03E+11,,KEPALA SMA NEGERI 3 BANGGAI KAB. BANGGAI LAUT,SMA NEGERI 3 BANGGAI KAB. BANGGAI LAUT,,"JL. SETIA BUDI, NO.9 PALU",,,,,,1,,,,,
791,36,DINAS ENERGI DAN SUMBER DAYA MINERAL,33744,KEPALA DINAS ENERGI DAN SUMBER DAYA MINERAL,II.a,635,SEKRETARIAT,33745,SEKRETARIS,III.a,636,SUB BAGIAN KEUANGAN DAN ASET,33746,KEPALA SUB BAGIAN KEUANGAN DAN ASET,IV.a,,,,,,,,,,,,,,,,,,,,,,,,,,2,,635,33746,IV.a,1.02E+11,41,KEPALA SUB BAGIAN KEUANGAN DAN ASET,SUB BAGIAN KEUANGAN DAN ASET,133,JL. SAM RATULANGI NO.25 PALU,,,,,,1,,,,,
792,33,DINAS PERKEBUNAN DAN PETERNAKAN,37689,KEPALA DINAS PERKEBUNAN DAN PETERNAKAN,II.a,886,UPT VETERINER,36591,KEPALA UPT VETERINER,III.a,889,SUB BAGIAN TATA USAHA,36597,KEPALA SUB BAGIAN TATA USAHA,IV.a,,,,,,,,,,,,,,,,,,,,,,,,,,2,,886,36597,IV.a,1.03E+11,41,KEPALA SUB BAGIAN TATA USAHA,SUB BAGIAN TATA USAHA,133,JL. R.A. KARTINI NO.25 & 31 PALU,,,,,,1,,,,,
793,30,DINAS PERPUSTAKAAN DAN KEARSIPAN DAERAH,33886,KEPALA DINAS PERPUSTAKAAN DAN KEARSIPAN DAERAH,II.a,694,SEKRETARIAT,33887,SEKRETARIS,III.a,,,,,,,,,,,,,,,,,,,,,,,,,,,,,,,1,,30,33887,III.a,1.02E+11,31,SEKRETARIS,SEKRETARIAT,141,JL. BANTENG NO. 6 PALU,,,,,,1,,,,,
794,47,SATUAN POLISI PAMONG PRAJA,33981,KEPALA SATUAN POLISI PAMONG PRAJA,II.a,257,BIDANG PEMADAM KEBAKARAN DAN PENYELAMATAN,33998,KEPALA BIDANG PEMADAM KEBAKARAN DAN PENYELAMATAN,III.a,259,SEKSI PENYELAMATAN,34000,KEPALA SEKSI PENYELAMATAN,IV.a,,,,,,,,,,,,,,,,,,,,,,,,,,2,,257,34000,IV.a,SEKSI PENYELAMATAN,41,KEPALA SEKSI PENYELAMATAN,SEKSI PENYELAMATAN,133,JL. PRAMUKA NO.21 PALU,,,,,,1,,,,,
795,3,BADAN PENDAPATAN DAERAH,33784,KEPALA BADAN PENDAPATAN DAERAH,II.a,304,BIDANG PENGELOLAAN SISTEM INFORMASI PENDAPATAN DAERAH,33794,KEPALA BIDANG PENGELOLAAN SISTEM INFORMASI PENDAPATAN DAERAH,III.a,,,,,,,,,,,,,,,,,,,,,,,,,,,,,,,1,,3,33794,III.a,1.03E+11,31,KEPALA BIDANG PENGELOLAAN SISTEM INFORMASI PENDAPATAN DAERAH,BIDANG PENGELOLAAN SISTEM INFORMASI PENDAPATAN DAERAH,141,JL. PROF. DR. MOH. YAMIN NO. 34 PALU,,,,,,1,,,,,
796,3,BADAN PENDAPATAN DAERAH,33784,KEPALA BADAN PENDAPATAN DAERAH,II.a,307,BIDANG PERENCANAAN DAN PENGEMBANGAN PENDAPATAN DAERAH,33798,KEPALA BIDANG PERENCANAAN DAN PENGEMBANGAN PENDAPATAN DAERAH,III.a,308,SUB BIDANG PERENCANAAN DAN PENETAPAN PENDAPATAN DAERAH,33799,KEPALA SUB BIDANG PERENCANAAN DAN PENETAPAN PENDAPATAN DAERAH,IV.a,,,,,,,,,,,,,,,,,,,,,,,,,,2,,307,33799,IV.a,1.03E+11,41,KEPALA SUB BIDANG PERENCANAAN DAN PENETAPAN PENDAPATAN DAERAH,SUB BIDANG PERENCANAAN DAN PENETAPAN PENDAPATAN DAERAH,133,JL. PROF. DR. MOH. YAMIN NO. 34 PALU,,,,,,1,,,,,
797,36,DINAS ENERGI DAN SUMBER DAYA MINERAL,33744,KEPALA DINAS ENERGI DAN SUMBER DAYA MINERAL,II.a,654,CABANG DINAS ENERGI DAN SUMBER DAYA MINERAL WILAYAH III,33939,KEPALA CABANG DINAS ENERGI DAN SUMBER DAYA MINERAL WILAYAH III,III.b,,,,,,,,,,,,,,,,,,,,,,,,,,,,,,,1,Cabang,36,33939,III.b,1.02E+11,32,KEPALA CABANG DINAS ENERGI DAN SUMBER DAYA MINERAL WILAYAH III,CABANG DINAS ENERGI DAN SUMBER DAYA MINERAL WILAYAH III,134,JL. SAM RATULANGI NO.25 PALU,,,,,,1,,,,,
798,19,DINAS PANGAN,33900,KEPALA DINAS PANGAN,II.a,278,SEKRETARIAT,33901,SEKRETARIS,III.a,280,SUB BAGIAN KEPEGAWAIAN DAN UMUM,33903,KEPALA SUB BAGIAN KEPEGAWAIAN DAN UMUM,IV.a,,,,,,,,,,,,,,,,,,,,,,,,,,2,,278,33903,IV.a,1.01E+11,41,KEPALA SUB BAGIAN KEPEGAWAIAN DAN UMUM,SUB BAGIAN KEPEGAWAIAN DAN UMUM,133,JL. PROF. MOH. YAMIN NO. 17 PALU,,,,,,1,,,,,
799,33,DINAS PERKEBUNAN DAN PETERNAKAN,37689,KEPALA DINAS PERKEBUNAN DAN PETERNAKAN,II.a,921,UPT PROTEKSI TANAMAN PERKEBUNAN,36575,KEPALA UPT PROTEKSI TANAMAN PERKEBUNAN,III.b,924,SUB BAGIAN TATA USAHA,36578,KEPALA SUB BAGIAN TATA USAHA,IV.a,,,,,,,,,,,,,,,,,,,,,,,,,,2,,921,36578,IV.a,1.03E+11,41,KEPALA SUB BAGIAN TATA USAHA,SUB BAGIAN TATA USAHA,133,JL. R.A. KARTINI NO.25 & 31 PALU,,,,,,1,,,,,
800,10,DINAS PENDIDIKAN,33499,KEPALA DINAS PENDIDIKAN,II.a,489,"CABANG DINAS PENDIDIKAN MENENGAH WILAYAH V KAB.BANGGAI, KAB. BANGGAI KEPULAUAN DAN KAB. BANGGAI LAUT",33502,"KEPALA CABANG DINAS PENDIDIKAN MENENGAH WILAYAH V KAB.BANGGAI, KAB. BANGGAI KEPULAUAN DAN KAB. BANGGAI LAUT",III.b,1066,SMA NEGERI LIANG KAB. BANGGAI KEPULAUAN,34227,KEPALA SMA NEGERI LIANG KAB. BANGGAI KEPULAUAN,,,,,,,,,,,,,,,,,,,,,,,,,,,2,SMA,489,34227,,1.03E+11,,KEPALA SMA NEGERI LIANG KAB. BANGGAI KEPULAUAN,SMA NEGERI LIANG KAB. BANGGAI KEPULAUAN,,"JL. SETIA BUDI, NO.9 PALU",,,,,,1,,,,,
801,30,DINAS PERPUSTAKAAN DAN KEARSIPAN DAERAH,33886,KEPALA DINAS PERPUSTAKAAN DAN KEARSIPAN DAERAH,II.a,694,SEKRETARIAT,33887,SEKRETARIS,III.a,695,SUB BAGIAN PROGRAM,33888,KEPALA SUB BAGIAN PROGRAM,IV.a,,,,,,,,,,,,,,,,,,,,,,,,,,2,,694,33888,IV.a,1.02E+11,41,KEPALA SUB BAGIAN PROGRAM,SUB BAGIAN PROGRAM,133,JL. BANTENG NO. 6 PALU,,,,,,1,,,,,
802,49,SEKRETARIAT DAERAH,34461,SEKRETARIS DAERAH,I.b,72,ASISTEN PEREKONOMIAN DAN PEMBANGUNAN,39771,ASISTEN PEREKONOMIAN DAN PEMBANGUNAN,II.a,118,BIRO PENGADAAN BARANG/JASA,38323,KEPALA BIRO PENGADAAN BARANG/JASA,II.b,123,BAGIAN PENGELOLAAN LAYANAN PENGADAAN SECARA ELEKTRONIK,38358,KEPALA BAGIAN PENGELOLAAN LAYANAN PENGADAAN SECARA ELEKTRONIK,III.a,125,SUB BAGIAN PENGEMBANGAN SISTEM INFORMASI,38479,KEPALA SUB BAGIAN PENGEMBANGAN SISTEM INFORMASI,IV.a,,,,,,,,,,,,,,,,4,,123,38479,IV.a,1.00E+11,41,KEPALA SUB BAGIAN PENGEMBANGAN SISTEM INFORMASI,SUB BAGIAN PENGEMBANGAN SISTEM INFORMASI,133,JL. SAM RATULANGI NO.101 PALU,,,,,,1,,,,,
803,32,DINAS TANAMAN PANGAN DAN HORTIKULTURA,37620,KEPALA DINAS TANAMAN PANGAN DAN HORTIKULTURA,II.a,838,UPTD PENGAWASAN MUTU DAN SERTIFIKASI BENIH TANAMAN PANGAN DAN HORTIKULTURA,37596,KEPALA UPT PENGAWASAN MUTU DAN SERTIFIKASI BENIH TPH,III.b,840,SEKSI PENGAWASAN MUTU DAN SERTIFIKASI BENIH TANAMAN PANGAN,37606,KEPALA SEKSI PENGAWASAN MUTU DAN SERTIFIKASI BENIH TANAMAN PANGAN,IV.a,,,,,,,,,,,,,,,,,,,,,,,,,,2,,838,37606,IV.a,1.03E+11,41,KEPALA SEKSI PENGAWASAN MUTU DAN SERTIFIKASI BENIH TANAMAN PANGAN,SEKSI PENGAWASAN MUTU DAN SERTIFIKASI BENIH TANAMAN PANGAN,133,JL. R.A. KARTINI NO. 80 PALU,,,,,,1,,,,,
804,49,SEKRETARIAT DAERAH,34461,SEKRETARIS DAERAH,I.b,1,ASISTEN PEMERINTAHAN DAN KESEJAHTERAAN RAKYAT,34132,ASISTEN PEMERINTAHAN DAN KESEJAHTERAAN RAKYAT,II.a,59,BIRO HUKUM,34105,KEPALA BIRO HUKUM,II.b,60,BAGIAN PERATURAN PERUNDANG-UNDANGAN PROVINSI,34104,KEPALA BAGIAN PERATURAN PERUNDANG-UNDANGAN PROVINSI,III.a,63,SUB BAGIAN DOKUMENTASI DAN NASKAH HUKUM LAINNYA,34101,KEPALA SUB BAGIAN DOKUMENTASI DAN NASKAH HUKUM LAINNYA,IV.a,,,,,,,,,,,,,,,,4,,60,34101,IV.a,1.00E+11,41,KEPALA SUB BAGIAN DOKUMENTASI DAN NASKAH HUKUM LAINNYA,SUB BAGIAN DOKUMENTASI DAN NASKAH HUKUM LAINNYA,133,JL. SAM RATULANGI NO.101 PALU,,,,,,1,,,,,
805,3,BADAN PENDAPATAN DAERAH,33784,KEPALA BADAN PENDAPATAN DAERAH,II.a,310,BIDANG PENGENDALIAN DAN EVALUASI PENDAPATAN DAERAH,33802,KEPALA BIDANG PENGENDALIAN DAN EVALUASI PENDAPATAN DAERAH,III.a,,,,,,,,,,,,,,,,,,,,,,,,,,,,,,,1,,3,33802,III.a,1.03E+11,31,KEPALA BIDANG PENGENDALIAN DAN EVALUASI PENDAPATAN DAERAH,BIDANG PENGENDALIAN DAN EVALUASI PENDAPATAN DAERAH,141,JL. PROF. DR. MOH. YAMIN NO. 34 PALU,,,,,,1,,,,,
806,49,SEKRETARIAT DAERAH,34461,SEKRETARIS DAERAH,I.b,72,ASISTEN PEREKONOMIAN DAN PEMBANGUNAN,39771,ASISTEN PEREKONOMIAN DAN PEMBANGUNAN,II.a,73,BIRO PEREKONOMIAN,34712,KEPALA BIRO PEREKONOMIAN,II.b,75,BAGIAN KEBIJAKAN PEREKONOMIAN,34713,KEPALA BAGIAN KEBIJAKAN PEREKONOMIAN,III.a,80,SUB BAGIAN TATA USAHA,34738,KEPALA SUB BAGIAN TATA USAHA,IV.a,,,,,,,,,,,,,,,,4,,75,34738,IV.a,1.00E+11,41,KEPALA SUB BAGIAN TATA USAHA,SUB BAGIAN TATA USAHA,133,JL. SAM RATULANGI NO.101 PALU,,,,,,1,,,,,
807,49,SEKRETARIAT DAERAH,34461,SEKRETARIS DAERAH,I.b,105,BAGIAN BUMD DAN BLUD,,,,113,SUB BAGIAN BADAN LAYANAN UMUM DAERAH,,,,,,,,,,,,,,,,,,,,,,,,,,,,,2,,105,,,1.00E+11,,,SUB BAGIAN BADAN LAYANAN UMUM DAERAH,,JL. SAM RATULANGI NO.101 PALU,,,,,,0,,,,,
808,25,DINAS PERHUBUNGAN,33482,KEPALA DINAS PERHUBUNGAN,II.a,427,SEKRETARIAT,33483,SEKRETARIS,III.a,430,"SUB BAGIAN PROGRAM, KEUANGAN DAN ASET",33485,"KEPALA SUB BAGIAN PROGRAM, KEUANGAN DAN ASET",IV.a,,,,,,,,,,,,,,,,,,,,,,,,,,2,,427,33485,IV.a,1.02E+11,41,"KEPALA SUB BAGIAN PROGRAM, KEUANGAN DAN ASET","SUB BAGIAN PROGRAM, KEUANGAN DAN ASET",133,JL. R.A. KARTINI NO.35 PALU,,,,,,1,,,,,
809,15,DINAS PERUMAHAN KAWASAN PERMUKIMAN DAN PERTANAHAN,34068,KEPALA DINAS PERUMAHAN KAWASAN PERMUKIMAN DAN PERTANAHAN,II.a,897,SEKERTARIAT,34069,SEKRETARIS,III.a,,,,,,,,,,,,,,,,,,,,,,,,,,,,,,,1,,15,34069,III.a,1.01E+11,31,SEKRETARIS,SEKERTARIAT,141,JL. PROF. MOH. YAMIN NO.12 PALU,,,,,,1,,,,,
810,16,DINAS SOSIAL,33907,KEPALA DINAS SOSIAL,II.a,850,SEKRETARIAT,33909,SEKRETARIS,III.a,,,,,,,,,,,,,,,,,,,,,,,,,,,,,,,1,,16,33909,III.a,1.01E+11,31,SEKRETARIS,SEKRETARIAT,141,JL. PROF. MOH. YAMIN NO. 15 PALU,,,,,,1,,,,,
811,10,DINAS PENDIDIKAN,33499,KEPALA DINAS PENDIDIKAN,II.a,489,"CABANG DINAS PENDIDIKAN MENENGAH WILAYAH V KAB.BANGGAI, KAB. BANGGAI KEPULAUAN DAN KAB. BANGGAI LAUT",33502,"KEPALA CABANG DINAS PENDIDIKAN MENENGAH WILAYAH V KAB.BANGGAI, KAB. BANGGAI KEPULAUAN DAN KAB. BANGGAI LAUT",III.b,1067,SMA NEGERI 1 TINANGKUNG KAB. BANGGAI KEPULAUAN,34228,KEPALA SMA NEGERI 1 TINANGKUNG KAB. BANGGAI KEPULAUAN,,,,,,,,,,,,,,,,,,,,,,,,,,,2,SMA,489,34228,,1.03E+11,,KEPALA SMA NEGERI 1 TINANGKUNG KAB. BANGGAI KEPULAUAN,SMA NEGERI 1 TINANGKUNG KAB. BANGGAI KEPULAUAN,,"JL. SETIA BUDI, NO.9 PALU",,,,,,1,,,,,
812,30,DINAS PERPUSTAKAAN DAN KEARSIPAN DAERAH,33886,KEPALA DINAS PERPUSTAKAAN DAN KEARSIPAN DAERAH,II.a,700,BIDANG PEMBINAAN DAN PENGAWASAN KEARSIPAN,33920,KEPALA BIDANG PEMBINAAN DAN PENGAWASAN KEARSIPAN,III.a,,,,,,,,,,,,,,,,,,,,,,,,,,,,,,,1,,30,33920,III.a,1.02E+11,31,KEPALA BIDANG PEMBINAAN DAN PENGAWASAN KEARSIPAN,BIDANG PEMBINAAN DAN PENGAWASAN KEARSIPAN,141,JL. BANTENG NO. 6 PALU,,,,,,1,,,,,
813,15,DINAS PERUMAHAN KAWASAN PERMUKIMAN DAN PERTANAHAN,34068,KEPALA DINAS PERUMAHAN KAWASAN PERMUKIMAN DAN PERTANAHAN,II.a,897,SEKERTARIAT,34069,SEKRETARIS,III.a,902,SUB BAGIAN PROGRAM,34070,KEPALA SUB BAGIAN PROGRAM,IV.a,,,,,,,,,,,,,,,,,,,,,,,,,,2,,897,34070,IV.a,1.01E+11,41,KEPALA SUB BAGIAN PROGRAM,SUB BAGIAN PROGRAM,133,JL. PROF. MOH. YAMIN NO.12 PALU,,,,,,1,,,,,
814,16,DINAS SOSIAL,33907,KEPALA DINAS SOSIAL,II.a,850,SEKRETARIAT,33909,SEKRETARIS,III.a,851,SUB BAGIAN KEUANGAN DAN ASET,33910,KEPALA SUB BAGIAN KEUANGAN DAN ASET,IV.a,,,,,,,,,,,,,,,,,,,,,,,,,,2,,850,33910,IV.a,1.01E+11,41,KEPALA SUB BAGIAN KEUANGAN DAN ASET,SUB BAGIAN KEUANGAN DAN ASET,133,JL. PROF. MOH. YAMIN NO. 15 PALU,,,,,,1,,,,,
815,49,SEKRETARIAT DAERAH,34461,SEKRETARIS DAERAH,I.b,1,ASISTEN PEMERINTAHAN DAN KESEJAHTERAAN RAKYAT,34132,ASISTEN PEMERINTAHAN DAN KESEJAHTERAAN RAKYAT,II.a,9,BIRO KESEJAHTERAAN RAKYAT,34118,KEPALA BIRO KESEJAHTERAAN RAKYAT,II.b,10,BAGIAN BINA MENTAL SPIRITUAL,34117,KEPALA BAGIAN BINA MENTAL SPIRITUAL,III.a,49,SUB BAGIAN SARANA DAN PRASARANA SPIRITUAL,34115,KEPALA SUB BAGIAN SARANA DAN PRASARANA SPIRITUAL,IV.a,,,,,,,,,,,,,,,,4,,10,34115,IV.a,1.00E+11,41,KEPALA SUB BAGIAN SARANA DAN PRASARANA SPIRITUAL,SUB BAGIAN SARANA DAN PRASARANA SPIRITUAL,133,JL. SAM RATULANGI NO.101 PALU,,,,,,1,,,,,
816,32,DINAS TANAMAN PANGAN DAN HORTIKULTURA,37620,KEPALA DINAS TANAMAN PANGAN DAN HORTIKULTURA,II.a,827,SEKRETARIAT,37588,SEKRETARIS,III.a,828,SUB BAGIAN KEUANGAN DAN ASET,37589,KEPALA SUB BAGIAN KEUANGAN DAN ASET,IV.a,,,,,,,,,,,,,,,,,,,,,,,,,,2,,827,37589,IV.a,1.03E+11,41,KEPALA SUB BAGIAN KEUANGAN DAN ASET,SUB BAGIAN KEUANGAN DAN ASET,133,JL. R.A. KARTINI NO. 80 PALU,,,,,,1,,,,,
817,46,SEKRETARIAT DEWAN PERWAKILAN RAKYAT DAERAH,37872,SEKRETARIS DEWAN PERWAKILAN RAKYAT DAERAH,II.a,195,BAGIAN PERSIDANGAN DAN PERUNDANG-UNDANGAN,37905,KEPALA BAGIAN PERSIDANGAN DAN PERUNDANG-UNDANGAN,III.a,,,,,,,,,,,,,,,,,,,,,,,,,,,,,,,1,,46,37905,III.a,1.00E+11,31,KEPALA BAGIAN PERSIDANGAN DAN PERUNDANG-UNDANGAN,BAGIAN PERSIDANGAN DAN PERUNDANG-UNDANGAN,141,JL. SAM RATULANGI NO.80 PALU,,,,,,1,,,,,
818,3,BADAN PENDAPATAN DAERAH,33784,KEPALA BADAN PENDAPATAN DAERAH,II.a,345,UPTD BADAN PENDAPATAN WILAYAH IX,33858,KEPALA UPTD BADAN PENDAPATAN WILAYAH IX,III.b,347,SEKSI PELAYANAN PAJAK KENDARAAN BERMOTOR DAN BEA BALIK NAMA KENDARAAN BERMOTOR,33860,KEPALA SEKSI PELAYANAN PAJAK KENDARAAN BERMOTOR DAN BEA BALIK NAMA KENDARAAN BERMOTOR,IV.a,,,,,,,,,,,,,,,,,,,,,,,,,,2,,345,33860,IV.a,1.03E+11,41,KEPALA SEKSI PELAYANAN PAJAK KENDARAAN BERMOTOR DAN BEA BALIK NAMA KENDARAAN BERMOTOR,SEKSI PELAYANAN PAJAK KENDARAAN BERMOTOR DAN BEA BALIK NAMA KENDARAAN BERMOTOR,133,JL. PROF. DR. MOH. YAMIN NO. 34 PALU,,,,,,1,,,,,
819,12,DINAS KESEHATAN,34343,KEPALA DINAS KESEHATAN,II.a,776,UPT PUSAT PELAYANAN KESELAMATAN TERPADU,34386,KEPALA UPT PUSAT PELAYANAN KESELAMATAN TERPADU,III.b,778,SEKSI KEWASPADAAN,34388,KEPALA SEKSI KEWASPADAAN,IV.a,,,,,,,,,,,,,,,,,,,,,,,,,,2,,776,34388,IV.a,1.00E+11,41,KEPALA SEKSI KEWASPADAAN,SEKSI KEWASPADAAN,133,"JL. R.A. KARTINI, NO.11 PALU",,,,,,1,,,,,
820,10,DINAS PENDIDIKAN,33499,KEPALA DINAS PENDIDIKAN,II.a,484,CABANG DINAS PENDIDIKAN MENENGAH WILAYAH III KAB. POSO DAN KAB. TOJO UNA-UNA,33704,KEPALA CABANG DINAS PENDIDIKAN MENENGAH WILAYAH III KAB. POSO DAN KAB. TOJO UNA-UNA,III.b,601,SMA NEGERI 2 PAMONA SELATAN KAB. POSO,33720,KEPALA SMA NEGERI 2 PAMONA SELATAN KAB. POSO,,,,,,,,,,,,,,,,,,,,,,,,,,,2,SMA,484,33720,,1.03E+11,,KEPALA SMA NEGERI 2 PAMONA SELATAN KAB. POSO,SMA NEGERI 2 PAMONA SELATAN KAB. POSO,,"JL. SETIA BUDI, NO.9 PALU",,,,,,1,,,,,
821,36,DINAS ENERGI DAN SUMBER DAYA MINERAL,33744,KEPALA DINAS ENERGI DAN SUMBER DAYA MINERAL,II.a,662,CABANG DINAS ENERGI DAN SUMBER DAYA MINERAL WILAYAH V,33947,KEPALA CABANG DINAS ENERGI DAN SUMBER DAYA MINERAL WILAYAH V,III.b,663,SUB BAGIAN TATA USAHA,33949,KEPALA SUB BAGIAN TATA USAHA,IV.a,,,,,,,,,,,,,,,,,,,,,,,,,,2,,662,33949,IV.a,1.02E+11,41,KEPALA SUB BAGIAN TATA USAHA,SUB BAGIAN TATA USAHA,133,JL. SAM RATULANGI NO.25 PALU,,,,,,1,,,,,
822,16,DINAS SOSIAL,33907,KEPALA DINAS SOSIAL,II.a,857,UPT PANTI SOSIAL ANAK,33961,KEPALA UPT PANTI SOSIAL ANAK,III.b,,,,,,,,,,,,,,,,,,,,,,,,,,,,,,,1,,16,33961,III.b,1.01E+11,32,KEPALA UPT PANTI SOSIAL ANAK,UPT PANTI SOSIAL ANAK,134,JL. PROF. MOH. YAMIN NO. 15 PALU,,,,,,1,,,,,
823,36,DINAS ENERGI DAN SUMBER DAYA MINERAL,33744,KEPALA DINAS ENERGI DAN SUMBER DAYA MINERAL,II.a,646,CABANG DINAS ENERGI DAN SUMBER DAYA MINERAL WILAYAH I,33930,KEPALA CABANG DINAS ENERGI DAN SUMBER DAYA MINERAL WILAYAH I,III.b,647,SUB BAGIAN TATA USAHA,33931,KEPALA SUB BAGIAN TATA USAHA,IV.a,,,,,,,,,,,,,,,,,,,,,,,,,,2,,646,33931,IV.a,1.02E+11,41,KEPALA SUB BAGIAN TATA USAHA,SUB BAGIAN TATA USAHA,133,JL. SAM RATULANGI NO.25 PALU,,,,,,1,,,,,
828,16,DINAS SOSIAL,33907,KEPALA DINAS SOSIAL,II.a,861,UPT PANTI SOSIAL TRESNA WERDHA MADAGO TENTENA,33965,KEPALA UPT PANTI SOSIAL TRESNA WERDHA MADAGO TENTENA,III.b,864,SEKSI BINA KETERAMPILAN,33968,KEPALA SEKSI BINA KETERAMPILAN,IV.a,,,,,,,,,,,,,,,,,,,,,,,,,,2,,861,33968,IV.a,1.01E+11,41,KEPALA SEKSI BINA KETERAMPILAN,SEKSI BINA KETERAMPILAN,133,JL. PROF. MOH. YAMIN NO. 15 PALU,,,,,,1,,,,,
829,12,DINAS KESEHATAN,34343,KEPALA DINAS KESEHATAN,II.a,760,BIDANG PELAYANAN KESEHATAN,34376,KEPALA BIDANG PELAYANAN KESEHATAN,III.a,,,,,,,,,,,,,,,,,,,,,,,,,,,,,,,1,,12,34376,III.a,1.00E+11,31,KEPALA BIDANG PELAYANAN KESEHATAN,BIDANG PELAYANAN KESEHATAN,141,"JL. R.A. KARTINI, NO.11 PALU",,,,,,1,,,,,
831,31,DINAS KELAUTAN DAN PERIKANAN,34250,KEPALA DINAS KELAUTAN DAN PERIKANAN,II.a,787,UPTD BALAI PERBENIHAN PERIKANAN,34272,KEPALA UPTD BALAI PERBENIHAN PERIKANAN,III.b,790,SEKSI PERBENIHAN IKAN AIR PAYAU DAN LAUT,34277,KEPALA SEKSI PERBENIHAN IKAN AIR PAYAU DAN LAUT,IV.a,,,,,,,,,,,,,,,,,,,,,,,,,,2,,787,34277,IV.a,1.02E+11,41,KEPALA SEKSI PERBENIHAN IKAN AIR PAYAU DAN LAUT,SEKSI PERBENIHAN IKAN AIR PAYAU DAN LAUT,133,JL. UNDATA NO.7 PALU,,,,,,1,,,,,
832,10,DINAS PENDIDIKAN,33499,KEPALA DINAS PENDIDIKAN,II.a,489,"CABANG DINAS PENDIDIKAN MENENGAH WILAYAH V KAB.BANGGAI, KAB. BANGGAI KEPULAUAN DAN KAB. BANGGAI LAUT",33502,"KEPALA CABANG DINAS PENDIDIKAN MENENGAH WILAYAH V KAB.BANGGAI, KAB. BANGGAI KEPULAUAN DAN KAB. BANGGAI LAUT",III.b,3,SMK NEGERI 2 LUWUK KAB. BANGGAI,34195,KEPALA SMK NEGERI 2 LUWUK KAB. BANGGAI,,,,,,,,,,,,,,,,,,,,,,,,,,,2,SMK,489,34195,,1.03E+11,,KEPALA SMK NEGERI 2 LUWUK KAB. BANGGAI,SMK NEGERI 2 LUWUK KAB. BANGGAI,,"JL. SETIA BUDI, NO.9 PALU",,,,,,1,,,,,
833,32,DINAS TANAMAN PANGAN DAN HORTIKULTURA,37620,KEPALA DINAS TANAMAN PANGAN DAN HORTIKULTURA,II.a,842,UPTD PROTEKSI TANAMAN PANGAN DAN HORTIKULTURA,37598,KEPALA UPT PROTEKSI TPH,III.b,,,,,,,,,,,,,,,,,,,,,,,,,,,,,,,1,,32,37598,III.b,1.03E+11,32,KEPALA UPT PROTEKSI TPH,UPTD PROTEKSI TANAMAN PANGAN DAN HORTIKULTURA,134,JL. R.A. KARTINI NO. 80 PALU,,,,,,1,,,,,
834,10,DINAS PENDIDIKAN,33499,KEPALA DINAS PENDIDIKAN,II.a,481,CABANG DINAS PENDIDIKAN MENENGAH WILAYAH II KAB. DONGGALA DAN KAB. PARIGI MOUTONG,33639,KEPALA CABANG DINAS PENDIDIKAN MENENGAH WILAYAH II KAB. DONGGALA DAN KAB. PARIGI MOUTONG,III.b,547,SMK NEGERI 1 LABUAN KAB. DONGGALA,33664,KEPALA SMK NEGERI 1 LABUAN KAB. DONGGALA,,,,,,,,,,,,,,,,,,,,,,,,,,,2,SMK,481,33664,,1.03E+11,,KEPALA SMK NEGERI 1 LABUAN KAB. DONGGALA,SMK NEGERI 1 LABUAN KAB. DONGGALA,,"JL. SETIA BUDI, NO.9 PALU",,,,,,1,,,,,
835,10,DINAS PENDIDIKAN,33499,KEPALA DINAS PENDIDIKAN,II.a,481,CABANG DINAS PENDIDIKAN MENENGAH WILAYAH II KAB. DONGGALA DAN KAB. PARIGI MOUTONG,33639,KEPALA CABANG DINAS PENDIDIKAN MENENGAH WILAYAH II KAB. DONGGALA DAN KAB. PARIGI MOUTONG,III.b,557,SMA NEGERI 1 KASIMBAR KAB. PARIGI MOUTONG,33674,KEPALA SMA NEGERI 1 KASIMBAR KAB. PARIGI MOUTONG,IV.b,,,,,,,,,,,,,,,,,,,,,,,,,,2,SMA,481,33674,IV.b,1.03E+11,42,KEPALA SMA NEGERI 1 KASIMBAR KAB. PARIGI MOUTONG,SMA NEGERI 1 KASIMBAR KAB. PARIGI MOUTONG,132,"JL. SETIA BUDI, NO.9 PALU",,,,,,1,,,,,
836,14,DINAS CIPTA KARYA DAN SUMBER DAYA AIR,33805,KEPALA DINAS CIPTA KARYA DAN SUMBER DAYA AIR,II.a,673,BIDANG PENATAAN LINGKUNGAN DAN BANGUNAN GEDUNG,33813,KEPALA BIDANG PENATAAN LINGKUNGAN DAN BANGUNAN GEDUNG,III.a,675,SEKSI BANGUNAN GEDUNG,33817,KEPALA SEKSI BANGUNAN GEDUNG,IV.a,,,,,,,,,,,,,,,,,,,,,,,,,,2,,673,33817,IV.a,1.01E+11,41,KEPALA SEKSI BANGUNAN GEDUNG,SEKSI BANGUNAN GEDUNG,133,JL. PROF. MOH. YAMIN NO.33 PALU,,,,,,1,,,,,
838,10,DINAS PENDIDIKAN,33499,KEPALA DINAS PENDIDIKAN,II.a,489,"CABANG DINAS PENDIDIKAN MENENGAH WILAYAH V KAB.BANGGAI, KAB. BANGGAI KEPULAUAN DAN KAB. BANGGAI LAUT",33502,"KEPALA CABANG DINAS PENDIDIKAN MENENGAH WILAYAH V KAB.BANGGAI, KAB. BANGGAI KEPULAUAN DAN KAB. BANGGAI LAUT",III.b,48,SMK NEGERI 1 BUALEMO KAB. BANGGAI,34198,KEPALA SMK NEGERI 1 BUALEMO KAB. BANGGAI,,,,,,,,,,,,,,,,,,,,,,,,,,,2,SMK,489,34198,,1.03E+11,,KEPALA SMK NEGERI 1 BUALEMO KAB. BANGGAI,SMK NEGERI 1 BUALEMO KAB. BANGGAI,,"JL. SETIA BUDI, NO.9 PALU",,,,,,1,,,,,
839,12,DINAS KESEHATAN,34343,KEPALA DINAS KESEHATAN,II.a,763,"BIDANG BINA KEFARMASIAN, ALAT KESEHATAN DAN SUMBER DAYA MANUSIA KESEHATAN",34379,"KEPALA BIDANG BINA KEFARMASIAN, ALAT KESEHATAN DAN SUMBER DAYA MANUSIA KESEHATAN",III.a,764,SEKSI KEFARMASIAN,34380,KEPALA SEKSI KEFARMASIAN,IV.a,,,,,,,,,,,,,,,,,,,,,,,,,,2,,763,34380,IV.a,1.00E+11,41,KEPALA SEKSI KEFARMASIAN,SEKSI KEFARMASIAN,133,"JL. R.A. KARTINI, NO.11 PALU",,,,,,1,,,,,
840,31,DINAS KELAUTAN DAN PERIKANAN,34250,KEPALA DINAS KELAUTAN DAN PERIKANAN,II.a,791,UPTD PENERAPAN MUTU HASIL PERIKANAN,34279,KEPALA UPTD PENERAPAN MUTU HASIL PERIKANAN,III.b,,,,,,,,,,,,,,,,,,,,,,,,,,,,,,,1,,31,34279,III.b,1.02E+11,32,KEPALA UPTD PENERAPAN MUTU HASIL PERIKANAN,UPTD PENERAPAN MUTU HASIL PERIKANAN,134,JL. UNDATA NO.7 PALU,,,,,,1,,,,,
841,32,DINAS TANAMAN PANGAN DAN HORTIKULTURA,37620,KEPALA DINAS TANAMAN PANGAN DAN HORTIKULTURA,II.a,838,UPTD PENGAWASAN MUTU DAN SERTIFIKASI BENIH TANAMAN PANGAN DAN HORTIKULTURA,37596,KEPALA UPT PENGAWASAN MUTU DAN SERTIFIKASI BENIH TPH,III.b,,,,,,,,,,,,,,,,,,,,,,,,,,,,,,,1,,32,37596,III.b,1.03E+11,32,KEPALA UPT PENGAWASAN MUTU DAN SERTIFIKASI BENIH TPH,UPTD PENGAWASAN MUTU DAN SERTIFIKASI BENIH TANAMAN PANGAN DAN HORTIKULTURA,134,JL. R.A. KARTINI NO. 80 PALU,,,,,,1,,,,,
842,49,SEKRETARIAT DAERAH,34461,SEKRETARIS DAERAH,I.b,72,ASISTEN PEREKONOMIAN DAN PEMBANGUNAN,39771,ASISTEN PEREKONOMIAN DAN PEMBANGUNAN,II.a,131,BIRO ADMINISTRASI PEMBANGUNAN,34464,KEPALA BIRO ADMINISTRASI PEMBANGUNAN,II.b,132,BAGIAN PENGENDALIAN ADMINISTRASI PELAKSANAAN PEMBANGUNAN DAERAH,34466,KEPALA BAGIAN PENGENDALIAN ADMINISTRASI PELAKSANAAN PEMBANGUNAN DAERAH,III.a,135,SUB BAGIAN TATA USAHA,34470,KEPALA SUB BAGIAN TATA USAHA,IV.a,,,,,,,,,,,,,,,,4,,132,34470,IV.a,1.00E+11,41,KEPALA SUB BAGIAN TATA USAHA,SUB BAGIAN TATA USAHA,133,JL. SAM RATULANGI NO.101 PALU,,,,,,1,,,,,
843,31,DINAS KELAUTAN DAN PERIKANAN,34250,KEPALA DINAS KELAUTAN DAN PERIKANAN,II.a,795,UPTD PELABUHAN PERIKANAN DAN KAWASAN KONSERVASI PESISIR DAN PULAU - PULAU KECIL WILAYAH I,34284,KEPALA UPTD PELABUHAN PERIKANAN DAN KAWASAN KONSERVASI PESISIR DAN PULAU - PULAU KECIL WILAYAH I,III.b,797,SEKSI KEPELABUHAN,34292,KEPALA SEKSI KEPELABUHAN,IV.a,,,,,,,,,,,,,,,,,,,,,,,,,,2,,795,34292,IV.a,1.02E+11,41,KEPALA SEKSI KEPELABUHAN,SEKSI KEPELABUHAN,133,JL. UNDATA NO.7 PALU,,,,,,1,,,,,
844,17,DINAS TENAGA KERJA DAN TRANSMIGRASI,34947,KEPALA DINAS TENAGA KERJA DAN TRANSMIGRASI,II.a,716,BIDANG PEMBANGUNAN KAWASAN TRANSMIGRASI DAN PENATAAN PERSEBARAN PENDUDUK,34999,KEPALA BIDANG PEMBANGUNAN KAWASAN TRANSMIGRASI DAN PENATAAN PERSEBARAN PENDUDUK,III.a,,,,,,,,,,,,,,,,,,,,,,,,,,,,,,,1,,17,34999,III.a,1.01E+11,31,KEPALA BIDANG PEMBANGUNAN KAWASAN TRANSMIGRASI DAN PENATAAN PERSEBARAN PENDUDUK,BIDANG PEMBANGUNAN KAWASAN TRANSMIGRASI DAN PENATAAN PERSEBARAN PENDUDUK,141,JL. R.A. KARTINI NO. 98 PALU,,,,,,1,,,,,
846,31,DINAS KELAUTAN DAN PERIKANAN,34250,KEPALA DINAS KELAUTAN DAN PERIKANAN,II.a,784,BIDANG PERIKANAN TANGKAP,34266,KEPALA BIDANG PERIKANAN TANGKAP,III.a,,,,,,,,,,,,,,,,,,,,,,,,,,,,,,,1,,31,34266,III.a,1.02E+11,31,KEPALA BIDANG PERIKANAN TANGKAP,BIDANG PERIKANAN TANGKAP,141,JL. UNDATA NO.7 PALU,,,,,,1,,,,,
847,49,SEKRETARIAT DAERAH,34461,SEKRETARIS DAERAH,I.b,1,ASISTEN PEMERINTAHAN DAN KESEJAHTERAAN RAKYAT,34132,ASISTEN PEMERINTAHAN DAN KESEJAHTERAAN RAKYAT,II.a,59,BIRO HUKUM,34105,KEPALA BIRO HUKUM,II.b,,,,,,,,,,,,,,,,,,,,,,,,,,2,,1,34105,II.b,1.00E+11,22,KEPALA BIRO HUKUM,BIRO HUKUM,142,JL. SAM RATULANGI NO.101 PALU,,,,,,1,,,,,
848,31,DINAS KELAUTAN DAN PERIKANAN,34250,KEPALA DINAS KELAUTAN DAN PERIKANAN,II.a,807,UPTD PELABUHAN PERIKANAN DAN KAWASAN KONSERVASI PESISIR DAN PULAU-PULAU KECIL WILAYAH IV,34302,KEPALA UPTD PELABUHAN PERIKANAN DAN KAWASAN KONSERVASI PESISIR DAN PULAU-PULAU KECIL WILAYAH IV,III.b,,,,,,,,,,,,,,,,,,,,,,,,,,,,,,,1,UPTD Tipe A,31,34302,III.b,1.02E+11,32,KEPALA UPTD PELABUHAN PERIKANAN DAN KAWASAN KONSERVASI PESISIR DAN PULAU-PULAU KECIL WILAYAH IV,UPTD PELABUHAN PERIKANAN DAN KAWASAN KONSERVASI PESISIR DAN PULAU-PULAU KECIL WILAYAH IV,134,JL. UNDATA NO.7 PALU,,,,,,1,,,,,
849,49,SEKRETARIAT DAERAH,34461,SEKRETARIS DAERAH,I.b,1,ASISTEN PEMERINTAHAN DAN KESEJAHTERAAN RAKYAT,34132,ASISTEN PEMERINTAHAN DAN KESEJAHTERAAN RAKYAT,II.a,9,BIRO KESEJAHTERAAN RAKYAT,34118,KEPALA BIRO KESEJAHTERAAN RAKYAT,II.b,55,BAGIAN KESEJAHTERAAN RAKYAT PELAYANAN DASAR,34109,KEPALA BAGIAN KESEJAHTERAAN RAKYAT PELAYANAN DASAR,III.a,57,SUB BAGIAN SOSIAL,34107,KEPALA SUB BAGIAN SOSIAL,IV.a,,,,,,,,,,,,,,,,4,,55,34107,IV.a,1.00E+11,41,KEPALA SUB BAGIAN SOSIAL,SUB BAGIAN SOSIAL,133,JL. SAM RATULANGI NO.101 PALU,,,,,,1,,,,,
850,10,DINAS PENDIDIKAN,33499,KEPALA DINAS PENDIDIKAN,II.a,481,CABANG DINAS PENDIDIKAN MENENGAH WILAYAH II KAB. DONGGALA DAN KAB. PARIGI MOUTONG,33639,KEPALA CABANG DINAS PENDIDIKAN MENENGAH WILAYAH II KAB. DONGGALA DAN KAB. PARIGI MOUTONG,III.b,560,SMA NEGERI 1 SIDOAN KAB. PARIGI MOUTONG,33677,KEPALA SMA NEGERI 1 SIDOAN KAB. PARIGI MOUTONG,,,,,,,,,,,,,,,,,,,,,,,,,,,2,SMA,481,33677,,1.03E+11,,KEPALA SMA NEGERI 1 SIDOAN KAB. PARIGI MOUTONG,SMA NEGERI 1 SIDOAN KAB. PARIGI MOUTONG,,"JL. SETIA BUDI, NO.9 PALU",,,,,,1,,,,,
851,31,DINAS KELAUTAN DAN PERIKANAN,34250,KEPALA DINAS KELAUTAN DAN PERIKANAN,II.a,803,UPTD PELABUHAN PERIKANAN DAN KAWASAN KONSERVASI PESISIR DAN PULAU-PULAU KECIL WILAYAH III,34298,KEPALA UPTD PELABUHAN PERIKANAN DAN KAWASAN KONSERVASI PESISIR DAN PULAU-PULAU KECIL WILAYAH III,III.b,806,SEKSI KONSERVASI DAN PENGAWASAN,34301,KEPALA SEKSI KONSERVASI DAN PENGAWASAN,IV.a,,,,,,,,,,,,,,,,,,,,,,,,,,2,,803,34301,IV.a,1.02E+11,41,KEPALA SEKSI KONSERVASI DAN PENGAWASAN,SEKSI KONSERVASI DAN PENGAWASAN,133,JL. UNDATA NO.7 PALU,,,,,,1,,,,,
852,31,DINAS KELAUTAN DAN PERIKANAN,34250,KEPALA DINAS KELAUTAN DAN PERIKANAN,II.a,823,UPTD PELABUHAN PERIKANAN DAN KAWASAN KONSERVASI PESISIR DAN PULAU-PULAU KECIL WILAYAH VII,34326,KEPALA UPTD PELABUHAN PERIKANAN DAN KAWASAN KONSERVASI PESISIR DAN PULAU-PULAU KECIL WILAYAH VII,III.b,824,SUB BAGIAN TATA USAHA,34328,KEPALA SUB BAGIAN TATA USAHA,IV.a,,,,,,,,,,,,,,,,,,,,,,,,,,2,,823,34328,IV.a,1.02E+11,41,KEPALA SUB BAGIAN TATA USAHA,SUB BAGIAN TATA USAHA,133,JL. UNDATA NO.7 PALU,,,,,,1,,,,,
853,17,DINAS TENAGA KERJA DAN TRANSMIGRASI,34947,KEPALA DINAS TENAGA KERJA DAN TRANSMIGRASI,II.a,703,SEKRETARIAT,34948,SEKRETARIS,III.a,,,,,,,,,,,,,,,,,,,,,,,,,,,,,,,1,,17,34948,III.a,1.01E+11,31,SEKRETARIS,SEKRETARIAT,141,JL. R.A. KARTINI NO. 98 PALU,,,,,,1,,,,,
854,10,DINAS PENDIDIKAN,33499,KEPALA DINAS PENDIDIKAN,II.a,365,CABANG DINAS PENDIDIKAN MENENGAH WILAYAH I KOTA PALU DAN KAB. SIGI,33513,KEPALA CABANG DINAS PENDIDIKAN MENENGAH WILAYAH I KOTA PALU DAN KAB. SIGI,III.b,369,TK NEGERI MODEL TERPADU MADANI,33517,KEPALA TK NEGERI MODEL TERPADU MADANI,,,,,,,,,,,,,,,,,,,,,,,,,,,2,,365,33517,,1.03E+11,,KEPALA TK NEGERI MODEL TERPADU MADANI,TK NEGERI MODEL TERPADU MADANI,,"JL. SETIA BUDI, NO.9 PALU",,,,,,1,,,,,
855,17,DINAS TENAGA KERJA DAN TRANSMIGRASI,34947,KEPALA DINAS TENAGA KERJA DAN TRANSMIGRASI,II.a,703,SEKRETARIAT,34948,SEKRETARIS,III.a,705,SUB BAGIAN KEUANGAN DAN ASET,34953,KEPALA SUB BAGIAN KEUANGAN DAN ASET,IV.a,,,,,,,,,,,,,,,,,,,,,,,,,,2,,703,34953,IV.a,1.01E+11,41,KEPALA SUB BAGIAN KEUANGAN DAN ASET,SUB BAGIAN KEUANGAN DAN ASET,133,JL. R.A. KARTINI NO. 98 PALU,,,,,,1,,,,,
856,17,DINAS TENAGA KERJA DAN TRANSMIGRASI,34947,KEPALA DINAS TENAGA KERJA DAN TRANSMIGRASI,II.a,713,BIDANG PERENCANAAN KAWASAN TRANSMIGRASI,34987,KEPALA BIDANG PERENCANAAN KAWASAN TRANSMIGRASI,III.a,715,SEKSI PENYEDIAAN TANAH DAN PELAYANAN PERTANAHAN TRANSMIGRASI,34995,KEPALA SEKSI PENYEDIAAN TANAH DAN PELAYANAN PERTANAHAN TRANSMIGRASI,IV.a,,,,,,,,,,,,,,,,,,,,,,,,,,2,,713,34995,IV.a,1.01E+11,41,KEPALA SEKSI PENYEDIAAN TANAH DAN PELAYANAN PERTANAHAN TRANSMIGRASI,SEKSI PENYEDIAAN TANAH DAN PELAYANAN PERTANAHAN TRANSMIGRASI,133,JL. R.A. KARTINI NO. 98 PALU,,,,,,1,,,,,
857,49,SEKRETARIAT DAERAH,34461,SEKRETARIS DAERAH,I.b,1,ASISTEN PEMERINTAHAN DAN KESEJAHTERAAN RAKYAT,34132,ASISTEN PEMERINTAHAN DAN KESEJAHTERAAN RAKYAT,II.a,59,BIRO HUKUM,34105,KEPALA BIRO HUKUM,II.b,68,BAGIAN BANTUAN HUKUM,34096,KEPALA BAGIAN BANTUAN HUKUM,III.a,69,SUB BAGIAN TATA USAHA,34095,KEPALA SUB BAGIAN TATA USAHA,IV.a,,,,,,,,,,,,,,,,4,,68,34095,IV.a,1.00E+11,41,KEPALA SUB BAGIAN TATA USAHA,SUB BAGIAN TATA USAHA,133,JL. SAM RATULANGI NO.101 PALU,,,,,,1,,,,,
858,8,BADAN PENANGGULANGAN BENCANA DAERAH,33323,KEPALA BADAN PENANGGULANGAN BENCANA DAERAH,II.a,29,SEKRETARIAT,33324,SEKRETARIS,III.a,,,,,,,,,,,,,,,,,,,,,,,,,,,,,,,1,,8,33324,III.a,1.03E+11,31,SEKRETARIS,SEKRETARIAT,141,"JL. M.T HARYONO NO.28, PALU",,,,,,1,,,,,
859,16,DINAS SOSIAL,33907,KEPALA DINAS SOSIAL,II.a,856,BIDANG PELAYANAN DAN REHABILITASI SOSIAL,33960,KEPALA BIDANG PELAYANAN DAN REHABILITASI SOSIAL,III.a,,,,,,,,,,,,,,,,,,,,,,,,,,,,,,,1,,16,33960,III.a,1.01E+11,31,KEPALA BIDANG PELAYANAN DAN REHABILITASI SOSIAL,BIDANG PELAYANAN DAN REHABILITASI SOSIAL,141,JL. PROF. MOH. YAMIN NO. 15 PALU,,,,,,1,,,,,
860,17,DINAS TENAGA KERJA DAN TRANSMIGRASI,34947,KEPALA DINAS TENAGA KERJA DAN TRANSMIGRASI,II.a,722,UPT BALAI LATIHAN KERJA DAN PENINGKATAN PRODUKTIVITAS,35246,KEPALA UPT BALAI LATIHAN KERJA DAN PENINGKATAN PRODUKTIVITAS,IV.a,,,,,,,,,,,,,,,,,,,,,,,,,,,,,,,1,UPTD Tipe A,17,35246,IV.a,1.01E+11,41,KEPALA UPT BALAI LATIHAN KERJA DAN PENINGKATAN PRODUKTIVITAS,UPT BALAI LATIHAN KERJA DAN PENINGKATAN PRODUKTIVITAS,133,JL. R.A. KARTINI NO. 98 PALU,,,,,,1,,,,,
861,4,BADAN PENGELOLAAN KEUANGAN DAN ASET DAERAH,33412,KEPALA BADAN PENGELOLAAN KEUANGAN DAN ASET DAERAH,II.a,224,BIDANG PENGELOLAAN ASET DAERAH,33413,KEPALA BIDANG PENGELOLAAN ASET DAERAH,III.a,,,,,,,,,,,,,,,,,,,,,,,,,,,,,,,1,,4,33413,III.a,1.03E+11,31,KEPALA BIDANG PENGELOLAAN ASET DAERAH,BIDANG PENGELOLAAN ASET DAERAH,141,JL. SAM RATULANGI NO.101 PALU,,,,,,1,,,,,
862,17,DINAS TENAGA KERJA DAN TRANSMIGRASI,34947,KEPALA DINAS TENAGA KERJA DAN TRANSMIGRASI,II.a,722,UPT BALAI LATIHAN KERJA DAN PENINGKATAN PRODUKTIVITAS,35246,KEPALA UPT BALAI LATIHAN KERJA DAN PENINGKATAN PRODUKTIVITAS,IV.a,723,SUB BAGIAN TATA USAHA,35247,KEPALA SUB BAGIAN TATA USAHA,IV.a,,,,,,,,,,,,,,,,,,,,,,,,,,2,,722,35247,IV.a,1.01E+11,41,KEPALA SUB BAGIAN TATA USAHA,SUB BAGIAN TATA USAHA,133,JL. R.A. KARTINI NO. 98 PALU,,,,,,1,,,,,
864,31,DINAS KELAUTAN DAN PERIKANAN,34250,KEPALA DINAS KELAUTAN DAN PERIKANAN,II.a,823,UPTD PELABUHAN PERIKANAN DAN KAWASAN KONSERVASI PESISIR DAN PULAU-PULAU KECIL WILAYAH VII,34326,KEPALA UPTD PELABUHAN PERIKANAN DAN KAWASAN KONSERVASI PESISIR DAN PULAU-PULAU KECIL WILAYAH VII,III.b,825,SEKSI KONSERVASI DAN PENGAWASAN,34331,KEPALA SEKSI KONSERVASI DAN PENGAWASAN,IV.a,,,,,,,,,,,,,,,,,,,,,,,,,,2,,823,34331,IV.a,1.02E+11,41,KEPALA SEKSI KONSERVASI DAN PENGAWASAN,SEKSI KONSERVASI DAN PENGAWASAN,133,JL. UNDATA NO.7 PALU,,,,,,1,,,,,
865,26,"DINAS KOMUNIKASI, INFORMATIKA, PERSANDIAN DAN STATISTIK",33973,"KEPALA DINAS KOMUNIKASI, INFORMATIKA, PERSANDIAN DAN STATISTIK",II.a,271,SEKRETARIAT,33974,SEKRETARIS,III.a,273,SUB BAGIAN KEPEGAWAIAN DAN UMUM,33976,KEPALA SUB BAGIAN KEPEGAWAIAN DAN UMUM,IV.a,,,,,,,,,,,,,,,,,,,,,,,,,,2,,271,33976,IV.a,1.03E+11,41,KEPALA SUB BAGIAN KEPEGAWAIAN DAN UMUM,SUB BAGIAN KEPEGAWAIAN DAN UMUM,133,JL. KARTINI NO. 106 PALU,,,,,,1,,,,,
866,47,SATUAN POLISI PAMONG PRAJA,33981,KEPALA SATUAN POLISI PAMONG PRAJA,II.a,245,BIDANG PEMBINAAN MASYARAKAT,33986,KEPALA BIDANG PEMBINAAN MASYARAKAT,III.a,246,SEKSI KEWASPADAAN DINI,33987,KEPALA SEKSI KEWASPADAAN DINI,IV.a,,,,,,,,,,,,,,,,,,,,,,,,,,2,,245,33987,IV.a,1.04E+11,41,KEPALA SEKSI KEWASPADAAN DINI,SEKSI KEWASPADAAN DINI,133,JL. PRAMUKA NO.21 PALU,,,,,,1,,,,,
867,20,DINAS PARIWISATA,34077,KEPALA DINAS PARIWISATA,II.a,875,SEKRETARIAT,34078,SEKRETARIS,III.a,877,SUB BAGIAN KEPEGAWAIAN DAN UMUM,34080,KEPALA SUB BAGIAN KEPEGAWAIAN DAN UMUM,IV.a,,,,,,,,,,,,,,,,,,,,,,,,,,2,,875,34080,IV.a,1.02E+11,41,KEPALA SUB BAGIAN KEPEGAWAIAN DAN UMUM,SUB BAGIAN KEPEGAWAIAN DAN UMUM,133,JL. DEWI SARTIKA NO.45 PALU,,,,,,1,,,,,
868,30,DINAS PERPUSTAKAAN DAN KEARSIPAN DAERAH,33886,KEPALA DINAS PERPUSTAKAAN DAN KEARSIPAN DAERAH,II.a,701,"BIDANG LAYANAN, ALIH MEDIA, OTOMASI DAN KERJASAMA PERPUSTAKAAN",33921,"KEPALA BIDANG LAYANAN, ALIH MEDIA, OTOMASI DAN KERJASAMA PERPUSTAKAAN",III.a,,,,,,,,,,,,,,,,,,,,,,,,,,,,,,,1,,30,33921,III.a,1.02E+11,31,"KEPALA BIDANG LAYANAN, ALIH MEDIA, OTOMASI DAN KERJASAMA PERPUSTAKAAN","BIDANG LAYANAN, ALIH MEDIA, OTOMASI DAN KERJASAMA PERPUSTAKAAN",141,JL. BANTENG NO. 6 PALU,,,,,,1,,,,,
869,29,DINAS PEMUDA DAN OLAHRAGA,33893,KEPALA DINAS PEMUDA DAN OLAHRAGA,II.a,734,SEKRETARIAT,33894,SEKRETARIS,III.a,736,SUB BAGIAN KEPEGAWAIAN DAN UMUM,35568,KEPALA SUB BAGIAN KEPEGAWAIAN DAN UMUM,IV.a,,,,,,,,,,,,,,,,,,,,,,,,,,2,,734,35568,IV.a,1.02E+11,41,KEPALA SUB BAGIAN KEPEGAWAIAN DAN UMUM,SUB BAGIAN KEPEGAWAIAN DAN UMUM,133,JL. SOEKARNO-HATTA EX STQ PALU,,,,,,1,,,,,
870,20,DINAS PARIWISATA,34077,KEPALA DINAS PARIWISATA,II.a,878,BIDANG PENGEMBANGAN DESTINASI PARIWISATA,34081,KEPALA BIDANG PENGEMBANGAN DESTINASI PARIWISATA,III.a,,,,,,,,,,,,,,,,,,,,,,,,,,,,,,,1,,20,34081,III.a,1.02E+11,31,KEPALA BIDANG PENGEMBANGAN DESTINASI PARIWISATA,BIDANG PENGEMBANGAN DESTINASI PARIWISATA,141,JL. DEWI SARTIKA NO.45 PALU,,,,,,1,,,,,
871,18,DINAS PEMBERDAYAAN PEREMPUAN DAN PERLINDUNGAN ANAK ,33338,KEPALA DINAS PEMBERDAYAAN PEREMPUAN DAN PERLINDUNGAN ANAK ,II.a,85,UPT PERLINDUNGAN PEREMPUAN DAN ANAK,33346,KEPALA UPT PERLINDUNGAN PEREMPUAN DAN ANAK,III.a,87,SEKSI PENERIMAAN DAN KLARIFIKASI,33348,KEPALA SEKSI PENERIMAAN DAN KLARIFIKASI,IV.a,,,,,,,,,,,,,,,,,,,,,,,,,,2,UPTD Tipe A,85,33348,IV.a,1.01E+11,41,KEPALA SEKSI PENERIMAAN DAN KLARIFIKASI,SEKSI PENERIMAAN DAN KLARIFIKASI,133,JL. MANGUNSARKORO NO. 31. PALU,,,,,,1,,,,,
872,47,SATUAN POLISI PAMONG PRAJA,33981,KEPALA SATUAN POLISI PAMONG PRAJA,II.a,245,BIDANG PEMBINAAN MASYARAKAT,33986,KEPALA BIDANG PEMBINAAN MASYARAKAT,III.a,,,,,,,,,,,,,,,,,,,,,,,,,,,,,,,1,,47,33986,III.a,1.04E+11,31,KEPALA BIDANG PEMBINAAN MASYARAKAT,BIDANG PEMBINAAN MASYARAKAT,141,JL. PRAMUKA NO.21 PALU,,,,,,1,,,,,
873,49,SEKRETARIAT DAERAH,34461,SEKRETARIS DAERAH,I.b,72,ASISTEN PEREKONOMIAN DAN PEMBANGUNAN,39771,ASISTEN PEREKONOMIAN DAN PEMBANGUNAN,II.a,131,BIRO ADMINISTRASI PEMBANGUNAN,34464,KEPALA BIRO ADMINISTRASI PEMBANGUNAN,II.b,136,BAGIAN PENGENDALIAN ADMINISTRASI PELAKSANAAN PEMBANGUNAN WILAYAH,34471,KEPALA BAGIAN PENGENDALIAN ADMINISTRASI PELAKSANAAN PEMBANGUNAN WILAYAH,III.a,138,SUB BAGIAN PENGENDALIAN ADMINISTRASI PELAKSANAAN PEMBANGUNAN WILAYAH II,34474,KEPALA SUB BAGIAN PENGENDALIAN ADMINISTRASI PELAKSANAAN PEMBANGUNAN WILAYAH II,IV.a,,,,,,,,,,,,,,,,4,,136,34474,IV.a,1.00E+11,41,KEPALA SUB BAGIAN PENGENDALIAN ADMINISTRASI PELAKSANAAN PEMBANGUNAN WILAYAH II,SUB BAGIAN PENGENDALIAN ADMINISTRASI PELAKSANAAN PEMBANGUNAN WILAYAH II,133,JL. SAM RATULANGI NO.101 PALU,,,,,,1,,,,,
874,14,DINAS CIPTA KARYA DAN SUMBER DAYA AIR,33805,KEPALA DINAS CIPTA KARYA DAN SUMBER DAYA AIR,II.a,686,UPT PENGELOLAAN SUMBER DAYA AIR WILAYAH I,33877,KEPALA UPT PENGELOLAAN SUMBER DAYA AIR WILAYAH I,III.b,689,SEKSI HIDROLOGI DAN SISTEM INFORMASI MANAJEMEN,33881,KEPALA SEKSI HIDROLOGI DAN SISTEM INFORMASI MANAJEMEN,IV.a,,,,,,,,,,,,,,,,,,,,,,,,,,2,,686,33881,IV.a,1.01E+11,41,KEPALA SEKSI HIDROLOGI DAN SISTEM INFORMASI MANAJEMEN,SEKSI HIDROLOGI DAN SISTEM INFORMASI MANAJEMEN,133,JL. PROF. MOH. YAMIN NO.33 PALU,,,,,,1,,,,,
875,22,DINAS KEPENDUDUKAN DAN PENCATATAN SIPIL,33913,KEPALA DINAS KEPENDUDUKAN DAN PENCATATAN SIPIL,II.a,869,SEKRETARIAT,33914,SEKRETARIS,III.a,871,SUB BAGIAN UMUM DAN KEPEGAWAIAN,33916,KEPALA SUB BAGIAN UMUM DAN KEPEGAWAIAN,IV.a,,,,,,,,,,,,,,,,,,,,,,,,,,2,,869,33916,IV.a,1.01E+11,41,KEPALA SUB BAGIAN UMUM DAN KEPEGAWAIAN,SUB BAGIAN UMUM DAN KEPEGAWAIAN,133,JL. DEWI SARTIKA NO.85 PALU,,,,,,1,,,,,
876,18,DINAS PEMBERDAYAAN PEREMPUAN DAN PERLINDUNGAN ANAK ,33338,KEPALA DINAS PEMBERDAYAAN PEREMPUAN DAN PERLINDUNGAN ANAK ,II.a,85,UPT PERLINDUNGAN PEREMPUAN DAN ANAK,33346,KEPALA UPT PERLINDUNGAN PEREMPUAN DAN ANAK,III.a,88,SEKSI TINDAK LANJUT KASUS,33349,KEPALA SEKSI TINDAK LANJUT KASUS,IV.a,,,,,,,,,,,,,,,,,,,,,,,,,,2,UPTD Tipe A,85,33349,IV.a,1.01E+11,41,KEPALA SEKSI TINDAK LANJUT KASUS,SEKSI TINDAK LANJUT KASUS,133,JL. MANGUNSARKORO NO. 31. PALU,,,,,,1,,,,,
877,17,DINAS TENAGA KERJA DAN TRANSMIGRASI,34947,KEPALA DINAS TENAGA KERJA DAN TRANSMIGRASI,II.a,703,SEKRETARIAT,34948,SEKRETARIS,III.a,704,SUB BAGIAN PROGRAM,34949,KEPALA SUB BAGIAN PROGRAM,IV.a,,,,,,,,,,,,,,,,,,,,,,,,,,2,,703,34949,IV.a,1.01E+11,41,KEPALA SUB BAGIAN PROGRAM,SUB BAGIAN PROGRAM,133,JL. R.A. KARTINI NO. 98 PALU,,,,,,1,,,,,
878,47,SATUAN POLISI PAMONG PRAJA,33981,KEPALA SATUAN POLISI PAMONG PRAJA,II.a,245,BIDANG PEMBINAAN MASYARAKAT,33986,KEPALA BIDANG PEMBINAAN MASYARAKAT,III.a,247,SEKSI BIMBINGAN DAN PENYULUHAN,33988,KEPALA SEKSI BIMBINGAN DAN PENYULUHAN,IV.a,,,,,,,,,,,,,,,,,,,,,,,,,,2,,245,33988,IV.a,1.04E+11,41,KEPALA SEKSI BIMBINGAN DAN PENYULUHAN,SEKSI BIMBINGAN DAN PENYULUHAN,133,JL. PRAMUKA NO.21 PALU,,,,,,1,,,,,
879,23,DINAS PEMBERDAYAAN MASYARAKAT DAN DESA,33330,KEPALA DINAS PEMBERDAYAAN MASYARAKAT DAN DESA,II.a,35,SEKRETARIAT,33331,SEKRETARIS,III.a,36,SUB BAGIAN KEPEGAWAIAN DAN UMUM,33332,KEPALA SUB BAGIAN KEPEGAWAIAN DAN UMUM,IV.a,,,,,,,,,,,,,,,,,,,,,,,,,,2,,35,33332,IV.a,1.01E+11,41,KEPALA SUB BAGIAN KEPEGAWAIAN DAN UMUM,SUB BAGIAN KEPEGAWAIAN DAN UMUM,133,JL. PROF. MOH. YAMIN NO.33 PALU,,,,,,1,,,,,
880,17,DINAS TENAGA KERJA DAN TRANSMIGRASI,34947,KEPALA DINAS TENAGA KERJA DAN TRANSMIGRASI,II.a,730,UPT PENGAWASAN KETENAGA KERJAAN WILAYAH II,35292,KEPALA UPT PENGAWASAN KETENAGA KERJAAN WILAYAH II,III.a,733,SEKSI PENGAWASAN NORMA KERJA K3,35307,KEPALA SEKSI PENGAWASAN NORMA KERJA K3,IV.a,,,,,,,,,,,,,,,,,,,,,,,,,,2,,730,35307,IV.a,1.01E+11,41,KEPALA SEKSI PENGAWASAN NORMA KERJA K3,SEKSI PENGAWASAN NORMA KERJA K3,133,JL. R.A. KARTINI NO. 98 PALU,,,,,,1,,,,,
881,49,SEKRETARIAT DAERAH,34461,SEKRETARIS DAERAH,I.b,1,ASISTEN PEMERINTAHAN DAN KESEJAHTERAAN RAKYAT,34132,ASISTEN PEMERINTAHAN DAN KESEJAHTERAAN RAKYAT,II.a,59,BIRO HUKUM,34105,KEPALA BIRO HUKUM,II.b,60,BAGIAN PERATURAN PERUNDANG-UNDANGAN PROVINSI,34104,KEPALA BAGIAN PERATURAN PERUNDANG-UNDANGAN PROVINSI,III.a,61,SUB BAGIAN PENYUSUNAN PRODUK HUKUM PENGATURAN,34103,KEPALA SUB BAGIAN PENYUSUNAN PRODUK HUKUM PENGATURAN,IV.a,,,,,,,,,,,,,,,,4,,60,34103,IV.a,1.00E+11,41,KEPALA SUB BAGIAN PENYUSUNAN PRODUK HUKUM PENGATURAN,SUB BAGIAN PENYUSUNAN PRODUK HUKUM PENGATURAN,133,JL. SAM RATULANGI NO.101 PALU,,,,,,1,,,,,
882,36,DINAS ENERGI DAN SUMBER DAYA MINERAL,33744,KEPALA DINAS ENERGI DAN SUMBER DAYA MINERAL,II.a,654,CABANG DINAS ENERGI DAN SUMBER DAYA MINERAL WILAYAH III,33939,KEPALA CABANG DINAS ENERGI DAN SUMBER DAYA MINERAL WILAYAH III,III.b,657,"SEKSI AIR, TANAH DAN ENERGI",33942,"KEPALA SEKSI AIR, TANAH DAN ENERGI",IV.a,,,,,,,,,,,,,,,,,,,,,,,,,,2,,654,33942,IV.a,1.02E+11,41,"KEPALA SEKSI AIR, TANAH DAN ENERGI","SEKSI AIR, TANAH DAN ENERGI",133,JL. SAM RATULANGI NO.25 PALU,,,,,,1,,,,,
883,36,DINAS ENERGI DAN SUMBER DAYA MINERAL,33744,KEPALA DINAS ENERGI DAN SUMBER DAYA MINERAL,II.a,646,CABANG DINAS ENERGI DAN SUMBER DAYA MINERAL WILAYAH I,33930,KEPALA CABANG DINAS ENERGI DAN SUMBER DAYA MINERAL WILAYAH I,III.b,649,"SEKSI AIR, TANAH DAN ENERGI",33934,"KEPALA SEKSI AIR, TANAH DAN ENERGI",IV.a,,,,,,,,,,,,,,,,,,,,,,,,,,2,,646,33934,IV.a,1.02E+11,41,"KEPALA SEKSI AIR, TANAH DAN ENERGI","SEKSI AIR, TANAH DAN ENERGI",133,JL. SAM RATULANGI NO.25 PALU,,,,,,1,,,,,
885,33,DINAS PERKEBUNAN DAN PETERNAKAN,37689,KEPALA DINAS PERKEBUNAN DAN PETERNAKAN,II.a,890,UPT PEMBIBITAN TERNAK,36584,KEPALA UPT PEMBIBITAN TERNAK,III.a,892,SEKSI PEMBIBITAN DAN TEKNOLOGI REPRODUKSI,36589,KEPALA SEKSI PEMBIBITAN DAN TEKNOLOGI REPRODUKSI,IV.a,,,,,,,,,,,,,,,,,,,,,,,,,,2,,890,36589,IV.a,1.03E+11,41,KEPALA SEKSI PEMBIBITAN DAN TEKNOLOGI REPRODUKSI,SEKSI PEMBIBITAN DAN TEKNOLOGI REPRODUKSI,133,JL. R.A. KARTINI NO.25 & 31 PALU,,,,,,1,,,,,
886,17,DINAS TENAGA KERJA DAN TRANSMIGRASI,34947,KEPALA DINAS TENAGA KERJA DAN TRANSMIGRASI,II.a,722,UPT BALAI LATIHAN KERJA DAN PENINGKATAN PRODUKTIVITAS,35246,KEPALA UPT BALAI LATIHAN KERJA DAN PENINGKATAN PRODUKTIVITAS,IV.a,725,SEKSI PENINGKATAN PRODUKTIVITAS,35256,KEPALA SEKSI PENINGKATAN PRODUKTIVITAS,IV.a,,,,,,,,,,,,,,,,,,,,,,,,,,2,,722,35256,IV.a,1.01E+11,41,KEPALA SEKSI PENINGKATAN PRODUKTIVITAS,SEKSI PENINGKATAN PRODUKTIVITAS,133,JL. R.A. KARTINI NO. 98 PALU,,,,,,1,,,,,
887,47,SATUAN POLISI PAMONG PRAJA,33981,KEPALA SATUAN POLISI PAMONG PRAJA,II.a,241,SEKRETARIAT,33982,SEKRETARIS,III.a,242,SUB BAGIAN PROGRAM,33983,KEPALA SUB BAGIAN PROGRAM,IV.a,,,,,,,,,,,,,,,,,,,,,,,,,,2,,241,33983,IV.a,1.04E+11,41,KEPALA SUB BAGIAN PROGRAM,SUB BAGIAN PROGRAM,133,JL. PRAMUKA NO.21 PALU,,,,,,1,,,,,
888,49,SEKRETARIAT DAERAH,34461,SEKRETARIS DAERAH,I.b,105,BAGIAN BUMD DAN BLUD,,,,,,,,,,,,,,,,,,,,,,,,,,,,,,,,,,1,,49,,,1.00E+11,,,BAGIAN BUMD DAN BLUD,,JL. SAM RATULANGI NO.101 PALU,,,,,,0,,,,,
889,10,DINAS PENDIDIKAN,33499,KEPALA DINAS PENDIDIKAN,II.a,365,CABANG DINAS PENDIDIKAN MENENGAH WILAYAH I KOTA PALU DAN KAB. SIGI,33513,KEPALA CABANG DINAS PENDIDIKAN MENENGAH WILAYAH I KOTA PALU DAN KAB. SIGI,III.b,447,SMA NEGERI 7 SIGI KAB. SIGI,33624,KEPALA SMA NEGERI 7 SIGI KAB. SIGI,,,,,,,,,,,,,,,,,,,,,,,,,,,2,SMA,365,33624,,1.03E+11,,KEPALA SMA NEGERI 7 SIGI KAB. SIGI,SMA NEGERI 7 SIGI KAB. SIGI,,"JL. SETIA BUDI, NO.9 PALU",,,,,,1,,,,,
890,14,DINAS CIPTA KARYA DAN SUMBER DAYA AIR,33805,KEPALA DINAS CIPTA KARYA DAN SUMBER DAYA AIR,II.a,686,UPT PENGELOLAAN SUMBER DAYA AIR WILAYAH I,33877,KEPALA UPT PENGELOLAAN SUMBER DAYA AIR WILAYAH I,III.b,687,SUB BAGIAN TATA USAHA,33879,KEPALA SUB BAGIAN TATA USAHA,IV.a,,,,,,,,,,,,,,,,,,,,,,,,,,2,,686,33879,IV.a,1.01E+11,41,KEPALA SUB BAGIAN TATA USAHA,SUB BAGIAN TATA USAHA,133,JL. PROF. MOH. YAMIN NO.33 PALU,,,,,,1,,,,,
884,34,DINAS KEHUTANAN,33380,KEPALA DINAS KEHUTANAN,II.a,510,UPTD KESATUAN PENGELOLAAN HUTAN TOILI BATURUBE,33392,KEPALA UPTD KESATUAN PENGELOLAAN HUTAN TOILI BATURUBE,III.b,,,,,,,,,,,,,,,,,,,,,,,,,,,,,,,1,,12,33392,III.b,1.02E+11,32,KEPALA UPTD KESATUAN PENGELOLAAN HUTAN TOILI BATURUBE,UPTD KESATUAN PENGELOLAAN HUTAN TOILI BATURUBE,134,JL. S. PARMAN NO. 9 PALU,,,,,,1,,,,,
891,10,DINAS PENDIDIKAN,33499,KEPALA DINAS PENDIDIKAN,II.a,365,CABANG DINAS PENDIDIKAN MENENGAH WILAYAH I KOTA PALU DAN KAB. SIGI,33513,KEPALA CABANG DINAS PENDIDIKAN MENENGAH WILAYAH I KOTA PALU DAN KAB. SIGI,III.b,468,SMA NEGERI 14 SIGI KAB. SIGI,33635,KEPALA SMA NEGERI 14 SIGI KAB. SIGI,,,,,,,,,,,,,,,,,,,,,,,,,,,2,SMA,365,33635,,1.03E+11,,KEPALA SMA NEGERI 14 SIGI KAB. SIGI,SMA NEGERI 14 SIGI KAB. SIGI,,"JL. SETIA BUDI, NO.9 PALU",,,,,,1,,,,,
892,36,DINAS ENERGI DAN SUMBER DAYA MINERAL,33744,KEPALA DINAS ENERGI DAN SUMBER DAYA MINERAL,II.a,640,BIDANG ENERGI BARU TERBARUKAN,33924,KEPALA BIDANG ENERGI BARU TERBARUKAN,III.a,,,,,,,,,,,,,,,,,,,,,,,,,,,,,,,1,,36,33924,III.a,1.02E+11,31,KEPALA BIDANG ENERGI BARU TERBARUKAN,BIDANG ENERGI BARU TERBARUKAN,141,JL. SAM RATULANGI NO.25 PALU,,,,,,1,,,,,
893,8,BADAN PENANGGULANGAN BENCANA DAERAH,33323,KEPALA BADAN PENANGGULANGAN BENCANA DAERAH,II.a,,,,,,,,,,,,,,,,,,,,,,,,,,,,,,,,,,,,0,,,33323,II.a,8,21,KEPALA BADAN PENANGGULANGAN BENCANA DAERAH,BADAN PENANGGULANGAN BENCANA DAERAH,143,"JL. M.T HARYONO NO.28, PALU",,,,,,1,,,,,
894,49,SEKRETARIAT DAERAH,34461,SEKRETARIS DAERAH,I.b,1,ASISTEN PEMERINTAHAN DAN KESEJAHTERAAN RAKYAT,34132,ASISTEN PEMERINTAHAN DAN KESEJAHTERAAN RAKYAT,II.a,59,BIRO HUKUM,34105,KEPALA BIRO HUKUM,II.b,60,BAGIAN PERATURAN PERUNDANG-UNDANGAN PROVINSI,34104,KEPALA BAGIAN PERATURAN PERUNDANG-UNDANGAN PROVINSI,III.a,,,,,,,,,,,,,,,,,,,,,3,,59,34104,III.a,1.00E+11,31,KEPALA BAGIAN PERATURAN PERUNDANG-UNDANGAN PROVINSI,BAGIAN PERATURAN PERUNDANG-UNDANGAN PROVINSI,141,JL. SAM RATULANGI NO.101 PALU,,,,,,1,,,,,
895,49,SEKRETARIAT DAERAH,34461,SEKRETARIS DAERAH,I.b,144,ASISTEN ADMINISTRASI UMUM,33353,ASISTEN ADMINISTRASI UMUM,II.a,,,,,,,,,,,,,,,,,,,,,,,,,,,,,,,1,,49,33353,II.a,1.00E+11,21,ASISTEN ADMINISTRASI UMUM,ASISTEN ADMINISTRASI UMUM,143,JL. SAM RATULANGI NO.101 PALU,,,,,,1,,,,,
896,29,DINAS PEMUDA DAN OLAHRAGA,33893,KEPALA DINAS PEMUDA DAN OLAHRAGA,II.a,738,BIDANG KEOLAHRAGAAN,33897,KEPALA BIDANG KEOLAHRAGAAN,III.a,,,,,,,,,,,,,,,,,,,,,,,,,,,,,,,1,,29,33897,III.a,1.02E+11,31,KEPALA BIDANG KEOLAHRAGAAN,BIDANG KEOLAHRAGAAN,141,JL. SOEKARNO-HATTA EX STQ PALU,,,,,,1,,,,,
897,30,DINAS PERPUSTAKAAN DAN KEARSIPAN DAERAH,33886,KEPALA DINAS PERPUSTAKAAN DAN KEARSIPAN DAERAH,II.a,694,SEKRETARIAT,33887,SEKRETARIS,III.a,696,SUB BAGIAN KEUANGAN DAN ASET,33889,KEPALA SUB BAGIAN KEUANGAN DAN ASET,IV.a,,,,,,,,,,,,,,,,,,,,,,,,,,2,,694,33889,IV.a,1.02E+11,41,KEPALA SUB BAGIAN KEUANGAN DAN ASET,SUB BAGIAN KEUANGAN DAN ASET,133,JL. BANTENG NO. 6 PALU,,,,,,1,,,,,
898,16,DINAS SOSIAL,33907,KEPALA DINAS SOSIAL,II.a,857,UPT PANTI SOSIAL ANAK,33961,KEPALA UPT PANTI SOSIAL ANAK,III.b,858,SUB BAGIAN TATA USAHA,33962,KEPALA SUB BAGIAN TATA USAHA,IV.a,,,,,,,,,,,,,,,,,,,,,,,,,,2,,857,33962,IV.a,1.01E+11,41,KEPALA SUB BAGIAN TATA USAHA,SUB BAGIAN TATA USAHA,133,JL. PROF. MOH. YAMIN NO. 15 PALU,,,,,,1,,,,,
899,10,DINAS PENDIDIKAN,33499,KEPALA DINAS PENDIDIKAN,II.a,481,CABANG DINAS PENDIDIKAN MENENGAH WILAYAH II KAB. DONGGALA DAN KAB. PARIGI MOUTONG,33639,KEPALA CABANG DINAS PENDIDIKAN MENENGAH WILAYAH II KAB. DONGGALA DAN KAB. PARIGI MOUTONG,III.b,569,SMA NEGERI 1 PARIGI UTARA KAB. PARIGI MOUTONG,33687,KEPALA SMA NEGERI 1 PARIGI UTARA KAB. PARIGI MOUTONG,,,,,,,,,,,,,,,,,,,,,,,,,,,2,SMA,481,33687,,1.03E+11,,KEPALA SMA NEGERI 1 PARIGI UTARA KAB. PARIGI MOUTONG,SMA NEGERI 1 PARIGI UTARA KAB. PARIGI MOUTONG,,"JL. SETIA BUDI, NO.9 PALU",,,,,,1,,,,,
900,10,DINAS PENDIDIKAN,33499,KEPALA DINAS PENDIDIKAN,II.a,484,CABANG DINAS PENDIDIKAN MENENGAH WILAYAH III KAB. POSO DAN KAB. TOJO UNA-UNA,33704,KEPALA CABANG DINAS PENDIDIKAN MENENGAH WILAYAH III KAB. POSO DAN KAB. TOJO UNA-UNA,III.b,611,SMK NEGERI 1 POSO PESISIR UTARA KAB. POSO,33731,KEPALA SMK NEGERI 1 POSO PESISIR UTARA KAB. POSO,,,,,,,,,,,,,,,,,,,,,,,,,,,2,SMK,484,33731,,1.03E+11,,KEPALA SMK NEGERI 1 POSO PESISIR UTARA KAB. POSO,SMK NEGERI 1 POSO PESISIR UTARA KAB. POSO,,"JL. SETIA BUDI, NO.9 PALU",,,,,,1,,,,,
901,10,DINAS PENDIDIKAN,33499,KEPALA DINAS PENDIDIKAN,II.a,481,CABANG DINAS PENDIDIKAN MENENGAH WILAYAH II KAB. DONGGALA DAN KAB. PARIGI MOUTONG,33639,KEPALA CABANG DINAS PENDIDIKAN MENENGAH WILAYAH II KAB. DONGGALA DAN KAB. PARIGI MOUTONG,III.b,554,SMA NEGERI 1 TINOMBO SELATAN KAB. PARIGI MOUTONG,33671,GURU MADYA,IV.b,,,,,,,,,,,,,,,,,,,,,,,,,,2,SMA,481,33671,IV.b,1.03E+11,42,GURU MADYA,SMA NEGERI 1 TINOMBO SELATAN KAB. PARIGI MOUTONG,132,"JL. SETIA BUDI, NO.9 PALU",,,,,,1,,,,,
902,3,BADAN PENDAPATAN DAERAH,33784,KEPALA BADAN PENDAPATAN DAERAH,II.a,321,UPTD BADAN PENDAPATAN WILAYAH III,33830,KEPALA UPTD BADAN PENDAPATAN WILAYAH III,III.b,324,SEKSI PENETAPAN DAN PENAGIHAN,33833,KEPALA SEKSI PENETAPAN DAN PENAGIHAN,IV.a,,,,,,,,,,,,,,,,,,,,,,,,,,2,,321,33833,IV.a,1.03E+11,41,KEPALA SEKSI PENETAPAN DAN PENAGIHAN,SEKSI PENETAPAN DAN PENAGIHAN,133,JL. PROF. DR. MOH. YAMIN NO. 34 PALU,,,,,,1,,,,,
903,10,DINAS PENDIDIKAN,33499,KEPALA DINAS PENDIDIKAN,II.a,487,CABANG DINAS PENDIDIKAN MENENGAH WILAYAH IV KAB. MOROWALI DAN KAB. MOROWALI UTARA,33501,KEPALA CABANG DINAS PENDIDIKAN MENENGAH WILAYAH IV KAB. MOROWALI DAN KAB. MOROWALI UTARA,III.b,949,SMA NEGERI 1 LEMBO KAB. MOROWALI UTARA,34155,KEPALA SMA NEGERI 1 LEMBO KAB. MOROWALI UTARA,,,,,,,,,,,,,,,,,,,,,,,,,,,2,SMA,487,34155,,1.03E+11,,KEPALA SMA NEGERI 1 LEMBO KAB. MOROWALI UTARA,SMA NEGERI 1 LEMBO KAB. MOROWALI UTARA,,"JL. SETIA BUDI, NO.9 PALU",,,,,,1,,,,,
904,47,SATUAN POLISI PAMONG PRAJA,33981,KEPALA SATUAN POLISI PAMONG PRAJA,II.a,241,SEKRETARIAT,33982,SEKRETARIS,III.a,244,SUB BAGIAN KEPEGAWAIAN DAN UMUM,33985,KEPALA SUB BAGIAN KEPEGAWAIAN DAN UMUM,IV.a,,,,,,,,,,,,,,,,,,,,,,,,,,2,,241,33985,IV.a,1.04E+11,41,KEPALA SUB BAGIAN KEPEGAWAIAN DAN UMUM,SUB BAGIAN KEPEGAWAIAN DAN UMUM,133,JL. PRAMUKA NO.21 PALU,,,,,,1,,,,,
905,10,DINAS PENDIDIKAN,33499,KEPALA DINAS PENDIDIKAN,II.a,481,CABANG DINAS PENDIDIKAN MENENGAH WILAYAH II KAB. DONGGALA DAN KAB. PARIGI MOUTONG,33639,KEPALA CABANG DINAS PENDIDIKAN MENENGAH WILAYAH II KAB. DONGGALA DAN KAB. PARIGI MOUTONG,III.b,543,SMA NEGERI 1 BALAESANG TANJUNG KAB. DONGGALA,33660,KEPALA SMA NEGERI 1 BALAESANG TANJUNG KAB. DONGGALA,,,,,,,,,,,,,,,,,,,,,,,,,,,2,SMA,481,33660,,1.03E+11,,KEPALA SMA NEGERI 1 BALAESANG TANJUNG KAB. DONGGALA,SMA NEGERI 1 BALAESANG TANJUNG KAB. DONGGALA,,"JL. SETIA BUDI, NO.9 PALU",,,,,,1,,,,,
906,15,DINAS PERUMAHAN KAWASAN PERMUKIMAN DAN PERTANAHAN,34068,KEPALA DINAS PERUMAHAN KAWASAN PERMUKIMAN DAN PERTANAHAN,II.a,897,SEKERTARIAT,34069,SEKRETARIS,III.a,903,SUB BAGIAN KEUANGAN DAN ASET,34071,KEPALA SUB BAGIAN KEUANGAN DAN ASET,IV.a,,,,,,,,,,,,,,,,,,,,,,,,,,2,,897,34071,IV.a,1.01E+11,41,KEPALA SUB BAGIAN KEUANGAN DAN ASET,SUB BAGIAN KEUANGAN DAN ASET,133,JL. PROF. MOH. YAMIN NO.12 PALU,,,,,,1,,,,,
907,16,DINAS SOSIAL,33907,KEPALA DINAS SOSIAL,II.a,850,SEKRETARIAT,33909,SEKRETARIS,III.a,852,SUB BAGIAN KEPEGAWAIAN DAN UMUM,33911,KEPALA SUB BAGIAN KEPEGAWAIAN DAN UMUM,IV.a,,,,,,,,,,,,,,,,,,,,,,,,,,2,,850,33911,IV.a,1.01E+11,41,KEPALA SUB BAGIAN KEPEGAWAIAN DAN UMUM,SUB BAGIAN KEPEGAWAIAN DAN UMUM,133,JL. PROF. MOH. YAMIN NO. 15 PALU,,,,,,1,,,,,
908,13,DINAS BINA MARGA DAN TATA RUANG,33455,KEPALA DINAS BINA MARGA DAN PENATAAN RUANG,II.a,393,UPT LABORATORIUM DAN PENGUJIAN BAHAN,33456,KEPALA UPT LABORATORIUM DAN PENGUJIAN BAHAN,III.b,396,SEKSI MANAJEMEN DAN PENGENDALIAN MUTU,33459,KEPALA SEKSI MANAJEMEN DAN PENGENDALIAN MUTU,IV.a,,,,,,,,,,,,,,,,,,,,,,,,,,2,,393,33459,IV.a,1.00E+11,41,KEPALA SEKSI MANAJEMEN DAN PENGENDALIAN MUTU,SEKSI MANAJEMEN DAN PENGENDALIAN MUTU,133,"JL. TOWUA, NO. 85 PALU",,,,,,1,,,,,
909,10,DINAS PENDIDIKAN,33499,KEPALA DINAS PENDIDIKAN,II.a,484,CABANG DINAS PENDIDIKAN MENENGAH WILAYAH III KAB. POSO DAN KAB. TOJO UNA-UNA,33704,KEPALA CABANG DINAS PENDIDIKAN MENENGAH WILAYAH III KAB. POSO DAN KAB. TOJO UNA-UNA,III.b,597,SMA NEGERI 3 POSO KAB. POSO,33716,KEPALA SMA NEGERI 3 POSO KAB. POSO,,,,,,,,,,,,,,,,,,,,,,,,,,,2,SMA,484,33716,,1.03E+11,,KEPALA SMA NEGERI 3 POSO KAB. POSO,SMA NEGERI 3 POSO KAB. POSO,,"JL. SETIA BUDI, NO.9 PALU",,,,,,1,,,,,
910,17,DINAS TENAGA KERJA DAN TRANSMIGRASI,34947,KEPALA DINAS TENAGA KERJA DAN TRANSMIGRASI,II.a,730,UPT PENGAWASAN KETENAGA KERJAAN WILAYAH II,35292,KEPALA UPT PENGAWASAN KETENAGA KERJAAN WILAYAH II,III.a,731,SUB BAGIAN TATA USAHA,35293,KEPALA SUB BAGIAN TATA USAHA,IV.a,,,,,,,,,,,,,,,,,,,,,,,,,,2,,730,35293,IV.a,1.01E+11,41,KEPALA SUB BAGIAN TATA USAHA,SUB BAGIAN TATA USAHA,133,JL. R.A. KARTINI NO. 98 PALU,,,,,,1,,,,,
911,49,SEKRETARIAT DAERAH,34461,SEKRETARIS DAERAH,I.b,72,ASISTEN PEREKONOMIAN DAN PEMBANGUNAN,39771,ASISTEN PEREKONOMIAN DAN PEMBANGUNAN,II.a,131,BIRO ADMINISTRASI PEMBANGUNAN,34464,KEPALA BIRO ADMINISTRASI PEMBANGUNAN,II.b,140,BAGIAN PELAPORAN PELAKSANAAN PEMBANGUNAN,34476,KEPALA BAGIAN PELAPORAN PELAKSANAAN PEMBANGUNAN,III.a,,,,,,,,,,,,,,,,,,,,,3,,131,34476,III.a,1.00E+11,31,KEPALA BAGIAN PELAPORAN PELAKSANAAN PEMBANGUNAN,BAGIAN PELAPORAN PELAKSANAAN PEMBANGUNAN,141,JL. SAM RATULANGI NO.101 PALU,,,,,,1,,,,,
912,49,SEKRETARIAT DAERAH,34461,SEKRETARIS DAERAH,I.b,144,ASISTEN ADMINISTRASI UMUM,33353,ASISTEN ADMINISTRASI UMUM,II.a,145,BIRO ORGANISASI,33354,KEPALA BIRO ORGANISASI,II.b,146,BAGIAN KELEMBAGAAN DAN REFORMASI BIROKRASI,33355,KEPALA BAGIAN KELEMBAGAAN DAN REFORMASI BIROKRASI,III.a,,,,,,,,,,,,,,,,,,,,,3,,145,33355,III.a,1.00E+11,31,KEPALA BAGIAN KELEMBAGAAN DAN REFORMASI BIROKRASI,BAGIAN KELEMBAGAAN DAN REFORMASI BIROKRASI,141,JL. SAM RATULANGI NO.101 PALU,,,,,,1,,,,,
913,10,DINAS PENDIDIKAN,33499,KEPALA DINAS PENDIDIKAN,II.a,487,CABANG DINAS PENDIDIKAN MENENGAH WILAYAH IV KAB. MOROWALI DAN KAB. MOROWALI UTARA,33501,KEPALA CABANG DINAS PENDIDIKAN MENENGAH WILAYAH IV KAB. MOROWALI DAN KAB. MOROWALI UTARA,III.b,944,SMK NEGERI 1 WITA PONDA KAB. MOROWALI,34150,KEPALA SMK NEGERI 1 WITA PONDA KAB. MOROWALI,,,,,,,,,,,,,,,,,,,,,,,,,,,2,SMK,487,34150,,1.03E+11,,KEPALA SMK NEGERI 1 WITA PONDA KAB. MOROWALI,SMK NEGERI 1 WITA PONDA KAB. MOROWALI,,"JL. SETIA BUDI, NO.9 PALU",,,,,,1,,,,,
914,10,DINAS PENDIDIKAN,33499,KEPALA DINAS PENDIDIKAN,II.a,489,"CABANG DINAS PENDIDIKAN MENENGAH WILAYAH V KAB.BANGGAI, KAB. BANGGAI KEPULAUAN DAN KAB. BANGGAI LAUT",33502,"KEPALA CABANG DINAS PENDIDIKAN MENENGAH WILAYAH V KAB.BANGGAI, KAB. BANGGAI KEPULAUAN DAN KAB. BANGGAI LAUT",III.b,1043,SMK NEGERI 1 SIMPANG RAYA KAB. BANGGAI,34204,KEPALA SMK NEGERI 1 SIMPANG RAYA KAB. BANGGAI,,,,,,,,,,,,,,,,,,,,,,,,,,,2,SMK,489,34204,,1.03E+11,,KEPALA SMK NEGERI 1 SIMPANG RAYA KAB. BANGGAI,SMK NEGERI 1 SIMPANG RAYA KAB. BANGGAI,,"JL. SETIA BUDI, NO.9 PALU",,,,,,1,,,,,
915,12,DINAS KESEHATAN,34343,KEPALA DINAS KESEHATAN,II.a,766,UPT BALAI PENDIDIKAN PELATIHAN KESEHATAN,34382,KEPALA UPT BALAI PENDIDIKAN PELATIHAN KESEHATAN,III.b,768,SEKSI PENYELENGGARAAN KEDIKLATAN,34384,KEPALA SEKSI PENYELENGGARAAN KEDIKLATAN,IV.a,,,,,,,,,,,,,,,,,,,,,,,,,,2,,766,34384,IV.a,1.00E+11,41,KEPALA SEKSI PENYELENGGARAAN KEDIKLATAN,SEKSI PENYELENGGARAAN KEDIKLATAN,133,"JL. R.A. KARTINI, NO.11 PALU",,,,,,1,,,,,
916,10,DINAS PENDIDIKAN,33499,KEPALA DINAS PENDIDIKAN,II.a,487,CABANG DINAS PENDIDIKAN MENENGAH WILAYAH IV KAB. MOROWALI DAN KAB. MOROWALI UTARA,33501,KEPALA CABANG DINAS PENDIDIKAN MENENGAH WILAYAH IV KAB. MOROWALI DAN KAB. MOROWALI UTARA,III.b,934,SMA NEGERI 1 BUNGKU SELATAN KAB. MOROWALI,34140,KEPALA SMA NEGERI 1 BUNGKU SELATAN KAB. MOROWALI,,,,,,,,,,,,,,,,,,,,,,,,,,,2,SMA,487,34140,,1.03E+11,,KEPALA SMA NEGERI 1 BUNGKU SELATAN KAB. MOROWALI,SMA NEGERI 1 BUNGKU SELATAN KAB. MOROWALI,,"JL. SETIA BUDI, NO.9 PALU",,,,,,1,,,,,
917,10,DINAS PENDIDIKAN,33499,KEPALA DINAS PENDIDIKAN,II.a,487,CABANG DINAS PENDIDIKAN MENENGAH WILAYAH IV KAB. MOROWALI DAN KAB. MOROWALI UTARA,33501,KEPALA CABANG DINAS PENDIDIKAN MENENGAH WILAYAH IV KAB. MOROWALI DAN KAB. MOROWALI UTARA,III.b,954,SMA NEGERI 2 SOYO JAYA KAB. MOROWALI UTARA,34160,KEPALA SMA NEGERI 2 SOYO JAYA KAB. MOROWALI UTARA,,,,,,,,,,,,,,,,,,,,,,,,,,,2,SMA,487,34160,,1.03E+11,,KEPALA SMA NEGERI 2 SOYO JAYA KAB. MOROWALI UTARA,SMA NEGERI 2 SOYO JAYA KAB. MOROWALI UTARA,,"JL. SETIA BUDI, NO.9 PALU",,,,,,1,,,,,
918,10,DINAS PENDIDIKAN,33499,KEPALA DINAS PENDIDIKAN,II.a,481,CABANG DINAS PENDIDIKAN MENENGAH WILAYAH II KAB. DONGGALA DAN KAB. PARIGI MOUTONG,33639,KEPALA CABANG DINAS PENDIDIKAN MENENGAH WILAYAH II KAB. DONGGALA DAN KAB. PARIGI MOUTONG,III.b,581,SMA NEGERI 2 KASIMBAR KAB. PARIGI MOUTONG,33699,KEPALA SMA NEGERI 2 KASIMBAR KAB. PARIGI MOUTONG,,,,,,,,,,,,,,,,,,,,,,,,,,,2,SMA,481,33699,,1.03E+11,,KEPALA SMA NEGERI 2 KASIMBAR KAB. PARIGI MOUTONG,SMA NEGERI 2 KASIMBAR KAB. PARIGI MOUTONG,,"JL. SETIA BUDI, NO.9 PALU",,,,,,1,,,,,
919,10,DINAS PENDIDIKAN,33499,KEPALA DINAS PENDIDIKAN,II.a,487,CABANG DINAS PENDIDIKAN MENENGAH WILAYAH IV KAB. MOROWALI DAN KAB. MOROWALI UTARA,33501,KEPALA CABANG DINAS PENDIDIKAN MENENGAH WILAYAH IV KAB. MOROWALI DAN KAB. MOROWALI UTARA,III.b,960,SMK NEGERI 1 PETASIA TIMUR KAB. MOROWALI UTARA,34166,KEPALA SMK NEGERI 1 PETASIA TIMUR KAB. MOROWALI UTARA,,,,,,,,,,,,,,,,,,,,,,,,,,,2,SMK,487,34166,,1.03E+11,,KEPALA SMK NEGERI 1 PETASIA TIMUR KAB. MOROWALI UTARA,SMK NEGERI 1 PETASIA TIMUR KAB. MOROWALI UTARA,,"JL. SETIA BUDI, NO.9 PALU",,,,,,1,,,,,
920,16,DINAS SOSIAL,33907,KEPALA DINAS SOSIAL,II.a,861,UPT PANTI SOSIAL TRESNA WERDHA MADAGO TENTENA,33965,KEPALA UPT PANTI SOSIAL TRESNA WERDHA MADAGO TENTENA,III.b,862,SUB BAGIAN TATA USAHA,33966,KEPALA SUB BAGIAN TATA USAHA,IV.a,,,,,,,,,,,,,,,,,,,,,,,,,,2,,861,33966,IV.a,1.01E+11,41,KEPALA SUB BAGIAN TATA USAHA,SUB BAGIAN TATA USAHA,133,JL. PROF. MOH. YAMIN NO. 15 PALU,,,,,,1,,,,,
921,49,SEKRETARIAT DAERAH,34461,SEKRETARIS DAERAH,I.b,1,ASISTEN PEMERINTAHAN DAN KESEJAHTERAAN RAKYAT,34132,ASISTEN PEMERINTAHAN DAN KESEJAHTERAAN RAKYAT,II.a,59,BIRO HUKUM,34105,KEPALA BIRO HUKUM,II.b,68,BAGIAN BANTUAN HUKUM,34096,KEPALA BAGIAN BANTUAN HUKUM,III.a,70,SUB BAGIAN LITIGASI,34094,KEPALA SUB BAGIAN LITIGASI,IV.a,,,,,,,,,,,,,,,,4,,68,34094,IV.a,1.00E+11,41,KEPALA SUB BAGIAN LITIGASI,SUB BAGIAN LITIGASI,133,JL. SAM RATULANGI NO.101 PALU,,,,,,1,,,,,
922,10,DINAS PENDIDIKAN,33499,KEPALA DINAS PENDIDIKAN,II.a,489,"CABANG DINAS PENDIDIKAN MENENGAH WILAYAH V KAB.BANGGAI, KAB. BANGGAI KEPULAUAN DAN KAB. BANGGAI LAUT",33502,"KEPALA CABANG DINAS PENDIDIKAN MENENGAH WILAYAH V KAB.BANGGAI, KAB. BANGGAI KEPULAUAN DAN KAB. BANGGAI LAUT",III.b,1143,SMK NEGERI MARITIM KAB. BANGGAI LAUT,40303,KEPALA SMK NEGERI MARITIM KAB. BANGGAI LAUT,,,,,,,,,,,,,,,,,,,,,,,,,,,2,SMK,489,40303,,,,KEPALA SMK NEGERI MARITIM KAB. BANGGAI LAUT,SMK NEGERI MARITIM KAB. BANGGAI LAUT,,"JL. SETIA BUDI, NO.9 PALU",,,,,,1,,,,,
923,10,DINAS PENDIDIKAN,33499,KEPALA DINAS PENDIDIKAN,II.a,489,"CABANG DINAS PENDIDIKAN MENENGAH WILAYAH V KAB.BANGGAI, KAB. BANGGAI KEPULAUAN DAN KAB. BANGGAI LAUT",33502,"KEPALA CABANG DINAS PENDIDIKAN MENENGAH WILAYAH V KAB.BANGGAI, KAB. BANGGAI KEPULAUAN DAN KAB. BANGGAI LAUT",III.b,1047,SMA NEGERI TOLISU KAB. BANGGAI,34208,KEPALA SMA NEGERI TOLISU KAB. BANGGAI,,,,,,,,,,,,,,,,,,,,,,,,,,,2,SMA,489,34208,,1.03E+11,,KEPALA SMA NEGERI TOLISU KAB. BANGGAI,SMA NEGERI TOLISU KAB. BANGGAI,,"JL. SETIA BUDI, NO.9 PALU",,,,,,1,,,,,
924,3,BADAN PENDAPATAN DAERAH,33784,KEPALA BADAN PENDAPATAN DAERAH,II.a,337,UPTD BADAN PENDAPATAN WILAYAH VII,33850,KEPALA UPTD BADAN PENDAPATAN WILAYAH VII,III.b,338,SUB BAGIAN TATA USAHA,33851,KEPALA SUB BAGIAN TATA USAHA,IV.a,,,,,,,,,,,,,,,,,,,,,,,,,,2,,337,33851,IV.a,1.03E+11,41,KEPALA SUB BAGIAN TATA USAHA,SUB BAGIAN TATA USAHA,133,JL. PROF. DR. MOH. YAMIN NO. 34 PALU,,,,,,1,,,,,
925,16,DINAS SOSIAL,33907,KEPALA DINAS SOSIAL,II.a,861,UPT PANTI SOSIAL TRESNA WERDHA MADAGO TENTENA,33965,KEPALA UPT PANTI SOSIAL TRESNA WERDHA MADAGO TENTENA,III.b,863,SEKSI PELAYANAN SOSIAL LANSIA,33967,KEPALA SEKSI PELAYANAN SOSIAL LANSIA,IV.a,,,,,,,,,,,,,,,,,,,,,,,,,,2,,861,33967,IV.a,1.01E+11,41,KEPALA SEKSI PELAYANAN SOSIAL LANSIA,SEKSI PELAYANAN SOSIAL LANSIA,133,JL. PROF. MOH. YAMIN NO. 15 PALU,,,,,,1,,,,,
926,10,DINAS PENDIDIKAN,33499,KEPALA DINAS PENDIDIKAN,II.a,489,"CABANG DINAS PENDIDIKAN MENENGAH WILAYAH V KAB.BANGGAI, KAB. BANGGAI KEPULAUAN DAN KAB. BANGGAI LAUT",33502,"KEPALA CABANG DINAS PENDIDIKAN MENENGAH WILAYAH V KAB.BANGGAI, KAB. BANGGAI KEPULAUAN DAN KAB. BANGGAI LAUT",III.b,32,SMA NEGERI 1 BUNTA KAB. BANGGAI,34186,KEPALA SMA NEGERI 1 BUNTA KAB. BANGGAI,,,,,,,,,,,,,,,,,,,,,,,,,,,2,SMA,489,34186,,1.03E+11,,KEPALA SMA NEGERI 1 BUNTA KAB. BANGGAI,SMA NEGERI 1 BUNTA KAB. BANGGAI,,"JL. SETIA BUDI, NO.9 PALU",,,,,,1,,,,,
927,16,DINAS SOSIAL,33907,KEPALA DINAS SOSIAL,II.a,861,UPT PANTI SOSIAL TRESNA WERDHA MADAGO TENTENA,33965,KEPALA UPT PANTI SOSIAL TRESNA WERDHA MADAGO TENTENA,III.b,,,,,,,,,,,,,,,,,,,,,,,,,,,,,,,1,,16,33965,III.b,1.01E+11,32,KEPALA UPT PANTI SOSIAL TRESNA WERDHA MADAGO TENTENA,UPT PANTI SOSIAL TRESNA WERDHA MADAGO TENTENA,134,JL. PROF. MOH. YAMIN NO. 15 PALU,,,,,,1,,,,,
928,10,DINAS PENDIDIKAN,33499,KEPALA DINAS PENDIDIKAN,II.a,489,"CABANG DINAS PENDIDIKAN MENENGAH WILAYAH V KAB.BANGGAI, KAB. BANGGAI KEPULAUAN DAN KAB. BANGGAI LAUT",33502,"KEPALA CABANG DINAS PENDIDIKAN MENENGAH WILAYAH V KAB.BANGGAI, KAB. BANGGAI KEPULAUAN DAN KAB. BANGGAI LAUT",III.b,1074,SMA NEGERI 1 BULAGI KAB. BANGGAI KEPULAUAN,34248,KEPALA SMA NEGERI 1 BULAGI KAB. BANGGAI KEPULAUAN,,,,,,,,,,,,,,,,,,,,,,,,,,,2,SMA,489,34248,,1.03E+11,,KEPALA SMA NEGERI 1 BULAGI KAB. BANGGAI KEPULAUAN,SMA NEGERI 1 BULAGI KAB. BANGGAI KEPULAUAN,,"JL. SETIA BUDI, NO.9 PALU",,,,,,1,,,,,
929,32,DINAS TANAMAN PANGAN DAN HORTIKULTURA,37620,KEPALA DINAS TANAMAN PANGAN DAN HORTIKULTURA,II.a,834,UPTD BALAI PERBENIHAN TANAMAN PANGAN DAN HORTIKULTURA,37594,KEPALA UPT BALAI PERBENIHAN TPH,III.b,837,SEKSI PERBENIHAN TANAMAN HOLTIKULTURA,37613,KEPALA SEKSI PERBENIHAN TANAMAN HOLTIKULTURA,IV.a,,,,,,,,,,,,,,,,,,,,,,,,,,2,,834,37613,IV.a,1.03E+11,41,KEPALA SEKSI PERBENIHAN TANAMAN HOLTIKULTURA,SEKSI PERBENIHAN TANAMAN HOLTIKULTURA,133,JL. R.A. KARTINI NO. 80 PALU,,,,,,1,,,,,
930,10,DINAS PENDIDIKAN,33499,KEPALA DINAS PENDIDIKAN,II.a,481,CABANG DINAS PENDIDIKAN MENENGAH WILAYAH II KAB. DONGGALA DAN KAB. PARIGI MOUTONG,33639,KEPALA CABANG DINAS PENDIDIKAN MENENGAH WILAYAH II KAB. DONGGALA DAN KAB. PARIGI MOUTONG,III.b,550,SMK NEGERI 1 SINDUE TOBATA KAB. DONGGALA,33667,KEPALA SMK NEGERI 1 SINDUE TOBATA KAB. DONGGALA,,,,,,,,,,,,,,,,,,,,,,,,,,,2,SMK,481,33667,,1.03E+11,,KEPALA SMK NEGERI 1 SINDUE TOBATA KAB. DONGGALA,SMK NEGERI 1 SINDUE TOBATA KAB. DONGGALA,,"JL. SETIA BUDI, NO.9 PALU",,,,,,1,,,,,
931,17,DINAS TENAGA KERJA DAN TRANSMIGRASI,34947,KEPALA DINAS TENAGA KERJA DAN TRANSMIGRASI,II.a,726,UPT PENGAWASAN KETENAGAKERJAAN WILAYAH I,35271,KEPALA UPT PENGAWASAN KETENAGAKERJAAN WILAYAH I,III.a,727,SUB BAGIAN TATA USAHA,35274,KEPALA SUB BAGIAN TATA USAHA,IV.a,,,,,,,,,,,,,,,,,,,,,,,,,,2,,726,35274,IV.a,1.01E+11,41,KEPALA SUB BAGIAN TATA USAHA,SUB BAGIAN TATA USAHA,133,JL. R.A. KARTINI NO. 98 PALU,,,,,,1,,,,,
932,3,BADAN PENDAPATAN DAERAH,33784,KEPALA BADAN PENDAPATAN DAERAH,II.a,353,UPTD BADAN PENDAPATAN WILAYAH XI,33866,KEPALA UPTD BADAN PENDAPATAN WILAYAH XI,III.b,354,SUB BAGIAN TATA USAHA,33867,KEPALA SUB BAGIAN TATA USAHA,IV.a,,,,,,,,,,,,,,,,,,,,,,,,,,2,,353,33867,IV.a,1.03E+11,41,KEPALA SUB BAGIAN TATA USAHA,SUB BAGIAN TATA USAHA,133,JL. PROF. DR. MOH. YAMIN NO. 34 PALU,,,,,,1,,,,,
933,14,DINAS CIPTA KARYA DAN SUMBER DAYA AIR,33805,KEPALA DINAS CIPTA KARYA DAN SUMBER DAYA AIR,II.a,666,SEKRETARIAT,33806,SEKRETARIS,III.a,667,SUB BAGIAN PROGRAM,33807,KEPALA SUB BAGIAN PROGRAM,IV.a,,,,,,,,,,,,,,,,,,,,,,,,,,2,,666,33807,IV.a,1.01E+11,41,KEPALA SUB BAGIAN PROGRAM,SUB BAGIAN PROGRAM,133,JL. PROF. MOH. YAMIN NO.33 PALU,,,,,,1,,,,,
934,3,BADAN PENDAPATAN DAERAH,33784,KEPALA BADAN PENDAPATAN DAERAH,II.a,353,UPTD BADAN PENDAPATAN WILAYAH XI,33866,KEPALA UPTD BADAN PENDAPATAN WILAYAH XI,III.b,355,SEKSI PELAYANAN PAJAK KENDARAAN BERMOTOR DAN BEA BALIK NAMA KENDARAAN BERMOTOR,33868,KEPALA SEKSI PELAYANAN PAJAK KENDARAAN BERMOTOR DAN BEA BALIK NAMA KENDARAAN BERMOTOR,IV.a,,,,,,,,,,,,,,,,,,,,,,,,,,2,,353,33868,IV.a,1.03E+11,41,KEPALA SEKSI PELAYANAN PAJAK KENDARAAN BERMOTOR DAN BEA BALIK NAMA KENDARAAN BERMOTOR,SEKSI PELAYANAN PAJAK KENDARAAN BERMOTOR DAN BEA BALIK NAMA KENDARAAN BERMOTOR,133,JL. PROF. DR. MOH. YAMIN NO. 34 PALU,,,,,,1,,,,,
935,3,BADAN PENDAPATAN DAERAH,33784,KEPALA BADAN PENDAPATAN DAERAH,II.a,310,BIDANG PENGENDALIAN DAN EVALUASI PENDAPATAN DAERAH,33802,KEPALA BIDANG PENGENDALIAN DAN EVALUASI PENDAPATAN DAERAH,III.a,311,"SUB BIDANG PEMERIKSAAN, MONITORING DAN EVALUASI PENGELOLAAN PENDAPATAN DAERAH",33803,"KEPALA SUB BIDANG PEMERIKSAAN, MONITORING DAN EVALUASI PENGELOLAAN PENDAPATAN DAERAH",IV.a,,,,,,,,,,,,,,,,,,,,,,,,,,2,,310,33803,IV.a,1.03E+11,41,"KEPALA SUB BIDANG PEMERIKSAAN, MONITORING DAN EVALUASI PENGELOLAAN PENDAPATAN DAERAH","SUB BIDANG PEMERIKSAAN, MONITORING DAN EVALUASI PENGELOLAAN PENDAPATAN DAERAH",133,JL. PROF. DR. MOH. YAMIN NO. 34 PALU,,,,,,1,,,,,
936,32,DINAS TANAMAN PANGAN DAN HORTIKULTURA,37620,KEPALA DINAS TANAMAN PANGAN DAN HORTIKULTURA,II.a,834,UPTD BALAI PERBENIHAN TANAMAN PANGAN DAN HORTIKULTURA,37594,KEPALA UPT BALAI PERBENIHAN TPH,III.b,836,SEKSI PERBENIHAN TANAMAN PANGAN,37601,KEPALA SEKSI PERBENIHAN TANAMAN PANGAN,IV.a,,,,,,,,,,,,,,,,,,,,,,,,,,2,,834,37601,IV.a,1.03E+11,41,KEPALA SEKSI PERBENIHAN TANAMAN PANGAN,SEKSI PERBENIHAN TANAMAN PANGAN,133,JL. R.A. KARTINI NO. 80 PALU,,,,,,1,,,,,
937,22,DINAS KEPENDUDUKAN DAN PENCATATAN SIPIL,33913,KEPALA DINAS KEPENDUDUKAN DAN PENCATATAN SIPIL,II.a,873,BIDANG FASILITASI PENCATATAN SIPIL,33918,KEPALA BIDANG FASILITASI PENCATATAN SIPIL,III.a,,,,,,,,,,,,,,,,,,,,,,,,,,,,,,,1,,22,33918,III.a,1.01E+11,31,KEPALA BIDANG FASILITASI PENCATATAN SIPIL,BIDANG FASILITASI PENCATATAN SIPIL,141,JL. DEWI SARTIKA NO.85 PALU,,,,,,1,,,,,
938,10,DINAS PENDIDIKAN,33499,KEPALA DINAS PENDIDIKAN,II.a,489,"CABANG DINAS PENDIDIKAN MENENGAH WILAYAH V KAB.BANGGAI, KAB. BANGGAI KEPULAUAN DAN KAB. BANGGAI LAUT",33502,"KEPALA CABANG DINAS PENDIDIKAN MENENGAH WILAYAH V KAB.BANGGAI, KAB. BANGGAI KEPULAUAN DAN KAB. BANGGAI LAUT",III.b,1089,SMA NEGERI 1 TINANGKUNG UTARA KAB. BANGGAI KEPULAUAN,34273,KEPALA SMA NEGERI 1 TINANGKUNG UTARA KAB. BANGGAI KEPULAUAN,,,,,,,,,,,,,,,,,,,,,,,,,,,2,SMA,489,34273,,1.03E+11,,KEPALA SMA NEGERI 1 TINANGKUNG UTARA KAB. BANGGAI KEPULAUAN,SMA NEGERI 1 TINANGKUNG UTARA KAB. BANGGAI KEPULAUAN,,"JL. SETIA BUDI, NO.9 PALU",,,,,,1,,,,,
939,32,DINAS TANAMAN PANGAN DAN HORTIKULTURA,37620,KEPALA DINAS TANAMAN PANGAN DAN HORTIKULTURA,II.a,838,UPTD PENGAWASAN MUTU DAN SERTIFIKASI BENIH TANAMAN PANGAN DAN HORTIKULTURA,37596,KEPALA UPT PENGAWASAN MUTU DAN SERTIFIKASI BENIH TPH,III.b,839,SUB BAGIAN TATA USAHA,37604,KEPALA SUB BAGIAN TATA USAHA,IV.a,,,,,,,,,,,,,,,,,,,,,,,,,,2,,838,37604,IV.a,1.03E+11,41,KEPALA SUB BAGIAN TATA USAHA,SUB BAGIAN TATA USAHA,133,JL. R.A. KARTINI NO. 80 PALU,,,,,,1,,,,,
940,17,DINAS TENAGA KERJA DAN TRANSMIGRASI,34947,KEPALA DINAS TENAGA KERJA DAN TRANSMIGRASI,II.a,703,SEKRETARIAT,34948,SEKRETARIS,III.a,706,SUB BAGIAN KEPEGAWAIAN DAN UMUM,34957,KEPALA SUB BAGIAN KEPEGAWAIAN DAN UMUM,IV.a,,,,,,,,,,,,,,,,,,,,,,,,,,2,,703,34957,IV.a,1.01E+11,41,KEPALA SUB BAGIAN KEPEGAWAIAN DAN UMUM,SUB BAGIAN KEPEGAWAIAN DAN UMUM,133,JL. R.A. KARTINI NO. 98 PALU,,,,,,1,,,,,
941,10,DINAS PENDIDIKAN,33499,KEPALA DINAS PENDIDIKAN,II.a,489,"CABANG DINAS PENDIDIKAN MENENGAH WILAYAH V KAB.BANGGAI, KAB. BANGGAI KEPULAUAN DAN KAB. BANGGAI LAUT",33502,"KEPALA CABANG DINAS PENDIDIKAN MENENGAH WILAYAH V KAB.BANGGAI, KAB. BANGGAI KEPULAUAN DAN KAB. BANGGAI LAUT",III.b,1092,SLB NEGERI SALAKAN KAB. BANGGAI KEPULAUAN,34281,KEPALA SLB NEGERI SALAKAN KAB. BANGGAI KEPULAUAN,,,,,,,,,,,,,,,,,,,,,,,,,,,2,SLB,489,34281,,1.03E+11,,KEPALA SLB NEGERI SALAKAN KAB. BANGGAI KEPULAUAN,SLB NEGERI SALAKAN KAB. BANGGAI KEPULAUAN,,"JL. SETIA BUDI, NO.9 PALU",,,,,,1,,,,,
942,14,DINAS CIPTA KARYA DAN SUMBER DAYA AIR,33805,KEPALA DINAS CIPTA KARYA DAN SUMBER DAYA AIR,II.a,676,BIDANG IRIGASI DAN RAWA,33818,KEPALA BIDANG IRIGASI DAN RAWA,III.a,677,SEKSI PENGEMBANGAN IRIGASI DAN RAWA,33819,KEPALA SEKSI PENGEMBANGAN IRIGASI DAN RAWA,IV.a,,,,,,,,,,,,,,,,,,,,,,,,,,2,,676,33819,IV.a,1.01E+11,41,KEPALA SEKSI PENGEMBANGAN IRIGASI DAN RAWA,SEKSI PENGEMBANGAN IRIGASI DAN RAWA,133,JL. PROF. MOH. YAMIN NO.33 PALU,,,,,,1,,,,,
943,2,BADAN KESATUAN BANGSA DAN POLITIK,33322,KEPALA BADAN KESATUAN BANGSA DAN POLITIK,II.a,28,"BIDANG KETAHANAN EKONOMI, SENI BUDAYA, AGAMA DAN KEMASYARAKATAN",33321,"KEPALA BIDANG KETAHANAN EKONOMI, SENI BUDAYA, AGAMA DAN KEMASYARAKATAN",III.a,,,,,,,,,,,,,,,,,,,,,,,,,,,,,,,1,,2,33321,III.a,1.03E+11,31,"KEPALA BIDANG KETAHANAN EKONOMI, SENI BUDAYA, AGAMA DAN KEMASYARAKATAN","BIDANG KETAHANAN EKONOMI, SENI BUDAYA, AGAMA DAN KEMASYARAKATAN",141,JL. TANJUNG API NO. 7 PALU,,,,,,1,,,,,
944,33,DINAS PERKEBUNAN DAN PETERNAKAN,37689,KEPALA DINAS PERKEBUNAN DAN PETERNAKAN,II.a,894,UPT PENGAWASAN MUTU DAN SERTIFIKASI BENIH PERKEBUNAN,36579,KEPALA UPT PENGAWASAN MUTU DAN SERTIFIKASI BENIH PERKEBUNAN,III.a,896,SEKSI SERTIFIKASI BENIH,36581,KEPALA SEKSI SERTIFIKASI BENIH,IV.a,,,,,,,,,,,,,,,,,,,,,,,,,,2,,894,36581,IV.a,1.03E+11,41,KEPALA SEKSI SERTIFIKASI BENIH,SEKSI SERTIFIKASI BENIH,133,JL. R.A. KARTINI NO.25 & 31 PALU,,,,,,1,,,,,
945,49,SEKRETARIAT DAERAH,34461,SEKRETARIS DAERAH,I.b,144,ASISTEN ADMINISTRASI UMUM,33353,ASISTEN ADMINISTRASI UMUM,II.a,145,BIRO ORGANISASI,33354,KEPALA BIRO ORGANISASI,II.b,146,BAGIAN KELEMBAGAAN DAN REFORMASI BIROKRASI,33355,KEPALA BAGIAN KELEMBAGAAN DAN REFORMASI BIROKRASI,III.a,149,SUB BAGIAN REFORMASI BIROKRASI,33358,KEPALA SUB BAGIAN REFORMASI BIROKRASI,,,,,,,,,,,,,,,,,4,,146,33358,,1.00E+11,,KEPALA SUB BAGIAN REFORMASI BIROKRASI,SUB BAGIAN REFORMASI BIROKRASI,,JL. SAM RATULANGI NO.101 PALU,,,,,,1,,,,,
946,10,DINAS PENDIDIKAN,33499,KEPALA DINAS PENDIDIKAN,II.a,494,CABANG DINAS PENDIDIKAN MENENGAH WILAYAH VI TOLITOLI DAN BUOL,33503,KEPALA CABANG DINAS PENDIDIKAN MENENGAH WILAYAH VI TOLITOLI DAN BUOL,III.b,1096,SMA NEGERI 1 OGODEIDE KAB. TOLITOLI,34316,KEPALA SMA NEGERI 1 OGODEIDE KAB. TOLITOLI,,,,,,,,,,,,,,,,,,,,,,,,,,,2,SMA,494,34316,,1.03E+11,,KEPALA SMA NEGERI 1 OGODEIDE KAB. TOLITOLI,SMA NEGERI 1 OGODEIDE KAB. TOLITOLI,,"JL. SETIA BUDI, NO.9 PALU",,,,,,1,,,,,
947,16,DINAS SOSIAL,33907,KEPALA DINAS SOSIAL,II.a,1144,UPT PANTI SOSIAL REHABILITASI SOSIAL PENYANDANG DISABILITAS,40752,KEPALA UPT PANTI SOSIAL REHABILITASI SOSIAL PENYANDANG DISABILITAS,III.b,,,,,,,,,,,,,,,,,,,,,,,,,,,,,,,1,,16,40752,III.b,1.01E+11,32,KEPALA UPT PANTI SOSIAL REHABILITASI SOSIAL PENYANDANG DISABILITAS,UPT PANTI SOSIAL REHABILITASI SOSIAL PENYANDANG DISABILITAS,134,JL. PROF. MOH. YAMIN NO. 15 PALU,,,,,,1,,,,,
948,16,DINAS SOSIAL,33907,KEPALA DINAS SOSIAL,II.a,1144,UPT PANTI SOSIAL REHABILITASI SOSIAL PENYANDANG DISABILITAS,40752,KEPALA UPT PANTI SOSIAL REHABILITASI SOSIAL PENYANDANG DISABILITAS,III.b,1145,SUB BAGIAN TATA USAHA,40753,KEPALA SUB BAGIAN TATA USAHA,IV.a,,,,,,,,,,,,,,,,,,,,,,,,,,2,,1144,40753,IV.a,1.01E+11,41,KEPALA SUB BAGIAN TATA USAHA,SUB BAGIAN TATA USAHA,133,JL. PROF. MOH. YAMIN NO. 15 PALU,,,,,,1,,,,,
949,16,DINAS SOSIAL,33907,KEPALA DINAS SOSIAL,II.a,1144,UPT PANTI SOSIAL REHABILITASI SOSIAL PENYANDANG DISABILITAS,40752,KEPALA UPT PANTI SOSIAL REHABILITASI SOSIAL PENYANDANG DISABILITAS,III.b,1147,SEKSI ADVOKASI DAN PROGRAM SOSIAL,40755,KEPALA SEKSI ADVOKASI DAN PROGRAM SOSIAL,IV.a,,,,,,,,,,,,,,,,,,,,,,,,,,2,,1144,40755,IV.a,1.01E+11,41,KEPALA SEKSI ADVOKASI DAN PROGRAM SOSIAL,SEKSI ADVOKASI DAN PROGRAM SOSIAL,133,JL. PROF. MOH. YAMIN NO. 15 PALU,,,,,,1,,,,,
950,32,DINAS TANAMAN PANGAN DAN HORTIKULTURA,37620,KEPALA DINAS TANAMAN PANGAN DAN HORTIKULTURA,II.a,842,UPTD PROTEKSI TANAMAN PANGAN DAN HORTIKULTURA,37598,KEPALA UPT PROTEKSI TPH,III.b,843,SUB BAGIAN TATA USAHA,37608,KEPALA SUB BAGIAN TATA USAHA,IV.a,,,,,,,,,,,,,,,,,,,,,,,,,,2,,842,37608,IV.a,1.03E+11,41,KEPALA SUB BAGIAN TATA USAHA,SUB BAGIAN TATA USAHA,133,JL. R.A. KARTINI NO. 80 PALU,,,,,,1,,,,,
951,17,DINAS TENAGA KERJA DAN TRANSMIGRASI,34947,KEPALA DINAS TENAGA KERJA DAN TRANSMIGRASI,II.a,710,BIDANG PEMBINAAN HUBUNGAN INDUSTRIAL DAN PENGAWASAN KETENAGAKERJAAN,34975,KEPALA BIDANG PEMBINAAN HUBUNGAN INDUSTRIAL DAN PENGAWASAN KETENAGAKERJAAN,III.a,,,,,,,,,,,,,,,,,,,,,,,,,,,,,,,1,,17,34975,III.a,1.01E+11,31,KEPALA BIDANG PEMBINAAN HUBUNGAN INDUSTRIAL DAN PENGAWASAN KETENAGAKERJAAN,BIDANG PEMBINAAN HUBUNGAN INDUSTRIAL DAN PENGAWASAN KETENAGAKERJAAN,141,JL. R.A. KARTINI NO. 98 PALU,,,,,,1,,,,,
952,10,DINAS PENDIDIKAN,33499,KEPALA DINAS PENDIDIKAN,II.a,494,CABANG DINAS PENDIDIKAN MENENGAH WILAYAH VI TOLITOLI DAN BUOL,33503,KEPALA CABANG DINAS PENDIDIKAN MENENGAH WILAYAH VI TOLITOLI DAN BUOL,III.b,1115,SMA NEGERI 1 BUNOBOGU KAB. BUOL,34351,KEPALA SMA NEGERI 1 BUNOBOGU KAB. BUOL,,,,,,,,,,,,,,,,,,,,,,,,,,,2,SMA,494,34351,,1.03E+11,,KEPALA SMA NEGERI 1 BUNOBOGU KAB. BUOL,SMA NEGERI 1 BUNOBOGU KAB. BUOL,,"JL. SETIA BUDI, NO.9 PALU",,,,,,1,,,,,
953,10,DINAS PENDIDIKAN,33499,KEPALA DINAS PENDIDIKAN,II.a,494,CABANG DINAS PENDIDIKAN MENENGAH WILAYAH VI TOLITOLI DAN BUOL,33503,KEPALA CABANG DINAS PENDIDIKAN MENENGAH WILAYAH VI TOLITOLI DAN BUOL,III.b,1108,SMK NEGERI 1 DAMPAL SELATAN KAB. TOLITOLI,,,,,,,,,,,,,,,,,,,,,,,,,,,,,2,SMK,494,,,1.03E+11,,,SMK NEGERI 1 DAMPAL SELATAN KAB. TOLITOLI,,"JL. SETIA BUDI, NO.9 PALU",,,,,,0,,,,,
954,17,DINAS TENAGA KERJA DAN TRANSMIGRASI,34947,KEPALA DINAS TENAGA KERJA DAN TRANSMIGRASI,II.a,713,BIDANG PERENCANAAN KAWASAN TRANSMIGRASI,34987,KEPALA BIDANG PERENCANAAN KAWASAN TRANSMIGRASI,III.a,,,,,,,,,,,,,,,,,,,,,,,,,,,,,,,1,,17,34987,III.a,1.01E+11,31,KEPALA BIDANG PERENCANAAN KAWASAN TRANSMIGRASI,BIDANG PERENCANAAN KAWASAN TRANSMIGRASI,141,JL. R.A. KARTINI NO. 98 PALU,,,,,,1,,,,,
955,10,DINAS PENDIDIKAN,33499,KEPALA DINAS PENDIDIKAN,II.a,489,"CABANG DINAS PENDIDIKAN MENENGAH WILAYAH V KAB.BANGGAI, KAB. BANGGAI KEPULAUAN DAN KAB. BANGGAI LAUT",33502,"KEPALA CABANG DINAS PENDIDIKAN MENENGAH WILAYAH V KAB.BANGGAI, KAB. BANGGAI KEPULAUAN DAN KAB. BANGGAI LAUT",III.b,1075,SMA NEGERI 1 BULAGI SELATAN KAB. BANGGAI KEPULAUAN,34249,KEPALA SMA NEGERI 1 BULAGI SELATAN KAB. BANGGAI KEPULAUAN,,,,,,,,,,,,,,,,,,,,,,,,,,,2,SMA,489,34249,,1.03E+11,,KEPALA SMA NEGERI 1 BULAGI SELATAN KAB. BANGGAI KEPULAUAN,SMA NEGERI 1 BULAGI SELATAN KAB. BANGGAI KEPULAUAN,,"JL. SETIA BUDI, NO.9 PALU",,,,,,1,,,,,
956,17,DINAS TENAGA KERJA DAN TRANSMIGRASI,34947,KEPALA DINAS TENAGA KERJA DAN TRANSMIGRASI,II.a,713,BIDANG PERENCANAAN KAWASAN TRANSMIGRASI,34987,KEPALA BIDANG PERENCANAAN KAWASAN TRANSMIGRASI,III.a,714,SEKSI PEMBINAAN POTENSI KAWASAN TRANSMIGRASI,34991,KEPALA SEKSI PEMBINAAN POTENSI KAWASAN TRANSMIGRASI,,,,,,,,,,,,,,,,,,,,,,,,,,,2,,713,34991,,1.01E+11,,KEPALA SEKSI PEMBINAAN POTENSI KAWASAN TRANSMIGRASI,SEKSI PEMBINAAN POTENSI KAWASAN TRANSMIGRASI,,JL. R.A. KARTINI NO. 98 PALU,,,,,,1,,,,,
957,12,DINAS KESEHATAN,34343,KEPALA DINAS KESEHATAN,II.a,757,BIDANG PENCEGAHAN DAN PENGENDALIAN PENYAKIT,34359,KEPALA BIDANG PENCEGAHAN DAN PENGENDALIAN PENYAKIT,III.a,,,,,,,,,,,,,,,,,,,,,,,,,,,,,,,1,,12,34359,III.a,1.00E+11,31,KEPALA BIDANG PENCEGAHAN DAN PENGENDALIAN PENYAKIT,BIDANG PENCEGAHAN DAN PENGENDALIAN PENYAKIT,141,"JL. R.A. KARTINI, NO.11 PALU",,,,,,1,,,,,
958,10,DINAS PENDIDIKAN,33499,KEPALA DINAS PENDIDIKAN,II.a,494,CABANG DINAS PENDIDIKAN MENENGAH WILAYAH VI TOLITOLI DAN BUOL,33503,KEPALA CABANG DINAS PENDIDIKAN MENENGAH WILAYAH VI TOLITOLI DAN BUOL,III.b,1106,SMK NEGERI 1 GALANG KAB. TOLITOLI,34338,KEPALA SMK NEGERI 1 GALANG KAB. TOLITOLI,,,,,,,,,,,,,,,,,,,,,,,,,,,2,SMK,494,34338,,1.03E+11,,KEPALA SMK NEGERI 1 GALANG KAB. TOLITOLI,SMK NEGERI 1 GALANG KAB. TOLITOLI,,"JL. SETIA BUDI, NO.9 PALU",,,,,,1,,,,,
959,6,BADAN PENGEMBANGAN SUMBER DAYA MANUSIA,33558,KEPALA BADAN PENGEMBANGAN SUMBER DAYA MANUSIA,II.a,207,SEKRETARIAT,33562,SEKRETARIS,III.a,209,SUB BAGIAN KEPEGAWAIAN DAN UMUM,33564,KEPALA SUB BAGIAN KEPEGAWAIAN DAN UMUM,IV.a,,,,,,,,,,,,,,,,,,,,,,,,,,2,,207,33564,IV.a,1.03E+11,41,KEPALA SUB BAGIAN KEPEGAWAIAN DAN UMUM,SUB BAGIAN KEPEGAWAIAN DAN UMUM,133,"JL. S. PARMAN, BESUSU TENGAH PALU",,,,,,1,,,,,
960,10,DINAS PENDIDIKAN,33499,KEPALA DINAS PENDIDIKAN,II.a,487,CABANG DINAS PENDIDIKAN MENENGAH WILAYAH IV KAB. MOROWALI DAN KAB. MOROWALI UTARA,33501,KEPALA CABANG DINAS PENDIDIKAN MENENGAH WILAYAH IV KAB. MOROWALI DAN KAB. MOROWALI UTARA,III.b,946,SMK NEGERI 2 BUNGKU BARAT KAB. MOROWALI,34152,KEPALA SMK NEGERI 2 BUNGKU BARAT KAB. MOROWALI,,,,,,,,,,,,,,,,,,,,,,,,,,,2,SMK,487,34152,,1.03E+11,,KEPALA SMK NEGERI 2 BUNGKU BARAT KAB. MOROWALI,SMK NEGERI 2 BUNGKU BARAT KAB. MOROWALI,,"JL. SETIA BUDI, NO.9 PALU",,,,,,1,,,,,
961,10,DINAS PENDIDIKAN,33499,KEPALA DINAS PENDIDIKAN,II.a,494,CABANG DINAS PENDIDIKAN MENENGAH WILAYAH VI TOLITOLI DAN BUOL,33503,KEPALA CABANG DINAS PENDIDIKAN MENENGAH WILAYAH VI TOLITOLI DAN BUOL,III.b,1122,SMK NEGERI 1 BIAU KAB. BUOL,34365,KEPALA SMK NEGERI 1 BIAU KAB. BUOL,,,,,,,,,,,,,,,,,,,,,,,,,,,2,SMK,494,34365,,1.03E+11,,KEPALA SMK NEGERI 1 BIAU KAB. BUOL,SMK NEGERI 1 BIAU KAB. BUOL,,"JL. SETIA BUDI, NO.9 PALU",,,,,,1,,,,,
962,17,DINAS TENAGA KERJA DAN TRANSMIGRASI,34947,KEPALA DINAS TENAGA KERJA DAN TRANSMIGRASI,II.a,716,BIDANG PEMBANGUNAN KAWASAN TRANSMIGRASI DAN PENATAAN PERSEBARAN PENDUDUK,34999,KEPALA BIDANG PEMBANGUNAN KAWASAN TRANSMIGRASI DAN PENATAAN PERSEBARAN PENDUDUK,III.a,718,SEKSI PENATAAN PERSEBARAN PENDUDUK,35009,KEPALA SEKSI PENATAAN PERSEBARAN PENDUDUK,IV.a,,,,,,,,,,,,,,,,,,,,,,,,,,2,,716,35009,IV.a,1.01E+11,41,KEPALA SEKSI PENATAAN PERSEBARAN PENDUDUK,SEKSI PENATAAN PERSEBARAN PENDUDUK,133,JL. R.A. KARTINI NO. 98 PALU,,,,,,1,,,,,
963,33,DINAS PERKEBUNAN DAN PETERNAKAN,37689,KEPALA DINAS PERKEBUNAN DAN PETERNAKAN,II.a,921,UPT PROTEKSI TANAMAN PERKEBUNAN,36575,KEPALA UPT PROTEKSI TANAMAN PERKEBUNAN,III.b,922,SEKSI PENERAPAN TEKNOLOGI OPT,36576,KEPALA SEKSI PENERAPAN TEKNOLOGI OPT,IV.a,,,,,,,,,,,,,,,,,,,,,,,,,,2,,921,36576,IV.a,1.03E+11,41,KEPALA SEKSI PENERAPAN TEKNOLOGI OPT,SEKSI PENERAPAN TEKNOLOGI OPT,133,JL. R.A. KARTINI NO.25 & 31 PALU,,,,,,1,,,,,
964,17,DINAS TENAGA KERJA DAN TRANSMIGRASI,34947,KEPALA DINAS TENAGA KERJA DAN TRANSMIGRASI,II.a,730,UPT PENGAWASAN KETENAGA KERJAAN WILAYAH II,35292,KEPALA UPT PENGAWASAN KETENAGA KERJAAN WILAYAH II,III.a,732,SEKSI PENGAWASAN NORMA KERJA,35297,KEPALA SEKSI PENGAWASAN NORMA KERJA,IV.a,,,,,,,,,,,,,,,,,,,,,,,,,,2,,730,35297,IV.a,1.01E+11,41,KEPALA SEKSI PENGAWASAN NORMA KERJA,SEKSI PENGAWASAN NORMA KERJA,133,JL. R.A. KARTINI NO. 98 PALU,,,,,,1,,,,,
965,9,BADAN PENGHUBUNG,34016,SEKRETARIS DEWAN PERWAKILAN RAKYAT DAERAH,II.a,267,SUB BIDANG KOORDINASI URUSAN PEMERINTAHAN DAN PEMBANGUNAN,33566,KEPALA SUB BIDANG KOORDINASI URUSAN PEMERINTAHAN DAN PEMBANGUNAN,IV.a,,,,,,,,,,,,,,,,,,,,,,,,,,,,,,,1,,9,33566,IV.a,1.04E+11,41,KEPALA SUB BIDANG KOORDINASI URUSAN PEMERINTAHAN DAN PEMBANGUNAN,SUB BIDANG KOORDINASI URUSAN PEMERINTAHAN DAN PEMBANGUNAN,133,JL. BELAWAN NO. 15 JAKARTA,,,,,,1,,,,,
966,47,SATUAN POLISI PAMONG PRAJA,33981,KEPALA SATUAN POLISI PAMONG PRAJA,II.a,241,SEKRETARIAT,33982,SEKRETARIS,III.a,243,SUB BAGIAN KEUANGAN DAN ASET,33984,KEPALA SUB BAGIAN KEUANGAN DAN ASET,IV.a,,,,,,,,,,,,,,,,,,,,,,,,,,2,,241,33984,IV.a,1.04E+11,41,KEPALA SUB BAGIAN KEUANGAN DAN ASET,SUB BAGIAN KEUANGAN DAN ASET,133,JL. PRAMUKA NO.21 PALU,,,,,,1,,,,,
967,32,DINAS TANAMAN PANGAN DAN HORTIKULTURA,37620,KEPALA DINAS TANAMAN PANGAN DAN HORTIKULTURA,II.a,842,UPTD PROTEKSI TANAMAN PANGAN DAN HORTIKULTURA,37598,KEPALA UPT PROTEKSI TPH,III.b,845,SEKSI PROTEKSI TANAMAN HOLTIKULTURA,37617,KEPALA SEKSI PROTEKSI TANAMAN HOLTIKULTURA,IV.a,,,,,,,,,,,,,,,,,,,,,,,,,,2,,842,37617,IV.a,1.03E+11,41,KEPALA SEKSI PROTEKSI TANAMAN HOLTIKULTURA,SEKSI PROTEKSI TANAMAN HOLTIKULTURA,133,JL. R.A. KARTINI NO. 80 PALU,,,,,,1,,,,,
968,10,DINAS PENDIDIKAN,33499,KEPALA DINAS PENDIDIKAN,II.a,494,CABANG DINAS PENDIDIKAN MENENGAH WILAYAH VI TOLITOLI DAN BUOL,33503,KEPALA CABANG DINAS PENDIDIKAN MENENGAH WILAYAH VI TOLITOLI DAN BUOL,III.b,1105,SMK NEGERI 2 TOLITOLI KAB. TOLITOLI,34337,KEPALA SMK NEGERI 2 TOLITOLI KAB. TOLITOLI,,,,,,,,,,,,,,,,,,,,,,,,,,,2,SMK,494,34337,,1.03E+11,,KEPALA SMK NEGERI 2 TOLITOLI KAB. TOLITOLI,SMK NEGERI 2 TOLITOLI KAB. TOLITOLI,,"JL. SETIA BUDI, NO.9 PALU",,,,,,1,,,,,
969,49,SEKRETARIAT DAERAH,34461,SEKRETARIS DAERAH,I.b,72,ASISTEN PEREKONOMIAN DAN PEMBANGUNAN,39771,ASISTEN PEREKONOMIAN DAN PEMBANGUNAN,II.a,118,BIRO PENGADAAN BARANG/JASA,38323,KEPALA BIRO PENGADAAN BARANG/JASA,II.b,127,BAGIAN PEMBINAAN DAN ADVOKASI PENGADAAN BARANG/JASA,38482,KEPALA BAGIAN PEMBINAAN DAN ADVOKASI PENGADAAN BARANG/JASA,III.a,130,SUB BAGIAN PENDAMPINGAN KONSULTASI DAN/ATAU BIMBINGAN TEKNIS PENGADAAN BARANG/JASA,38499,KEPALA SUB BAGIAN PENDAMPINGAN KONSULTASI DAN/ATAU BIMBINGAN TEKNIS PENGADAAN BARANG/JASA,IV.a,,,,,,,,,,,,,,,,4,,127,38499,IV.a,1.00E+11,41,KEPALA SUB BAGIAN PENDAMPINGAN KONSULTASI DAN/ATAU BIMBINGAN TEKNIS PENGADAAN BARANG/JASA,SUB BAGIAN PENDAMPINGAN KONSULTASI DAN/ATAU BIMBINGAN TEKNIS PENGADAAN BARANG/JASA,133,JL. SAM RATULANGI NO.101 PALU,,,,,,1,,,,,
970,17,DINAS TENAGA KERJA DAN TRANSMIGRASI,34947,KEPALA DINAS TENAGA KERJA DAN TRANSMIGRASI,II.a,726,UPT PENGAWASAN KETENAGAKERJAAN WILAYAH I,35271,KEPALA UPT PENGAWASAN KETENAGAKERJAAN WILAYAH I,III.a,729,SUB PENGAWASAN NORMA KERJA K3,35288,KEPALA SUB PENGAWASAN NORMA KERJA K3,IV.a,,,,,,,,,,,,,,,,,,,,,,,,,,2,,726,35288,IV.a,1.01E+11,41,KEPALA SUB PENGAWASAN NORMA KERJA K3,SUB PENGAWASAN NORMA KERJA K3,133,JL. R.A. KARTINI NO. 98 PALU,,,,,,1,,,,,
971,30,DINAS PERPUSTAKAAN DAN KEARSIPAN DAERAH,33886,KEPALA DINAS PERPUSTAKAAN DAN KEARSIPAN DAERAH,II.a,694,SEKRETARIAT,33887,SEKRETARIS,III.a,697,SUB BAGIAN KEPEGAWAIAN DAN UMUM,33890,KEPALA SUB BAGIAN KEPEGAWAIAN DAN UMUM,IV.a,,,,,,,,,,,,,,,,,,,,,,,,,,2,,694,33890,IV.a,1.02E+11,41,KEPALA SUB BAGIAN KEPEGAWAIAN DAN UMUM,SUB BAGIAN KEPEGAWAIAN DAN UMUM,133,JL. BANTENG NO. 6 PALU,,,,,,1,,,,,
972,10,DINAS PENDIDIKAN,33499,KEPALA DINAS PENDIDIKAN,II.a,489,"CABANG DINAS PENDIDIKAN MENENGAH WILAYAH V KAB.BANGGAI, KAB. BANGGAI KEPULAUAN DAN KAB. BANGGAI LAUT",33502,"KEPALA CABANG DINAS PENDIDIKAN MENENGAH WILAYAH V KAB.BANGGAI, KAB. BANGGAI KEPULAUAN DAN KAB. BANGGAI LAUT",III.b,13,SMA NEGERI 1 MASAMA KAB. BANGGAI,34189,KEPALA SMA NEGERI 1 MASAMA KAB. BANGGAI,,,,,,,,,,,,,,,,,,,,,,,,,,,2,SMA,489,34189,,1.03E+11,,KEPALA SMA NEGERI 1 MASAMA KAB. BANGGAI,SMA NEGERI 1 MASAMA KAB. BANGGAI,,"JL. SETIA BUDI, NO.9 PALU",,,,,,1,,,,,
973,21,DINAS LINGKUNGAN HIDUP,34084,KEPALA DINAS LINGKUNGAN HIDUP,II.a,288,SEKRETARIAT,34090,SEKRETARIS,III.a,290,SUB BAGIAN KEPEGAWAIAN DAN UMUM,34092,KEPALA SUB BAGIAN KEPEGAWAIAN DAN UMUM,IV.a,,,,,,,,,,,,,,,,,,,,,,,,,,2,,288,34092,IV.a,1.01E+11,41,KEPALA SUB BAGIAN KEPEGAWAIAN DAN UMUM,SUB BAGIAN KEPEGAWAIAN DAN UMUM,133,JL. UNDATA NO.35 PALU,,,,,,1,,,,,
974,32,DINAS TANAMAN PANGAN DAN HORTIKULTURA,37620,KEPALA DINAS TANAMAN PANGAN DAN HORTIKULTURA,II.a,832,BIDANG HOLTIKULTURA,37592,KEPALA BIDANG HORTIKULTURA,III.a,,,,,,,,,,,,,,,,,,,,,,,,,,,,,,,1,,32,37592,III.a,1.03E+11,31,KEPALA BIDANG HORTIKULTURA,BIDANG HOLTIKULTURA,141,JL. R.A. KARTINI NO. 80 PALU,,,,,,1,,,,,
975,10,DINAS PENDIDIKAN,33499,KEPALA DINAS PENDIDIKAN,II.a,494,CABANG DINAS PENDIDIKAN MENENGAH WILAYAH VI TOLITOLI DAN BUOL,33503,KEPALA CABANG DINAS PENDIDIKAN MENENGAH WILAYAH VI TOLITOLI DAN BUOL,III.b,1123,SMK NEGERI 2 BIAU KAB. BUOL,34366,KEPALA SMK NEGERI 2 BIAU KAB. BUOL,,,,,,,,,,,,,,,,,,,,,,,,,,,2,SMK,494,34366,,1.03E+11,,KEPALA SMK NEGERI 2 BIAU KAB. BUOL,SMK NEGERI 2 BIAU KAB. BUOL,,"JL. SETIA BUDI, NO.9 PALU",,,,,,1,,,,,
976,33,DINAS PERKEBUNAN DAN PETERNAKAN,37689,KEPALA DINAS PERKEBUNAN DAN PETERNAKAN,II.a,921,UPT PROTEKSI TANAMAN PERKEBUNAN,36575,KEPALA UPT PROTEKSI TANAMAN PERKEBUNAN,III.b,923,SEKSI PENGEMBANGAN TEKNOLOGI PENGENDALIAN OPT,36577,KEPALA SEKSI PENGEMBANGAN TEKNOLOGI PENGENDALIAN OPT,IV.a,,,,,,,,,,,,,,,,,,,,,,,,,,2,,921,36577,IV.a,1.03E+11,41,KEPALA SEKSI PENGEMBANGAN TEKNOLOGI PENGENDALIAN OPT,SEKSI PENGEMBANGAN TEKNOLOGI PENGENDALIAN OPT,133,JL. R.A. KARTINI NO.25 & 31 PALU,,,,,,1,,,,,
977,16,DINAS SOSIAL,33907,KEPALA DINAS SOSIAL,II.a,1144,UPT PANTI SOSIAL REHABILITASI SOSIAL PENYANDANG DISABILITAS,40752,KEPALA UPT PANTI SOSIAL REHABILITASI SOSIAL PENYANDANG DISABILITAS,III.b,1146,SEKSI PELAYANAN SOSIAL REHABILITASI SOSIAL PENYANDANG DISABILITAS,40754,KEPALA SEKSI PELAYANAN SOSIAL REHABILITASI SOSIAL PENYANDANG DISABILITAS,IV.a,,,,,,,,,,,,,,,,,,,,,,,,,,2,,1144,40754,IV.a,1.01E+11,41,KEPALA SEKSI PELAYANAN SOSIAL REHABILITASI SOSIAL PENYANDANG DISABILITAS,SEKSI PELAYANAN SOSIAL REHABILITASI SOSIAL PENYANDANG DISABILITAS,133,JL. PROF. MOH. YAMIN NO. 15 PALU,,,,,,1,,,,,
978,3,BADAN PENDAPATAN DAERAH,33784,KEPALA BADAN PENDAPATAN DAERAH,II.a,337,UPTD BADAN PENDAPATAN WILAYAH VII,33850,KEPALA UPTD BADAN PENDAPATAN WILAYAH VII,III.b,339,SEKSI PELAYANAN PAJAK KENDARAAN BERMOTOR DAN BEA BALIK NAMA KENDARAAN BERMOTOR,33852,KEPALA SEKSI PELAYANAN PAJAK KENDARAAN BERMOTOR DAN BEA BALIK NAMA KENDARAAN BERMOTOR,IV.a,,,,,,,,,,,,,,,,,,,,,,,,,,2,,337,33852,IV.a,1.03E+11,41,KEPALA SEKSI PELAYANAN PAJAK KENDARAAN BERMOTOR DAN BEA BALIK NAMA KENDARAAN BERMOTOR,SEKSI PELAYANAN PAJAK KENDARAAN BERMOTOR DAN BEA BALIK NAMA KENDARAAN BERMOTOR,133,JL. PROF. DR. MOH. YAMIN NO. 34 PALU,,,,,,1,,,,,
979,17,DINAS TENAGA KERJA DAN TRANSMIGRASI,34947,KEPALA DINAS TENAGA KERJA DAN TRANSMIGRASI,II.a,730,UPT PENGAWASAN KETENAGA KERJAAN WILAYAH II,35292,KEPALA UPT PENGAWASAN KETENAGA KERJAAN WILAYAH II,III.a,,,,,,,,,,,,,,,,,,,,,,,,,,,,,,,1,UPTD Tipe A,17,35292,III.a,1.01E+11,31,KEPALA UPT PENGAWASAN KETENAGA KERJAAN WILAYAH II,UPT PENGAWASAN KETENAGA KERJAAN WILAYAH II,141,JL. R.A. KARTINI NO. 98 PALU,,,,,,1,,,,,
980,47,SATUAN POLISI PAMONG PRAJA,33981,KEPALA SATUAN POLISI PAMONG PRAJA,II.a,248,BIDANG KETERTIBAN UMUM DAN KETENTERAMAN,33989,KEPALA BIDANG KETERTIBAN UMUM DAN KETENTERAMAN,III.a,250,SEKSI KETERTIBAN UMUM,33991,KEPALA SEKSI KETERTIBAN UMUM,IV.a,,,,,,,,,,,,,,,,,,,,,,,,,,2,,248,33991,IV.a,1.04E+11,41,KEPALA SEKSI KETERTIBAN UMUM,SEKSI KETERTIBAN UMUM,133,JL. PRAMUKA NO.21 PALU,,,,,,1,,,,,
981,17,DINAS TENAGA KERJA DAN TRANSMIGRASI,34947,KEPALA DINAS TENAGA KERJA DAN TRANSMIGRASI,II.a,719,"BIDANG PENGEMBANGAN KAWASAN TRANSMIGRASI, DAERAH TERTINGGAL DAN DAERAH TERTENTU",35022,"KEPALA BIDANG PENGEMBANGAN KAWASAN TRANSMIGRASI, DAERAH TERTINGGAL DAN DAERAH TERTENTU",III.a,,,,,,,,,,,,,,,,,,,,,,,,,,,,,,,1,,17,35022,III.a,1.01E+11,31,"KEPALA BIDANG PENGEMBANGAN KAWASAN TRANSMIGRASI, DAERAH TERTINGGAL DAN DAERAH TERTENTU","BIDANG PENGEMBANGAN KAWASAN TRANSMIGRASI, DAERAH TERTINGGAL DAN DAERAH TERTENTU",141,JL. R.A. KARTINI NO. 98 PALU,,,,,,1,,,,,
982,14,DINAS CIPTA KARYA DAN SUMBER DAYA AIR,33805,KEPALA DINAS CIPTA KARYA DAN SUMBER DAYA AIR,II.a,666,SEKRETARIAT,33806,SEKRETARIS,III.a,669,SUB BAGIAN KEPEGAWAIAN DAN UMUM,33809,KEPALA SUB BAGIAN KEPEGAWAIAN DAN UMUM,IV.a,,,,,,,,,,,,,,,,,,,,,,,,,,2,,666,33809,IV.a,1.01E+11,41,KEPALA SUB BAGIAN KEPEGAWAIAN DAN UMUM,SUB BAGIAN KEPEGAWAIAN DAN UMUM,133,JL. PROF. MOH. YAMIN NO.33 PALU,,,,,,1,,,,,
983,3,BADAN PENDAPATAN DAERAH,33784,KEPALA BADAN PENDAPATAN DAERAH,II.a,1148,UPTD BADAN PENDAPATAN WILAYAH XII,40770,KEPALA UPTD BADAN PENDAPATAN WILAYAH XII,III.b,,,,,,,,,,,,,,,,,,,,,,,,,,,,,,,1,,3,40770,III.b,1.03E+11,32,KEPALA UPTD BADAN PENDAPATAN WILAYAH XII,UPTD BADAN PENDAPATAN WILAYAH XII,134,JL. PROF. DR. MOH. YAMIN NO. 34 PALU,,,,,,1,,,,,
984,3,BADAN PENDAPATAN DAERAH,33784,KEPALA BADAN PENDAPATAN DAERAH,II.a,1148,UPTD BADAN PENDAPATAN WILAYAH XII,40770,KEPALA UPTD BADAN PENDAPATAN WILAYAH XII,III.b,1150,SUB BAGIAN TATA USAHA,40771,KEPALA SUB BAGIAN TATA USAHA,IV.a,,,,,,,,,,,,,,,,,,,,,,,,,,2,,1148,40771,IV.a,1.03E+11,41,KEPALA SUB BAGIAN TATA USAHA,SUB BAGIAN TATA USAHA,133,JL. PROF. DR. MOH. YAMIN NO. 34 PALU,,,,,,1,,,,,
985,11,DINAS KEBUDAYAAN,33578,KEPALA DINAS KEBUDAYAAN,II.a,202,BIDANG PEMANFAATAN DAN PENGEMBANGAN KEBUDAYAAN,33583,KEPALA BIDANG PEMANFAATAN DAN PENGEMBANGAN KEBUDAYAAN,III.a,,,,,,,,,,,,,,,,,,,,,,,,,,,,,,,1,,11,33583,III.a,1.03E+11,31,KEPALA BIDANG PEMANFAATAN DAN PENGEMBANGAN KEBUDAYAAN,BIDANG PEMANFAATAN DAN PENGEMBANGAN KEBUDAYAAN,141,JL. KEMIRI NO. 23 PALU,,,,,,1,,,,,
987,3,BADAN PENDAPATAN DAERAH,33784,KEPALA BADAN PENDAPATAN DAERAH,II.a,,,,,,,,,,,,,,,,,,,,,,,,,,,,,,,,,,,,0,,,33784,II.a,3,21,KEPALA BADAN PENDAPATAN DAERAH,BADAN PENDAPATAN DAERAH,143,JL. PROF. DR. MOH. YAMIN NO. 34 PALU,,,,,,1,,,,,
988,31,DINAS KELAUTAN DAN PERIKANAN,34250,KEPALA DINAS KELAUTAN DAN PERIKANAN,II.a,791,UPTD PENERAPAN MUTU HASIL PERIKANAN,34279,KEPALA UPTD PENERAPAN MUTU HASIL PERIKANAN,III.b,794,SEKSI PENERAPAN MUTU,34283,KEPALA SEKSI PENERAPAN MUTU,IV.a,,,,,,,,,,,,,,,,,,,,,,,,,,2,,791,34283,IV.a,1.02E+11,41,KEPALA SEKSI PENERAPAN MUTU,SEKSI PENERAPAN MUTU,133,JL. UNDATA NO.7 PALU,,,,,,1,,,,,
989,2001,BADAN KEPEGAWAIAN DAERAH,33310,KEPALA BADAN KEPEGAWAIAN DAERAH,II.a,,,,,,,,,,,,,,,,,,,,,,,,,,,,,,,,,,,,0,,,33310,II.a,5,21,KEPALA BADAN KEPEGAWAIAN DAERAH,BADAN KEPEGAWAIAN DAERAH,143,"JL. DR. SAM RATULANGI, NO. 63, PALU",,,,,,1,,,,,
990,7,BADAN RISET DAN INOVASI DAERAH,33447,KEPALA BADAN RISET DAN INOVASI DAERAH,II.a,265,BIDANG SDM DAN INFRASTRUKTUR DAERAH,33449,KEPALA BIDANG SDM DAN INFRASTRUKTUR DAERAH,III.a,,,,,,,,,,,,,,,,,,,,,,,,,,,,,,,1,,7,33449,III.a,1.04E+11,31,KEPALA BIDANG SDM DAN INFRASTRUKTUR DAERAH,BIDANG SDM DAN INFRASTRUKTUR DAERAH,141,"JL. GARUDA, NO 30 A PALU",,,,,,1,,,,,
991,47,SATUAN POLISI PAMONG PRAJA,33981,KEPALA SATUAN POLISI PAMONG PRAJA,II.a,248,BIDANG KETERTIBAN UMUM DAN KETENTERAMAN,33989,KEPALA BIDANG KETERTIBAN UMUM DAN KETENTERAMAN,III.a,249,SEKSI OPSDAL,33990,KEPALA SEKSI OPSDAL,IV.a,,,,,,,,,,,,,,,,,,,,,,,,,,2,,248,33990,IV.a,1.04E+11,41,KEPALA SEKSI OPSDAL,SEKSI OPSDAL,133,JL. PRAMUKA NO.21 PALU,,,,,,1,,,,,
992,47,SATUAN POLISI PAMONG PRAJA,33981,KEPALA SATUAN POLISI PAMONG PRAJA,II.a,254,BIDANG PERLINDUNGAN MASYARAKAT,33995,KEPALA BIDANG PERLINDUNGAN MASYARAKAT,III.a,256,SEKSI PELATIHAN DAN MOBILISASI,33997,KEPALA SEKSI PELATIHAN DAN MOBILISASI,IV.a,,,,,,,,,,,,,,,,,,,,,,,,,,2,,254,33997,IV.a,1.04E+11,41,KEPALA SEKSI PELATIHAN DAN MOBILISASI,SEKSI PELATIHAN DAN MOBILISASI,133,JL. PRAMUKA NO.21 PALU,,,,,,1,,,,,
993,7,BADAN RISET DAN INOVASI DAERAH,33447,KEPALA BADAN RISET DAN INOVASI DAERAH,II.a,266,"BIDANG RISET, INOVASI DAN TEKNOLOGI DAERAH",33448,"KEPALA BIDANG RISET, INOVASI DAN TEKNOLOGI DAERAH",III.a,,,,,,,,,,,,,,,,,,,,,,,,,,,,,,,1,,7,33448,III.a,1.04E+11,31,"KEPALA BIDANG RISET, INOVASI DAN TEKNOLOGI DAERAH","BIDANG RISET, INOVASI DAN TEKNOLOGI DAERAH",141,"JL. GARUDA, NO 30 A PALU",,,,,,1,,,,,
994,3,BADAN PENDAPATAN DAERAH,33784,KEPALA BADAN PENDAPATAN DAERAH,II.a,1148,UPTD BADAN PENDAPATAN WILAYAH XII,40770,KEPALA UPTD BADAN PENDAPATAN WILAYAH XII,III.b,1152,SEKSI PELAYANAN PAJAK KENDARAAN BERMOTOR DAN BEA BALIK NAMA KENDARAAN BERMOTOR,40773,KEPALA SEKSI PELAYANAN PAJAK KENDARAAN BERMOTOR DAN BEA BALIK NAMA KENDARAAN BERMOTOR,IV.a,,,,,,,,,,,,,,,,,,,,,,,,,,2,,1148,40773,IV.a,1.03E+11,41,KEPALA SEKSI PELAYANAN PAJAK KENDARAAN BERMOTOR DAN BEA BALIK NAMA KENDARAAN BERMOTOR,SEKSI PELAYANAN PAJAK KENDARAAN BERMOTOR DAN BEA BALIK NAMA KENDARAAN BERMOTOR,133,JL. PROF. DR. MOH. YAMIN NO. 34 PALU,,,,,,1,,,,,
995,3,BADAN PENDAPATAN DAERAH,33784,KEPALA BADAN PENDAPATAN DAERAH,II.a,299,SEKRETARIAT,33786,SEKRETARIS,III.a,300,SUB BAGIAN KEPEGAWAIAN DAN UMUM,33788,KEPALA SUB BAGIAN KEPEGAWAIAN DAN UMUM,IV.a,,,,,,,,,,,,,,,,,,,,,,,,,,2,,299,33788,IV.a,1.03E+11,41,KEPALA SUB BAGIAN KEPEGAWAIAN DAN UMUM,SUB BAGIAN KEPEGAWAIAN DAN UMUM,133,JL. PROF. DR. MOH. YAMIN NO. 34 PALU,,,,,,1,,,,,
996,3,BADAN PENDAPATAN DAERAH,33784,KEPALA BADAN PENDAPATAN DAERAH,II.a,1148,UPTD BADAN PENDAPATAN WILAYAH XII,40770,KEPALA UPTD BADAN PENDAPATAN WILAYAH XII,III.b,1151,SEKSI PENETAPAN DAN PENAGIHAN,40772,KEPALA SEKSI PENETAPAN DAN PENAGIHAN,IV.a,,,,,,,,,,,,,,,,,,,,,,,,,,2,,1148,40772,IV.a,1.03E+11,41,KEPALA SEKSI PENETAPAN DAN PENAGIHAN,SEKSI PENETAPAN DAN PENAGIHAN,133,JL. PROF. DR. MOH. YAMIN NO. 34 PALU,,,,,,0,,,,,
997,31,DINAS KELAUTAN DAN PERIKANAN,34250,KEPALA DINAS KELAUTAN DAN PERIKANAN,II.a,780,SEKRETARIAT,34253,SEKRETARIS,III.a,,,,,,,,,,,,,,,,,,,,,,,,,,,,,,,1,,31,34253,III.a,1.02E+11,31,SEKRETARIS,SEKRETARIAT,141,JL. UNDATA NO.7 PALU,,,,,,1,,,,,
998,27,DINAS KOPERASI USAHA KECIL DAN MENENGAH,34231,KEPALA DINAS KOPERASI USAHA KECIL DAN MENENGAH,II.a,911,"UPTD PELATIHAN KOPERASI, USAHA KECIL DAN MENENGAH",34239,"KEPALA UPT PELATIHAN KOPERASI, USAHA KECIL DAN MENENGAH",III.b,914,SEKSI PENYELENGGARAAN PELATIHAN,34243,KEPALA SEKSI PENYELENGGARAAN PELATIHAN,IV.a,,,,,,,,,,,,,,,,,,,,,,,,,,2,,911,34243,IV.a,1.02E+11,41,KEPALA SEKSI PENYELENGGARAAN PELATIHAN,SEKSI PENYELENGGARAAN PELATIHAN,133,JL. KARTINI NO.17 PALU,,,,,,1,,,,,
999,3,BADAN PENDAPATAN DAERAH,33784,KEPALA BADAN PENDAPATAN DAERAH,II.a,317,UPTD BADAN PENDAPATAN WILAYAH II,33824,KEPALA UPTD BADAN PENDAPATAN WILAYAH II,III.b,320,SEKSI PENETAPAN DAN PENAGIHAN,33829,KEPALA SEKSI PENETAPAN DAN PENAGIHAN,IV.a,,,,,,,,,,,,,,,,,,,,,,,,,,2,,317,33829,IV.a,1.03E+11,41,KEPALA SEKSI PENETAPAN DAN PENAGIHAN,SEKSI PENETAPAN DAN PENAGIHAN,133,JL. PROF. DR. MOH. YAMIN NO. 34 PALU,,,,,,1,,,,,
1000,31,DINAS KELAUTAN DAN PERIKANAN,34250,KEPALA DINAS KELAUTAN DAN PERIKANAN,II.a,780,SEKRETARIAT,34253,SEKRETARIS,III.a,781,SUB BAGIAN KEUANGAN DAN ASET,34254,KEPALA SUB BAGIAN KEUANGAN DAN ASET,IV.a,,,,,,,,,,,,,,,,,,,,,,,,,,2,,780,34254,IV.a,1.02E+11,41,KEPALA SUB BAGIAN KEUANGAN DAN ASET,SUB BAGIAN KEUANGAN DAN ASET,133,JL. UNDATA NO.7 PALU,,,,,,1,,,,,
1001,3,BADAN PENDAPATAN DAERAH,33784,KEPALA BADAN PENDAPATAN DAERAH,II.a,329,UPTD BADAN PENDAPATAN WILAYAH V,33842,KEPALA UPTD BADAN PENDAPATAN WILAYAH V,III.b,,,,,,,,,,,,,,,,,,,,,,,,,,,,,,,1,,3,33842,III.b,1.03E+11,32,KEPALA UPTD BADAN PENDAPATAN WILAYAH V,UPTD BADAN PENDAPATAN WILAYAH V,134,JL. PROF. DR. MOH. YAMIN NO. 34 PALU,,,,,,1,,,,,
1002,19,DINAS PANGAN,33900,KEPALA DINAS PANGAN,II.a,284,"UPT PENGAWASAN, SERTIFIKASI MUTU DAN KEAMANAN PANGAN",33954,"KEPALA UPT PENGAWASAN, SERTIFIKASI MUTU DAN KEAMANAN PANGAN",III.b,285,SUB BAGIAN TATA USAHA,33955,KEPALA SUB BAGIAN TATA USAHA,IV.a,,,,,,,,,,,,,,,,,,,,,,,,,,2,,284,33955,IV.a,1.01E+11,41,KEPALA SUB BAGIAN TATA USAHA,SUB BAGIAN TATA USAHA,133,JL. PROF. MOH. YAMIN NO. 17 PALU,,,,,,1,,,,,
1003,24,DINAS PENGENDALIAN PENDUDUK DAN KELUARGA BERENCANA,33476,KEPALA DINAS PENGENDALIAN PENDUDUK DAN KELUARGA BERENCANA,II.a,404,SEKRETARIAT,33477,SEKRETARIS,III.a,405,SUB BAGIAN KEPEGAWAIAN DAN UMUM,33478,KEPALA SUB BAGIAN KEPEGAWAIAN DAN UMUM,IV.a,,,,,,,,,,,,,,,,,,,,,,,,,,2,,404,33478,IV.a,1.01E+11,41,KEPALA SUB BAGIAN KEPEGAWAIAN DAN UMUM,SUB BAGIAN KEPEGAWAIAN DAN UMUM,133,JL. R.A. KARTINI NO.100 PALU,,,,,,1,,,,,
1004,3,BADAN PENDAPATAN DAERAH,33784,KEPALA BADAN PENDAPATAN DAERAH,II.a,341,UPTD BADAN PENDAPATAN WILAYAH VIII,33854,KEPALA UPTD BADAN PENDAPATAN WILAYAH VIII,III.b,344,SEKSI PENETAPAN DAN PENAGIHAN,33857,KEPALA SEKSI PENETAPAN DAN PENAGIHAN,IV.a,,,,,,,,,,,,,,,,,,,,,,,,,,2,,341,33857,IV.a,1.03E+11,41,KEPALA SEKSI PENETAPAN DAN PENAGIHAN,SEKSI PENETAPAN DAN PENAGIHAN,133,JL. PROF. DR. MOH. YAMIN NO. 34 PALU,,,,,,1,,,,,
1005,31,DINAS KELAUTAN DAN PERIKANAN,34250,KEPALA DINAS KELAUTAN DAN PERIKANAN,II.a,785,BIDANG PERIKANAN BUDIDAYA DAN P2HP,34268,KEPALA BIDANG PERIKANAN BUDIDAYA DAN P2HP,III.a,,,,,,,,,,,,,,,,,,,,,,,,,,,,,,,1,,31,34268,III.a,1.02E+11,31,KEPALA BIDANG PERIKANAN BUDIDAYA DAN P2HP,BIDANG PERIKANAN BUDIDAYA DAN P2HP,141,JL. UNDATA NO.7 PALU,,,,,,1,,,,,
1006,3,BADAN PENDAPATAN DAERAH,33784,KEPALA BADAN PENDAPATAN DAERAH,II.a,1149,UPTD BADAN PENDAPATAN WILAYAH XIII,40775,KEPALA UPTD BADAN PENDAPATAN WILAYAH XIII,III.b,1155,SEKSI PENETAPAN DAN PENAGIHAN,40777,KEPALA SEKSI PENETAPAN DAN PENAGIHAN,IV.a,,,,,,,,,,,,,,,,,,,,,,,,,,2,,1149,40777,IV.a,1.03E+11,41,KEPALA SEKSI PENETAPAN DAN PENAGIHAN,SEKSI PENETAPAN DAN PENAGIHAN,133,JL. PROF. DR. MOH. YAMIN NO. 34 PALU,,,,,,1,,,,,
1007,5,BADAN KEPEGAWAIAN DAERAH,24454,KEPALA BADAN KEPEGAWAIAN DAERAH,II.a,16,UPT PENILAIAN KOMPETENSI PEGAWAI,33303,KEPALA UPT PENILAIAN KOMPETENSI PEGAWAI,III.b,,,,,,,,,,,,,,,,,,,,,,,,,,,,,,,1,UPTD Tipe A,5,33303,III.b,1.04E+11,32,KEPALA UPT PENILAIAN KOMPETENSI PEGAWAI,UPT PENILAIAN KOMPETENSI PEGAWAI,134,"JL. DR. SAM RATULANGI, NO. 63, PALU",,,,,,1,,,,,
1008,49,SEKRETARIAT DAERAH,34461,SEKRETARIS DAERAH,I.b,72,ASISTEN PEREKONOMIAN DAN PEMBANGUNAN,39771,ASISTEN PEREKONOMIAN DAN PEMBANGUNAN,II.a,73,BIRO PEREKONOMIAN,34712,KEPALA BIRO PEREKONOMIAN,II.b,75,BAGIAN KEBIJAKAN PEREKONOMIAN,34713,KEPALA BAGIAN KEBIJAKAN PEREKONOMIAN,III.a,76,SUB BAGIAN ANALISIS EKONOMI MAKRO,34714,KEPALA SUB BAGIAN ANALISIS EKONOMI MAKRO,IV.a,,,,,,,,,,,,,,,,4,,75,34714,IV.a,1.00E+11,41,KEPALA SUB BAGIAN ANALISIS EKONOMI MAKRO,SUB BAGIAN ANALISIS EKONOMI MAKRO,133,JL. SAM RATULANGI NO.101 PALU,,,,,,1,,,,,
1009,49,SEKRETARIAT DAERAH,34461,SEKRETARIS DAERAH,I.b,72,ASISTEN PEREKONOMIAN DAN PEMBANGUNAN,39771,ASISTEN PEREKONOMIAN DAN PEMBANGUNAN,II.a,73,BIRO PEREKONOMIAN,34712,KEPALA BIRO PEREKONOMIAN,II.b,75,BAGIAN KEBIJAKAN PEREKONOMIAN,34713,KEPALA BAGIAN KEBIJAKAN PEREKONOMIAN,III.a,78,SUB BAGIAN ANALISIS EKONOMI MIKRO,34734,KEPALA SUB BAGIAN ANALISIS EKONOMI MIKRO,V.a,,,,,,,,,,,,,,,,4,,75,34734,V.a,1.00E+11,51,KEPALA SUB BAGIAN ANALISIS EKONOMI MIKRO,SUB BAGIAN ANALISIS EKONOMI MIKRO,131,JL. SAM RATULANGI NO.101 PALU,,,,,,1,,,,,
1010,10,DINAS PENDIDIKAN,33499,KEPALA DINAS PENDIDIKAN,II.a,489,"CABANG DINAS PENDIDIKAN MENENGAH WILAYAH V KAB.BANGGAI, KAB. BANGGAI KEPULAUAN DAN KAB. BANGGAI LAUT",33502,"KEPALA CABANG DINAS PENDIDIKAN MENENGAH WILAYAH V KAB.BANGGAI, KAB. BANGGAI KEPULAUAN DAN KAB. BANGGAI LAUT",III.b,1078,SMA NEGERI 1 PELING TENGAH KAB. BANGGAI KEPULAUAN,34257,KEPALA SMA NEGERI 1 PELING TENGAH KAB. BANGGAI KEPULAUAN,,,,,,,,,,,,,,,,,,,,,,,,,,,2,SMA,489,34257,,1.03E+11,,KEPALA SMA NEGERI 1 PELING TENGAH KAB. BANGGAI KEPULAUAN,SMA NEGERI 1 PELING TENGAH KAB. BANGGAI KEPULAUAN,,"JL. SETIA BUDI, NO.9 PALU",,,,,,1,,,,,
1011,31,DINAS KELAUTAN DAN PERIKANAN,34250,KEPALA DINAS KELAUTAN DAN PERIKANAN,II.a,803,UPTD PELABUHAN PERIKANAN DAN KAWASAN KONSERVASI PESISIR DAN PULAU-PULAU KECIL WILAYAH III,34298,KEPALA UPTD PELABUHAN PERIKANAN DAN KAWASAN KONSERVASI PESISIR DAN PULAU-PULAU KECIL WILAYAH III,III.b,,,,,,,,,,,,,,,,,,,,,,,,,,,,,,,1,,31,34298,III.b,1.02E+11,32,KEPALA UPTD PELABUHAN PERIKANAN DAN KAWASAN KONSERVASI PESISIR DAN PULAU-PULAU KECIL WILAYAH III,UPTD PELABUHAN PERIKANAN DAN KAWASAN KONSERVASI PESISIR DAN PULAU-PULAU KECIL WILAYAH III,134,JL. UNDATA NO.7 PALU,,,,,,1,,,,,
1012,31,DINAS KELAUTAN DAN PERIKANAN,34250,KEPALA DINAS KELAUTAN DAN PERIKANAN,II.a,799,UPTD PELABUHAN PERIKANAN DAN KAWASAN KONSERVASI PESISIR DAN PULAU-PULAU KECIL WILAYAH II,34293,KEPALA UPTD PELABUHAN PERIKANAN DAN KAWASAN KONSERVASI PESISIR DAN PULAU-PULAU KECIL WILAYAH II,III.b,801,SEKSI KEPELABUHAN,34295,KEPALA SEKSI KEPELABUHAN,IV.a,,,,,,,,,,,,,,,,,,,,,,,,,,2,,799,34295,IV.a,1.02E+11,41,KEPALA SEKSI KEPELABUHAN,SEKSI KEPELABUHAN,133,JL. UNDATA NO.7 PALU,,,,,,1,,,,,
1013,31,DINAS KELAUTAN DAN PERIKANAN,34250,KEPALA DINAS KELAUTAN DAN PERIKANAN,II.a,799,UPTD PELABUHAN PERIKANAN DAN KAWASAN KONSERVASI PESISIR DAN PULAU-PULAU KECIL WILAYAH II,34293,KEPALA UPTD PELABUHAN PERIKANAN DAN KAWASAN KONSERVASI PESISIR DAN PULAU-PULAU KECIL WILAYAH II,III.b,802,SEKSI KONSERVASI DAN PENGAWASAN,34297,KEPALA SEKSI KONSERVASI DAN PENGAWASAN,IV.a,,,,,,,,,,,,,,,,,,,,,,,,,,2,,799,34297,IV.a,1.02E+11,41,KEPALA SEKSI KONSERVASI DAN PENGAWASAN,SEKSI KONSERVASI DAN PENGAWASAN,133,JL. UNDATA NO.7 PALU,,,,,,1,,,,,
1014,3,BADAN PENDAPATAN DAERAH,33784,KEPALA BADAN PENDAPATAN DAERAH,II.a,307,BIDANG PERENCANAAN DAN PENGEMBANGAN PENDAPATAN DAERAH,33798,KEPALA BIDANG PERENCANAAN DAN PENGEMBANGAN PENDAPATAN DAERAH,III.a,309,SUB BIDANG PENGEMBANGAN DAN PENYUSUNAN KEBIJAKAN PENDAPATAN DAERAH,33801,KEPALA SUB BIDANG PENGEMBANGAN DAN PENYUSUNAN KEBIJAKAN PENDAPATAN DAERAH,IV.a,,,,,,,,,,,,,,,,,,,,,,,,,,2,,307,33801,IV.a,1.03E+11,41,KEPALA SUB BIDANG PENGEMBANGAN DAN PENYUSUNAN KEBIJAKAN PENDAPATAN DAERAH,SUB BIDANG PENGEMBANGAN DAN PENYUSUNAN KEBIJAKAN PENDAPATAN DAERAH,133,JL. PROF. DR. MOH. YAMIN NO. 34 PALU,,,,,,1,,,,,
1015,49,SEKRETARIAT DAERAH,34461,SEKRETARIS DAERAH,I.b,144,ASISTEN ADMINISTRASI UMUM,33353,ASISTEN ADMINISTRASI UMUM,II.a,145,BIRO ORGANISASI,33354,KEPALA BIRO ORGANISASI,II.b,154,BAGIAN KINERJA DAN PELAYANAN PUBLIK,34039,KEPALA BAGIAN KINERJA DAN PELAYANAN PUBLIK,III.a,156,SUB BAGIAN TATALAKSANA DAN BUDAYA KINERJA,34044,KEPALA SUB BAGIAN TATALAKSANA DAN BUDAYA KINERJA,IV.a,,,,,,,,,,,,,,,,4,,154,34044,IV.a,1.00E+11,41,KEPALA SUB BAGIAN TATALAKSANA DAN BUDAYA KINERJA,SUB BAGIAN TATALAKSANA DAN BUDAYA KINERJA,133,JL. SAM RATULANGI NO.101 PALU,,,,,,1,,,,,
1016,49,SEKRETARIAT DAERAH,34461,SEKRETARIS DAERAH,I.b,1,ASISTEN PEMERINTAHAN DAN KESEJAHTERAAN RAKYAT,34132,ASISTEN PEMERINTAHAN DAN KESEJAHTERAAN RAKYAT,II.a,9,BIRO KESEJAHTERAAN RAKYAT,34118,KEPALA BIRO KESEJAHTERAAN RAKYAT,II.b,51,BAGIAN KESEJAHTERAAN RAKYAT NON PELAYANAN DASAR,34113,KEPALA BAGIAN KESEJAHTERAAN RAKYAT NON PELAYANAN DASAR,III.a,54,SUB BAGIAN KESEJAHTERAAN RAKYAT NON PELAYANAN DASAR III,34110,KEPALA SUB BAGIAN KESEJAHTERAAN RAKYAT NON PELAYANAN DASAR III,IV.a,,,,,,,,,,,,,,,,4,,51,34110,IV.a,1.00E+11,41,KEPALA SUB BAGIAN KESEJAHTERAAN RAKYAT NON PELAYANAN DASAR III,SUB BAGIAN KESEJAHTERAAN RAKYAT NON PELAYANAN DASAR III,133,JL. SAM RATULANGI NO.101 PALU,,,,,,1,,,,,
1017,31,DINAS KELAUTAN DAN PERIKANAN,34250,KEPALA DINAS KELAUTAN DAN PERIKANAN,II.a,823,UPTD PELABUHAN PERIKANAN DAN KAWASAN KONSERVASI PESISIR DAN PULAU-PULAU KECIL WILAYAH VII,34326,KEPALA UPTD PELABUHAN PERIKANAN DAN KAWASAN KONSERVASI PESISIR DAN PULAU-PULAU KECIL WILAYAH VII,III.b,,,,,,,,,,,,,,,,,,,,,,,,,,,,,,,1,,31,34326,III.b,1.02E+11,32,KEPALA UPTD PELABUHAN PERIKANAN DAN KAWASAN KONSERVASI PESISIR DAN PULAU-PULAU KECIL WILAYAH VII,UPTD PELABUHAN PERIKANAN DAN KAWASAN KONSERVASI PESISIR DAN PULAU-PULAU KECIL WILAYAH VII,134,JL. UNDATA NO.7 PALU,,,,,,1,,,,,
1018,49,SEKRETARIAT DAERAH,34461,SEKRETARIS DAERAH,I.b,72,ASISTEN PEREKONOMIAN DAN PEMBANGUNAN,39771,ASISTEN PEREKONOMIAN DAN PEMBANGUNAN,II.a,131,BIRO ADMINISTRASI PEMBANGUNAN,34464,KEPALA BIRO ADMINISTRASI PEMBANGUNAN,II.b,140,BAGIAN PELAPORAN PELAKSANAAN PEMBANGUNAN,34476,KEPALA BAGIAN PELAPORAN PELAKSANAAN PEMBANGUNAN,III.a,143,SUB BAGIAN KEBIJAKAN PEMBANGUNAN DAERAH,34481,KEPALA SUB BAGIAN KEBIJAKAN PEMBANGUNAN DAERAH,IV.a,,,,,,,,,,,,,,,,4,,140,34481,IV.a,1.00E+11,41,KEPALA SUB BAGIAN KEBIJAKAN PEMBANGUNAN DAERAH,SUB BAGIAN KEBIJAKAN PEMBANGUNAN DAERAH,133,JL. SAM RATULANGI NO.101 PALU,,,,,,1,,,,,
1019,31,DINAS KELAUTAN DAN PERIKANAN,34250,KEPALA DINAS KELAUTAN DAN PERIKANAN,II.a,811,UPTD PELABUHAN PERIKANAN DAN KAWASAN KONSERVASI PESISIR DAN PULAU-PULAU KECIL WILAYAH V,34306,KEPALA UPTD PELABUHAN PERIKANAN DAN KAWASAN KONSERVASI PESISIR DAN PULAU-PULAU KECIL WILAYAH V,III.b,813,SEKSI KEPELABUHAN,34308,KEPALA SEKSI KEPELABUHAN,IV.a,,,,,,,,,,,,,,,,,,,,,,,,,,2,,811,34308,IV.a,1.02E+11,41,KEPALA SEKSI KEPELABUHAN,SEKSI KEPELABUHAN,133,JL. UNDATA NO.7 PALU,,,,,,1,,,,,
1020,49,SEKRETARIAT DAERAH,34461,SEKRETARIS DAERAH,I.b,72,ASISTEN PEREKONOMIAN DAN PEMBANGUNAN,39771,ASISTEN PEREKONOMIAN DAN PEMBANGUNAN,II.a,73,BIRO PEREKONOMIAN,34712,KEPALA BIRO PEREKONOMIAN,II.b,114,BAGIAN BUMD DAN BLUD,34717,KEPALA BAGIAN BUMD DAN BLUD,III.a,115,"SUB BAGIAN BADAN USAHA MILIK DAERAH, JASA KEUANGAN DAN ANEKA USAHA",34774,"KEPALA SUB BAGIAN BADAN USAHA MILIK DAERAH, JASA KEUANGAN DAN ANEKA USAHA",IV.a,,,,,,,,,,,,,,,,4,,114,34774,IV.a,1.00E+11,41,"KEPALA SUB BAGIAN BADAN USAHA MILIK DAERAH, JASA KEUANGAN DAN ANEKA USAHA","SUB BAGIAN BADAN USAHA MILIK DAERAH, JASA KEUANGAN DAN ANEKA USAHA",133,JL. SAM RATULANGI NO.101 PALU,,,,,,1,,,,,
1021,31,DINAS KELAUTAN DAN PERIKANAN,34250,KEPALA DINAS KELAUTAN DAN PERIKANAN,II.a,819,UPTD PELABUHAN PERIKANAN DAN KAWASAN KONSERVASI PESISIR DAN PULAU-PULAU KECIL WILAYAH VI,34317,KEPALA UPTD PELABUHAN PERIKANAN DAN KAWASAN KONSERVASI PESISIR DAN PULAU-PULAU KECIL WILAYAH VI,III.b,,,,,,,,,,,,,,,,,,,,,,,,,,,,,,,1,,31,34317,III.b,1.02E+11,32,KEPALA UPTD PELABUHAN PERIKANAN DAN KAWASAN KONSERVASI PESISIR DAN PULAU-PULAU KECIL WILAYAH VI,UPTD PELABUHAN PERIKANAN DAN KAWASAN KONSERVASI PESISIR DAN PULAU-PULAU KECIL WILAYAH VI,134,JL. UNDATA NO.7 PALU,,,,,,1,,,,,
1022,49,SEKRETARIAT DAERAH,34461,SEKRETARIS DAERAH,I.b,72,ASISTEN PEREKONOMIAN DAN PEMBANGUNAN,39771,ASISTEN PEREKONOMIAN DAN PEMBANGUNAN,II.a,118,BIRO PENGADAAN BARANG/JASA,38323,KEPALA BIRO PENGADAAN BARANG/JASA,II.b,119,BAGIAN PENGELOLAAN PENGADAAN BARANG/JASA,38334,KEPALA BAGIAN PENGELOLAAN PENGADAAN BARANG/JASA,III.a,,,,,,,,,,,,,,,,,,,,,3,,118,38334,III.a,1.00E+11,31,KEPALA BAGIAN PENGELOLAAN PENGADAAN BARANG/JASA,BAGIAN PENGELOLAAN PENGADAAN BARANG/JASA,141,JL. SAM RATULANGI NO.101 PALU,,,,,,1,,,,,
1023,49,SEKRETARIAT DAERAH,34461,SEKRETARIS DAERAH,I.b,1,ASISTEN PEMERINTAHAN DAN KESEJAHTERAAN RAKYAT,34132,ASISTEN PEMERINTAHAN DAN KESEJAHTERAAN RAKYAT,II.a,2,BIRO PEMERINTAHAN DAN OTONOMI DAERAH,34131,KEPALA BIRO PEMERINTAHAN DAN OTONOMI DAERAH,II.b,45,BAGIAN KERJASAMA,34122,KEPALA BAGIAN KERJASAMA,III.a,48,SUB BAGIAN EVALUASI PELAKSANAAN KERJASAMA,34119,KEPALA SUB BAGIAN EVALUASI PELAKSANAAN KERJASAMA,IV.a,,,,,,,,,,,,,,,,4,,45,34119,IV.a,1.00E+11,41,KEPALA SUB BAGIAN EVALUASI PELAKSANAAN KERJASAMA,SUB BAGIAN EVALUASI PELAKSANAAN KERJASAMA,133,JL. SAM RATULANGI NO.101 PALU,,,,,,1,,,,,
1024,31,DINAS KELAUTAN DAN PERIKANAN,34250,KEPALA DINAS KELAUTAN DAN PERIKANAN,II.a,795,UPTD PELABUHAN PERIKANAN DAN KAWASAN KONSERVASI PESISIR DAN PULAU - PULAU KECIL WILAYAH I,34284,KEPALA UPTD PELABUHAN PERIKANAN DAN KAWASAN KONSERVASI PESISIR DAN PULAU - PULAU KECIL WILAYAH I,III.b,798,SEKSI KONSERVASI DAN PENGAWASAN,34288,KEPALA SEKSI KONSERVASI DAN PENGAWASAN,IV.a,,,,,,,,,,,,,,,,,,,,,,,,,,2,,795,34288,IV.a,1.02E+11,41,KEPALA SEKSI KONSERVASI DAN PENGAWASAN,SEKSI KONSERVASI DAN PENGAWASAN,133,JL. UNDATA NO.7 PALU,,,,,,1,,,,,
1025,31,DINAS KELAUTAN DAN PERIKANAN,34250,KEPALA DINAS KELAUTAN DAN PERIKANAN,II.a,819,UPTD PELABUHAN PERIKANAN DAN KAWASAN KONSERVASI PESISIR DAN PULAU-PULAU KECIL WILAYAH VI,34317,KEPALA UPTD PELABUHAN PERIKANAN DAN KAWASAN KONSERVASI PESISIR DAN PULAU-PULAU KECIL WILAYAH VI,III.b,820,SUB BAGIAN TATA USAHA,34318,KEPALA SUB BAGIAN TATA USAHA,IV.a,,,,,,,,,,,,,,,,,,,,,,,,,,2,,819,34318,IV.a,1.02E+11,41,KEPALA SUB BAGIAN TATA USAHA,SUB BAGIAN TATA USAHA,133,JL. UNDATA NO.7 PALU,,,,,,1,,,,,
1026,49,SEKRETARIAT DAERAH,34461,SEKRETARIS DAERAH,I.b,144,ASISTEN ADMINISTRASI UMUM,33353,ASISTEN ADMINISTRASI UMUM,II.a,158,BIRO UMUM,34048,KEPALA BIRO UMUM,II.b,,,,,,,,,,,,,,,,,,,,,,,,,,2,,144,34048,II.b,1.00E+11,22,KEPALA BIRO UMUM,BIRO UMUM,142,JL. SAM RATULANGI NO.101 PALU,,,,,,1,,,,,
1027,12,DINAS KESEHATAN,34343,KEPALA DINAS KESEHATAN,II.a,967,UPT RUMAH SAKIT UMUM DAERAH UNDATA,34390,KEPALA UPT RUMAH SAKIT UMUM DAERAH UNDATA,II.b,972,BIDANG PELAYANAN MEDIK,34395,KEPALA BIDANG PELAYANAN MEDIK,III.a,973,SEKSI PENGEMBANGAN DAN PENGENDALIAN MUTU PELAYANAN MEDIK,,,,,,,,,,,,,,,,,,,,,,,,3,,972,,,1.00E+11,,,SEKSI PENGEMBANGAN DAN PENGENDALIAN MUTU PELAYANAN MEDIK,,"JL. R.A. KARTINI, NO.11 PALU",,,,,,0,,,,,
1028,10,DINAS PENDIDIKAN,33499,KEPALA DINAS PENDIDIKAN,II.a,489,"CABANG DINAS PENDIDIKAN MENENGAH WILAYAH V KAB.BANGGAI, KAB. BANGGAI KEPULAUAN DAN KAB. BANGGAI LAUT",33502,"KEPALA CABANG DINAS PENDIDIKAN MENENGAH WILAYAH V KAB.BANGGAI, KAB. BANGGAI KEPULAUAN DAN KAB. BANGGAI LAUT",III.b,1081,SMK NEGERI 1 BUKO KAB. BANGGAI KEPULAUAN,34260,KEPALA SMK NEGERI 1 BUKO KAB. BANGGAI KEPULAUAN,,,,,,,,,,,,,,,,,,,,,,,,,,,2,SMK,489,34260,,1.03E+11,,KEPALA SMK NEGERI 1 BUKO KAB. BANGGAI KEPULAUAN,SMK NEGERI 1 BUKO KAB. BANGGAI KEPULAUAN,,"JL. SETIA BUDI, NO.9 PALU",,,,,,1,,,,,
1029,10,DINAS PENDIDIKAN,33499,KEPALA DINAS PENDIDIKAN,II.a,365,CABANG DINAS PENDIDIKAN MENENGAH WILAYAH I KOTA PALU DAN KAB. SIGI,33513,KEPALA CABANG DINAS PENDIDIKAN MENENGAH WILAYAH I KOTA PALU DAN KAB. SIGI,III.b,448,SMA NEGERI 8 SIGI KAB. SIGI,33625,KEPALA SMA NEGERI 8 SIGI KAB. SIGI,,,,,,,,,,,,,,,,,,,,,,,,,,,2,SMA,365,33625,,1.03E+11,,KEPALA SMA NEGERI 8 SIGI KAB. SIGI,SMA NEGERI 8 SIGI KAB. SIGI,,"JL. SETIA BUDI, NO.9 PALU",,,,,,1,,,,,
1030,31,DINAS KELAUTAN DAN PERIKANAN,34250,KEPALA DINAS KELAUTAN DAN PERIKANAN,II.a,780,SEKRETARIAT,34253,SEKRETARIS,III.a,782,SUB BAGIAN KEPEGAWAIAN DAN UMUM,34256,KEPALA SUB BAGIAN KEPEGAWAIAN DAN UMUM,IV.a,,,,,,,,,,,,,,,,,,,,,,,,,,2,,780,34256,IV.a,1.02E+11,41,KEPALA SUB BAGIAN KEPEGAWAIAN DAN UMUM,SUB BAGIAN KEPEGAWAIAN DAN UMUM,133,JL. UNDATA NO.7 PALU,,,,,,1,,,,,
1031,1,BADAN PERENCANAAN PEMBANGUNAN DAERAH,33570,KEPALA BADAN PERENCANAAN PEMBANGUNAN DAERAH,II.a,232,BIDANG PEREKONOMIAN DAN SUMBER DAYA ALAM,33576,KEPALA BIDANG PEREKONOMIAN DAN SUMBER DAYA ALAM,III.a,,,,,,,,,,,,,,,,,,,,,,,,,,,,,,,1,,1,33576,III.a,1.04E+11,31,KEPALA BIDANG PEREKONOMIAN DAN SUMBER DAYA ALAM,BIDANG PEREKONOMIAN DAN SUMBER DAYA ALAM,141,JL. MOH. YAMIN NO. 7 PALU,,,,,,1,,,,,
1032,49,SEKRETARIAT DAERAH,34461,SEKRETARIS DAERAH,I.b,72,ASISTEN PEREKONOMIAN DAN PEMBANGUNAN,39771,ASISTEN PEREKONOMIAN DAN PEMBANGUNAN,II.a,118,BIRO PENGADAAN BARANG/JASA,38323,KEPALA BIRO PENGADAAN BARANG/JASA,II.b,123,BAGIAN PENGELOLAAN LAYANAN PENGADAAN SECARA ELEKTRONIK,38358,KEPALA BAGIAN PENGELOLAAN LAYANAN PENGADAAN SECARA ELEKTRONIK,III.a,,,,,,,,,,,,,,,,,,,,,3,,118,38358,III.a,1.00E+11,31,KEPALA BAGIAN PENGELOLAAN LAYANAN PENGADAAN SECARA ELEKTRONIK,BAGIAN PENGELOLAAN LAYANAN PENGADAAN SECARA ELEKTRONIK,141,JL. SAM RATULANGI NO.101 PALU,,,,,,1,,,,,
1033,10,DINAS PENDIDIKAN,33499,KEPALA DINAS PENDIDIKAN,II.a,489,"CABANG DINAS PENDIDIKAN MENENGAH WILAYAH V KAB.BANGGAI, KAB. BANGGAI KEPULAUAN DAN KAB. BANGGAI LAUT",33502,"KEPALA CABANG DINAS PENDIDIKAN MENENGAH WILAYAH V KAB.BANGGAI, KAB. BANGGAI KEPULAUAN DAN KAB. BANGGAI LAUT",III.b,1048,SMA NEGERI 1 BATUI SELATAN KAB. BANGGAI,34209,KEPALA SMA NEGERI 1 BATUI SELATAN KAB. BANGGAI,,,,,,,,,,,,,,,,,,,,,,,,,,,2,SMA,489,34209,,1.03E+11,,KEPALA SMA NEGERI 1 BATUI SELATAN KAB. BANGGAI,SMA NEGERI 1 BATUI SELATAN KAB. BANGGAI,,"JL. SETIA BUDI, NO.9 PALU",,,,,,1,,,,,
1035,31,DINAS KELAUTAN DAN PERIKANAN,34250,KEPALA DINAS KELAUTAN DAN PERIKANAN,II.a,819,UPTD PELABUHAN PERIKANAN DAN KAWASAN KONSERVASI PESISIR DAN PULAU-PULAU KECIL WILAYAH VI,34317,KEPALA UPTD PELABUHAN PERIKANAN DAN KAWASAN KONSERVASI PESISIR DAN PULAU-PULAU KECIL WILAYAH VI,III.b,821,SEKSI KEPELABUHAN,34319,KEPALA SEKSI WILAYAH I BANGGAI,IV.a,,,,,,,,,,,,,,,,,,,,,,,,,,2,,819,34319,IV.a,1.02E+11,41,KEPALA SEKSI WILAYAH I BANGGAI,SEKSI KEPELABUHAN,133,JL. UNDATA NO.7 PALU,,,,,,1,,,,,
1036,49,SEKRETARIAT DAERAH,34461,SEKRETARIS DAERAH,I.b,144,ASISTEN ADMINISTRASI UMUM,33353,ASISTEN ADMINISTRASI UMUM,II.a,158,BIRO UMUM,34048,KEPALA BIRO UMUM,II.b,163,BAGIAN ADMINISTRASI KEUANGAN DAN ASET,34059,KEPALA BAGIAN ADMINISTRASI KEUANGAN DAN ASET,III.a,,,,,,,,,,,,,,,,,,,,,3,,158,34059,III.a,1.00E+11,31,KEPALA BAGIAN ADMINISTRASI KEUANGAN DAN ASET,BAGIAN ADMINISTRASI KEUANGAN DAN ASET,141,JL. SAM RATULANGI NO.101 PALU,,,,,,1,,,,,
1037,30,DINAS PERPUSTAKAAN DAN KEARSIPAN DAERAH,33886,KEPALA DINAS PERPUSTAKAAN DAN KEARSIPAN DAERAH,II.a,702,BIDANG PENGELOLAAN DAN PEMANFAATAN ARSIP,33922,KEPALA BIDANG PENGELOLAAN DAN PEMANFAATAN ARSIP,III.a,,,,,,,,,,,,,,,,,,,,,,,,,,,,,,,1,,30,33922,III.a,1.02E+11,31,KEPALA BIDANG PENGELOLAAN DAN PEMANFAATAN ARSIP,BIDANG PENGELOLAAN DAN PEMANFAATAN ARSIP,141,JL. BANTENG NO. 6 PALU,,,,,,1,,,,,
1038,10,DINAS PENDIDIKAN,33499,KEPALA DINAS PENDIDIKAN,II.a,489,"CABANG DINAS PENDIDIKAN MENENGAH WILAYAH V KAB.BANGGAI, KAB. BANGGAI KEPULAUAN DAN KAB. BANGGAI LAUT",33502,"KEPALA CABANG DINAS PENDIDIKAN MENENGAH WILAYAH V KAB.BANGGAI, KAB. BANGGAI KEPULAUAN DAN KAB. BANGGAI LAUT",III.b,1076,SMK NEGERI 1 BULAGI UTARA KAB. BANGGAI KEPULAUAN,34252,KEPALA SMK NEGERI 1 BULAGI UTARA KAB. BANGGAI KEPULAUAN,,,,,,,,,,,,,,,,,,,,,,,,,,,2,SMK,489,34252,,1.03E+11,,KEPALA SMK NEGERI 1 BULAGI UTARA KAB. BANGGAI KEPULAUAN,SMK NEGERI 1 BULAGI UTARA KAB. BANGGAI KEPULAUAN,,"JL. SETIA BUDI, NO.9 PALU",,,,,,1,,,,,
1039,10,DINAS PENDIDIKAN,33499,KEPALA DINAS PENDIDIKAN,II.a,489,"CABANG DINAS PENDIDIKAN MENENGAH WILAYAH V KAB.BANGGAI, KAB. BANGGAI KEPULAUAN DAN KAB. BANGGAI LAUT",33502,"KEPALA CABANG DINAS PENDIDIKAN MENENGAH WILAYAH V KAB.BANGGAI, KAB. BANGGAI KEPULAUAN DAN KAB. BANGGAI LAUT",III.b,1087,SMA NEGERI 2 BULAGI SELATAN KAB. BANGGAI KEPULAUAN,34269,KEPALA SMA NEGERI 2 BULAGI SELATAN KAB. BANGGAI KEPULAUAN,,,,,,,,,,,,,,,,,,,,,,,,,,,2,SMA,489,34269,,1.03E+11,,KEPALA SMA NEGERI 2 BULAGI SELATAN KAB. BANGGAI KEPULAUAN,SMA NEGERI 2 BULAGI SELATAN KAB. BANGGAI KEPULAUAN,,"JL. SETIA BUDI, NO.9 PALU",,,,,,1,,,,,
1040,10,DINAS PENDIDIKAN,33499,KEPALA DINAS PENDIDIKAN,II.a,494,CABANG DINAS PENDIDIKAN MENENGAH WILAYAH VI TOLITOLI DAN BUOL,33503,KEPALA CABANG DINAS PENDIDIKAN MENENGAH WILAYAH VI TOLITOLI DAN BUOL,III.b,1117,SMA NEGERI 1 PALELEH KAB. BUOL,34355,KEPALA SMA NEGERI 1 PALELEH KAB. BUOL,,,,,,,,,,,,,,,,,,,,,,,,,,,2,SMA,494,34355,,1.03E+11,,KEPALA SMA NEGERI 1 PALELEH KAB. BUOL,SMA NEGERI 1 PALELEH KAB. BUOL,,"JL. SETIA BUDI, NO.9 PALU",,,,,,1,,,,,
1041,3,BADAN PENDAPATAN DAERAH,33784,KEPALA BADAN PENDAPATAN DAERAH,II.a,349,UPTD BADAN PENDAPATAN WILAYAH X,33862,KEPALA UPTD BADAN PENDAPATAN WILAYAH X,III.b,351,SEKSI PELAYANAN PAJAK KENDARAAN BERMOTOR DAN BEA BALIK NAMA KENDARAAN BERMOTOR,33864,KEPALA SEKSI PELAYANAN PAJAK KENDARAAN BERMOTOR DAN BEA BALIK NAMA KENDARAAN BERMOTOR,IV.a,,,,,,,,,,,,,,,,,,,,,,,,,,2,,349,33864,IV.a,1.03E+11,41,KEPALA SEKSI PELAYANAN PAJAK KENDARAAN BERMOTOR DAN BEA BALIK NAMA KENDARAAN BERMOTOR,SEKSI PELAYANAN PAJAK KENDARAAN BERMOTOR DAN BEA BALIK NAMA KENDARAAN BERMOTOR,133,JL. PROF. DR. MOH. YAMIN NO. 34 PALU,,,,,,1,,,,,
1042,49,SEKRETARIAT DAERAH,34461,SEKRETARIS DAERAH,I.b,144,ASISTEN ADMINISTRASI UMUM,33353,ASISTEN ADMINISTRASI UMUM,II.a,145,BIRO ORGANISASI,33354,KEPALA BIRO ORGANISASI,II.b,,,,,,,,,,,,,,,,,,,,,,,,,,2,,144,33354,II.b,1.00E+11,22,KEPALA BIRO ORGANISASI,BIRO ORGANISASI,142,JL. SAM RATULANGI NO.101 PALU,,,,,,1,,,,,
1043,10,DINAS PENDIDIKAN,33499,KEPALA DINAS PENDIDIKAN,II.a,1133,UPTD BALAI LAYANAN PLATFORM TEKNOLOGI,34333,KEPALA UPT TEKNOLOGI KOMUNIKASI DAN INFORMASI PENDIDIKAN,III.b,1134,SUB BAGIAN UMUM,34334,KEPALA SUB BAGIAN TATA USAHA,IV.b,,,,,,,,,,,,,,,,,,,,,,,,,,2,,1133,34334,IV.b,1.03E+11,42,KEPALA SUB BAGIAN TATA USAHA,SUB BAGIAN UMUM,132,"JL. SETIA BUDI, NO.9 PALU",,,,,,1,,,,,
1044,10,DINAS PENDIDIKAN,33499,KEPALA DINAS PENDIDIKAN,II.a,494,CABANG DINAS PENDIDIKAN MENENGAH WILAYAH VI TOLITOLI DAN BUOL,33503,KEPALA CABANG DINAS PENDIDIKAN MENENGAH WILAYAH VI TOLITOLI DAN BUOL,III.b,1098,SMA NEGERI 1 DAMPAL UTARA KAB. TOLITOLI,34322,KEPALA SMA NEGERI 1 DAMPAL UTARA KAB. TOLITOLI,,,,,,,,,,,,,,,,,,,,,,,,,,,2,SMA,494,34322,,1.03E+11,,KEPALA SMA NEGERI 1 DAMPAL UTARA KAB. TOLITOLI,SMA NEGERI 1 DAMPAL UTARA KAB. TOLITOLI,,"JL. SETIA BUDI, NO.9 PALU",,,,,,1,,,,,
1045,31,DINAS KELAUTAN DAN PERIKANAN,34250,KEPALA DINAS KELAUTAN DAN PERIKANAN,II.a,799,UPTD PELABUHAN PERIKANAN DAN KAWASAN KONSERVASI PESISIR DAN PULAU-PULAU KECIL WILAYAH II,34293,KEPALA UPTD PELABUHAN PERIKANAN DAN KAWASAN KONSERVASI PESISIR DAN PULAU-PULAU KECIL WILAYAH II,III.b,,,,,,,,,,,,,,,,,,,,,,,,,,,,,,,1,,31,34293,III.b,1.02E+11,32,KEPALA UPTD PELABUHAN PERIKANAN DAN KAWASAN KONSERVASI PESISIR DAN PULAU-PULAU KECIL WILAYAH II,UPTD PELABUHAN PERIKANAN DAN KAWASAN KONSERVASI PESISIR DAN PULAU-PULAU KECIL WILAYAH II,134,JL. UNDATA NO.7 PALU,,,,,,1,,,,,
1046,27,DINAS KOPERASI USAHA KECIL DAN MENENGAH,34231,KEPALA DINAS KOPERASI USAHA KECIL DAN MENENGAH,II.a,905,SEKRETARIAT,34232,SEKRETARIS,III.a,,,,,,,,,,,,,,,,,,,,,,,,,,,,,,,1,,27,34232,III.a,1.02E+11,31,SEKRETARIS,SEKRETARIAT,141,JL. KARTINI NO.17 PALU,,,,,,1,,,,,
1047,49,SEKRETARIAT DAERAH,34461,SEKRETARIS DAERAH,I.b,72,ASISTEN PEREKONOMIAN DAN PEMBANGUNAN,39771,ASISTEN PEREKONOMIAN DAN PEMBANGUNAN,II.a,118,BIRO PENGADAAN BARANG/JASA,38323,KEPALA BIRO PENGADAAN BARANG/JASA,II.b,123,BAGIAN PENGELOLAAN LAYANAN PENGADAAN SECARA ELEKTRONIK,38358,KEPALA BAGIAN PENGELOLAAN LAYANAN PENGADAAN SECARA ELEKTRONIK,III.a,126,SUB BAGIAN PENGELOLAAN INFORMASI PENGADAAN BARANG/JASA,38480,KEPALA SUB BAGIAN PENGELOLAAN INFORMASI PENGADAAN BARANG/JASA,IV.a,,,,,,,,,,,,,,,,4,,123,38480,IV.a,1.00E+11,41,KEPALA SUB BAGIAN PENGELOLAAN INFORMASI PENGADAAN BARANG/JASA,SUB BAGIAN PENGELOLAAN INFORMASI PENGADAAN BARANG/JASA,133,JL. SAM RATULANGI NO.101 PALU,,,,,,1,,,,,
1048,10,DINAS PENDIDIKAN,33499,KEPALA DINAS PENDIDIKAN,II.a,494,CABANG DINAS PENDIDIKAN MENENGAH WILAYAH VI TOLITOLI DAN BUOL,33503,KEPALA CABANG DINAS PENDIDIKAN MENENGAH WILAYAH VI TOLITOLI DAN BUOL,III.b,1121,SMA NEGERI 1 PALELEH BARAT KAB. BUOL,34364,KEPALA SMA NEGERI 1 PALELEH BARAT KAB. BUOL,,,,,,,,,,,,,,,,,,,,,,,,,,,2,SMA,494,34364,,1.03E+11,,KEPALA SMA NEGERI 1 PALELEH BARAT KAB. BUOL,SMA NEGERI 1 PALELEH BARAT KAB. BUOL,,"JL. SETIA BUDI, NO.9 PALU",,,,,,1,,,,,
1049,32,DINAS TANAMAN PANGAN DAN HORTIKULTURA,37620,KEPALA DINAS TANAMAN PANGAN DAN HORTIKULTURA,II.a,842,UPTD PROTEKSI TANAMAN PANGAN DAN HORTIKULTURA,37598,KEPALA UPT PROTEKSI TPH,III.b,844,SEKSI PROTEKSI TANAMAN PANGAN,37610,KEPALA SEKSI PROTEKSI TANAMAN PANGAN,IV.a,,,,,,,,,,,,,,,,,,,,,,,,,,2,,842,37610,IV.a,1.03E+11,41,KEPALA SEKSI PROTEKSI TANAMAN PANGAN,SEKSI PROTEKSI TANAMAN PANGAN,133,JL. R.A. KARTINI NO. 80 PALU,,,,,,1,,,,,
1050,46,SEKRETARIAT DEWAN PERWAKILAN RAKYAT DAERAH,37872,SEKRETARIS DEWAN PERWAKILAN RAKYAT DAERAH,II.a,194,BAGIAN FASILITASI PENGANGGARAN DAN PENGAWASAN,37907,KEPALA BAGIAN FASILITASI PENGANGGARAN DAN PENGAWASAN,III.a,,,,,,,,,,,,,,,,,,,,,,,,,,,,,,,1,,46,37907,III.a,1.00E+11,31,KEPALA BAGIAN FASILITASI PENGANGGARAN DAN PENGAWASAN,BAGIAN FASILITASI PENGANGGARAN DAN PENGAWASAN,141,JL. SAM RATULANGI NO.80 PALU,,,,,,1,,,,,
1051,49,SEKRETARIAT DAERAH,34461,SEKRETARIS DAERAH,I.b,144,ASISTEN ADMINISTRASI UMUM,33353,ASISTEN ADMINISTRASI UMUM,II.a,145,BIRO ORGANISASI,33354,KEPALA BIRO ORGANISASI,II.b,146,BAGIAN KELEMBAGAAN DAN REFORMASI BIROKRASI,33355,KEPALA BAGIAN KELEMBAGAAN DAN REFORMASI BIROKRASI,III.a,148,SUB BAGIAN KELEMBAGAAN PERANGKAT DAERAH KABUPATEN/KOTA,33357,KEPALA SUB BAGIAN KELEMBAGAAN PERANGKAT DAERAH KABUPATEN/KOTA,IV.a,,,,,,,,,,,,,,,,4,,146,33357,IV.a,1.00E+11,41,KEPALA SUB BAGIAN KELEMBAGAAN PERANGKAT DAERAH KABUPATEN/KOTA,SUB BAGIAN KELEMBAGAAN PERANGKAT DAERAH KABUPATEN/KOTA,133,JL. SAM RATULANGI NO.101 PALU,,,,,,1,,,,,
1052,10,DINAS PENDIDIKAN,33499,KEPALA DINAS PENDIDIKAN,II.a,494,CABANG DINAS PENDIDIKAN MENENGAH WILAYAH VI TOLITOLI DAN BUOL,33503,KEPALA CABANG DINAS PENDIDIKAN MENENGAH WILAYAH VI TOLITOLI DAN BUOL,III.b,1112,SMK NEGERI 1 TOLITOLI UTARA KAB. TOLITOLI,34348,KEPALA SMK NEGERI 1 TOLITOLI UTARA KAB. TOLITOLI,,,,,,,,,,,,,,,,,,,,,,,,,,,2,SMK,494,34348,,1.03E+11,,KEPALA SMK NEGERI 1 TOLITOLI UTARA KAB. TOLITOLI,SMK NEGERI 1 TOLITOLI UTARA KAB. TOLITOLI,,"JL. SETIA BUDI, NO.9 PALU",,,,,,1,,,,,
1053,12,DINAS KESEHATAN,34343,KEPALA DINAS KESEHATAN,II.a,967,UPT RUMAH SAKIT UMUM DAERAH UNDATA,34390,KEPALA UPT RUMAH SAKIT UMUM DAERAH UNDATA,II.b,979,BAGIAN KEPEGAWAIAN,38701,KEPALA BAGIAN KEPEGAWAIAN,III.b,981,"SUB BAGIAN PENERIMAAN, PENGANGKATAN DAN PEMBERHETIAN",,,,,,,,,,,,,,,,,,,,,,,,3,,979,,,1.00E+11,,,"SUB BAGIAN PENERIMAAN, PENGANGKATAN DAN PEMBERHETIAN",,"JL. R.A. KARTINI, NO.11 PALU",,,,,,0,,,,,
1054,10,DINAS PENDIDIKAN,33499,KEPALA DINAS PENDIDIKAN,II.a,481,CABANG DINAS PENDIDIKAN MENENGAH WILAYAH II KAB. DONGGALA DAN KAB. PARIGI MOUTONG,33639,KEPALA CABANG DINAS PENDIDIKAN MENENGAH WILAYAH II KAB. DONGGALA DAN KAB. PARIGI MOUTONG,III.b,518,SMA NEGERI 1 BANAWA TENGAH KAB. DONGGALA,33645,KEPALA SMA NEGERI 1 BANAWA TENGAH KAB. DONGGALA,,,,,,,,,,,,,,,,,,,,,,,,,,,2,SMA,481,33645,,1.03E+11,,KEPALA SMA NEGERI 1 BANAWA TENGAH KAB. DONGGALA,SMA NEGERI 1 BANAWA TENGAH KAB. DONGGALA,,"JL. SETIA BUDI, NO.9 PALU",,,,,,1,,,,,
1055,12,DINAS KESEHATAN,34343,KEPALA DINAS KESEHATAN,II.a,967,UPT RUMAH SAKIT UMUM DAERAH UNDATA,34390,KEPALA UPT RUMAH SAKIT UMUM DAERAH UNDATA,II.b,985,BAGIAN PERLENGKAPAN DAN UMUM,38700,KEPALA BAGIAN PERLENGKAPAN DAN UMUM,III.b,987,SUB BAGIAN UMUM,,,,,,,,,,,,,,,,,,,,,,,,3,,985,,,1.00E+11,,,SUB BAGIAN UMUM,,"JL. R.A. KARTINI, NO.11 PALU",,,,,,0,,,,,
1056,3,BADAN PENDAPATAN DAERAH,33784,KEPALA BADAN PENDAPATAN DAERAH,II.a,313,UPTD BADAN PENDAPATAN WILAYAH I,33815,KEPALA UPTD BADAN PENDAPATAN WILAYAH I,III.b,315,SEKSI PELAYANAN PAJAK KENDARAAN BERMOTOR DAN BEA BALIK NAMA KENDARAAN BERMOTOR	,33820,KEPALA SEKSI PELAYANAN PAJAK KENDARAAN BERMOTOR DAN BEA BALIK NAMA KENDARAAN BERMOTOR,IV.a,,,,,,,,,,,,,,,,,,,,,,,,,,2,,313,33820,IV.a,1.03E+11,41,KEPALA SEKSI PELAYANAN PAJAK KENDARAAN BERMOTOR DAN BEA BALIK NAMA KENDARAAN BERMOTOR,SEKSI PELAYANAN PAJAK KENDARAAN BERMOTOR DAN BEA BALIK NAMA KENDARAAN BERMOTOR	,133,JL. PROF. DR. MOH. YAMIN NO. 34 PALU,,,,,,1,,,,,
1057,27,DINAS KOPERASI USAHA KECIL DAN MENENGAH,34231,KEPALA DINAS KOPERASI USAHA KECIL DAN MENENGAH,II.a,905,SEKRETARIAT,34232,SEKRETARIS,III.a,906,"SUB BAGIAN PROGRAM, KEUANGAN DAN ASET",34233,"KEPALA SUB BAGIAN PROGRAM, KEUANGAN DAN ASET",IV.a,,,,,,,,,,,,,,,,,,,,,,,,,,2,,905,34233,IV.a,1.02E+11,41,"KEPALA SUB BAGIAN PROGRAM, KEUANGAN DAN ASET","SUB BAGIAN PROGRAM, KEUANGAN DAN ASET",133,JL. KARTINI NO.17 PALU,,,,,,1,,,,,
239,34,DINAS KEHUTANAN,33380,KEPALA DINAS KEHUTANAN,II.a,434,UPTD KESATUAN PENGELOLAAN TAMAN HUTAN RAYA SULAWESI TENGAH,33443,KEPALA UPTD KESATUAN PENGELOLAAN TAMAN HUTAN RAYA SULAWESI TENGAH,III.b,437,SEKSI PERENCANAAN DAN PEMANFAATAN HUTAN,33445,KEPALA SEKSI PERENCANAAN DAN PEMANFAATAN HUTAN,IV.a,,,,,,,,,,,,,,,,,,,,,,,,,,2,,434,33445,IV.a,1.02E+11,41,KEPALA SEKSI PERENCANAAN DAN PEMANFAATAN HUTAN,SEKSI PERENCANAAN DAN PEMANFAATAN HUTAN,133,JL. S. PARMAN NO. 9 PALU,,,,,,1,,,,,
1058,49,SEKRETARIAT DAERAH,34461,SEKRETARIS DAERAH,I.b,72,ASISTEN PEREKONOMIAN DAN PEMBANGUNAN,39771,ASISTEN PEREKONOMIAN DAN PEMBANGUNAN,II.a,131,BIRO ADMINISTRASI PEMBANGUNAN,34464,KEPALA BIRO ADMINISTRASI PEMBANGUNAN,II.b,132,BAGIAN PENGENDALIAN ADMINISTRASI PELAKSANAAN PEMBANGUNAN DAERAH,34466,KEPALA BAGIAN PENGENDALIAN ADMINISTRASI PELAKSANAAN PEMBANGUNAN DAERAH,III.a,133,SUB BAGIAN PENGENDALIAN ADMINISTRASI PELAKSANAAN PEMBANGUNAN APBD,34467,KEPALA SUB BAGIAN PENGENDALIAN ADMINISTRASI PELAKSANAAN PEMBANGUNAN APBD,IV.a,,,,,,,,,,,,,,,,4,,132,34467,IV.a,1.00E+11,41,KEPALA SUB BAGIAN PENGENDALIAN ADMINISTRASI PELAKSANAAN PEMBANGUNAN APBD,SUB BAGIAN PENGENDALIAN ADMINISTRASI PELAKSANAAN PEMBANGUNAN APBD,133,JL. SAM RATULANGI NO.101 PALU,,,,,,1,,,,,
1059,27,DINAS KOPERASI USAHA KECIL DAN MENENGAH,34231,KEPALA DINAS KOPERASI USAHA KECIL DAN MENENGAH,II.a,911,"UPTD PELATIHAN KOPERASI, USAHA KECIL DAN MENENGAH",34239,"KEPALA UPT PELATIHAN KOPERASI, USAHA KECIL DAN MENENGAH",III.b,,,,,,,,,,,,,,,,,,,,,,,,,,,,,,,1,,27,34239,III.b,1.02E+11,32,"KEPALA UPT PELATIHAN KOPERASI, USAHA KECIL DAN MENENGAH","UPTD PELATIHAN KOPERASI, USAHA KECIL DAN MENENGAH",134,JL. KARTINI NO.17 PALU,,,,,,1,,,,,
1060,27,DINAS KOPERASI USAHA KECIL DAN MENENGAH,34231,KEPALA DINAS KOPERASI USAHA KECIL DAN MENENGAH,II.a,911,"UPTD PELATIHAN KOPERASI, USAHA KECIL DAN MENENGAH",34239,"KEPALA UPT PELATIHAN KOPERASI, USAHA KECIL DAN MENENGAH",III.b,913,SEKSI KURIKULUM SILABI,34242,KEPALA SEKSI KURIKULUM SILABI,IV.a,,,,,,,,,,,,,,,,,,,,,,,,,,2,,911,34242,IV.a,1.02E+11,41,KEPALA SEKSI KURIKULUM SILABI,SEKSI KURIKULUM SILABI,133,JL. KARTINI NO.17 PALU,,,,,,1,,,,,
1061,3,BADAN PENDAPATAN DAERAH,33784,KEPALA BADAN PENDAPATAN DAERAH,II.a,313,UPTD BADAN PENDAPATAN WILAYAH I,33815,KEPALA UPTD BADAN PENDAPATAN WILAYAH I,III.b,316,SEKSI PENETAPAN DAN PENAGIHAN,33822,KEPALA SEKSI PENETAPAN DAN PENAGIHAN,IV.a,,,,,,,,,,,,,,,,,,,,,,,,,,2,,313,33822,IV.a,1.03E+11,41,KEPALA SEKSI PENETAPAN DAN PENAGIHAN,SEKSI PENETAPAN DAN PENAGIHAN,133,JL. PROF. DR. MOH. YAMIN NO. 34 PALU,,,,,,1,,,,,
1062,49,SEKRETARIAT DAERAH,34461,SEKRETARIS DAERAH,I.b,72,ASISTEN PEREKONOMIAN DAN PEMBANGUNAN,39771,ASISTEN PEREKONOMIAN DAN PEMBANGUNAN,II.a,118,BIRO PENGADAAN BARANG/JASA,38323,KEPALA BIRO PENGADAAN BARANG/JASA,II.b,127,BAGIAN PEMBINAAN DAN ADVOKASI PENGADAAN BARANG/JASA,38482,KEPALA BAGIAN PEMBINAAN DAN ADVOKASI PENGADAAN BARANG/JASA,III.a,128,SUB BAGIAN PEMBINAAN SUMBER DAYA MANUSIA DAN KELEMBAGAAN PENGADAAN BARANG/JASA,38484,KEPALA SUB BAGIAN PEMBINAAN SUMBER DAYA MANUSIA DAN KELEMBAGAAN PENGADAAN BARANG/JASA,IV.a,,,,,,,,,,,,,,,,4,,127,38484,IV.a,1.00E+11,41,KEPALA SUB BAGIAN PEMBINAAN SUMBER DAYA MANUSIA DAN KELEMBAGAAN PENGADAAN BARANG/JASA,SUB BAGIAN PEMBINAAN SUMBER DAYA MANUSIA DAN KELEMBAGAAN PENGADAAN BARANG/JASA,133,JL. SAM RATULANGI NO.101 PALU,,,,,,1,,,,,
1063,49,SEKRETARIAT DAERAH,34461,SEKRETARIS DAERAH,I.b,144,ASISTEN ADMINISTRASI UMUM,33353,ASISTEN ADMINISTRASI UMUM,II.a,145,BIRO ORGANISASI,33354,KEPALA BIRO ORGANISASI,II.b,150,BAGIAN ANALISA DAN KOMPETENSI JABATAN,34031,KEPALA BAGIAN ANALISA DAN KOMPETENSI JABATAN,III.a,153,SUB BAGIAN TATA USAHA,34036,KEPALA SUB BAGIAN TATA USAHA,IV.a,,,,,,,,,,,,,,,,4,,150,34036,IV.a,1.00E+11,41,KEPALA SUB BAGIAN TATA USAHA,SUB BAGIAN TATA USAHA,133,JL. SAM RATULANGI NO.101 PALU,,,,,,1,,,,,
1064,12,DINAS KESEHATAN,34343,KEPALA DINAS KESEHATAN,II.a,967,UPT RUMAH SAKIT UMUM DAERAH UNDATA,34390,KEPALA UPT RUMAH SAKIT UMUM DAERAH UNDATA,II.b,979,BAGIAN KEPEGAWAIAN,38701,KEPALA BAGIAN KEPEGAWAIAN,III.b,,,,,,,,,,,,,,,,,,,,,,,,,,2,,967,38701,III.b,1.00E+11,32,KEPALA BAGIAN KEPEGAWAIAN,BAGIAN KEPEGAWAIAN,134,"JL. R.A. KARTINI, NO.11 PALU",,,,,,1,,,,,
1065,12,DINAS KESEHATAN,34343,KEPALA DINAS KESEHATAN,II.a,967,UPT RUMAH SAKIT UMUM DAERAH UNDATA,34390,KEPALA UPT RUMAH SAKIT UMUM DAERAH UNDATA,II.b,975,BIDANG PENUNJANG MEDIK,34398,KEPALA BIDANG PENUNJANG MEDIK,III.a,,,,,,,,,,,,,,,,,,,,,,,,,,2,,967,34398,III.a,1.00E+11,31,KEPALA BIDANG PENUNJANG MEDIK,BIDANG PENUNJANG MEDIK,141,"JL. R.A. KARTINI, NO.11 PALU",,,,,,1,,,,,
1066,12,DINAS KESEHATAN,34343,KEPALA DINAS KESEHATAN,II.a,770,UPT LABORATORIUM KESEHATAN,,,,771,SUB BAGIAN TATA USAHA,,,,,,,,,,,,,,,,,,,,,,,,,,,,,2,,770,,,1.00E+11,,,SUB BAGIAN TATA USAHA,,"JL. R.A. KARTINI, NO.11 PALU",,,,,,0,,,,,
1068,49,SEKRETARIAT DAERAH,34461,SEKRETARIS DAERAH,I.b,72,ASISTEN PEREKONOMIAN DAN PEMBANGUNAN,39771,ASISTEN PEREKONOMIAN DAN PEMBANGUNAN,II.a,118,BIRO PENGADAAN BARANG/JASA,38323,KEPALA BIRO PENGADAAN BARANG/JASA,II.b,123,BAGIAN PENGELOLAAN LAYANAN PENGADAAN SECARA ELEKTRONIK,38358,KEPALA BAGIAN PENGELOLAAN LAYANAN PENGADAAN SECARA ELEKTRONIK,III.a,124,SUB BAGIAN PENGELOLAAN SISTEM PENGADAAN SECARA ELEKTRONIK,38476,KEPALA SUB BAGIAN PENGELOLAAN SISTEM PENGADAAN SECARA ELEKTRONIK,IV.a,,,,,,,,,,,,,,,,4,,123,38476,IV.a,1.00E+11,41,KEPALA SUB BAGIAN PENGELOLAAN SISTEM PENGADAAN SECARA ELEKTRONIK,SUB BAGIAN PENGELOLAAN SISTEM PENGADAAN SECARA ELEKTRONIK,133,JL. SAM RATULANGI NO.101 PALU,,,,,,1,,,,,
1069,49,SEKRETARIAT DAERAH,34461,SEKRETARIS DAERAH,I.b,144,ASISTEN ADMINISTRASI UMUM,33353,ASISTEN ADMINISTRASI UMUM,II.a,145,BIRO ORGANISASI,33354,KEPALA BIRO ORGANISASI,II.b,150,BAGIAN ANALISA DAN KOMPETENSI JABATAN,34031,KEPALA BAGIAN ANALISA DAN KOMPETENSI JABATAN,III.a,151,SUB BAGIAN ANALISA DAN FORMASI JABATAN,34032,KEPALA SUB BAGIAN ANALISA DAN FORMASI JABATAN,IV.a,,,,,,,,,,,,,,,,4,,150,34032,IV.a,1.00E+11,41,KEPALA SUB BAGIAN ANALISA DAN FORMASI JABATAN,SUB BAGIAN ANALISA DAN FORMASI JABATAN,133,JL. SAM RATULANGI NO.101 PALU,,,,,,1,,,,,
1070,12,DINAS KESEHATAN,34343,KEPALA DINAS KESEHATAN,II.a,751,SEKRETARIAT,34344,SEKRETARIS,III.a,,,,,,,,,,,,,,,,,,,,,,,,,,,,,,,1,,12,34344,III.a,1.00E+11,31,SEKRETARIS,SEKRETARIAT,141,"JL. R.A. KARTINI, NO.11 PALU",,,,,,1,,,,,
1071,49,SEKRETARIAT DAERAH,34461,SEKRETARIS DAERAH,I.b,144,ASISTEN ADMINISTRASI UMUM,33353,ASISTEN ADMINISTRASI UMUM,II.a,145,BIRO ORGANISASI,33354,KEPALA BIRO ORGANISASI,II.b,150,BAGIAN ANALISA DAN KOMPETENSI JABATAN,34031,KEPALA BAGIAN ANALISA DAN KOMPETENSI JABATAN,III.a,,,,,,,,,,,,,,,,,,,,,3,,145,34031,III.a,1.00E+11,31,KEPALA BAGIAN ANALISA DAN KOMPETENSI JABATAN,BAGIAN ANALISA DAN KOMPETENSI JABATAN,141,JL. SAM RATULANGI NO.101 PALU,,,,,,1,,,,,
1072,49,SEKRETARIAT DAERAH,34461,SEKRETARIS DAERAH,I.b,144,ASISTEN ADMINISTRASI UMUM,33353,ASISTEN ADMINISTRASI UMUM,II.a,145,BIRO ORGANISASI,33354,KEPALA BIRO ORGANISASI,II.b,154,BAGIAN KINERJA DAN PELAYANAN PUBLIK,34039,KEPALA BAGIAN KINERJA DAN PELAYANAN PUBLIK,III.a,157,SUB BAGIAN PELAYANAN PUBLIK,34046,KEPALA SUB BAGIAN PELAYANAN PUBLIK,IV.a,,,,,,,,,,,,,,,,4,,154,34046,IV.a,1.00E+11,41,KEPALA SUB BAGIAN PELAYANAN PUBLIK,SUB BAGIAN PELAYANAN PUBLIK,133,JL. SAM RATULANGI NO.101 PALU,,,,,,1,,,,,
1073,12,DINAS KESEHATAN,34343,KEPALA DINAS KESEHATAN,II.a,998,UPT RUMAH SAKIT MADANI PALU,34406,KEPALA UPT RUMAH SAKIT MADANI PALU,III.a,,,,,,,,,,,,,,,,,,,,,,,,,,,,,,,1,UPTD Tipe A,12,34406,III.a,1.00E+11,31,KEPALA UPT RUMAH SAKIT MADANI PALU,UPT RUMAH SAKIT MADANI PALU,141,"JL. R.A. KARTINI, NO.11 PALU",,,,,,1,,,,,
1074,49,SEKRETARIAT DAERAH,34461,SEKRETARIS DAERAH,I.b,144,ASISTEN ADMINISTRASI UMUM,33353,ASISTEN ADMINISTRASI UMUM,II.a,145,BIRO ORGANISASI,33354,KEPALA BIRO ORGANISASI,II.b,154,BAGIAN KINERJA DAN PELAYANAN PUBLIK,34039,KEPALA BAGIAN KINERJA DAN PELAYANAN PUBLIK,III.a,,,,,,,,,,,,,,,,,,,,,3,,145,34039,III.a,1.00E+11,31,KEPALA BAGIAN KINERJA DAN PELAYANAN PUBLIK,BAGIAN KINERJA DAN PELAYANAN PUBLIK,141,JL. SAM RATULANGI NO.101 PALU,,,,,,1,,,,,
1075,25,DINAS PERHUBUNGAN,33482,KEPALA DINAS PERHUBUNGAN,II.a,416,BIDANG PELAYARAN LAUT DAN LLASDP,33492,KEPALA BIDANG PELAYARAN LAUT DAN LLASDP,III.a,,,,,,,,,,,,,,,,,,,,,,,,,,,,,,,1,,25,33492,III.a,1.02E+11,31,KEPALA BIDANG PELAYARAN LAUT DAN LLASDP,BIDANG PELAYARAN LAUT DAN LLASDP,141,JL. R.A. KARTINI NO.35 PALU,,,,,,1,,,,,
1076,12,DINAS KESEHATAN,34343,KEPALA DINAS KESEHATAN,II.a,766,UPT BALAI PENDIDIKAN PELATIHAN KESEHATAN,34382,KEPALA UPT BALAI PENDIDIKAN PELATIHAN KESEHATAN,III.b,,,,,,,,,,,,,,,,,,,,,,,,,,,,,,,1,UPTD Tipe A,12,34382,III.b,1.00E+11,32,KEPALA UPT BALAI PENDIDIKAN PELATIHAN KESEHATAN,UPT BALAI PENDIDIKAN PELATIHAN KESEHATAN,134,"JL. R.A. KARTINI, NO.11 PALU",,,,,,1,,,,,
1077,49,SEKRETARIAT DAERAH,34461,SEKRETARIS DAERAH,I.b,144,ASISTEN ADMINISTRASI UMUM,33353,ASISTEN ADMINISTRASI UMUM,II.a,158,BIRO UMUM,34048,KEPALA BIRO UMUM,II.b,159,BAGIAN RUMAH TANGGA,34050,KEPALA BAGIAN RUMAH TANGGA,III.a,,,,,,,,,,,,,,,,,,,,,3,,158,34050,III.a,1.00E+11,31,KEPALA BAGIAN RUMAH TANGGA,BAGIAN RUMAH TANGGA,141,JL. SAM RATULANGI NO.101 PALU,,,,,,1,,,,,
1078,12,DINAS KESEHATAN,34343,KEPALA DINAS KESEHATAN,II.a,766,UPT BALAI PENDIDIKAN PELATIHAN KESEHATAN,34382,KEPALA UPT BALAI PENDIDIKAN PELATIHAN KESEHATAN,III.b,769,SEKSI PENGENDALIAN MUTU,34385,KEPALA SEKSI PENGENDALIAN MUTU,IV.a,,,,,,,,,,,,,,,,,,,,,,,,,,2,,766,34385,IV.a,1.00E+11,41,KEPALA SEKSI PENGENDALIAN MUTU,SEKSI PENGENDALIAN MUTU,133,"JL. R.A. KARTINI, NO.11 PALU",,,,,,1,,,,,
1079,12,DINAS KESEHATAN,34343,KEPALA DINAS KESEHATAN,II.a,998,UPT RUMAH SAKIT MADANI PALU,34406,KEPALA UPT RUMAH SAKIT MADANI PALU,III.a,999,BAGIAN TATA USAHA,34407,KEPALA BAGIAN TATA USAHA,III.a,,,,,,,,,,,,,,,,,,,,,,,,,,2,,998,34407,III.a,1.00E+11,31,KEPALA BAGIAN TATA USAHA,BAGIAN TATA USAHA,141,"JL. R.A. KARTINI, NO.11 PALU",,,,,,1,,,,,
1080,49,SEKRETARIAT DAERAH,34461,SEKRETARIS DAERAH,I.b,144,ASISTEN ADMINISTRASI UMUM,33353,ASISTEN ADMINISTRASI UMUM,II.a,158,BIRO UMUM,34048,KEPALA BIRO UMUM,II.b,163,BAGIAN ADMINISTRASI KEUANGAN DAN ASET,34059,KEPALA BAGIAN ADMINISTRASI KEUANGAN DAN ASET,III.a,165,SUB BAGIAN AKUNTANSI DAN PENATAUSAHAAN ASET,34061,KEPALA SUB BAGIAN AKUNTANSI DAN PENATAUSAHAAN ASET,IV.a,,,,,,,,,,,,,,,,4,,163,34061,IV.a,1.00E+11,41,KEPALA SUB BAGIAN AKUNTANSI DAN PENATAUSAHAAN ASET,SUB BAGIAN AKUNTANSI DAN PENATAUSAHAAN ASET,133,JL. SAM RATULANGI NO.101 PALU,,,,,,1,,,,,
1081,12,DINAS KESEHATAN,34343,KEPALA DINAS KESEHATAN,II.a,770,UPT LABORATORIUM KESEHATAN,,,,,,,,,,,,,,,,,,,,,,,,,,,,,,,,,,1,UPTD Tipe A,12,,,1.00E+11,,,UPT LABORATORIUM KESEHATAN,,"JL. R.A. KARTINI, NO.11 PALU",,,,,,0,,,,,
1082,27,DINAS KOPERASI USAHA KECIL DAN MENENGAH,34231,KEPALA DINAS KOPERASI USAHA KECIL DAN MENENGAH,II.a,905,SEKRETARIAT,34232,SEKRETARIS,III.a,907,SUB BAGIAN KEPEGAWAIAN DAN UMUM,34235,KEPALA SUB BAGIAN KEPEGAWAIAN DAN UMUM,IV.a,,,,,,,,,,,,,,,,,,,,,,,,,,2,,905,34235,IV.a,1.02E+11,41,KEPALA SUB BAGIAN KEPEGAWAIAN DAN UMUM,SUB BAGIAN KEPEGAWAIAN DAN UMUM,133,JL. KARTINI NO.17 PALU,,,,,,1,,,,,
1083,10,DINAS PENDIDIKAN,33499,KEPALA DINAS PENDIDIKAN,II.a,494,CABANG DINAS PENDIDIKAN MENENGAH WILAYAH VI TOLITOLI DAN BUOL,33503,KEPALA CABANG DINAS PENDIDIKAN MENENGAH WILAYAH VI TOLITOLI DAN BUOL,III.b,1104,SMK NEGERI 1 TOLITOLI KAB. TOLITOLI,34335,KEPALA SMK NEGERI 1 TOLITOLI KAB. TOLITOLI,,,,,,,,,,,,,,,,,,,,,,,,,,,2,SMK,494,34335,,1.03E+11,,KEPALA SMK NEGERI 1 TOLITOLI KAB. TOLITOLI,SMK NEGERI 1 TOLITOLI KAB. TOLITOLI,,"JL. SETIA BUDI, NO.9 PALU",,,,,,1,,,,,
1084,30,DINAS PERPUSTAKAAN DAN KEARSIPAN DAERAH,33886,KEPALA DINAS PERPUSTAKAAN DAN KEARSIPAN DAERAH,II.a,698,"BIDANG DEPOSIT, PENGEMBANGAN KOLEKSI, PENGOLAHAN DAN KONSERVASI BAHAN PERPUSTAKAAN",33891,"KEPALA BIDANG DEPOSIT, PENGEMBANGAN KOLEKSI, PENGOLAHAN DAN KONSERVASI BAHAN PERPUSTAKAAN",III.a,,,,,,,,,,,,,,,,,,,,,,,,,,,,,,,1,,30,33891,III.a,1.02E+11,31,"KEPALA BIDANG DEPOSIT, PENGEMBANGAN KOLEKSI, PENGOLAHAN DAN KONSERVASI BAHAN PERPUSTAKAAN","BIDANG DEPOSIT, PENGEMBANGAN KOLEKSI, PENGOLAHAN DAN KONSERVASI BAHAN PERPUSTAKAAN",141,JL. BANTENG NO. 6 PALU,,,,,,1,,,,,
1085,32,DINAS TANAMAN PANGAN DAN HORTIKULTURA,37620,KEPALA DINAS TANAMAN PANGAN DAN HORTIKULTURA,II.a,846,UPTD PENDIDIKAN DAN PELATIHAN,37599,KEPALA UPT PENDIDIKAN DAN PELATIHAN,III.b,849,SEKSI PENDIDIKAN DAN PELATIHAN PERTANIAN NON APARATUR,37615,KEPALA SEKSI PENDIDIKAN DAN PELATIHAN PERTANIAN NON APARATUR,IV.a,,,,,,,,,,,,,,,,,,,,,,,,,,2,,846,37615,IV.a,1.03E+11,41,KEPALA SEKSI PENDIDIKAN DAN PELATIHAN PERTANIAN NON APARATUR,SEKSI PENDIDIKAN DAN PELATIHAN PERTANIAN NON APARATUR,133,JL. R.A. KARTINI NO. 80 PALU,,,,,,1,,,,,
1086,17,DINAS TENAGA KERJA DAN TRANSMIGRASI,34947,KEPALA DINAS TENAGA KERJA DAN TRANSMIGRASI,II.a,719,"BIDANG PENGEMBANGAN KAWASAN TRANSMIGRASI, DAERAH TERTINGGAL DAN DAERAH TERTENTU",35022,"KEPALA BIDANG PENGEMBANGAN KAWASAN TRANSMIGRASI, DAERAH TERTINGGAL DAN DAERAH TERTENTU",III.a,720,"SEKSI PENGEMBANGAN EKONOMI DAN SUMBER DAYA MANUSIA MASYARAKAT TRANSMIGRASI, DAERAH TERTINGGAL DAN DAERAH TERTENTU",35031,"KEPALA SEKSI PENGEMBANGAN EKONOMI DAN SUMBER DAYA MANUSIA MASYARAKAT TRANSMIGRASI, DAERAH TERTINGGAL DAN DAERAH TERTENTU",IV.a,,,,,,,,,,,,,,,,,,,,,,,,,,2,,719,35031,IV.a,1.01E+11,41,"KEPALA SEKSI PENGEMBANGAN EKONOMI DAN SUMBER DAYA MANUSIA MASYARAKAT TRANSMIGRASI, DAERAH TERTINGGAL DAN DAERAH TERTENTU","SEKSI PENGEMBANGAN EKONOMI DAN SUMBER DAYA MANUSIA MASYARAKAT TRANSMIGRASI, DAERAH TERTINGGAL DAN DAERAH TERTENTU",133,JL. R.A. KARTINI NO. 98 PALU,,,,,,1,,,,,
1087,49,SEKRETARIAT DAERAH,34461,SEKRETARIS DAERAH,I.b,144,ASISTEN ADMINISTRASI UMUM,33353,ASISTEN ADMINISTRASI UMUM,II.a,158,BIRO UMUM,34048,KEPALA BIRO UMUM,II.b,159,BAGIAN RUMAH TANGGA,34050,KEPALA BAGIAN RUMAH TANGGA,III.a,160,SUB BAGIAN URUSAN RUMAH TANGGA GUBERNUR,34052,KEPALA SUB BAGIAN URUSAN RUMAH TANGGA GUBERNUR,IV.a,,,,,,,,,,,,,,,,4,,159,34052,IV.a,1.00E+11,41,KEPALA SUB BAGIAN URUSAN RUMAH TANGGA GUBERNUR,SUB BAGIAN URUSAN RUMAH TANGGA GUBERNUR,133,JL. SAM RATULANGI NO.101 PALU,,,,,,1,,,,,
1088,32,DINAS TANAMAN PANGAN DAN HORTIKULTURA,37620,KEPALA DINAS TANAMAN PANGAN DAN HORTIKULTURA,II.a,833,BIDANG PENYULUHAN,37593,KEPALA BIDANG PENYULUHAN,III.a,,,,,,,,,,,,,,,,,,,,,,,,,,,,,,,1,,32,37593,III.a,1.03E+11,31,KEPALA BIDANG PENYULUHAN,BIDANG PENYULUHAN,141,JL. R.A. KARTINI NO. 80 PALU,,,,,,1,,,,,
1089,49,SEKRETARIAT DAERAH,34461,SEKRETARIS DAERAH,I.b,72,ASISTEN PEREKONOMIAN DAN PEMBANGUNAN,39771,ASISTEN PEREKONOMIAN DAN PEMBANGUNAN,II.a,118,BIRO PENGADAAN BARANG/JASA,38323,KEPALA BIRO PENGADAAN BARANG/JASA,II.b,119,BAGIAN PENGELOLAAN PENGADAAN BARANG/JASA,38334,KEPALA BAGIAN PENGELOLAAN PENGADAAN BARANG/JASA,III.a,121,SUB BAGIAN PELAKSANAAN PENGADAAN BARANG/JASA,38390,KEPALA SUB BAGIAN PELAKSANAAN PENGADAAN BARANG/JASA,IV.a,,,,,,,,,,,,,,,,4,,119,38390,IV.a,1.00E+11,41,KEPALA SUB BAGIAN PELAKSANAAN PENGADAAN BARANG/JASA,SUB BAGIAN PELAKSANAAN PENGADAAN BARANG/JASA,133,JL. SAM RATULANGI NO.101 PALU,,,,,,1,,,,,
1090,12,DINAS KESEHATAN,34343,KEPALA DINAS KESEHATAN,II.a,751,SEKRETARIAT,34344,SEKRETARIS,III.a,753,SUB BAGIAN KEPEGAWAIAN DAN UMUM,34352,KEPALA SUB BAGIAN KEPEGAWAIAN DAN UMUM,IV.a,,,,,,,,,,,,,,,,,,,,,,,,,,2,,751,34352,IV.a,1.00E+11,41,KEPALA SUB BAGIAN KEPEGAWAIAN DAN UMUM,SUB BAGIAN KEPEGAWAIAN DAN UMUM,133,"JL. R.A. KARTINI, NO.11 PALU",,,,,,1,,,,,
1091,10,DINAS PENDIDIKAN,33499,KEPALA DINAS PENDIDIKAN,II.a,489,"CABANG DINAS PENDIDIKAN MENENGAH WILAYAH V KAB.BANGGAI, KAB. BANGGAI KEPULAUAN DAN KAB. BANGGAI LAUT",33502,"KEPALA CABANG DINAS PENDIDIKAN MENENGAH WILAYAH V KAB.BANGGAI, KAB. BANGGAI KEPULAUAN DAN KAB. BANGGAI LAUT",III.b,1050,SMK NEGERI 1 BALANTAK UTARA KAB. BANGGAI,34211,KEPALA SMK NEGERI 1 BALANTAK UTARA KAB. BANGGAI,,,,,,,,,,,,,,,,,,,,,,,,,,,2,SMK,489,34211,,1.03E+11,,KEPALA SMK NEGERI 1 BALANTAK UTARA KAB. BANGGAI,SMK NEGERI 1 BALANTAK UTARA KAB. BANGGAI,,"JL. SETIA BUDI, NO.9 PALU",,,,,,1,,,,,
1092,10,DINAS PENDIDIKAN,33499,KEPALA DINAS PENDIDIKAN,II.a,484,CABANG DINAS PENDIDIKAN MENENGAH WILAYAH III KAB. POSO DAN KAB. TOJO UNA-UNA,33704,KEPALA CABANG DINAS PENDIDIKAN MENENGAH WILAYAH III KAB. POSO DAN KAB. TOJO UNA-UNA,III.b,618,SMK NEGERI 1 AMPANA KOTA KAB. TOJO UNA-UNA,33738,KEPALA SMK NEGERI 1 AMPANA KOTA KAB. TOJO UNA-UNA,,,,,,,,,,,,,,,,,,,,,,,,,,,2,SMK,484,33738,,1.03E+11,,KEPALA SMK NEGERI 1 AMPANA KOTA KAB. TOJO UNA-UNA,SMK NEGERI 1 AMPANA KOTA KAB. TOJO UNA-UNA,,"JL. SETIA BUDI, NO.9 PALU",,,,,,1,,,,,
1093,16,DINAS SOSIAL,33907,KEPALA DINAS SOSIAL,II.a,865,UPT PANTI SOSIAL REHABILITASI TUNA SOSIAL,33969,KEPALA UPT PANTI SOSIAL REHABILITASI TUNA SOSIAL,III.b,866,SUB BAGIAN TATA USAHA,33970,KEPALA SUB BAGIAN TATA USAHA,IV.a,,,,,,,,,,,,,,,,,,,,,,,,,,2,,865,33970,IV.a,1.01E+11,41,KEPALA SUB BAGIAN TATA USAHA,SUB BAGIAN TATA USAHA,133,JL. PROF. MOH. YAMIN NO. 15 PALU,,,,,,1,,,,,
1094,12,DINAS KESEHATAN,34343,KEPALA DINAS KESEHATAN,II.a,998,UPT RUMAH SAKIT MADANI PALU,34406,KEPALA UPT RUMAH SAKIT MADANI PALU,III.a,999,BAGIAN TATA USAHA,34407,KEPALA BAGIAN TATA USAHA,III.a,1000,SUB BAGIAN KEPEGAWAIAN DAN UMUM,34408,KEPALA SUB BAGIAN KEPEGAWAIAN DAN UMUM,IV.a,,,,,,,,,,,,,,,,,,,,,3,,999,34408,IV.a,1.00E+11,41,KEPALA SUB BAGIAN KEPEGAWAIAN DAN UMUM,SUB BAGIAN KEPEGAWAIAN DAN UMUM,133,"JL. R.A. KARTINI, NO.11 PALU",,,,,,1,,,,,
1095,25,DINAS PERHUBUNGAN,33482,KEPALA DINAS PERHUBUNGAN,II.a,411,UPT PENGELOLAAN PRASARANA PERHUBUNGAN,33495,KEPALA UPT PENGELOLAAN PRASARANA PERHUBUNGAN,III.b,413,SEKSI PENGELOLAAN PELABUHAN,33496,KEPALA SEKSI PENGELOLAAN PELABUHAN,IV.a,,,,,,,,,,,,,,,,,,,,,,,,,,2,,411,33496,IV.a,1.02E+11,41,KEPALA SEKSI PENGELOLAAN PELABUHAN,SEKSI PENGELOLAAN PELABUHAN,133,JL. R.A. KARTINI NO.35 PALU,,,,,,1,,,,,
1096,35,DINAS PERINDUSTRIAN DAN PERDAGANGAN,33359,KEPALA DINAS PERINDUSTRIAN DAN PERDAGANGAN,II.a,94,BIDANG PEMBANGUNAN SUMBER DAYA INDUSTRI,33365,KEPALA BIDANG PEMBANGUNAN SUMBER DAYA INDUSTRI,III.a,,,,,,,,,,,,,,,,,,,,,,,,,,,,,,,1,,35,33365,III.a,1.02E+11,31,KEPALA BIDANG PEMBANGUNAN SUMBER DAYA INDUSTRI,BIDANG PEMBANGUNAN SUMBER DAYA INDUSTRI,141,JL. R.A. KARTINI NO.18 PALU,,,,,,1,,,,,
1097,17,DINAS TENAGA KERJA DAN TRANSMIGRASI,34947,KEPALA DINAS TENAGA KERJA DAN TRANSMIGRASI,II.a,707,"BIDANG PEMBINAAN PELATIHAN, PERLUASAN PENEMPATAN DAN PRODUKTIVITAS TENAGA KERJA",34961,"KEPALA BIDANG PEMBINAAN PELATIHAN, PERLUASAN PENEMPATAN DAN PRODUKTIVITAS TENAGA KERJA",III.a,,,,,,,,,,,,,,,,,,,,,,,,,,,,,,,1,,17,34961,III.a,1.01E+11,31,"KEPALA BIDANG PEMBINAAN PELATIHAN, PERLUASAN PENEMPATAN DAN PRODUKTIVITAS TENAGA KERJA","BIDANG PEMBINAAN PELATIHAN, PERLUASAN PENEMPATAN DAN PRODUKTIVITAS TENAGA KERJA",141,JL. R.A. KARTINI NO. 98 PALU,,,,,,1,,,,,
1098,3,BADAN PENDAPATAN DAERAH,33784,KEPALA BADAN PENDAPATAN DAERAH,II.a,325,UPTD BADAN PENDAPATAN WILAYAH IV,33834,KEPALA UPTD BADAN PENDAPATAN WILAYAH IV,III.b,328,SEKSI PENETAPAN DAN PENAGIHAN,33838,KEPALA SEKSI PENETAPAN DAN PENAGIHAN,IV.a,,,,,,,,,,,,,,,,,,,,,,,,,,2,,325,33838,IV.a,1.03E+11,41,KEPALA SEKSI PENETAPAN DAN PENAGIHAN,SEKSI PENETAPAN DAN PENAGIHAN,133,JL. PROF. DR. MOH. YAMIN NO. 34 PALU,,,,,,1,,,,,
1099,49,SEKRETARIAT DAERAH,34461,SEKRETARIS DAERAH,I.b,144,ASISTEN ADMINISTRASI UMUM,33353,ASISTEN ADMINISTRASI UMUM,II.a,158,BIRO UMUM,34048,KEPALA BIRO UMUM,II.b,167,BAGIAN TATA USAHA,34063,KEPALA BAGIAN TATA USAHA,III.a,,,,,,,,,,,,,,,,,,,,,3,,158,34063,III.a,1.00E+11,31,KEPALA BAGIAN TATA USAHA,BAGIAN TATA USAHA,141,JL. SAM RATULANGI NO.101 PALU,,,,,,1,,,,,
1100,49,SEKRETARIAT DAERAH,34461,SEKRETARIS DAERAH,I.b,144,ASISTEN ADMINISTRASI UMUM,33353,ASISTEN ADMINISTRASI UMUM,II.a,158,BIRO UMUM,34048,KEPALA BIRO UMUM,II.b,167,BAGIAN TATA USAHA,34063,KEPALA BAGIAN TATA USAHA,III.a,168,SUB BAGIAN TATA USAHA PIMPINAN DAN STAF AHLI,34064,KEPALA SUB BAGIAN TATA USAHA PIMPINAN DAN STAF AHLI,IV.a,,,,,,,,,,,,,,,,4,,167,34064,IV.a,1.00E+11,41,KEPALA SUB BAGIAN TATA USAHA PIMPINAN DAN STAF AHLI,SUB BAGIAN TATA USAHA PIMPINAN DAN STAF AHLI,133,JL. SAM RATULANGI NO.101 PALU,,,,,,1,,,,,
1101,32,DINAS TANAMAN PANGAN DAN HORTIKULTURA,37620,KEPALA DINAS TANAMAN PANGAN DAN HORTIKULTURA,II.a,834,UPTD BALAI PERBENIHAN TANAMAN PANGAN DAN HORTIKULTURA,37594,KEPALA UPT BALAI PERBENIHAN TPH,III.b,,,,,,,,,,,,,,,,,,,,,,,,,,,,,,,1,,32,37594,III.b,1.03E+11,32,KEPALA UPT BALAI PERBENIHAN TPH,UPTD BALAI PERBENIHAN TANAMAN PANGAN DAN HORTIKULTURA,134,JL. R.A. KARTINI NO. 80 PALU,,,,,,1,,,,,
1102,3,BADAN PENDAPATAN DAERAH,33784,KEPALA BADAN PENDAPATAN DAERAH,II.a,301,BIDANG PENGELOLAAN PENDAPATAN DAERAH,33791,KEPALA BIDANG PENGELOLAAN PENDAPATAN DAERAH,III.a,302,SUB BIDANG PAJAK DAERAH,33792,KEPALA SUB BIDANG PAJAK DAERAH,IV.a,,,,,,,,,,,,,,,,,,,,,,,,,,2,,301,33792,IV.a,1.03E+11,41,KEPALA SUB BIDANG PAJAK DAERAH,SUB BIDANG PAJAK DAERAH,133,JL. PROF. DR. MOH. YAMIN NO. 34 PALU,,,,,,1,,,,,
1103,3,BADAN PENDAPATAN DAERAH,33784,KEPALA BADAN PENDAPATAN DAERAH,II.a,333,UPTD BADAN PENDAPATAN WILAYAH VI,33846,KEPALA UPTD BADAN PENDAPATAN WILAYAH VI,III.b,,,,,,,,,,,,,,,,,,,,,,,,,,,,,,,1,,3,33846,III.b,1.03E+11,32,KEPALA UPTD BADAN PENDAPATAN WILAYAH VI,UPTD BADAN PENDAPATAN WILAYAH VI,134,JL. PROF. DR. MOH. YAMIN NO. 34 PALU,,,,,,1,,,,,
1104,10,DINAS PENDIDIKAN,33499,KEPALA DINAS PENDIDIKAN,II.a,494,CABANG DINAS PENDIDIKAN MENENGAH WILAYAH VI TOLITOLI DAN BUOL,33503,KEPALA CABANG DINAS PENDIDIKAN MENENGAH WILAYAH VI TOLITOLI DAN BUOL,III.b,1114,SLB NEGERI TOLITOLI KAB. TOLITOLI,34350,KEPALA SLB NEGERI TOLITOLI KAB. TOLITOLI,,,,,,,,,,,,,,,,,,,,,,,,,,,2,SLB,494,34350,,1.03E+11,,KEPALA SLB NEGERI TOLITOLI KAB. TOLITOLI,SLB NEGERI TOLITOLI KAB. TOLITOLI,,"JL. SETIA BUDI, NO.9 PALU",,,,,,1,,,,,
1105,25,DINAS PERHUBUNGAN,33482,KEPALA DINAS PERHUBUNGAN,II.a,416,BIDANG PELAYARAN LAUT DAN LLASDP,33492,KEPALA BIDANG PELAYARAN LAUT DAN LLASDP,III.a,417,SEKSI KEPELABUHANAN,33493,KEPALA SEKSI KEPELABUHANAN,IV.a,,,,,,,,,,,,,,,,,,,,,,,,,,2,,416,33493,IV.a,1.02E+11,41,KEPALA SEKSI KEPELABUHANAN,SEKSI KEPELABUHANAN,133,JL. R.A. KARTINI NO.35 PALU,,,,,,1,,,,,
1106,35,DINAS PERINDUSTRIAN DAN PERDAGANGAN,33359,KEPALA DINAS PERINDUSTRIAN DAN PERDAGANGAN,II.a,106,UPTD PENGEMBANGAN PRODUK INDUSTRI PANGAN DAN KERAJINAN DAERAH,33372,KEPALA UPT PENGEMBANGAN PRODUK INDUSTRI PANGAN DAN KERAJINAN DAERAH,III.b,110,SEKSI INDUSTRI KEMASAN DAN KERAJINAN DAERAH,33375,KEPALA SEKSI INDUSTRI KEMASAN DAN KERAJINAN DAERAH,IV.a,,,,,,,,,,,,,,,,,,,,,,,,,,2,UPTD Tipe A,106,33375,IV.a,1.02E+11,41,KEPALA SEKSI INDUSTRI KEMASAN DAN KERAJINAN DAERAH,SEKSI INDUSTRI KEMASAN DAN KERAJINAN DAERAH,133,JL. R.A. KARTINI NO.18 PALU,,,,,,1,,,,,
1107,10,DINAS PENDIDIKAN,33499,KEPALA DINAS PENDIDIKAN,II.a,489,"CABANG DINAS PENDIDIKAN MENENGAH WILAYAH V KAB.BANGGAI, KAB. BANGGAI KEPULAUAN DAN KAB. BANGGAI LAUT",33502,"KEPALA CABANG DINAS PENDIDIKAN MENENGAH WILAYAH V KAB.BANGGAI, KAB. BANGGAI KEPULAUAN DAN KAB. BANGGAI LAUT",III.b,1049,SMA NEGERI 1 MANTOH KAB. BANGGAI,34210,KEPALA SMA NEGERI 1 MANTOH KAB. BANGGAI,,,,,,,,,,,,,,,,,,,,,,,,,,,2,SMA,489,34210,,1.03E+11,,KEPALA SMA NEGERI 1 MANTOH KAB. BANGGAI,SMA NEGERI 1 MANTOH KAB. BANGGAI,,"JL. SETIA BUDI, NO.9 PALU",,,,,,1,,,,,
1108,36,DINAS ENERGI DAN SUMBER DAYA MINERAL,33744,KEPALA DINAS ENERGI DAN SUMBER DAYA MINERAL,II.a,662,CABANG DINAS ENERGI DAN SUMBER DAYA MINERAL WILAYAH V,33947,KEPALA CABANG DINAS ENERGI DAN SUMBER DAYA MINERAL WILAYAH V,III.b,665,"SEKSI AIR, TANAH DAN ENERGI",33951,"KEPALA SEKSI AIR, TANAH DAN ENERGI",IV.a,,,,,,,,,,,,,,,,,,,,,,,,,,2,,662,33951,IV.a,1.02E+11,41,"KEPALA SEKSI AIR, TANAH DAN ENERGI","SEKSI AIR, TANAH DAN ENERGI",133,JL. SAM RATULANGI NO.25 PALU,,,,,,1,,,,,
1109,31,DINAS KELAUTAN DAN PERIKANAN,34250,KEPALA DINAS KELAUTAN DAN PERIKANAN,II.a,791,UPTD PENERAPAN MUTU HASIL PERIKANAN,34279,KEPALA UPTD PENERAPAN MUTU HASIL PERIKANAN,III.b,792,SUB BAGIAN TATA USAHA,34280,KEPALA SUB BAGIAN TATA USAHA,IV.a,,,,,,,,,,,,,,,,,,,,,,,,,,2,,791,34280,IV.a,1.02E+11,41,KEPALA SUB BAGIAN TATA USAHA,SUB BAGIAN TATA USAHA,133,JL. UNDATA NO.7 PALU,,,,,,1,,,,,
1110,49,SEKRETARIAT DAERAH,34461,SEKRETARIS DAERAH,I.b,144,ASISTEN ADMINISTRASI UMUM,33353,ASISTEN ADMINISTRASI UMUM,II.a,158,BIRO UMUM,34048,KEPALA BIRO UMUM,II.b,167,BAGIAN TATA USAHA,34063,KEPALA BAGIAN TATA USAHA,III.a,170,SUB BAGIAN PERSURATAN DAN ARSIP,34066,KEPALA SUB BAGIAN PERSURATAN DAN ARSIP,IV.a,,,,,,,,,,,,,,,,4,,167,34066,IV.a,1.00E+11,41,KEPALA SUB BAGIAN PERSURATAN DAN ARSIP,SUB BAGIAN PERSURATAN DAN ARSIP,133,JL. SAM RATULANGI NO.101 PALU,,,,,,1,,,,,
1111,12,DINAS KESEHATAN,34343,KEPALA DINAS KESEHATAN,II.a,754,BIDANG KESEHATAN MASYARAKAT,34354,KEPALA BIDANG KESEHATAN MASYARAKAT,III.a,756,"SEKSI KESEHATAN LINGKUNGAN, KESEHATAN KERJA DAN KESEHATAN OLAHRAGA",34357,"KEPALA SEKSI KESEHATAN LINGKUNGAN, KESEHATAN KERJA DAN KESEHATAN OLAHRAGA",IV.a,,,,,,,,,,,,,,,,,,,,,,,,,,2,,754,34357,IV.a,1.00E+11,41,"KEPALA SEKSI KESEHATAN LINGKUNGAN, KESEHATAN KERJA DAN KESEHATAN OLAHRAGA","SEKSI KESEHATAN LINGKUNGAN, KESEHATAN KERJA DAN KESEHATAN OLAHRAGA",133,"JL. R.A. KARTINI, NO.11 PALU",,,,,,1,,,,,
1112,49,SEKRETARIAT DAERAH,34461,SEKRETARIS DAERAH,I.b,144,ASISTEN ADMINISTRASI UMUM,33353,ASISTEN ADMINISTRASI UMUM,II.a,158,BIRO UMUM,34048,KEPALA BIRO UMUM,II.b,171,BIRO ADMINISTRASI PIMPINAN,34067,KEPALA BIRO ADMINISTRASI PIMPINAN,II.b,173,BAGIAN PERENCANAAN DAN KEPEGAWAIAN SETDA,,,,,,,,,,,,,,,,,,,4,,171,,,1.00E+11,,,BAGIAN PERENCANAAN DAN KEPEGAWAIAN SETDA,,JL. SAM RATULANGI NO.101 PALU,,,,,,0,,,,,
1113,49,SEKRETARIAT DAERAH,34461,SEKRETARIS DAERAH,I.b,144,ASISTEN ADMINISTRASI UMUM,33353,ASISTEN ADMINISTRASI UMUM,II.a,158,BIRO UMUM,34048,KEPALA BIRO UMUM,II.b,171,BIRO ADMINISTRASI PIMPINAN,34067,KEPALA BIRO ADMINISTRASI PIMPINAN,II.b,,,,,,,,,,,,,,,,,,,,,3,,158,34067,II.b,1.00E+11,22,KEPALA BIRO ADMINISTRASI PIMPINAN,BIRO ADMINISTRASI PIMPINAN,142,JL. SAM RATULANGI NO.101 PALU,,,,,,0,,,,,
1115,49,SEKRETARIAT DAERAH,34461,SEKRETARIS DAERAH,I.b,144,ASISTEN ADMINISTRASI UMUM,33353,ASISTEN ADMINISTRASI UMUM,II.a,175,BIRO ADMINISTRASI PIMPINAN,34480,KEPALA BIRO ADMINISTRASI PIMPINAN,II.b,,,,,,,,,,,,,,,,,,,,,,,,,,2,,144,34480,II.b,1.00E+11,22,KEPALA BIRO ADMINISTRASI PIMPINAN,BIRO ADMINISTRASI PIMPINAN,142,JL. SAM RATULANGI NO.101 PALU,,,,,,1,,,,,
1116,36,DINAS ENERGI DAN SUMBER DAYA MINERAL,33744,KEPALA DINAS ENERGI DAN SUMBER DAYA MINERAL,II.a,654,CABANG DINAS ENERGI DAN SUMBER DAYA MINERAL WILAYAH III,33939,KEPALA CABANG DINAS ENERGI DAN SUMBER DAYA MINERAL WILAYAH III,III.b,655,SUB BAGIAN TATA USAHA,33940,KEPALA SUB BAGIAN TATA USAHA,IV.a,,,,,,,,,,,,,,,,,,,,,,,,,,2,,654,33940,IV.a,1.02E+11,41,KEPALA SUB BAGIAN TATA USAHA,SUB BAGIAN TATA USAHA,133,JL. SAM RATULANGI NO.25 PALU,,,,,,1,,,,,
1117,10,DINAS PENDIDIKAN,33499,KEPALA DINAS PENDIDIKAN,II.a,481,CABANG DINAS PENDIDIKAN MENENGAH WILAYAH II KAB. DONGGALA DAN KAB. PARIGI MOUTONG,33639,KEPALA CABANG DINAS PENDIDIKAN MENENGAH WILAYAH II KAB. DONGGALA DAN KAB. PARIGI MOUTONG,III.b,533,SLB NEGERI DALAKA KAB. DONGGALA,33650,KEPALA SLB NEGERI DALAKA KAB. DONGGALA,,,,,,,,,,,,,,,,,,,,,,,,,,,2,SLB,481,33650,,1.03E+11,,KEPALA SLB NEGERI DALAKA KAB. DONGGALA,SLB NEGERI DALAKA KAB. DONGGALA,,"JL. SETIA BUDI, NO.9 PALU",,,,,,1,,,,,
1118,49,SEKRETARIAT DAERAH,34461,SEKRETARIS DAERAH,I.b,72,ASISTEN PEREKONOMIAN DAN PEMBANGUNAN,39771,ASISTEN PEREKONOMIAN DAN PEMBANGUNAN,II.a,131,BIRO ADMINISTRASI PEMBANGUNAN,34464,KEPALA BIRO ADMINISTRASI PEMBANGUNAN,II.b,132,BAGIAN PENGENDALIAN ADMINISTRASI PELAKSANAAN PEMBANGUNAN DAERAH,34466,KEPALA BAGIAN PENGENDALIAN ADMINISTRASI PELAKSANAAN PEMBANGUNAN DAERAH,III.a,,,,,,,,,,,,,,,,,,,,,3,,131,34466,III.a,1.00E+11,31,KEPALA BAGIAN PENGENDALIAN ADMINISTRASI PELAKSANAAN PEMBANGUNAN DAERAH,BAGIAN PENGENDALIAN ADMINISTRASI PELAKSANAAN PEMBANGUNAN DAERAH,141,JL. SAM RATULANGI NO.101 PALU,,,,,,1,,,,,
1119,12,DINAS KESEHATAN,34343,KEPALA DINAS KESEHATAN,II.a,1135,UPT LABORATORIUM KESEHATAN,38704,KEPALA UPT LABORATORIUM KESEHATAN,III.b,1139,SEKSI PELAYANAN DAN MUTU,38707,KEPALA SEKSI PELAYANAN DAN MUTU,IV.a,,,,,,,,,,,,,,,,,,,,,,,,,,2,,1135,38707,IV.a,1.00E+11,41,KEPALA SEKSI PELAYANAN DAN MUTU,SEKSI PELAYANAN DAN MUTU,133,"JL. R.A. KARTINI, NO.11 PALU",,,,,,1,,,,,
1120,10,DINAS PENDIDIKAN,33499,KEPALA DINAS PENDIDIKAN,II.a,489,"CABANG DINAS PENDIDIKAN MENENGAH WILAYAH V KAB.BANGGAI, KAB. BANGGAI KEPULAUAN DAN KAB. BANGGAI LAUT",33502,"KEPALA CABANG DINAS PENDIDIKAN MENENGAH WILAYAH V KAB.BANGGAI, KAB. BANGGAI KEPULAUAN DAN KAB. BANGGAI LAUT",III.b,6,SMA NEGERI 1 LUWUK TIMUR KAB. BANGGAI,34193,KEPALA SMA NEGERI 1 LUWUK TIMUR KAB. BANGGAI,,,,,,,,,,,,,,,,,,,,,,,,,,,2,SMA,489,34193,,1.03E+11,,KEPALA SMA NEGERI 1 LUWUK TIMUR KAB. BANGGAI,SMA NEGERI 1 LUWUK TIMUR KAB. BANGGAI,,"JL. SETIA BUDI, NO.9 PALU",,,,,,1,,,,,
1121,3,BADAN PENDAPATAN DAERAH,33784,KEPALA BADAN PENDAPATAN DAERAH,II.a,301,BIDANG PENGELOLAAN PENDAPATAN DAERAH,33791,KEPALA BIDANG PENGELOLAAN PENDAPATAN DAERAH,III.a,303,SUB BIDANG RETRIBUSI DAERAH DAN PENDAPATAN LAIN-LAIN,33793,KEPALA SUB BIDANG RETRIBUSI DAERAH DAN PENDAPATAN LAIN-LAIN,IV.a,,,,,,,,,,,,,,,,,,,,,,,,,,2,,301,33793,IV.a,1.03E+11,41,KEPALA SUB BIDANG RETRIBUSI DAERAH DAN PENDAPATAN LAIN-LAIN,SUB BIDANG RETRIBUSI DAERAH DAN PENDAPATAN LAIN-LAIN,133,JL. PROF. DR. MOH. YAMIN NO. 34 PALU,,,,,,1,,,,,
1122,3,BADAN PENDAPATAN DAERAH,33784,KEPALA BADAN PENDAPATAN DAERAH,II.a,1149,UPTD BADAN PENDAPATAN WILAYAH XIII,40775,KEPALA UPTD BADAN PENDAPATAN WILAYAH XIII,III.b,1156,SEKSI PELAYANAN PAJAK KENDARAAN BERMOTOR DAN BEA BALIK NAMA KENDARAAN BERMOTOR,40778,KEPALA SEKSI PELAYANAN PAJAK KENDARAAN BERMOTOR DAN BEA BALIK NAMA KENDARAAN BERMOTOR,IV.a,,,,,,,,,,,,,,,,,,,,,,,,,,2,,1149,40778,IV.a,1.03E+11,41,KEPALA SEKSI PELAYANAN PAJAK KENDARAAN BERMOTOR DAN BEA BALIK NAMA KENDARAAN BERMOTOR,SEKSI PELAYANAN PAJAK KENDARAAN BERMOTOR DAN BEA BALIK NAMA KENDARAAN BERMOTOR,133,JL. PROF. DR. MOH. YAMIN NO. 34 PALU,,,,,,1,,,,,
1123,12,DINAS KESEHATAN,34343,KEPALA DINAS KESEHATAN,II.a,757,BIDANG PENCEGAHAN DAN PENGENDALIAN PENYAKIT,34359,KEPALA BIDANG PENCEGAHAN DAN PENGENDALIAN PENYAKIT,III.a,758,SEKSI PENCEGAHAN DAN PENGENDALIAN PENYAKIT MENULAR,34360,KEPALA SEKSI PENCEGAHAN DAN PENGENDALIAN PENYAKIT MENULAR,IV.a,,,,,,,,,,,,,,,,,,,,,,,,,,2,,757,34360,IV.a,1.00E+11,41,KEPALA SEKSI PENCEGAHAN DAN PENGENDALIAN PENYAKIT MENULAR,SEKSI PENCEGAHAN DAN PENGENDALIAN PENYAKIT MENULAR,133,"JL. R.A. KARTINI, NO.11 PALU",,,,,,1,,,,,
1124,10,DINAS PENDIDIKAN,33499,KEPALA DINAS PENDIDIKAN,II.a,489,"CABANG DINAS PENDIDIKAN MENENGAH WILAYAH V KAB.BANGGAI, KAB. BANGGAI KEPULAUAN DAN KAB. BANGGAI LAUT",33502,"KEPALA CABANG DINAS PENDIDIKAN MENENGAH WILAYAH V KAB.BANGGAI, KAB. BANGGAI KEPULAUAN DAN KAB. BANGGAI LAUT",III.b,,,,,,,,,,,,,,,,,,,,,,,,,,,,,,,1,Cabang,10,33502,III.b,1.03E+11,32,"KEPALA CABANG DINAS PENDIDIKAN MENENGAH WILAYAH V KAB.BANGGAI, KAB. BANGGAI KEPULAUAN DAN KAB. BANGGAI LAUT","CABANG DINAS PENDIDIKAN MENENGAH WILAYAH V KAB.BANGGAI, KAB. BANGGAI KEPULAUAN DAN KAB. BANGGAI LAUT",134,"JL. SETIA BUDI, NO.9 PALU",,,,,,1,,,,,
1125,10,DINAS PENDIDIKAN,33499,KEPALA DINAS PENDIDIKAN,II.a,365,CABANG DINAS PENDIDIKAN MENENGAH WILAYAH I KOTA PALU DAN KAB. SIGI,33513,KEPALA CABANG DINAS PENDIDIKAN MENENGAH WILAYAH I KOTA PALU DAN KAB. SIGI,III.b,406,SMA NEGERI OLAHRAGA TADULAKO PALU KOTA PALU,33530,KEPALA SMA NEGERI OLAHRAGA TADULAKO PALU KOTA PALU,,,,,,,,,,,,,,,,,,,,,,,,,,,2,SMA,365,33530,,1.03E+11,,KEPALA SMA NEGERI OLAHRAGA TADULAKO PALU KOTA PALU,SMA NEGERI OLAHRAGA TADULAKO PALU KOTA PALU,,"JL. SETIA BUDI, NO.9 PALU",,,,,,1,,,,,
1128,10,DINAS PENDIDIKAN,33499,KEPALA DINAS PENDIDIKAN,II.a,489,"CABANG DINAS PENDIDIKAN MENENGAH WILAYAH V KAB.BANGGAI, KAB. BANGGAI KEPULAUAN DAN KAB. BANGGAI LAUT",33502,"KEPALA CABANG DINAS PENDIDIKAN MENENGAH WILAYAH V KAB.BANGGAI, KAB. BANGGAI KEPULAUAN DAN KAB. BANGGAI LAUT",III.b,1051,SLB NEGERI LUWUK KAB. BANGGAI,34212,KEPALA SLB NEGERI LUWUK KAB. BANGGAI,,,,,,,,,,,,,,,,,,,,,,,,,,,2,SLB,489,34212,,1.03E+11,,KEPALA SLB NEGERI LUWUK KAB. BANGGAI,SLB NEGERI LUWUK KAB. BANGGAI,,"JL. SETIA BUDI, NO.9 PALU",,,,,,1,,,,,
1129,10,DINAS PENDIDIKAN,33499,KEPALA DINAS PENDIDIKAN,II.a,481,CABANG DINAS PENDIDIKAN MENENGAH WILAYAH II KAB. DONGGALA DAN KAB. PARIGI MOUTONG,33639,KEPALA CABANG DINAS PENDIDIKAN MENENGAH WILAYAH II KAB. DONGGALA DAN KAB. PARIGI MOUTONG,III.b,542,SMA NEGERI 2 SOJOL KAB. DONGGALA,33659,KEPALA SMA NEGERI 2 SOJOL KAB. DONGGALA,IV.a,,,,,,,,,,,,,,,,,,,,,,,,,,2,SMA,481,33659,IV.a,1.03E+11,41,KEPALA SMA NEGERI 2 SOJOL KAB. DONGGALA,SMA NEGERI 2 SOJOL KAB. DONGGALA,133,"JL. SETIA BUDI, NO.9 PALU",,,,,,1,,,,,
1130,36,DINAS ENERGI DAN SUMBER DAYA MINERAL,33744,KEPALA DINAS ENERGI DAN SUMBER DAYA MINERAL,II.a,658,CABANG DINAS ENERGI DAN SUMBER DAYA MINERAL WILAYAH IV,33943,KEPALA CABANG DINAS ENERGI DAN SUMBER DAYA MINERAL WILAYAH IV,III.b,661,"SEKSI AIR, TANAH DAN ENERGI",33946,"KEPALA SEKSI AIR, TANAH DAN ENERGI",IV.a,,,,,,,,,,,,,,,,,,,,,,,,,,2,,658,33946,IV.a,1.02E+11,41,"KEPALA SEKSI AIR, TANAH DAN ENERGI","SEKSI AIR, TANAH DAN ENERGI",133,JL. SAM RATULANGI NO.25 PALU,,,,,,1,,,,,
1132,1,BADAN PERENCANAAN PEMBANGUNAN DAERAH,33570,KEPALA BADAN PERENCANAAN PEMBANGUNAN DAERAH,II.a,231,BIDANG PEMERINTAHAN DAN PEMBANGUNAN MANUSIA,33575,KEPALA BIDANG PEMERINTAHAN DAN PEMBANGUNAN MANUSIA,III.a,,,,,,,,,,,,,,,,,,,,,,,,,,,,,,,1,,1,33575,III.a,1.04E+11,31,KEPALA BIDANG PEMERINTAHAN DAN PEMBANGUNAN MANUSIA,BIDANG PEMERINTAHAN DAN PEMBANGUNAN MANUSIA,141,JL. MOH. YAMIN NO. 7 PALU,,,,,,1,,,,,
259,34,DINAS KEHUTANAN,33380,KEPALA DINAS KEHUTANAN,II.a,479,UPTD KESATUAN PENGELOLAAN HUTAN TOPEASA MAROSO,33419,KEPALA UPTD KESATUAN PENGELOLAAN HUTAN TOPEASA MAROSO,III.b,,,,,,,,,,,,,,,,,,,,,,,,,,,,,,,1,,12,33419,III.b,1.02E+11,32,KEPALA UPTD KESATUAN PENGELOLAAN HUTAN TOPEASA MAROSO,UPTD KESATUAN PENGELOLAAN HUTAN TOPEASA MAROSO,134,JL. S. PARMAN NO. 9 PALU,,,,,,1,,,,,
1131,34,DINAS KEHUTANAN,33380,KEPALA DINAS KEHUTANAN,II.a,510,UPTD KESATUAN PENGELOLAAN HUTAN TOILI BATURUBE,33392,KEPALA UPTD KESATUAN PENGELOLAAN HUTAN TOILI BATURUBE,III.b,513,SEKSI PERENCANAAN DAN PEMANFAATAN HUTAN,33394,KEPALA SEKSI PERENCANAAN DAN PEMANFAATAN HUTAN,IV.a,,,,,,,,,,,,,,,,,,,,,,,,,,2,,510,33394,IV.a,1.02E+11,41,KEPALA SEKSI PERENCANAAN DAN PEMANFAATAN HUTAN,SEKSI PERENCANAAN DAN PEMANFAATAN HUTAN,133,JL. S. PARMAN NO. 9 PALU,,,,,,1,,,,,
1133,49,SEKRETARIAT DAERAH,34461,SEKRETARIS DAERAH,I.b,189,STAF AHLI GUBERNUR BIDANG PEMERINTAHAN DAN KESEJAHTERAAN RAKYAT,33352,STAF AHLI GUBERNUR BIDANG PEMERINTAHAN DAN KESEJAHTERAAN RAKYAT,II.a,,,,,,,,,,,,,,,,,,,,,,,,,,,,,,,1,,49,33352,II.a,1.00E+11,21,STAF AHLI GUBERNUR BIDANG PEMERINTAHAN DAN KESEJAHTERAAN RAKYAT,STAF AHLI GUBERNUR BIDANG PEMERINTAHAN DAN KESEJAHTERAAN RAKYAT,143,JL. SAM RATULANGI NO.101 PALU,,,,,,1,,,,,
1134,49,SEKRETARIAT DAERAH,34461,SEKRETARIS DAERAH,I.b,190,STAF AHLI GUBERNUR BIDANG EKONOMI DAN PEMBANGUNAN,33351,STAF AHLI GUBERNUR BIDANG EKONOMI DAN PEMBANGUNAN,II.a,,,,,,,,,,,,,,,,,,,,,,,,,,,,,,,1,,49,33351,II.a,1.00E+11,21,STAF AHLI GUBERNUR BIDANG EKONOMI DAN PEMBANGUNAN,STAF AHLI GUBERNUR BIDANG EKONOMI DAN PEMBANGUNAN,143,JL. SAM RATULANGI NO.101 PALU,,,,,,1,,,,,
1135,12,DINAS KESEHATAN,34343,KEPALA DINAS KESEHATAN,II.a,776,UPT PUSAT PELAYANAN KESELAMATAN TERPADU,34386,KEPALA UPT PUSAT PELAYANAN KESELAMATAN TERPADU,III.b,,,,,,,,,,,,,,,,,,,,,,,,,,,,,,,1,UPTD Tipe A,12,34386,III.b,1.00E+11,32,KEPALA UPT PUSAT PELAYANAN KESELAMATAN TERPADU,UPT PUSAT PELAYANAN KESELAMATAN TERPADU,134,"JL. R.A. KARTINI, NO.11 PALU",,,,,,1,,,,,
1137,26,"DINAS KOMUNIKASI, INFORMATIKA, PERSANDIAN DAN STATISTIK",33973,"KEPALA DINAS KOMUNIKASI, INFORMATIKA, PERSANDIAN DAN STATISTIK",II.a,276,BIDANG PERSANDIAN,33979,KEPALA BIDANG PERSANDIAN,III.a,,,,,,,,,,,,,,,,,,,,,,,,,,,,,,,1,,26,33979,III.a,1.03E+11,31,KEPALA BIDANG PERSANDIAN,BIDANG PERSANDIAN,141,JL. KARTINI NO. 106 PALU,,,,,,1,,,,,
1138,49,SEKRETARIAT DAERAH,34461,SEKRETARIS DAERAH,I.b,144,ASISTEN ADMINISTRASI UMUM,33353,ASISTEN ADMINISTRASI UMUM,II.a,175,BIRO ADMINISTRASI PIMPINAN,34480,KEPALA BIRO ADMINISTRASI PIMPINAN,II.b,176,BAGIAN PERENCANAAN DAN KEPEGAWAIAN SETDA,34482,KEPALA BAGIAN PERENCANAAN DAN KEPEGAWAIAN SETDA,III.a,177,SUB BAGIAN PERENCANAAN DAN PELAPORAN,34484,KEPALA SUB BAGIAN PERENCANAAN DAN PELAPORAN,IV.a,,,,,,,,,,,,,,,,4,,176,34484,IV.a,1.00E+11,41,KEPALA SUB BAGIAN PERENCANAAN DAN PELAPORAN,SUB BAGIAN PERENCANAAN DAN PELAPORAN,133,JL. SAM RATULANGI NO.101 PALU,,,,,,1,,,,,
1139,14,DINAS CIPTA KARYA DAN SUMBER DAYA AIR,33805,KEPALA DINAS CIPTA KARYA DAN SUMBER DAYA AIR,II.a,670,BIDANG AIR MINUM DAN PENYEHATAN LINGKUNGAN PERMUKIMAN,33810,KEPALA BIDANG AIR MINUM DAN PENYEHATAN LINGKUNGAN PERMUKIMAN,III.a,671,SEKSI PENGEMBANGAN SISTEM PENYEDIAAN AIR MINUM,33811,KEPALA SEKSI PENGEMBANGAN SISTEM PENYEDIAAN AIR MINUM,IV.a,,,,,,,,,,,,,,,,,,,,,,,,,,2,,670,33811,IV.a,1.01E+11,41,KEPALA SEKSI PENGEMBANGAN SISTEM PENYEDIAAN AIR MINUM,SEKSI PENGEMBANGAN SISTEM PENYEDIAAN AIR MINUM,133,JL. PROF. MOH. YAMIN NO.33 PALU,,,,,,1,,,,,
1140,12,DINAS KESEHATAN,34343,KEPALA DINAS KESEHATAN,II.a,776,UPT PUSAT PELAYANAN KESELAMATAN TERPADU,34386,KEPALA UPT PUSAT PELAYANAN KESELAMATAN TERPADU,III.b,777,SUB BAGIAN TATA USAHA,34387,KEPALA SUB BAGIAN TATA USAHA,IV.a,,,,,,,,,,,,,,,,,,,,,,,,,,2,,776,34387,IV.a,1.00E+11,41,KEPALA SUB BAGIAN TATA USAHA,SUB BAGIAN TATA USAHA,133,"JL. R.A. KARTINI, NO.11 PALU",,,,,,1,,,,,
1142,10,DINAS PENDIDIKAN,33499,KEPALA DINAS PENDIDIKAN,II.a,489,"CABANG DINAS PENDIDIKAN MENENGAH WILAYAH V KAB.BANGGAI, KAB. BANGGAI KEPULAUAN DAN KAB. BANGGAI LAUT",33502,"KEPALA CABANG DINAS PENDIDIKAN MENENGAH WILAYAH V KAB.BANGGAI, KAB. BANGGAI KEPULAUAN DAN KAB. BANGGAI LAUT",III.b,47,SMK NEGERI 1 MOILONG KAB. BANGGAI,34199,KEPALA SMK NEGERI 1 MOILONG KAB. BANGGAI,,,,,,,,,,,,,,,,,,,,,,,,,,,2,SMK,489,34199,,1.03E+11,,KEPALA SMK NEGERI 1 MOILONG KAB. BANGGAI,SMK NEGERI 1 MOILONG KAB. BANGGAI,,"JL. SETIA BUDI, NO.9 PALU",,,,,,1,,,,,
1144,49,SEKRETARIAT DAERAH,34461,SEKRETARIS DAERAH,I.b,144,ASISTEN ADMINISTRASI UMUM,33353,ASISTEN ADMINISTRASI UMUM,II.a,175,BIRO ADMINISTRASI PIMPINAN,34480,KEPALA BIRO ADMINISTRASI PIMPINAN,II.b,180,BAGIAN MATERI DAN KOMUNIKASI PIMPINAN,34492,KEPALA BAGIAN MATERI DAN KOMUNIKASI PIMPINAN,III.a,183,SUB BAGIAN DOKUMENTASI PIMPINAN,34496,KEPALA SUB BAGIAN DOKUMENTASI PIMPINAN,IV.a,,,,,,,,,,,,,,,,4,,180,34496,IV.a,1.00E+11,41,KEPALA SUB BAGIAN DOKUMENTASI PIMPINAN,SUB BAGIAN DOKUMENTASI PIMPINAN,133,JL. SAM RATULANGI NO.101 PALU,,,,,,1,,,,,
1145,12,DINAS KESEHATAN,34343,KEPALA DINAS KESEHATAN,II.a,766,UPT BALAI PENDIDIKAN PELATIHAN KESEHATAN,34382,KEPALA UPT BALAI PENDIDIKAN PELATIHAN KESEHATAN,III.b,767,SUB BAGIAN TATA USAHA,34383,KEPALA SUB BAGIAN TATA USAHA,IV.a,,,,,,,,,,,,,,,,,,,,,,,,,,2,,766,34383,IV.a,1.00E+11,41,KEPALA SUB BAGIAN TATA USAHA,SUB BAGIAN TATA USAHA,133,"JL. R.A. KARTINI, NO.11 PALU",,,,,,1,,,,,
1146,12,DINAS KESEHATAN,34343,KEPALA DINAS KESEHATAN,II.a,967,UPT RUMAH SAKIT UMUM DAERAH UNDATA,34390,KEPALA UPT RUMAH SAKIT UMUM DAERAH UNDATA,II.b,978,WAKIL DIREKTUR UMUM DAN KEUANGAN,34401,KEPALA WAKIL DIREKTUR UMUM DAN KEUANGAN,III.a,,,,,,,,,,,,,,,,,,,,,,,,,,2,,967,34401,III.a,1.00E+11,31,KEPALA WAKIL DIREKTUR UMUM DAN KEUANGAN,WAKIL DIREKTUR UMUM DAN KEUANGAN,141,"JL. R.A. KARTINI, NO.11 PALU",,,,,,1,,,,,
1147,49,SEKRETARIAT DAERAH,34461,SEKRETARIS DAERAH,I.b,72,ASISTEN PEREKONOMIAN DAN PEMBANGUNAN,39771,ASISTEN PEREKONOMIAN DAN PEMBANGUNAN,II.a,73,BIRO PEREKONOMIAN,34712,KEPALA BIRO PEREKONOMIAN,II.b,,,,,,,,,,,,,,,,,,,,,,,,,,2,,72,34712,II.b,1.00E+11,22,KEPALA BIRO PEREKONOMIAN,BIRO PEREKONOMIAN,142,JL. SAM RATULANGI NO.101 PALU,,,,,,1,,,,,
1148,10,DINAS PENDIDIKAN,33499,KEPALA DINAS PENDIDIKAN,II.a,489,"CABANG DINAS PENDIDIKAN MENENGAH WILAYAH V KAB.BANGGAI, KAB. BANGGAI KEPULAUAN DAN KAB. BANGGAI LAUT",33502,"KEPALA CABANG DINAS PENDIDIKAN MENENGAH WILAYAH V KAB.BANGGAI, KAB. BANGGAI KEPULAUAN DAN KAB. BANGGAI LAUT",III.b,30,SMA NEGERI 1 PAGIMANA KAB. BANGGAI,34183,KEPALA SMA NEGERI 1 PAGIMANA KAB. BANGGAI,,,,,,,,,,,,,,,,,,,,,,,,,,,2,SMA,489,34183,,1.03E+11,,KEPALA SMA NEGERI 1 PAGIMANA KAB. BANGGAI,SMA NEGERI 1 PAGIMANA KAB. BANGGAI,,"JL. SETIA BUDI, NO.9 PALU",,,,,,1,,,,,
1141,34,DINAS KEHUTANAN,33380,KEPALA DINAS KEHUTANAN,II.a,500,UPTD KESATUAN PENGELOLAAN HUTAN POGOGUL,33400,KEPALA UPTD KESATUAN PENGELOLAAN HUTAN POGOGUL,III.b,502,SEKSI PERENCANAAN DAN PEMANFAATAN HUTAN,33402,KEPALA SEKSI PERENCANAAN DAN PEMANFAATAN HUTAN,IV.a,,,,,,,,,,,,,,,,,,,,,,,,,,2,,500,33402,IV.a,1.02E+11,41,KEPALA SEKSI PERENCANAAN DAN PEMANFAATAN HUTAN,SEKSI PERENCANAAN DAN PEMANFAATAN HUTAN,133,JL. S. PARMAN NO. 9 PALU,,,,,,1,,,,,
1143,34,DINAS KEHUTANAN,33380,KEPALA DINAS KEHUTANAN,II.a,528,BIDANG PERENCANAAN DAN PEMANFAATAN HUTAN,33384,KEPALA BIDANG PERENCANAAN DAN PEMANFAATAN HUTAN,III.a,,,,,,,,,,,,,,,,,,,,,,,,,,,,,,,1,,12,33384,III.a,1.02E+11,31,KEPALA BIDANG PERENCANAAN DAN PEMANFAATAN HUTAN,BIDANG PERENCANAAN DAN PEMANFAATAN HUTAN,141,JL. S. PARMAN NO. 9 PALU,,,,,,1,,,,,
1149,32,DINAS TANAMAN PANGAN DAN HORTIKULTURA,37620,KEPALA DINAS TANAMAN PANGAN DAN HORTIKULTURA,II.a,827,SEKRETARIAT,37588,SEKRETARIS,III.a,829,SUB BAGIAN KEPEGAWAIAN DAN UMUM,37587,KEPALA SUB BAGIAN KEPEGAWAIAN DAN UMUM,IV.a,,,,,,,,,,,,,,,,,,,,,,,,,,2,,827,37587,IV.a,1.03E+11,41,KEPALA SUB BAGIAN KEPEGAWAIAN DAN UMUM,SUB BAGIAN KEPEGAWAIAN DAN UMUM,133,JL. R.A. KARTINI NO. 80 PALU,,,,,,1,,,,,
1150,10,DINAS PENDIDIKAN,33499,KEPALA DINAS PENDIDIKAN,II.a,489,"CABANG DINAS PENDIDIKAN MENENGAH WILAYAH V KAB.BANGGAI, KAB. BANGGAI KEPULAUAN DAN KAB. BANGGAI LAUT",33502,"KEPALA CABANG DINAS PENDIDIKAN MENENGAH WILAYAH V KAB.BANGGAI, KAB. BANGGAI KEPULAUAN DAN KAB. BANGGAI LAUT",III.b,1054,SMK NEGERI 2 TOILI BARAT KAB. BANGGAI,34215,KEPALA SMK NEGERI 2 TOILI BARAT KAB. BANGGAI,,,,,,,,,,,,,,,,,,,,,,,,,,,2,SMK,489,34215,,1.03E+11,,KEPALA SMK NEGERI 2 TOILI BARAT KAB. BANGGAI,SMK NEGERI 2 TOILI BARAT KAB. BANGGAI,,"JL. SETIA BUDI, NO.9 PALU",,,,,,1,,,,,
1151,49,SEKRETARIAT DAERAH,34461,SEKRETARIS DAERAH,I.b,144,ASISTEN ADMINISTRASI UMUM,33353,ASISTEN ADMINISTRASI UMUM,II.a,175,BIRO ADMINISTRASI PIMPINAN,34480,KEPALA BIRO ADMINISTRASI PIMPINAN,II.b,176,BAGIAN PERENCANAAN DAN KEPEGAWAIAN SETDA,34482,KEPALA BAGIAN PERENCANAAN DAN KEPEGAWAIAN SETDA,III.a,179,SUB BAGIAN TATA USAHA,34490,KEPALA SUB BAGIAN TATA USAHA,IV.a,,,,,,,,,,,,,,,,4,,176,34490,IV.a,1.00E+11,41,KEPALA SUB BAGIAN TATA USAHA,SUB BAGIAN TATA USAHA,133,JL. SAM RATULANGI NO.101 PALU,,,,,,1,,,,,
1152,12,DINAS KESEHATAN,34343,KEPALA DINAS KESEHATAN,II.a,967,UPT RUMAH SAKIT UMUM DAERAH UNDATA,34390,KEPALA UPT RUMAH SAKIT UMUM DAERAH UNDATA,II.b,989,BIDANG PROGRAM DAN EVALUASI,34403,KEPALA BIDANG PROGRAM DAN EVALUASI,III.a,,,,,,,,,,,,,,,,,,,,,,,,,,2,,967,34403,III.a,1.00E+11,31,KEPALA BIDANG PROGRAM DAN EVALUASI,BIDANG PROGRAM DAN EVALUASI,141,"JL. R.A. KARTINI, NO.11 PALU",,,,,,1,,,,,
1153,49,SEKRETARIAT DAERAH,34461,SEKRETARIS DAERAH,I.b,1,ASISTEN PEMERINTAHAN DAN KESEJAHTERAAN RAKYAT,34132,ASISTEN PEMERINTAHAN DAN KESEJAHTERAAN RAKYAT,II.a,9,BIRO KESEJAHTERAAN RAKYAT,34118,KEPALA BIRO KESEJAHTERAAN RAKYAT,II.b,55,BAGIAN KESEJAHTERAAN RAKYAT PELAYANAN DASAR,34109,KEPALA BAGIAN KESEJAHTERAAN RAKYAT PELAYANAN DASAR,III.a,58,SUB BAGIAN PENDIDIKAN,34106,KEPALA SUB BAGIAN PENDIDIKAN,IV.a,,,,,,,,,,,,,,,,4,,55,34106,IV.a,1.00E+11,41,KEPALA SUB BAGIAN PENDIDIKAN,SUB BAGIAN PENDIDIKAN,133,JL. SAM RATULANGI NO.101 PALU,,,,,,1,,,,,
1154,14,DINAS CIPTA KARYA DAN SUMBER DAYA AIR,33805,KEPALA DINAS CIPTA KARYA DAN SUMBER DAYA AIR,II.a,666,SEKRETARIAT,33806,SEKRETARIS,III.a,668,SUB BAGIAN KEUANGAN DAN ASET,33808,KEPALA SUB BAGIAN KEUANGAN DAN ASET,IV.a,,,,,,,,,,,,,,,,,,,,,,,,,,2,,666,33808,IV.a,1.01E+11,41,KEPALA SUB BAGIAN KEUANGAN DAN ASET,SUB BAGIAN KEUANGAN DAN ASET,133,JL. PROF. MOH. YAMIN NO.33 PALU,,,,,,1,,,,,
1155,14,DINAS CIPTA KARYA DAN SUMBER DAYA AIR,33805,KEPALA DINAS CIPTA KARYA DAN SUMBER DAYA AIR,II.a,686,UPT PENGELOLAAN SUMBER DAYA AIR WILAYAH I,33877,KEPALA UPT PENGELOLAAN SUMBER DAYA AIR WILAYAH I,III.b,688,SEKSI OPERASI DAN PEMELIHARAAN,33880,KEPALA SEKSI OPERASI DAN PEMELIHARAAN,IV.a,,,,,,,,,,,,,,,,,,,,,,,,,,2,,686,33880,IV.a,1.01E+11,41,KEPALA SEKSI OPERASI DAN PEMELIHARAAN,SEKSI OPERASI DAN PEMELIHARAAN,133,JL. PROF. MOH. YAMIN NO.33 PALU,,,,,,1,,,,,
1156,12,DINAS KESEHATAN,34343,KEPALA DINAS KESEHATAN,II.a,967,UPT RUMAH SAKIT UMUM DAERAH UNDATA,34390,KEPALA UPT RUMAH SAKIT UMUM DAERAH UNDATA,II.b,982,BAGIAN KEUANGAN,38702,KEPALA BAGIAN KEUANGAN,III.b,,,,,,,,,,,,,,,,,,,,,,,,,,2,,967,38702,III.b,1.00E+11,32,KEPALA BAGIAN KEUANGAN,BAGIAN KEUANGAN,134,"JL. R.A. KARTINI, NO.11 PALU",,,,,,1,,,,,
1157,14,DINAS CIPTA KARYA DAN SUMBER DAYA AIR,33805,KEPALA DINAS CIPTA KARYA DAN SUMBER DAYA AIR,II.a,682,UPT SISTEM PENGELOLAAN AIR MINUM DAERAH,33837,KEPALA UPT SISTEM PENGELOLAAN AIR MINUM DAERAH,III.b,,,,,,,,,,,,,,,,,,,,,,,,,,,,,,,1,UPTD Tipe A,14,33837,III.b,1.01E+11,32,KEPALA UPT SISTEM PENGELOLAAN AIR MINUM DAERAH,UPT SISTEM PENGELOLAAN AIR MINUM DAERAH,134,JL. PROF. MOH. YAMIN NO.33 PALU,,,,,,1,,,,,
1158,14,DINAS CIPTA KARYA DAN SUMBER DAYA AIR,33805,KEPALA DINAS CIPTA KARYA DAN SUMBER DAYA AIR,II.a,666,SEKRETARIAT,33806,SEKRETARIS,III.a,,,,,,,,,,,,,,,,,,,,,,,,,,,,,,,1,,14,33806,III.a,1.01E+11,31,SEKRETARIS,SEKRETARIAT,141,JL. PROF. MOH. YAMIN NO.33 PALU,,,,,,1,,,,,
1159,10,DINAS PENDIDIKAN,33499,KEPALA DINAS PENDIDIKAN,II.a,484,CABANG DINAS PENDIDIKAN MENENGAH WILAYAH III KAB. POSO DAN KAB. TOJO UNA-UNA,33704,KEPALA CABANG DINAS PENDIDIKAN MENENGAH WILAYAH III KAB. POSO DAN KAB. TOJO UNA-UNA,III.b,630,SMA NEGERI WALEA KEPULAUAN KAB. TOJO UNA-UNA,33782,KEPALA SMA NEGERI WALEA KEPULAUAN KAB. TOJO UNA-UNA,,,,,,,,,,,,,,,,,,,,,,,,,,,2,SMA,484,33782,,1.03E+11,,KEPALA SMA NEGERI WALEA KEPULAUAN KAB. TOJO UNA-UNA,SMA NEGERI WALEA KEPULAUAN KAB. TOJO UNA-UNA,,"JL. SETIA BUDI, NO.9 PALU",,,,,,1,,,,,
1160,31,DINAS KELAUTAN DAN PERIKANAN,34250,KEPALA DINAS KELAUTAN DAN PERIKANAN,II.a,819,UPTD PELABUHAN PERIKANAN DAN KAWASAN KONSERVASI PESISIR DAN PULAU-PULAU KECIL WILAYAH VI,34317,KEPALA UPTD PELABUHAN PERIKANAN DAN KAWASAN KONSERVASI PESISIR DAN PULAU-PULAU KECIL WILAYAH VI,III.b,822,SEKSI KONSERVASI DAN PENGAWASAN,34320,KEPALA SEKSI KONSERVASI DAN PENGAWASAN,IV.a,,,,,,,,,,,,,,,,,,,,,,,,,,2,,819,34320,IV.a,1.02E+11,41,KEPALA SEKSI KONSERVASI DAN PENGAWASAN,SEKSI KONSERVASI DAN PENGAWASAN,133,JL. UNDATA NO.7 PALU,,,,,,1,,,,,
1161,13,DINAS BINA MARGA DAN TATA RUANG,33455,KEPALA DINAS BINA MARGA DAN PENATAAN RUANG,II.a,393,UPT LABORATORIUM DAN PENGUJIAN BAHAN,33456,KEPALA UPT LABORATORIUM DAN PENGUJIAN BAHAN,III.b,395,SEKSI PELAYANAN DAN PENGUJIAN,33458,KEPALA SEKSI PELAYANAN DAN PENGUJIAN,IV.a,,,,,,,,,,,,,,,,,,,,,,,,,,2,,393,33458,IV.a,1.00E+11,41,KEPALA SEKSI PELAYANAN DAN PENGUJIAN,SEKSI PELAYANAN DAN PENGUJIAN,133,"JL. TOWUA, NO. 85 PALU",,,,,,1,,,,,
1162,32,DINAS TANAMAN PANGAN DAN HORTIKULTURA,37620,KEPALA DINAS TANAMAN PANGAN DAN HORTIKULTURA,II.a,830,BIDANG SARANA DAN PRASARANA,37590,KEPALA BIDANG SARANA DAN PRASARANA,III.a,,,,,,,,,,,,,,,,,,,,,,,,,,,,,,,1,,32,37590,III.a,1.03E+11,31,KEPALA BIDANG SARANA DAN PRASARANA,BIDANG SARANA DAN PRASARANA,141,JL. R.A. KARTINI NO. 80 PALU,,,,,,1,,,,,
1163,12,DINAS KESEHATAN,34343,KEPALA DINAS KESEHATAN,II.a,967,UPT RUMAH SAKIT UMUM DAERAH UNDATA,34390,KEPALA UPT RUMAH SAKIT UMUM DAERAH UNDATA,II.b,992,"BIDANG PENDIDIKAN, LATIHAN DAN PENELITIAN",34405,"KEPALA BIDANG PENDIDIKAN, LATIHAN DAN PENELITIAN",IV.a,993,SEKSI PENELITIAN,,,,,,,,,,,,,,,,,,,,,,,,3,,992,,,1.00E+11,,,SEKSI PENELITIAN,,"JL. R.A. KARTINI, NO.11 PALU",,,,,,0,,,,,
1164,31,DINAS KELAUTAN DAN PERIKANAN,34250,KEPALA DINAS KELAUTAN DAN PERIKANAN,II.a,791,UPTD PENERAPAN MUTU HASIL PERIKANAN,34279,KEPALA UPTD PENERAPAN MUTU HASIL PERIKANAN,III.b,793,SEKSI PENGUJIAN MUTU,34282,KEPALA SEKSI PENGUJIAN MUTU,IV.a,,,,,,,,,,,,,,,,,,,,,,,,,,2,,791,34282,IV.a,1.02E+11,41,KEPALA SEKSI PENGUJIAN MUTU,SEKSI PENGUJIAN MUTU,133,JL. UNDATA NO.7 PALU,,,,,,1,,,,,
1165,10,DINAS PENDIDIKAN,33499,KEPALA DINAS PENDIDIKAN,II.a,357,SEKRETARIAT,33505,KEPALA SEKRETARIAT,III.a,358,SUB BAGIAN PROGRAM,33506,KEPALA SUB BAGIAN PROGRAM,IV.a,,,,,,,,,,,,,,,,,,,,,,,,,,2,,357,33506,IV.a,1.03E+11,41,KEPALA SUB BAGIAN PROGRAM,SUB BAGIAN PROGRAM,133,"JL. SETIA BUDI, NO.9 PALU",,,,,,1,,,,,
1166,10,DINAS PENDIDIKAN,33499,KEPALA DINAS PENDIDIKAN,II.a,484,CABANG DINAS PENDIDIKAN MENENGAH WILAYAH III KAB. POSO DAN KAB. TOJO UNA-UNA,33704,KEPALA CABANG DINAS PENDIDIKAN MENENGAH WILAYAH III KAB. POSO DAN KAB. TOJO UNA-UNA,III.b,588,SEKSI PEMBINAAN SMK,33707,KEPALA SEKSI PEMBINAAN SMK,IV.a,,,,,,,,,,,,,,,,,,,,,,,,,,2,,484,33707,IV.a,1.03E+11,41,KEPALA SEKSI PEMBINAAN SMK,SEKSI PEMBINAAN SMK,133,"JL. SETIA BUDI, NO.9 PALU",,,,,,1,,,,,
1167,14,DINAS CIPTA KARYA DAN SUMBER DAYA AIR,33805,KEPALA DINAS CIPTA KARYA DAN SUMBER DAYA AIR,II.a,676,BIDANG IRIGASI DAN RAWA,33818,KEPALA BIDANG IRIGASI DAN RAWA,III.a,,,,,,,,,,,,,,,,,,,,,,,,,,,,,,,1,,14,33818,III.a,1.01E+11,31,KEPALA BIDANG IRIGASI DAN RAWA,BIDANG IRIGASI DAN RAWA,141,JL. PROF. MOH. YAMIN NO.33 PALU,,,,,,1,,,,,
1168,31,DINAS KELAUTAN DAN PERIKANAN,34250,KEPALA DINAS KELAUTAN DAN PERIKANAN,II.a,795,UPTD PELABUHAN PERIKANAN DAN KAWASAN KONSERVASI PESISIR DAN PULAU - PULAU KECIL WILAYAH I,34284,KEPALA UPTD PELABUHAN PERIKANAN DAN KAWASAN KONSERVASI PESISIR DAN PULAU - PULAU KECIL WILAYAH I,III.b,796,SUB BAGIAN TATA USAHA,34287,KEPALA SUB BAGIAN TATA USAHA,IV.a,,,,,,,,,,,,,,,,,,,,,,,,,,2,,795,34287,IV.a,1.02E+11,41,KEPALA SUB BAGIAN TATA USAHA,SUB BAGIAN TATA USAHA,133,JL. UNDATA NO.7 PALU,,,,,,1,,,,,
1169,4,BADAN PENGELOLAAN KEUANGAN DAN ASET DAERAH,33412,KEPALA BADAN PENGELOLAAN KEUANGAN DAN ASET DAERAH,II.a,213,SEKRETARIAT,33556,SEKRETARIAT,III.a,,,,,,,,,,,,,,,,,,,,,,,,,,,,,,,1,,4,33556,III.a,1.03E+11,31,SEKRETARIAT,SEKRETARIAT,141,JL. SAM RATULANGI NO.101 PALU,,,,,,1,,,,,
1170,17,DINAS TENAGA KERJA DAN TRANSMIGRASI,34947,KEPALA DINAS TENAGA KERJA DAN TRANSMIGRASI,II.a,707,"BIDANG PEMBINAAN PELATIHAN, PERLUASAN PENEMPATAN DAN PRODUKTIVITAS TENAGA KERJA",34961,"KEPALA BIDANG PEMBINAAN PELATIHAN, PERLUASAN PENEMPATAN DAN PRODUKTIVITAS TENAGA KERJA",III.a,708,SEKSI PENEMPATAN DAN PERLUASAN KESEMPATAN KERJA,34965,KEPALA SEKSI PENEMPATAN DAN PERLUASAN KESEMPATAN KERJA,V.a,,,,,,,,,,,,,,,,,,,,,,,,,,2,,707,34965,V.a,1.01E+11,51,KEPALA SEKSI PENEMPATAN DAN PERLUASAN KESEMPATAN KERJA,SEKSI PENEMPATAN DAN PERLUASAN KESEMPATAN KERJA,131,JL. R.A. KARTINI NO. 98 PALU,,,,,,1,,,,,
1171,13,DINAS BINA MARGA DAN TATA RUANG,33455,KEPALA DINAS BINA MARGA DAN PENATAAN RUANG,II.a,377,SEKRETARIAT,33472,SEKRETARIS,III.a,380,SUB BAGIAN KEPEGAWAIAN DAN UMUM,33475,KEPALA SUB BAGIAN KEPEGAWAIAN DAN UMUM,IV.a,,,,,,,,,,,,,,,,,,,,,,,,,,2,,377,33475,IV.a,1.00E+11,41,KEPALA SUB BAGIAN KEPEGAWAIAN DAN UMUM,SUB BAGIAN KEPEGAWAIAN DAN UMUM,133,"JL. TOWUA, NO. 85 PALU",,,,,,1,,,,,
1172,8,BADAN PENANGGULANGAN BENCANA DAERAH,33323,KEPALA BADAN PENANGGULANGAN BENCANA DAERAH,II.a,29,SEKRETARIAT,33324,SEKRETARIS,III.a,30,SUB BAGIAN KEPEGAWAIAN DAN UMUM,33325,KEPALA SUB BAGIAN KEPEGAWAIAN DAN UMUM,IV.a,,,,,,,,,,,,,,,,,,,,,,,,,,2,,29,33325,IV.a,1.03E+11,41,KEPALA SUB BAGIAN KEPEGAWAIAN DAN UMUM,SUB BAGIAN KEPEGAWAIAN DAN UMUM,133,"JL. M.T HARYONO NO.28, PALU",,,,,,1,,,,,
1173,12,DINAS KESEHATAN,34343,KEPALA DINAS KESEHATAN,II.a,967,UPT RUMAH SAKIT UMUM DAERAH UNDATA,34390,KEPALA UPT RUMAH SAKIT UMUM DAERAH UNDATA,II.b,989,BIDANG PROGRAM DAN EVALUASI,34403,KEPALA BIDANG PROGRAM DAN EVALUASI,III.a,990,SEKSI MONITORING DAN EVALUASI,,,,,,,,,,,,,,,,,,,,,,,,3,,989,,,1.00E+11,,,SEKSI MONITORING DAN EVALUASI,,"JL. R.A. KARTINI, NO.11 PALU",,,,,,0,,,,,
1174,4,BADAN PENGELOLAAN KEUANGAN DAN ASET DAERAH,33412,KEPALA BADAN PENGELOLAAN KEUANGAN DAN ASET DAERAH,II.a,213,SEKRETARIAT,33556,SEKRETARIAT,III.a,214,SUB BAGIAN KEPEGAWAIAN DAN UMUM,33557,KEPALA SUB BAGIAN KEPEGAWAIAN DAN UMUM,IV.a,,,,,,,,,,,,,,,,,,,,,,,,,,2,,213,33557,IV.a,1.03E+11,41,KEPALA SUB BAGIAN KEPEGAWAIAN DAN UMUM,SUB BAGIAN KEPEGAWAIAN DAN UMUM,133,JL. SAM RATULANGI NO.101 PALU,,,,,,1,,,,,
1175,13,DINAS BINA MARGA DAN TATA RUANG,33455,KEPALA DINAS BINA MARGA DAN PENATAAN RUANG,II.a,381,BIDANG BINA TEKNIK,33469,KEPALA BIDANG BINA TEKNIK,III.a,,,,,,,,,,,,,,,,,,,,,,,,,,,,,,,1,,13,33469,III.a,1.00E+11,31,KEPALA BIDANG BINA TEKNIK,BIDANG BINA TEKNIK,141,"JL. TOWUA, NO. 85 PALU",,,,,,1,,,,,
1176,12,DINAS KESEHATAN,34343,KEPALA DINAS KESEHATAN,II.a,967,UPT RUMAH SAKIT UMUM DAERAH UNDATA,34390,KEPALA UPT RUMAH SAKIT UMUM DAERAH UNDATA,II.b,988,"WAKIL DIREKTUR PROGRAM, PENDIDIKAN, LATIHAN DAN PENELITIAN",34402,"KEPALA WAKIL DIREKTUR PROGRAM, PENDIDIKAN, LATIHAN DAN PENELITIAN",III.a,,,,,,,,,,,,,,,,,,,,,,,,,,2,,967,34402,III.a,1.00E+11,31,"KEPALA WAKIL DIREKTUR PROGRAM, PENDIDIKAN, LATIHAN DAN PENELITIAN","WAKIL DIREKTUR PROGRAM, PENDIDIKAN, LATIHAN DAN PENELITIAN",141,"JL. R.A. KARTINI, NO.11 PALU",,,,,,1,,,,,
1177,49,SEKRETARIAT DAERAH,34461,SEKRETARIS DAERAH,I.b,144,ASISTEN ADMINISTRASI UMUM,33353,ASISTEN ADMINISTRASI UMUM,II.a,145,BIRO ORGANISASI,33354,KEPALA BIRO ORGANISASI,II.b,154,BAGIAN KINERJA DAN PELAYANAN PUBLIK,34039,KEPALA BAGIAN KINERJA DAN PELAYANAN PUBLIK,III.a,155,SUB BAGIAN AKUNTABILITAS KINERJA,34041,KEPALA SUB BAGIAN AKUNTABILITAS KINERJA,IV.a,,,,,,,,,,,,,,,,4,,154,34041,IV.a,1.00E+11,41,KEPALA SUB BAGIAN AKUNTABILITAS KINERJA,SUB BAGIAN AKUNTABILITAS KINERJA,133,JL. SAM RATULANGI NO.101 PALU,,,,,,1,,,,,
1178,12,DINAS KESEHATAN,34343,KEPALA DINAS KESEHATAN,II.a,967,UPT RUMAH SAKIT UMUM DAERAH UNDATA,34390,KEPALA UPT RUMAH SAKIT UMUM DAERAH UNDATA,II.b,,,,,,,,,,,,,,,,,,,,,,,,,,,,,,,1,UPTD Tipe A,12,34390,II.b,1.00E+11,22,KEPALA UPT RUMAH SAKIT UMUM DAERAH UNDATA,UPT RUMAH SAKIT UMUM DAERAH UNDATA,142,"JL. R.A. KARTINI, NO.11 PALU",,,,,,1,,,,,
1179,12,DINAS KESEHATAN,34343,KEPALA DINAS KESEHATAN,II.a,998,UPT RUMAH SAKIT MADANI PALU,34406,KEPALA UPT RUMAH SAKIT MADANI PALU,III.a,10,BIDANG PELAYANAN,34411,KEPALA BIDANG PELAYANAN,III.a,14,SEKSI KEPERAWATAN DAN KEBIDANAN,34413,KEPALA SEKSI KEPERAWATAN DAN KEBIDANAN,IV.a,,,,,,,,,,,,,,,,,,,,,3,,10,34413,IV.a,1.00E+11,41,KEPALA SEKSI KEPERAWATAN DAN KEBIDANAN,SEKSI KEPERAWATAN DAN KEBIDANAN,133,"JL. R.A. KARTINI, NO.11 PALU",,,,,,1,,,,,
1180,12,DINAS KESEHATAN,34343,KEPALA DINAS KESEHATAN,II.a,967,UPT RUMAH SAKIT UMUM DAERAH UNDATA,34390,KEPALA UPT RUMAH SAKIT UMUM DAERAH UNDATA,II.b,995,BIDANG REKAM MEDIK DAN INFORMASI,34404,KEPALA BIDANG REKAM MEDIK DAN INFORMASI,III.a,,,,,,,,,,,,,,,,,,,,,,,,,,2,,967,34404,III.a,1.00E+11,31,KEPALA BIDANG REKAM MEDIK DAN INFORMASI,BIDANG REKAM MEDIK DAN INFORMASI,141,"JL. R.A. KARTINI, NO.11 PALU",,,,,,1,,,,,
1181,12,DINAS KESEHATAN,34343,KEPALA DINAS KESEHATAN,II.a,967,UPT RUMAH SAKIT UMUM DAERAH UNDATA,34390,KEPALA UPT RUMAH SAKIT UMUM DAERAH UNDATA,II.b,969,BIDANG KEPERAWATAN,34392,KEPALA BIDANG KEPERAWATAN,III.a,970,SEKSI KEPERAWATAN DAN KEBIDANAN,,,,,,,,,,,,,,,,,,,,,,,,3,,969,,,1.00E+11,,,SEKSI KEPERAWATAN DAN KEBIDANAN,,"JL. R.A. KARTINI, NO.11 PALU",,,,,,0,,,,,
1182,12,DINAS KESEHATAN,34343,KEPALA DINAS KESEHATAN,II.a,751,SEKRETARIAT,34344,SEKRETARIS,III.a,752,SUB BAGIAN KEUANGAN DAN ASET,34347,KEPALA SUB BAGIAN KEUANGAN DAN ASET,IV.a,,,,,,,,,,,,,,,,,,,,,,,,,,2,,751,34347,IV.a,1.00E+11,41,KEPALA SUB BAGIAN KEUANGAN DAN ASET,SUB BAGIAN KEUANGAN DAN ASET,133,"JL. R.A. KARTINI, NO.11 PALU",,,,,,1,,,,,
1183,10,DINAS PENDIDIKAN,33499,KEPALA DINAS PENDIDIKAN,II.a,484,CABANG DINAS PENDIDIKAN MENENGAH WILAYAH III KAB. POSO DAN KAB. TOJO UNA-UNA,33704,KEPALA CABANG DINAS PENDIDIKAN MENENGAH WILAYAH III KAB. POSO DAN KAB. TOJO UNA-UNA,III.b,591,SMA NEGERI 1 POSO PESISIR SELATAN KAB. POSO,33710,KEPALA SMA NEGERI 1 POSO PESISIR SELATAN KAB. POSO,,,,,,,,,,,,,,,,,,,,,,,,,,,2,SMA,484,33710,,1.03E+11,,KEPALA SMA NEGERI 1 POSO PESISIR SELATAN KAB. POSO,SMA NEGERI 1 POSO PESISIR SELATAN KAB. POSO,,"JL. SETIA BUDI, NO.9 PALU",,,,,,1,,,,,
1184,10,DINAS PENDIDIKAN,33499,KEPALA DINAS PENDIDIKAN,II.a,484,CABANG DINAS PENDIDIKAN MENENGAH WILAYAH III KAB. POSO DAN KAB. TOJO UNA-UNA,33704,KEPALA CABANG DINAS PENDIDIKAN MENENGAH WILAYAH III KAB. POSO DAN KAB. TOJO UNA-UNA,III.b,621,SMK NEGERI 4 AMPANA KOTA KAB. TOJO UNA-UNA,33741,KEPALA SMK NEGERI 4 AMPANA KOTA KAB. TOJO UNA-UNA,,,,,,,,,,,,,,,,,,,,,,,,,,,2,SMK,484,33741,,1.03E+11,,KEPALA SMK NEGERI 4 AMPANA KOTA KAB. TOJO UNA-UNA,SMK NEGERI 4 AMPANA KOTA KAB. TOJO UNA-UNA,,"JL. SETIA BUDI, NO.9 PALU",,,,,,1,,,,,
1185,10,DINAS PENDIDIKAN,33499,KEPALA DINAS PENDIDIKAN,II.a,484,CABANG DINAS PENDIDIKAN MENENGAH WILAYAH III KAB. POSO DAN KAB. TOJO UNA-UNA,33704,KEPALA CABANG DINAS PENDIDIKAN MENENGAH WILAYAH III KAB. POSO DAN KAB. TOJO UNA-UNA,III.b,622,SMK NEGERI 3 AMPANA KOTA KAB. TOJO UNA-UNA,,,,,,,,,,,,,,,,,,,,,,,,,,,,,2,SMK,484,,,1.03E+11,,,SMK NEGERI 3 AMPANA KOTA KAB. TOJO UNA-UNA,,"JL. SETIA BUDI, NO.9 PALU",,,,,,1,,,,,
1186,49,SEKRETARIAT DAERAH,34461,SEKRETARIS DAERAH,I.b,144,ASISTEN ADMINISTRASI UMUM,33353,ASISTEN ADMINISTRASI UMUM,II.a,175,BIRO ADMINISTRASI PIMPINAN,34480,KEPALA BIRO ADMINISTRASI PIMPINAN,II.b,180,BAGIAN MATERI DAN KOMUNIKASI PIMPINAN,34492,KEPALA BAGIAN MATERI DAN KOMUNIKASI PIMPINAN,III.a,182,SUB BAGIAN KOMUNIKASI PIMPINAN,34494,KEPALA SUB BAGIAN KOMUNIKASI PIMPINAN,IV.a,,,,,,,,,,,,,,,,4,,180,34494,IV.a,1.00E+11,41,KEPALA SUB BAGIAN KOMUNIKASI PIMPINAN,SUB BAGIAN KOMUNIKASI PIMPINAN,133,JL. SAM RATULANGI NO.101 PALU,,,,,,1,,,,,
1187,12,DINAS KESEHATAN,34343,KEPALA DINAS KESEHATAN,II.a,757,BIDANG PENCEGAHAN DAN PENGENDALIAN PENYAKIT,34359,KEPALA BIDANG PENCEGAHAN DAN PENGENDALIAN PENYAKIT,III.a,759,"SEKSI PENCEGAHAN DAN PENGENDALIAN PENYAKIT TIDAK MENULAR, KESEHATAN JIWA, DAN NAPZAH",34362,"KEPALA SEKSI PENCEGAHAN DAN PENGENDALIAN PENYAKIT TIDAK MENULAR, KESEHATAN JIWA, DAN NAPZAH",IV.a,,,,,,,,,,,,,,,,,,,,,,,,,,2,,757,34362,IV.a,1.00E+11,41,"KEPALA SEKSI PENCEGAHAN DAN PENGENDALIAN PENYAKIT TIDAK MENULAR, KESEHATAN JIWA, DAN NAPZAH","SEKSI PENCEGAHAN DAN PENGENDALIAN PENYAKIT TIDAK MENULAR, KESEHATAN JIWA, DAN NAPZAH",133,"JL. R.A. KARTINI, NO.11 PALU",,,,,,1,,,,,
1188,26,"DINAS KOMUNIKASI, INFORMATIKA, PERSANDIAN DAN STATISTIK",33973,"KEPALA DINAS KOMUNIKASI, INFORMATIKA, PERSANDIAN DAN STATISTIK",II.a,271,SEKRETARIAT,33974,SEKRETARIS,III.a,272,SUB BAGIAN KEUANGAN DAN ASET,33975,KEPALA SUB BAGIAN KEUANGAN DAN ASET,IV.a,,,,,,,,,,,,,,,,,,,,,,,,,,2,,271,33975,IV.a,1.03E+11,41,KEPALA SUB BAGIAN KEUANGAN DAN ASET,SUB BAGIAN KEUANGAN DAN ASET,133,JL. KARTINI NO. 106 PALU,,,,,,1,,,,,
1189,20,DINAS PARIWISATA,34077,KEPALA DINAS PARIWISATA,II.a,879,BIDANG PENGEMBANGAN PEMASARAN PARIWISATA,34082,KEPALA BIDANG PENGEMBANGAN PEMASARAN PARIWISATA,III.a,,,,,,,,,,,,,,,,,,,,,,,,,,,,,,,1,,20,34082,III.a,1.02E+11,31,KEPALA BIDANG PENGEMBANGAN PEMASARAN PARIWISATA,BIDANG PENGEMBANGAN PEMASARAN PARIWISATA,141,JL. DEWI SARTIKA NO.45 PALU,,,,,,1,,,,,
1190,10,DINAS PENDIDIKAN,33499,KEPALA DINAS PENDIDIKAN,II.a,489,"CABANG DINAS PENDIDIKAN MENENGAH WILAYAH V KAB.BANGGAI, KAB. BANGGAI KEPULAUAN DAN KAB. BANGGAI LAUT",33502,"KEPALA CABANG DINAS PENDIDIKAN MENENGAH WILAYAH V KAB.BANGGAI, KAB. BANGGAI KEPULAUAN DAN KAB. BANGGAI LAUT",III.b,1,SMK NEGERI 3 LUWUK KAB. BANGGAI,34196,KEPALA SMK NEGERI 3 LUWUK KAB. BANGGAI,,,,,,,,,,,,,,,,,,,,,,,,,,,2,SMK,489,34196,,1.03E+11,,KEPALA SMK NEGERI 3 LUWUK KAB. BANGGAI,SMK NEGERI 3 LUWUK KAB. BANGGAI,,"JL. SETIA BUDI, NO.9 PALU",,,,,,1,,,,,
1191,10,DINAS PENDIDIKAN,33499,KEPALA DINAS PENDIDIKAN,II.a,481,CABANG DINAS PENDIDIKAN MENENGAH WILAYAH II KAB. DONGGALA DAN KAB. PARIGI MOUTONG,33639,KEPALA CABANG DINAS PENDIDIKAN MENENGAH WILAYAH II KAB. DONGGALA DAN KAB. PARIGI MOUTONG,III.b,520,SMA NEGERI 2 BALAESANG KAB. DONGGALA,33647,KEPALA SMA NEGERI 2 BALAESANG KAB. DONGGALA,,,,,,,,,,,,,,,,,,,,,,,,,,,2,SMA,481,33647,,1.03E+11,,KEPALA SMA NEGERI 2 BALAESANG KAB. DONGGALA,SMA NEGERI 2 BALAESANG KAB. DONGGALA,,"JL. SETIA BUDI, NO.9 PALU",,,,,,1,,,,,
1192,10,DINAS PENDIDIKAN,33499,KEPALA DINAS PENDIDIKAN,II.a,363,BIDANG PKPLK DAN INOVASI PENDIDIKAN,33511,KEPALA BIDANG PKPLK DAN INOVASI PENDIDIKAN,III.a,,,,,,,,,,,,,,,,,,,,,,,,,,,,,,,1,,10,33511,III.a,1.03E+11,31,KEPALA BIDANG PKPLK DAN INOVASI PENDIDIKAN,BIDANG PKPLK DAN INOVASI PENDIDIKAN,141,"JL. SETIA BUDI, NO.9 PALU",,,,,,1,,,,,
1193,10,DINAS PENDIDIKAN,33499,KEPALA DINAS PENDIDIKAN,II.a,484,CABANG DINAS PENDIDIKAN MENENGAH WILAYAH III KAB. POSO DAN KAB. TOJO UNA-UNA,33704,KEPALA CABANG DINAS PENDIDIKAN MENENGAH WILAYAH III KAB. POSO DAN KAB. TOJO UNA-UNA,III.b,623,SMK NEGERI 1 AMPANA TETE KAB. TOJO UNA-UNA,33743,KEPALA SMK NEGERI 1 AMPANA TETE KAB. TOJO UNA-UNA,,,,,,,,,,,,,,,,,,,,,,,,,,,2,SMK,484,33743,,1.03E+11,,KEPALA SMK NEGERI 1 AMPANA TETE KAB. TOJO UNA-UNA,SMK NEGERI 1 AMPANA TETE KAB. TOJO UNA-UNA,,"JL. SETIA BUDI, NO.9 PALU",,,,,,1,,,,,
1194,28,DINAS PENANAMAN MODAL DAN PELAYANAN TERPADU SATU PINTU,34004,KEPALA DINAS PENANAMAN MODAL DAN PELAYANAN TERPADU SATU PINTU,II.a,745,BIDANG PERENCANAAN DAN PENGEMBANGAN IKLIM PENANAMAN MODAL,34010,KEPALA BIDANG PERENCANAAN DAN PENGEMBANGAN IKLIM PENANAMAN MODAL,III.a,,,,,,,,,,,,,,,,,,,,,,,,,,,,,,,1,,28,34010,III.a,1.02E+11,31,KEPALA BIDANG PERENCANAAN DAN PENGEMBANGAN IKLIM PENANAMAN MODAL,BIDANG PERENCANAAN DAN PENGEMBANGAN IKLIM PENANAMAN MODAL,141,JL. CIK DITIRO NO.29 PALU,,,,,,1,,,,,
1195,13,DINAS BINA MARGA DAN TATA RUANG,33455,KEPALA DINAS BINA MARGA DAN PENATAAN RUANG,II.a,381,BIDANG BINA TEKNIK,33469,KEPALA BIDANG BINA TEKNIK,III.a,383,SEKSI PEMBINAAN DAN FASILITASI JALAN KABUPATEN/KOTA,33471,KEPALA SEKSI PEMBINAAN DAN FASILITASI JALAN KABUPATEN/KOTA,IV.a,,,,,,,,,,,,,,,,,,,,,,,,,,2,,381,33471,IV.a,1.00E+11,41,KEPALA SEKSI PEMBINAAN DAN FASILITASI JALAN KABUPATEN/KOTA,SEKSI PEMBINAAN DAN FASILITASI JALAN KABUPATEN/KOTA,133,"JL. TOWUA, NO. 85 PALU",,,,,,1,,,,,
1196,10,DINAS PENDIDIKAN,33499,KEPALA DINAS PENDIDIKAN,II.a,481,CABANG DINAS PENDIDIKAN MENENGAH WILAYAH II KAB. DONGGALA DAN KAB. PARIGI MOUTONG,33639,KEPALA CABANG DINAS PENDIDIKAN MENENGAH WILAYAH II KAB. DONGGALA DAN KAB. PARIGI MOUTONG,III.b,570,SMA NEGERI 1 BOLANO KAB. PARIGI MOUTONG,33688,KEPALA SMA NEGERI 1 BOLANO KAB. PARIGI MOUTONG,,,,,,,,,,,,,,,,,,,,,,,,,,,2,SMA,481,33688,,1.03E+11,,KEPALA SMA NEGERI 1 BOLANO KAB. PARIGI MOUTONG,SMA NEGERI 1 BOLANO KAB. PARIGI MOUTONG,,"JL. SETIA BUDI, NO.9 PALU",,,,,,1,,,,,
1197,27,DINAS KOPERASI USAHA KECIL DAN MENENGAH,34231,KEPALA DINAS KOPERASI USAHA KECIL DAN MENENGAH,II.a,910,BIDANG PEMBERDAYAAN DAN PENGEMBANGAN USAHA KECIL,34238,KEPALA BIDANG PEMBERDAYAAN DAN PENGEMBANGAN USAHA KECIL,IV.a,,,,,,,,,,,,,,,,,,,,,,,,,,,,,,,1,,27,34238,IV.a,1.02E+11,41,KEPALA BIDANG PEMBERDAYAAN DAN PENGEMBANGAN USAHA KECIL,BIDANG PEMBERDAYAAN DAN PENGEMBANGAN USAHA KECIL,133,JL. KARTINI NO.17 PALU,,,,,,1,,,,,
1198,3,BADAN PENDAPATAN DAERAH,33784,KEPALA BADAN PENDAPATAN DAERAH,II.a,1149,UPTD BADAN PENDAPATAN WILAYAH XIII,40775,KEPALA UPTD BADAN PENDAPATAN WILAYAH XIII,III.b,,,,,,,,,,,,,,,,,,,,,,,,,,,,,,,1,,3,40775,III.b,1.03E+11,32,KEPALA UPTD BADAN PENDAPATAN WILAYAH XIII,UPTD BADAN PENDAPATAN WILAYAH XIII,134,JL. PROF. DR. MOH. YAMIN NO. 34 PALU,,,,,,1,,,,,
1199,10,DINAS PENDIDIKAN,33499,KEPALA DINAS PENDIDIKAN,II.a,484,CABANG DINAS PENDIDIKAN MENENGAH WILAYAH III KAB. POSO DAN KAB. TOJO UNA-UNA,33704,KEPALA CABANG DINAS PENDIDIKAN MENENGAH WILAYAH III KAB. POSO DAN KAB. TOJO UNA-UNA,III.b,624,SMK NEGERI 1 TOJO BARAT KAB. TOJO UNA-UNA,33749,KEPALA SMK NEGERI 1 TOJO BARAT KAB. TOJO UNA-UNA,,,,,,,,,,,,,,,,,,,,,,,,,,,2,SMK,484,33749,,1.03E+11,,KEPALA SMK NEGERI 1 TOJO BARAT KAB. TOJO UNA-UNA,SMK NEGERI 1 TOJO BARAT KAB. TOJO UNA-UNA,,"JL. SETIA BUDI, NO.9 PALU",,,,,,1,,,,,
1200,12,DINAS KESEHATAN,34343,KEPALA DINAS KESEHATAN,II.a,967,UPT RUMAH SAKIT UMUM DAERAH UNDATA,34390,KEPALA UPT RUMAH SAKIT UMUM DAERAH UNDATA,II.b,985,BAGIAN PERLENGKAPAN DAN UMUM,38700,KEPALA BAGIAN PERLENGKAPAN DAN UMUM,III.b,,,,,,,,,,,,,,,,,,,,,,,,,,2,,967,38700,III.b,1.00E+11,32,KEPALA BAGIAN PERLENGKAPAN DAN UMUM,BAGIAN PERLENGKAPAN DAN UMUM,134,"JL. R.A. KARTINI, NO.11 PALU",,,,,,1,,,,,
1201,10,DINAS PENDIDIKAN,33499,KEPALA DINAS PENDIDIKAN,II.a,494,CABANG DINAS PENDIDIKAN MENENGAH WILAYAH VI TOLITOLI DAN BUOL,33503,KEPALA CABANG DINAS PENDIDIKAN MENENGAH WILAYAH VI TOLITOLI DAN BUOL,III.b,1130,SMK NEGERI PERIKANAN DAN KELAUTAN KAB. BUOL,34373,KEPALA SMK NEGERI PERIKANAN DAN KELAUTAN KAB. BUOL,,,,,,,,,,,,,,,,,,,,,,,,,,,2,SMK,494,34373,,1.03E+11,,KEPALA SMK NEGERI PERIKANAN DAN KELAUTAN KAB. BUOL,SMK NEGERI PERIKANAN DAN KELAUTAN KAB. BUOL,,"JL. SETIA BUDI, NO.9 PALU",,,,,,1,,,,,
1202,13,DINAS BINA MARGA DAN TATA RUANG,33455,KEPALA DINAS BINA MARGA DAN PENATAAN RUANG,II.a,384,BIDANG JALAN DAN JEMBATAN,33466,KEPALA BIDANG JALAN DAN JEMBATAN,III.a,,,,,,,,,,,,,,,,,,,,,,,,,,,,,,,1,,13,33466,III.a,1.00E+11,31,KEPALA BIDANG JALAN DAN JEMBATAN,BIDANG JALAN DAN JEMBATAN,141,"JL. TOWUA, NO. 85 PALU",,,,,,1,,,,,
1203,3,BADAN PENDAPATAN DAERAH,33784,KEPALA BADAN PENDAPATAN DAERAH,II.a,1149,UPTD BADAN PENDAPATAN WILAYAH XIII,40775,KEPALA UPTD BADAN PENDAPATAN WILAYAH XIII,III.b,1154,SUB BAGIAN TATA USAHA,40776,KEPALA SUB BAGIAN TATA USAHA,IV.a,,,,,,,,,,,,,,,,,,,,,,,,,,2,,1149,40776,IV.a,1.03E+11,41,KEPALA SUB BAGIAN TATA USAHA,SUB BAGIAN TATA USAHA,133,JL. PROF. DR. MOH. YAMIN NO. 34 PALU,,,,,,1,,,,,
1204,10,DINAS PENDIDIKAN,33499,KEPALA DINAS PENDIDIKAN,II.a,484,CABANG DINAS PENDIDIKAN MENENGAH WILAYAH III KAB. POSO DAN KAB. TOJO UNA-UNA,33704,KEPALA CABANG DINAS PENDIDIKAN MENENGAH WILAYAH III KAB. POSO DAN KAB. TOJO UNA-UNA,III.b,627,SMA NEGERI 1 ULUBONGKA KAB. TOJO UNA-UNA,33777,KEPALA SMA NEGERI 1 ULUBONGKA KAB. TOJO UNA-UNA,,,,,,,,,,,,,,,,,,,,,,,,,,,2,SMA,484,33777,,1.03E+11,,KEPALA SMA NEGERI 1 ULUBONGKA KAB. TOJO UNA-UNA,SMA NEGERI 1 ULUBONGKA KAB. TOJO UNA-UNA,,"JL. SETIA BUDI, NO.9 PALU",,,,,,1,,,,,
1205,10,DINAS PENDIDIKAN,33499,KEPALA DINAS PENDIDIKAN,II.a,489,"CABANG DINAS PENDIDIKAN MENENGAH WILAYAH V KAB.BANGGAI, KAB. BANGGAI KEPULAUAN DAN KAB. BANGGAI LAUT",33502,"KEPALA CABANG DINAS PENDIDIKAN MENENGAH WILAYAH V KAB.BANGGAI, KAB. BANGGAI KEPULAUAN DAN KAB. BANGGAI LAUT",III.b,1058,SMK NEGERI 1 BOKAN KEPULAUAN KAB. BANGGAI LAUT,34219,KEPALA SMK NEGERI 1 BOKAN KEPULAUAN KAB. BANGGAI LAUT,,,,,,,,,,,,,,,,,,,,,,,,,,,2,SMK,489,34219,,1.03E+11,,KEPALA SMK NEGERI 1 BOKAN KEPULAUAN KAB. BANGGAI LAUT,SMK NEGERI 1 BOKAN KEPULAUAN KAB. BANGGAI LAUT,,"JL. SETIA BUDI, NO.9 PALU",,,,,,1,,,,,
1206,10,DINAS PENDIDIKAN,33499,KEPALA DINAS PENDIDIKAN,II.a,487,CABANG DINAS PENDIDIKAN MENENGAH WILAYAH IV KAB. MOROWALI DAN KAB. MOROWALI UTARA,33501,KEPALA CABANG DINAS PENDIDIKAN MENENGAH WILAYAH IV KAB. MOROWALI DAN KAB. MOROWALI UTARA,III.b,933,SMK NEGERI 1 BUNGKU TENGAH KAB. MOROWALI,34139,KEPALA SMK NEGERI 1 BUNGKU TENGAH KAB. MOROWALI,,,,,,,,,,,,,,,,,,,,,,,,,,,2,SMK,487,34139,,1.03E+11,,KEPALA SMK NEGERI 1 BUNGKU TENGAH KAB. MOROWALI,SMK NEGERI 1 BUNGKU TENGAH KAB. MOROWALI,,"JL. SETIA BUDI, NO.9 PALU",,,,,,1,,,,,
1207,10,DINAS PENDIDIKAN,33499,KEPALA DINAS PENDIDIKAN,II.a,489,"CABANG DINAS PENDIDIKAN MENENGAH WILAYAH V KAB.BANGGAI, KAB. BANGGAI KEPULAUAN DAN KAB. BANGGAI LAUT",33502,"KEPALA CABANG DINAS PENDIDIKAN MENENGAH WILAYAH V KAB.BANGGAI, KAB. BANGGAI KEPULAUAN DAN KAB. BANGGAI LAUT",III.b,1086,SMA NEGERI 2 BULAGI UTARA KAB. BANGGAI KEPULAUAN,34267,KEPALA SMA NEGERI 2 BULAGI UTARA KAB. BANGGAI KEPULAUAN,,,,,,,,,,,,,,,,,,,,,,,,,,,2,SMA,489,34267,,1.03E+11,,KEPALA SMA NEGERI 2 BULAGI UTARA KAB. BANGGAI KEPULAUAN,SMA NEGERI 2 BULAGI UTARA KAB. BANGGAI KEPULAUAN,,"JL. SETIA BUDI, NO.9 PALU",,,,,,1,,,,,
1208,27,DINAS KOPERASI USAHA KECIL DAN MENENGAH,34231,KEPALA DINAS KOPERASI USAHA KECIL DAN MENENGAH,II.a,911,"UPTD PELATIHAN KOPERASI, USAHA KECIL DAN MENENGAH",34239,"KEPALA UPT PELATIHAN KOPERASI, USAHA KECIL DAN MENENGAH",III.b,912,SUB BAGIAN TATA USAHA,34241,KEPALA SUB BAGIAN TATA USAHA,IV.a,,,,,,,,,,,,,,,,,,,,,,,,,,2,,911,34241,IV.a,1.02E+11,41,KEPALA SUB BAGIAN TATA USAHA,SUB BAGIAN TATA USAHA,133,JL. KARTINI NO.17 PALU,,,,,,1,,,,,
1209,33,DINAS PERKEBUNAN DAN PETERNAKAN,37689,KEPALA DINAS PERKEBUNAN DAN PETERNAKAN,II.a,927,BIDANG PRODUKSI DAN PERLINDUNGAN TANAMAN PERKEBUNAN,36566,KEPALA BIDANG PRODUKSI DAN PERLINDUNGAN TANAMAN PERKEBUNAN,III.a,,,,,,,,,,,,,,,,,,,,,,,,,,,,,,,1,,33,36566,III.a,1.03E+11,31,KEPALA BIDANG PRODUKSI DAN PERLINDUNGAN TANAMAN PERKEBUNAN,BIDANG PRODUKSI DAN PERLINDUNGAN TANAMAN PERKEBUNAN,141,JL. R.A. KARTINI NO.25 & 31 PALU,,,,,,1,,,,,
1210,49,SEKRETARIAT DAERAH,34461,SEKRETARIS DAERAH,I.b,1,ASISTEN PEMERINTAHAN DAN KESEJAHTERAAN RAKYAT,34132,ASISTEN PEMERINTAHAN DAN KESEJAHTERAAN RAKYAT,II.a,2,BIRO PEMERINTAHAN DAN OTONOMI DAERAH,34131,KEPALA BIRO PEMERINTAHAN DAN OTONOMI DAERAH,II.b,45,BAGIAN KERJASAMA,34122,KEPALA BAGIAN KERJASAMA,III.a,47,SUB BAGIAN KERJASAMA BADAN USAHA/SWASTA,34120,KEPALA SUB BAGIAN KERJASAMA BADAN USAHA/SWASTA,IV.a,,,,,,,,,,,,,,,,4,,45,34120,IV.a,1.00E+11,41,KEPALA SUB BAGIAN KERJASAMA BADAN USAHA/SWASTA,SUB BAGIAN KERJASAMA BADAN USAHA/SWASTA,133,JL. SAM RATULANGI NO.101 PALU,,,,,,1,,,,,
1211,15,DINAS PERUMAHAN KAWASAN PERMUKIMAN DAN PERTANAHAN,34068,KEPALA DINAS PERUMAHAN KAWASAN PERMUKIMAN DAN PERTANAHAN,II.a,900,"BIDANG PRASARANA, SARANA, UTILITAS UMUM DAN SERTIFIKASI",34075,"KEPALA BIDANG PRASARANA, SARANA, UTILITAS UMUM DAN SERTIFIKASI",III.a,,,,,,,,,,,,,,,,,,,,,,,,,,,,,,,1,,15,34075,III.a,1.01E+11,31,"KEPALA BIDANG PRASARANA, SARANA, UTILITAS UMUM DAN SERTIFIKASI","BIDANG PRASARANA, SARANA, UTILITAS UMUM DAN SERTIFIKASI",141,JL. PROF. MOH. YAMIN NO.12 PALU,,,,,,1,,,,,
1212,17,DINAS TENAGA KERJA DAN TRANSMIGRASI,34947,KEPALA DINAS TENAGA KERJA DAN TRANSMIGRASI,II.a,710,BIDANG PEMBINAAN HUBUNGAN INDUSTRIAL DAN PENGAWASAN KETENAGAKERJAAN,34975,KEPALA BIDANG PEMBINAAN HUBUNGAN INDUSTRIAL DAN PENGAWASAN KETENAGAKERJAAN,III.a,711,SEKSI PEMBINAAN ORGANISASI HUBUNGAN INDUSTRIAL,34979,KEPALA SEKSI PEMBINAAN ORGANISASI HUBUNGAN INDUSTRIAL,IV.a,,,,,,,,,,,,,,,,,,,,,,,,,,2,,710,34979,IV.a,1.01E+11,41,KEPALA SEKSI PEMBINAAN ORGANISASI HUBUNGAN INDUSTRIAL,SEKSI PEMBINAAN ORGANISASI HUBUNGAN INDUSTRIAL,133,JL. R.A. KARTINI NO. 98 PALU,,,,,,1,,,,,
1213,47,SATUAN POLISI PAMONG PRAJA,33981,KEPALA SATUAN POLISI PAMONG PRAJA,II.a,241,SEKRETARIAT,33982,SEKRETARIS,III.a,,,,,,,,,,,,,,,,,,,,,,,,,,,,,,,1,,47,33982,III.a,1.04E+11,31,SEKRETARIS,SEKRETARIAT,141,JL. PRAMUKA NO.21 PALU,,,,,,1,,,,,
1214,16,DINAS SOSIAL,33907,KEPALA DINAS SOSIAL,II.a,857,UPT PANTI SOSIAL ANAK,33961,KEPALA UPT PANTI SOSIAL ANAK,III.b,860,SEKSI PROGRAM DAN ADVOKSI SOSIAL,33964,KEPALA SEKSI PROGRAM DAN ADVOKSI SOSIAL,IV.a,,,,,,,,,,,,,,,,,,,,,,,,,,2,,857,33964,IV.a,1.01E+11,41,KEPALA SEKSI PROGRAM DAN ADVOKSI SOSIAL,SEKSI PROGRAM DAN ADVOKSI SOSIAL,133,JL. PROF. MOH. YAMIN NO. 15 PALU,,,,,,1,,,,,
1215,10,DINAS PENDIDIKAN,33499,KEPALA DINAS PENDIDIKAN,II.a,487,CABANG DINAS PENDIDIKAN MENENGAH WILAYAH IV KAB. MOROWALI DAN KAB. MOROWALI UTARA,33501,KEPALA CABANG DINAS PENDIDIKAN MENENGAH WILAYAH IV KAB. MOROWALI DAN KAB. MOROWALI UTARA,III.b,956,SMA NEGERI 1 MAMOSALATO KAB. MOROWALI UTARA,34162,KEPALA SMA NEGERI 1 MAMOSALATO KAB. MOROWALI UTARA,,,,,,,,,,,,,,,,,,,,,,,,,,,2,SMA,487,34162,,1.03E+11,,KEPALA SMA NEGERI 1 MAMOSALATO KAB. MOROWALI UTARA,SMA NEGERI 1 MAMOSALATO KAB. MOROWALI UTARA,,"JL. SETIA BUDI, NO.9 PALU",,,,,,1,,,,,
1216,49,SEKRETARIAT DAERAH,34461,SEKRETARIS DAERAH,I.b,1,ASISTEN PEMERINTAHAN DAN KESEJAHTERAAN RAKYAT,34132,ASISTEN PEMERINTAHAN DAN KESEJAHTERAAN RAKYAT,II.a,59,BIRO HUKUM,34105,KEPALA BIRO HUKUM,II.b,68,BAGIAN BANTUAN HUKUM,34096,KEPALA BAGIAN BANTUAN HUKUM,III.a,71,SUB BAGIAN NON LITIGASI DAN HAM,34093,KEPALA SUB BAGIAN NON LITIGASI DAN HAM,IV.a,,,,,,,,,,,,,,,,4,,68,34093,IV.a,1.00E+11,41,KEPALA SUB BAGIAN NON LITIGASI DAN HAM,SUB BAGIAN NON LITIGASI DAN HAM,133,JL. SAM RATULANGI NO.101 PALU,,,,,,1,,,,,
1217,49,SEKRETARIAT DAERAH,34461,SEKRETARIS DAERAH,I.b,144,ASISTEN ADMINISTRASI UMUM,33353,ASISTEN ADMINISTRASI UMUM,II.a,145,BIRO ORGANISASI,33354,KEPALA BIRO ORGANISASI,II.b,150,BAGIAN ANALISA DAN KOMPETENSI JABATAN,34031,KEPALA BAGIAN ANALISA DAN KOMPETENSI JABATAN,III.a,152,SUB BAGIAN EVALUASI JABATAN DAN KOMPETENSI JABATAN,34034,KEPALA SUB BAGIAN EVALUASI JABATAN DAN KOMPETENSI JABATAN,IV.a,,,,,,,,,,,,,,,,4,,150,34034,IV.a,1.00E+11,41,KEPALA SUB BAGIAN EVALUASI JABATAN DAN KOMPETENSI JABATAN,SUB BAGIAN EVALUASI JABATAN DAN KOMPETENSI JABATAN,133,JL. SAM RATULANGI NO.101 PALU,,,,,,1,,,,,
1218,49,SEKRETARIAT DAERAH,34461,SEKRETARIS DAERAH,I.b,144,ASISTEN ADMINISTRASI UMUM,33353,ASISTEN ADMINISTRASI UMUM,II.a,175,BIRO ADMINISTRASI PIMPINAN,34480,KEPALA BIRO ADMINISTRASI PIMPINAN,II.b,180,BAGIAN MATERI DAN KOMUNIKASI PIMPINAN,34492,KEPALA BAGIAN MATERI DAN KOMUNIKASI PIMPINAN,III.a,181,SUB BAGIAN PENYIAPAN MATERI PIMPINAN,34493,KEPALA SUB BAGIAN PENYIAPAN MATERI PIMPINAN,IV.a,,,,,,,,,,,,,,,,4,,180,34493,IV.a,1.00E+11,41,KEPALA SUB BAGIAN PENYIAPAN MATERI PIMPINAN,SUB BAGIAN PENYIAPAN MATERI PIMPINAN,133,JL. SAM RATULANGI NO.101 PALU,,,,,,1,,,,,
1219,10,DINAS PENDIDIKAN,33499,KEPALA DINAS PENDIDIKAN,II.a,484,CABANG DINAS PENDIDIKAN MENENGAH WILAYAH III KAB. POSO DAN KAB. TOJO UNA-UNA,33704,KEPALA CABANG DINAS PENDIDIKAN MENENGAH WILAYAH III KAB. POSO DAN KAB. TOJO UNA-UNA,III.b,625,SMA NEGERI 1 AMPANA KOTA KAB. TOJO UNA-UNA,33750,KEPALA SMA NEGERI 1 AMPANA KOTA KAB. TOJO UNA-UNA,,,,,,,,,,,,,,,,,,,,,,,,,,,2,SMA,484,33750,,1.03E+11,,KEPALA SMA NEGERI 1 AMPANA KOTA KAB. TOJO UNA-UNA,SMA NEGERI 1 AMPANA KOTA KAB. TOJO UNA-UNA,,"JL. SETIA BUDI, NO.9 PALU",,,,,,1,,,,,
1220,10,DINAS PENDIDIKAN,33499,KEPALA DINAS PENDIDIKAN,II.a,487,CABANG DINAS PENDIDIKAN MENENGAH WILAYAH IV KAB. MOROWALI DAN KAB. MOROWALI UTARA,33501,KEPALA CABANG DINAS PENDIDIKAN MENENGAH WILAYAH IV KAB. MOROWALI DAN KAB. MOROWALI UTARA,III.b,937,SMK NEGERI PERTAMBANGAN BUNGKU KAB. MOROWALI,34143,KEPALA SMK NEGERI PERTAMBANGAN BUNGKU KAB. MOROWALI,,,,,,,,,,,,,,,,,,,,,,,,,,,2,SMK,487,34143,,1.03E+11,,KEPALA SMK NEGERI PERTAMBANGAN BUNGKU KAB. MOROWALI,SMK NEGERI PERTAMBANGAN BUNGKU KAB. MOROWALI,,"JL. SETIA BUDI, NO.9 PALU",,,,,,1,,,,,
1221,30,DINAS PERPUSTAKAAN DAN KEARSIPAN DAERAH,33886,KEPALA DINAS PERPUSTAKAAN DAN KEARSIPAN DAERAH,II.a,699,BIDANG PENGEMBANGAN PERPUSTAKAAN DAN PEMBUDAYAAN KEGEMARAN MEMBACA,33892,KEPALA BIDANG PENGEMBANGAN PERPUSTAKAAN DAN PEMBUDAYAAN KEGEMARAN MEMBACA,III.a,,,,,,,,,,,,,,,,,,,,,,,,,,,,,,,1,,30,33892,III.a,1.02E+11,31,KEPALA BIDANG PENGEMBANGAN PERPUSTAKAAN DAN PEMBUDAYAAN KEGEMARAN MEMBACA,BIDANG PENGEMBANGAN PERPUSTAKAAN DAN PEMBUDAYAAN KEGEMARAN MEMBACA,141,JL. BANTENG NO. 6 PALU,,,,,,1,,,,,
1222,49,SEKRETARIAT DAERAH,34461,SEKRETARIS DAERAH,I.b,1,ASISTEN PEMERINTAHAN DAN KESEJAHTERAAN RAKYAT,34132,ASISTEN PEMERINTAHAN DAN KESEJAHTERAAN RAKYAT,II.a,59,BIRO HUKUM,34105,KEPALA BIRO HUKUM,II.b,64,BAGIAN PERATURAN PERUNDANG-UNDANGAN KABUPATEN/KOTA,34100,KEPALA BAGIAN PERATURAN PERUNDANG-UNDANGAN KABUPATEN/KOTA,III.a,65,SUB BAGIAN PRODUK HUKUM WILAYAH I,34099,KEPALA SUB BAGIAN PRODUK HUKUM WILAYAH I,IV.a,,,,,,,,,,,,,,,,4,,64,34099,IV.a,1.00E+11,41,KEPALA SUB BAGIAN PRODUK HUKUM WILAYAH I,SUB BAGIAN PRODUK HUKUM WILAYAH I,133,JL. SAM RATULANGI NO.101 PALU,,,,,,1,,,,,
1223,49,SEKRETARIAT DAERAH,34461,SEKRETARIS DAERAH,I.b,72,ASISTEN PEREKONOMIAN DAN PEMBANGUNAN,39771,ASISTEN PEREKONOMIAN DAN PEMBANGUNAN,II.a,131,BIRO ADMINISTRASI PEMBANGUNAN,34464,KEPALA BIRO ADMINISTRASI PEMBANGUNAN,II.b,136,BAGIAN PENGENDALIAN ADMINISTRASI PELAKSANAAN PEMBANGUNAN WILAYAH,34471,KEPALA BAGIAN PENGENDALIAN ADMINISTRASI PELAKSANAAN PEMBANGUNAN WILAYAH,III.a,137,SUB BAGIAN PENGENDALIAN ADMINISTRASI PELAKSANAAN PEMBANGUNAN WILAYAH I,34473,KEPALA SUB BAGIAN PENGENDALIAN ADMINISTRASI PELAKSANAAN PEMBANGUNAN WILAYAH I,IV.a,,,,,,,,,,,,,,,,4,,136,34473,IV.a,1.00E+11,41,KEPALA SUB BAGIAN PENGENDALIAN ADMINISTRASI PELAKSANAAN PEMBANGUNAN WILAYAH I,SUB BAGIAN PENGENDALIAN ADMINISTRASI PELAKSANAAN PEMBANGUNAN WILAYAH I,133,JL. SAM RATULANGI NO.101 PALU,,,,,,1,,,,,
1224,10,DINAS PENDIDIKAN,33499,KEPALA DINAS PENDIDIKAN,II.a,484,CABANG DINAS PENDIDIKAN MENENGAH WILAYAH III KAB. POSO DAN KAB. TOJO UNA-UNA,33704,KEPALA CABANG DINAS PENDIDIKAN MENENGAH WILAYAH III KAB. POSO DAN KAB. TOJO UNA-UNA,III.b,626,SMA NEGERI 1 AMPANA TETE KAB. TOJO UNA-UNA,33756,KEPALA SMA NEGERI 1 AMPANA TETE KAB. TOJO UNA-UNA,,,,,,,,,,,,,,,,,,,,,,,,,,,2,SMA,484,33756,,1.03E+11,,KEPALA SMA NEGERI 1 AMPANA TETE KAB. TOJO UNA-UNA,SMA NEGERI 1 AMPANA TETE KAB. TOJO UNA-UNA,,"JL. SETIA BUDI, NO.9 PALU",,,,,,1,,,,,
1225,10,DINAS PENDIDIKAN,33499,KEPALA DINAS PENDIDIKAN,II.a,487,CABANG DINAS PENDIDIKAN MENENGAH WILAYAH IV KAB. MOROWALI DAN KAB. MOROWALI UTARA,33501,KEPALA CABANG DINAS PENDIDIKAN MENENGAH WILAYAH IV KAB. MOROWALI DAN KAB. MOROWALI UTARA,III.b,955,SMK NEGERI 1 MORI UTARA KAB. MOROWALI UTARA,34161,KEPALA SMK NEGERI 1 MORI UTARA KAB. MOROWALI UTARA,,,,,,,,,,,,,,,,,,,,,,,,,,,2,SMK,487,34161,,1.03E+11,,KEPALA SMK NEGERI 1 MORI UTARA KAB. MOROWALI UTARA,SMK NEGERI 1 MORI UTARA KAB. MOROWALI UTARA,,"JL. SETIA BUDI, NO.9 PALU",,,,,,1,,,,,
1226,12,DINAS KESEHATAN,34343,KEPALA DINAS KESEHATAN,II.a,763,"BIDANG BINA KEFARMASIAN, ALAT KESEHATAN DAN SUMBER DAYA MANUSIA KESEHATAN",34379,"KEPALA BIDANG BINA KEFARMASIAN, ALAT KESEHATAN DAN SUMBER DAYA MANUSIA KESEHATAN",III.a,,,,,,,,,,,,,,,,,,,,,,,,,,,,,,,1,,12,34379,III.a,1.00E+11,31,"KEPALA BIDANG BINA KEFARMASIAN, ALAT KESEHATAN DAN SUMBER DAYA MANUSIA KESEHATAN","BIDANG BINA KEFARMASIAN, ALAT KESEHATAN DAN SUMBER DAYA MANUSIA KESEHATAN",141,"JL. R.A. KARTINI, NO.11 PALU",,,,,,1,,,,,
1227,10,DINAS PENDIDIKAN,33499,KEPALA DINAS PENDIDIKAN,II.a,489,"CABANG DINAS PENDIDIKAN MENENGAH WILAYAH V KAB.BANGGAI, KAB. BANGGAI KEPULAUAN DAN KAB. BANGGAI LAUT",33502,"KEPALA CABANG DINAS PENDIDIKAN MENENGAH WILAYAH V KAB.BANGGAI, KAB. BANGGAI KEPULAUAN DAN KAB. BANGGAI LAUT",III.b,25,SMA NEGERI 1 TOILI KAB. BANGGAI,34177,KEPALA SMA NEGERI 1 TOILI KAB. BANGGAI,,,,,,,,,,,,,,,,,,,,,,,,,,,2,SMA,489,34177,,1.03E+11,,KEPALA SMA NEGERI 1 TOILI KAB. BANGGAI,SMA NEGERI 1 TOILI KAB. BANGGAI,,"JL. SETIA BUDI, NO.9 PALU",,,,,,1,,,,,
1228,10,DINAS PENDIDIKAN,33499,KEPALA DINAS PENDIDIKAN,II.a,489,"CABANG DINAS PENDIDIKAN MENENGAH WILAYAH V KAB.BANGGAI, KAB. BANGGAI KEPULAUAN DAN KAB. BANGGAI LAUT",33502,"KEPALA CABANG DINAS PENDIDIKAN MENENGAH WILAYAH V KAB.BANGGAI, KAB. BANGGAI KEPULAUAN DAN KAB. BANGGAI LAUT",III.b,28,SMA NEGERI 1 BALANTAK KAB. BANGGAI,34181,KEPALA SMA NEGERI 1 BALANTAK KAB. BANGGAI,,,,,,,,,,,,,,,,,,,,,,,,,,,2,SMA,489,34181,,1.03E+11,,KEPALA SMA NEGERI 1 BALANTAK KAB. BANGGAI,SMA NEGERI 1 BALANTAK KAB. BANGGAI,,"JL. SETIA BUDI, NO.9 PALU",,,,,,1,,,,,
1229,16,DINAS SOSIAL,33907,KEPALA DINAS SOSIAL,II.a,857,UPT PANTI SOSIAL ANAK,33961,KEPALA UPT PANTI SOSIAL ANAK,III.b,859,SEKSI PELAYANAN SOSIAL ANAK,33963,KEPALA SEKSI PELAYANAN SOSIAL ANAK,IV.a,,,,,,,,,,,,,,,,,,,,,,,,,,2,,857,33963,IV.a,1.01E+11,41,KEPALA SEKSI PELAYANAN SOSIAL ANAK,SEKSI PELAYANAN SOSIAL ANAK,133,JL. PROF. MOH. YAMIN NO. 15 PALU,,,,,,1,,,,,
1230,49,SEKRETARIAT DAERAH,34461,SEKRETARIS DAERAH,I.b,72,ASISTEN PEREKONOMIAN DAN PEMBANGUNAN,39771,ASISTEN PEREKONOMIAN DAN PEMBANGUNAN,II.a,131,BIRO ADMINISTRASI PEMBANGUNAN,34464,KEPALA BIRO ADMINISTRASI PEMBANGUNAN,II.b,140,BAGIAN PELAPORAN PELAKSANAAN PEMBANGUNAN,34476,KEPALA BAGIAN PELAPORAN PELAKSANAAN PEMBANGUNAN,III.a,142,SUB BAGIAN PELAPORAN PELAKSANAAN PEMBANGUNAN DAERAH,34479,KEPALA SUB BAGIAN PELAPORAN PELAKSANAAN PEMBANGUNAN DAERAH,IV.a,,,,,,,,,,,,,,,,4,,140,34479,IV.a,1.00E+11,41,KEPALA SUB BAGIAN PELAPORAN PELAKSANAAN PEMBANGUNAN DAERAH,SUB BAGIAN PELAPORAN PELAKSANAAN PEMBANGUNAN DAERAH,133,JL. SAM RATULANGI NO.101 PALU,,,,,,1,,,,,
1231,10,DINAS PENDIDIKAN,33499,KEPALA DINAS PENDIDIKAN,II.a,489,"CABANG DINAS PENDIDIKAN MENENGAH WILAYAH V KAB.BANGGAI, KAB. BANGGAI KEPULAUAN DAN KAB. BANGGAI LAUT",33502,"KEPALA CABANG DINAS PENDIDIKAN MENENGAH WILAYAH V KAB.BANGGAI, KAB. BANGGAI KEPULAUAN DAN KAB. BANGGAI LAUT",III.b,1060,SMA NEGERI 1 BANGKURUNG KAB. BANGGAI LAUT,34221,KEPALA SMA NEGERI 1 BANGKURUNG KAB. BANGGAI LAUT,,,,,,,,,,,,,,,,,,,,,,,,,,,2,SMA,489,34221,,1.03E+11,,KEPALA SMA NEGERI 1 BANGKURUNG KAB. BANGGAI LAUT,SMA NEGERI 1 BANGKURUNG KAB. BANGGAI LAUT,,"JL. SETIA BUDI, NO.9 PALU",,,,,,1,,,,,
1232,10,DINAS PENDIDIKAN,33499,KEPALA DINAS PENDIDIKAN,II.a,481,CABANG DINAS PENDIDIKAN MENENGAH WILAYAH II KAB. DONGGALA DAN KAB. PARIGI MOUTONG,33639,KEPALA CABANG DINAS PENDIDIKAN MENENGAH WILAYAH II KAB. DONGGALA DAN KAB. PARIGI MOUTONG,III.b,576,SMK NEGERI 1 TINOMBO KAB. PARIGI MOUTONG,33694,KEPALA SMK NEGERI 1 TINOMBO KAB. PARIGI MOUTONG,,,,,,,,,,,,,,,,,,,,,,,,,,,2,SMK,481,33694,,1.03E+11,,KEPALA SMK NEGERI 1 TINOMBO KAB. PARIGI MOUTONG,SMK NEGERI 1 TINOMBO KAB. PARIGI MOUTONG,,"JL. SETIA BUDI, NO.9 PALU",,,,,,1,,,,,
1233,15,DINAS PERUMAHAN KAWASAN PERMUKIMAN DAN PERTANAHAN,34068,KEPALA DINAS PERUMAHAN KAWASAN PERMUKIMAN DAN PERTANAHAN,II.a,897,SEKERTARIAT,34069,SEKRETARIS,III.a,904,SUB BAGIAN KEPEGAWAIAN DAN UMUM,34072,KEPALA SUB BAGIAN KEPEGAWAIAN DAN UMUM,IV.a,,,,,,,,,,,,,,,,,,,,,,,,,,2,,897,34072,IV.a,1.01E+11,41,KEPALA SUB BAGIAN KEPEGAWAIAN DAN UMUM,SUB BAGIAN KEPEGAWAIAN DAN UMUM,133,JL. PROF. MOH. YAMIN NO.12 PALU,,,,,,1,,,,,
1234,12,DINAS KESEHATAN,34343,KEPALA DINAS KESEHATAN,II.a,770,UPT LABORATORIUM KESEHATAN,,,,21,SEKSI PENGUJIAN,,,,,,,,,,,,,,,,,,,,,,,,,,,,,2,,770,,,1.00E+11,,,SEKSI PENGUJIAN,,"JL. R.A. KARTINI, NO.11 PALU",,,,,,0,,,,,
1235,32,DINAS TANAMAN PANGAN DAN HORTIKULTURA,37620,KEPALA DINAS TANAMAN PANGAN DAN HORTIKULTURA,II.a,846,UPTD PENDIDIKAN DAN PELATIHAN,37599,KEPALA UPT PENDIDIKAN DAN PELATIHAN,III.b,847,SUB BAGIAN TATA USAHA,37611,KEPALA SUB BAGIAN TATA USAHA,IV.a,,,,,,,,,,,,,,,,,,,,,,,,,,2,,846,37611,IV.a,1.03E+11,41,KEPALA SUB BAGIAN TATA USAHA,SUB BAGIAN TATA USAHA,133,JL. R.A. KARTINI NO. 80 PALU,,,,,,1,,,,,
1236,31,DINAS KELAUTAN DAN PERIKANAN,34250,KEPALA DINAS KELAUTAN DAN PERIKANAN,II.a,787,UPTD BALAI PERBENIHAN PERIKANAN,34272,KEPALA UPTD BALAI PERBENIHAN PERIKANAN,III.b,789,SEKSI PERBENIHAN IKAN AIR TAWAR,34275,KEPALA SEKSI PERBENIHAN IKAN AIR TAWAR,IV.a,,,,,,,,,,,,,,,,,,,,,,,,,,2,,787,34275,IV.a,1.02E+11,41,KEPALA SEKSI PERBENIHAN IKAN AIR TAWAR,SEKSI PERBENIHAN IKAN AIR TAWAR,133,JL. UNDATA NO.7 PALU,,,,,,1,,,,,
1237,18,DINAS PEMBERDAYAAN PEREMPUAN DAN PERLINDUNGAN ANAK ,33338,KEPALA DINAS PEMBERDAYAAN PEREMPUAN DAN PERLINDUNGAN ANAK ,II.a,83,BIDANG PEMENUHAN HAK ANAK,33344,KEPALA BIDANG PEMENUHAN HAK ANAK,III.a,,,,,,,,,,,,,,,,,,,,,,,,,,,,,,,1,,18,33344,III.a,1.01E+11,31,KEPALA BIDANG PEMENUHAN HAK ANAK,BIDANG PEMENUHAN HAK ANAK,141,JL. MANGUNSARKORO NO. 31. PALU,,,,,,1,,,,,
1238,10,DINAS PENDIDIKAN,33499,KEPALA DINAS PENDIDIKAN,II.a,481,CABANG DINAS PENDIDIKAN MENENGAH WILAYAH II KAB. DONGGALA DAN KAB. PARIGI MOUTONG,33639,KEPALA CABANG DINAS PENDIDIKAN MENENGAH WILAYAH II KAB. DONGGALA DAN KAB. PARIGI MOUTONG,III.b,578,SMK NEGERI 1 TORIBULU KAB. PARIGI MOUTONG,33696,KEPALA SMK NEGERI 1 TORIBULU KAB. PARIGI MOUTONG,,,,,,,,,,,,,,,,,,,,,,,,,,,2,SMK,481,33696,,1.03E+11,,KEPALA SMK NEGERI 1 TORIBULU KAB. PARIGI MOUTONG,SMK NEGERI 1 TORIBULU KAB. PARIGI MOUTONG,,"JL. SETIA BUDI, NO.9 PALU",,,,,,1,,,,,
1239,49,SEKRETARIAT DAERAH,34461,SEKRETARIS DAERAH,I.b,72,ASISTEN PEREKONOMIAN DAN PEMBANGUNAN,39771,ASISTEN PEREKONOMIAN DAN PEMBANGUNAN,II.a,73,BIRO PEREKONOMIAN,34712,KEPALA BIRO PEREKONOMIAN,II.b,98,BAGIAN SUMBER DAYA ALAM,34716,KEPALA BAGIAN SUMBER DAYA ALAM,III.a,101,SUB BAGIAN SUMBER DAYA ALAM PERTAMBANGAN DAN LINGKUNGAN HIDUP,34760,KEPALA SUB BAGIAN SUMBER DAYA ALAM PERTAMBANGAN DAN LINGKUNGAN HIDUP,IV.a,,,,,,,,,,,,,,,,4,,98,34760,IV.a,1.00E+11,41,KEPALA SUB BAGIAN SUMBER DAYA ALAM PERTAMBANGAN DAN LINGKUNGAN HIDUP,SUB BAGIAN SUMBER DAYA ALAM PERTAMBANGAN DAN LINGKUNGAN HIDUP,133,JL. SAM RATULANGI NO.101 PALU,,,,,,1,,,,,
1240,10,DINAS PENDIDIKAN,33499,KEPALA DINAS PENDIDIKAN,II.a,484,CABANG DINAS PENDIDIKAN MENENGAH WILAYAH III KAB. POSO DAN KAB. TOJO UNA-UNA,33704,KEPALA CABANG DINAS PENDIDIKAN MENENGAH WILAYAH III KAB. POSO DAN KAB. TOJO UNA-UNA,III.b,612,SMK NEGERI 1 LORE TENGAH KAB. POSO,33732,KEPALA SMK NEGERI 1 LORE TENGAH KAB. POSO,,,,,,,,,,,,,,,,,,,,,,,,,,,2,SMK,484,33732,,1.03E+11,,KEPALA SMK NEGERI 1 LORE TENGAH KAB. POSO,SMK NEGERI 1 LORE TENGAH KAB. POSO,,"JL. SETIA BUDI, NO.9 PALU",,,,,,1,,,,,
1241,14,DINAS CIPTA KARYA DAN SUMBER DAYA AIR,33805,KEPALA DINAS CIPTA KARYA DAN SUMBER DAYA AIR,II.a,673,BIDANG PENATAAN LINGKUNGAN DAN BANGUNAN GEDUNG,33813,KEPALA BIDANG PENATAAN LINGKUNGAN DAN BANGUNAN GEDUNG,III.a,,,,,,,,,,,,,,,,,,,,,,,,,,,,,,,1,,14,33813,III.a,1.01E+11,31,KEPALA BIDANG PENATAAN LINGKUNGAN DAN BANGUNAN GEDUNG,BIDANG PENATAAN LINGKUNGAN DAN BANGUNAN GEDUNG,141,JL. PROF. MOH. YAMIN NO.33 PALU,,,,,,1,,,,,
1242,49,SEKRETARIAT DAERAH,34461,SEKRETARIS DAERAH,I.b,144,ASISTEN ADMINISTRASI UMUM,33353,ASISTEN ADMINISTRASI UMUM,II.a,175,BIRO ADMINISTRASI PIMPINAN,34480,KEPALA BIRO ADMINISTRASI PIMPINAN,II.b,184,BAGIAN PROTOKOL,34501,KEPALA BAGIAN PROTOKOL,III.a,,,,,,,,,,,,,,,,,,,,,3,,175,34501,III.a,1.00E+11,31,KEPALA BAGIAN PROTOKOL,BAGIAN PROTOKOL,141,JL. SAM RATULANGI NO.101 PALU,,,,,,1,,,,,
1243,36,DINAS ENERGI DAN SUMBER DAYA MINERAL,33744,KEPALA DINAS ENERGI DAN SUMBER DAYA MINERAL,II.a,635,SEKRETARIAT,33745,SEKRETARIS,III.a,637,SUB BAGIAN KEPEGAWAIAN DAN UMUM,33747,KEPALA SUB BAGIAN KEPEGAWAIAN DAN UMUM,IV.a,,,,,,,,,,,,,,,,,,,,,,,,,,2,,635,33747,IV.a,1.02E+11,41,KEPALA SUB BAGIAN KEPEGAWAIAN DAN UMUM,SUB BAGIAN KEPEGAWAIAN DAN UMUM,133,JL. SAM RATULANGI NO.25 PALU,,,,,,1,,,,,
1245,14,DINAS CIPTA KARYA DAN SUMBER DAYA AIR,33805,KEPALA DINAS CIPTA KARYA DAN SUMBER DAYA AIR,II.a,682,UPT SISTEM PENGELOLAAN AIR MINUM DAERAH,33837,KEPALA UPT SISTEM PENGELOLAAN AIR MINUM DAERAH,III.b,684,SEKSI OPERASI DAN PEMELIHARAAN,33840,KEPALA SEKSI OPERASI DAN PEMELIHARAAN,IV.a,,,,,,,,,,,,,,,,,,,,,,,,,,2,,682,33840,IV.a,1.01E+11,41,KEPALA SEKSI OPERASI DAN PEMELIHARAAN,SEKSI OPERASI DAN PEMELIHARAAN,133,JL. PROF. MOH. YAMIN NO.33 PALU,,,,,,1,,,,,
1246,22,DINAS KEPENDUDUKAN DAN PENCATATAN SIPIL,33913,KEPALA DINAS KEPENDUDUKAN DAN PENCATATAN SIPIL,II.a,872,BIDANG FASILITASI PENDAFTARAN PENDUDUK,33917,KEPALA BIDANG FASILITASI PENDAFTARAN PENDUDUK,III.a,,,,,,,,,,,,,,,,,,,,,,,,,,,,,,,1,,22,33917,III.a,1.01E+11,31,KEPALA BIDANG FASILITASI PENDAFTARAN PENDUDUK,BIDANG FASILITASI PENDAFTARAN PENDUDUK,141,JL. DEWI SARTIKA NO.85 PALU,,,,,,1,,,,,
1247,10,DINAS PENDIDIKAN,33499,KEPALA DINAS PENDIDIKAN,II.a,484,CABANG DINAS PENDIDIKAN MENENGAH WILAYAH III KAB. POSO DAN KAB. TOJO UNA-UNA,33704,KEPALA CABANG DINAS PENDIDIKAN MENENGAH WILAYAH III KAB. POSO DAN KAB. TOJO UNA-UNA,III.b,610,SMK NEGERI 1 LORE TIMUR KAB. POSO,33730,KEPALA SMK NEGERI 1 LORE TIMUR KAB. POSO,,,,,,,,,,,,,,,,,,,,,,,,,,,2,SMK,484,33730,,1.03E+11,,KEPALA SMK NEGERI 1 LORE TIMUR KAB. POSO,SMK NEGERI 1 LORE TIMUR KAB. POSO,,"JL. SETIA BUDI, NO.9 PALU",,,,,,1,,,,,
1248,10,DINAS PENDIDIKAN,33499,KEPALA DINAS PENDIDIKAN,II.a,489,"CABANG DINAS PENDIDIKAN MENENGAH WILAYAH V KAB.BANGGAI, KAB. BANGGAI KEPULAUAN DAN KAB. BANGGAI LAUT",33502,"KEPALA CABANG DINAS PENDIDIKAN MENENGAH WILAYAH V KAB.BANGGAI, KAB. BANGGAI KEPULAUAN DAN KAB. BANGGAI LAUT",III.b,23,SMA NEGERI 2 LUWUK KAB. BANGGAI,34173,KEPALA SMA NEGERI 2 LUWUK KAB. BANGGAI,,,,,,,,,,,,,,,,,,,,,,,,,,,2,SMA,489,34173,,1.03E+11,,KEPALA SMA NEGERI 2 LUWUK KAB. BANGGAI,SMA NEGERI 2 LUWUK KAB. BANGGAI,,"JL. SETIA BUDI, NO.9 PALU",,,,,,1,,,,,
1249,10,DINAS PENDIDIKAN,33499,KEPALA DINAS PENDIDIKAN,II.a,487,CABANG DINAS PENDIDIKAN MENENGAH WILAYAH IV KAB. MOROWALI DAN KAB. MOROWALI UTARA,33501,KEPALA CABANG DINAS PENDIDIKAN MENENGAH WILAYAH IV KAB. MOROWALI DAN KAB. MOROWALI UTARA,III.b,961,SMK NEGERI 1 PETASIA BARAT KAB. MOROWALI UTARA,34167,KEPALA SMK NEGERI 1 PETASIA BARAT KAB. MOROWALI UTARA,,,,,,,,,,,,,,,,,,,,,,,,,,,2,SMK,487,34167,,1.03E+11,,KEPALA SMK NEGERI 1 PETASIA BARAT KAB. MOROWALI UTARA,SMK NEGERI 1 PETASIA BARAT KAB. MOROWALI UTARA,,"JL. SETIA BUDI, NO.9 PALU",,,,,,1,,,,,
1250,3,BADAN PENDAPATAN DAERAH,33784,KEPALA BADAN PENDAPATAN DAERAH,II.a,337,UPTD BADAN PENDAPATAN WILAYAH VII,33850,KEPALA UPTD BADAN PENDAPATAN WILAYAH VII,III.b,340,SEKSI PENETAPAN DAN PENAGIHAN,33853,KEPALA SEKSI PENETAPAN DAN PENAGIHAN,IV.a,,,,,,,,,,,,,,,,,,,,,,,,,,2,,337,33853,IV.a,1.03E+11,41,KEPALA SEKSI PENETAPAN DAN PENAGIHAN,SEKSI PENETAPAN DAN PENAGIHAN,133,JL. PROF. DR. MOH. YAMIN NO. 34 PALU,,,,,,1,,,,,
1251,10,DINAS PENDIDIKAN,33499,KEPALA DINAS PENDIDIKAN,II.a,489,"CABANG DINAS PENDIDIKAN MENENGAH WILAYAH V KAB.BANGGAI, KAB. BANGGAI KEPULAUAN DAN KAB. BANGGAI LAUT",33502,"KEPALA CABANG DINAS PENDIDIKAN MENENGAH WILAYAH V KAB.BANGGAI, KAB. BANGGAI KEPULAUAN DAN KAB. BANGGAI LAUT",III.b,31,SMA NEGERI 2 PAGIMANA KAB. BANGGAI,34184,KEPALA SMA NEGERI 2 PAGIMANA KAB. BANGGAI,,,,,,,,,,,,,,,,,,,,,,,,,,,2,SMA,489,34184,,1.03E+11,,KEPALA SMA NEGERI 2 PAGIMANA KAB. BANGGAI,SMA NEGERI 2 PAGIMANA KAB. BANGGAI,,"JL. SETIA BUDI, NO.9 PALU",,,,,,1,,,,,
1252,10,DINAS PENDIDIKAN,33499,KEPALA DINAS PENDIDIKAN,II.a,489,"CABANG DINAS PENDIDIKAN MENENGAH WILAYAH V KAB.BANGGAI, KAB. BANGGAI KEPULAUAN DAN KAB. BANGGAI LAUT",33502,"KEPALA CABANG DINAS PENDIDIKAN MENENGAH WILAYAH V KAB.BANGGAI, KAB. BANGGAI KEPULAUAN DAN KAB. BANGGAI LAUT",III.b,11,SMA NEGERI 3 BUNTA KAB. BANGGAI,34190,KEPALA SMA NEGERI 3 BUNTA KAB. BANGGAI,,,,,,,,,,,,,,,,,,,,,,,,,,,2,SMA,489,34190,,1.03E+11,,KEPALA SMA NEGERI 3 BUNTA KAB. BANGGAI,SMA NEGERI 3 BUNTA KAB. BANGGAI,,"JL. SETIA BUDI, NO.9 PALU",,,,,,1,,,,,
1253,10,DINAS PENDIDIKAN,33499,KEPALA DINAS PENDIDIKAN,II.a,489,"CABANG DINAS PENDIDIKAN MENENGAH WILAYAH V KAB.BANGGAI, KAB. BANGGAI KEPULAUAN DAN KAB. BANGGAI LAUT",33502,"KEPALA CABANG DINAS PENDIDIKAN MENENGAH WILAYAH V KAB.BANGGAI, KAB. BANGGAI KEPULAUAN DAN KAB. BANGGAI LAUT",III.b,27,SMA NEGERI 1 LAMALA KAB. BANGGAI,34179,KEPALA SMA NEGERI 1 LAMALA KAB. BANGGAI,,,,,,,,,,,,,,,,,,,,,,,,,,,2,SMA,489,34179,,1.03E+11,,KEPALA SMA NEGERI 1 LAMALA KAB. BANGGAI,SMA NEGERI 1 LAMALA KAB. BANGGAI,,"JL. SETIA BUDI, NO.9 PALU",,,,,,1,,,,,
1254,10,DINAS PENDIDIKAN,33499,KEPALA DINAS PENDIDIKAN,II.a,489,"CABANG DINAS PENDIDIKAN MENENGAH WILAYAH V KAB.BANGGAI, KAB. BANGGAI KEPULAUAN DAN KAB. BANGGAI LAUT",33502,"KEPALA CABANG DINAS PENDIDIKAN MENENGAH WILAYAH V KAB.BANGGAI, KAB. BANGGAI KEPULAUAN DAN KAB. BANGGAI LAUT",III.b,2,SMA NEGERI 1 BALANTAK SELATAN KAB. BANGGAI,34191,KEPALA SMA NEGERI 1 BALANTAK SELATAN KAB. BANGGAI,,,,,,,,,,,,,,,,,,,,,,,,,,,2,SMA,489,34191,,1.03E+11,,KEPALA SMA NEGERI 1 BALANTAK SELATAN KAB. BANGGAI,SMA NEGERI 1 BALANTAK SELATAN KAB. BANGGAI,,"JL. SETIA BUDI, NO.9 PALU",,,,,,1,,,,,
1255,10,DINAS PENDIDIKAN,33499,KEPALA DINAS PENDIDIKAN,II.a,489,"CABANG DINAS PENDIDIKAN MENENGAH WILAYAH V KAB.BANGGAI, KAB. BANGGAI KEPULAUAN DAN KAB. BANGGAI LAUT",33502,"KEPALA CABANG DINAS PENDIDIKAN MENENGAH WILAYAH V KAB.BANGGAI, KAB. BANGGAI KEPULAUAN DAN KAB. BANGGAI LAUT",III.b,1069,SMA NEGERI 1 TINANGKUNG SELATAN KAB. BANGGAI KEPULAUAN,34230,KEPALA SMA NEGERI 1 TINANGKUNG SELATAN KAB. BANGGAI KEPULAUAN,,,,,,,,,,,,,,,,,,,,,,,,,,,2,SMA,489,34230,,1.03E+11,,KEPALA SMA NEGERI 1 TINANGKUNG SELATAN KAB. BANGGAI KEPULAUAN,SMA NEGERI 1 TINANGKUNG SELATAN KAB. BANGGAI KEPULAUAN,,"JL. SETIA BUDI, NO.9 PALU",,,,,,1,,,,,
1256,10,DINAS PENDIDIKAN,33499,KEPALA DINAS PENDIDIKAN,II.a,481,CABANG DINAS PENDIDIKAN MENENGAH WILAYAH II KAB. DONGGALA DAN KAB. PARIGI MOUTONG,33639,KEPALA CABANG DINAS PENDIDIKAN MENENGAH WILAYAH II KAB. DONGGALA DAN KAB. PARIGI MOUTONG,III.b,522,SMA NEGERI 3 BALAESANG KAB. DONGGALA,33648,KEPALA SMA NEGERI 3 BALAESANG KAB. DONGGALA,,,,,,,,,,,,,,,,,,,,,,,,,,,2,SMA,481,33648,,1.03E+11,,KEPALA SMA NEGERI 3 BALAESANG KAB. DONGGALA,SMA NEGERI 3 BALAESANG KAB. DONGGALA,,"JL. SETIA BUDI, NO.9 PALU",,,,,,1,,,,,
1257,12,DINAS KESEHATAN,34343,KEPALA DINAS KESEHATAN,II.a,967,UPT RUMAH SAKIT UMUM DAERAH UNDATA,34390,KEPALA UPT RUMAH SAKIT UMUM DAERAH UNDATA,II.b,992,"BIDANG PENDIDIKAN, LATIHAN DAN PENELITIAN",34405,"KEPALA BIDANG PENDIDIKAN, LATIHAN DAN PENELITIAN",IV.a,994,SEKSI PENDIDIKAN DAN PELATIHAN,,,,,,,,,,,,,,,,,,,,,,,,3,,992,,,1.00E+11,,,SEKSI PENDIDIKAN DAN PELATIHAN,,"JL. R.A. KARTINI, NO.11 PALU",,,,,,0,,,,,
1258,49,SEKRETARIAT DAERAH,34461,SEKRETARIS DAERAH,I.b,144,ASISTEN ADMINISTRASI UMUM,33353,ASISTEN ADMINISTRASI UMUM,II.a,158,BIRO UMUM,34048,KEPALA BIRO UMUM,II.b,163,BAGIAN ADMINISTRASI KEUANGAN DAN ASET,34059,KEPALA BAGIAN ADMINISTRASI KEUANGAN DAN ASET,III.a,166,"SUB BAGIAN PENGGUNAAN, PENGAMANAN DAN PEMELIHARAAN ASET SETDA",34062,"KEPALA SUB BAGIAN PENGGUNAAN, PENGAMANAN DAN PEMELIHARAAN ASET SETDA",IV.a,,,,,,,,,,,,,,,,4,,163,34062,IV.a,1.00E+11,41,"KEPALA SUB BAGIAN PENGGUNAAN, PENGAMANAN DAN PEMELIHARAAN ASET SETDA","SUB BAGIAN PENGGUNAAN, PENGAMANAN DAN PEMELIHARAAN ASET SETDA",133,JL. SAM RATULANGI NO.101 PALU,,,,,,1,,,,,
1259,12,DINAS KESEHATAN,34343,KEPALA DINAS KESEHATAN,II.a,967,UPT RUMAH SAKIT UMUM DAERAH UNDATA,34390,KEPALA UPT RUMAH SAKIT UMUM DAERAH UNDATA,II.b,989,BIDANG PROGRAM DAN EVALUASI,34403,KEPALA BIDANG PROGRAM DAN EVALUASI,III.a,991,SEKSI PENYUSUNAN PROGRAM,,,,,,,,,,,,,,,,,,,,,,,,3,,989,,,1.00E+11,,,SEKSI PENYUSUNAN PROGRAM,,"JL. R.A. KARTINI, NO.11 PALU",,,,,,0,,,,,
1260,10,DINAS PENDIDIKAN,33499,KEPALA DINAS PENDIDIKAN,II.a,489,"CABANG DINAS PENDIDIKAN MENENGAH WILAYAH V KAB.BANGGAI, KAB. BANGGAI KEPULAUAN DAN KAB. BANGGAI LAUT",33502,"KEPALA CABANG DINAS PENDIDIKAN MENENGAH WILAYAH V KAB.BANGGAI, KAB. BANGGAI KEPULAUAN DAN KAB. BANGGAI LAUT",III.b,35,SMA NEGERI 1 BATUI KAB. BANGGAI,34176,KEPALA SMA NEGERI 1 BATUI KAB. BANGGAI,,,,,,,,,,,,,,,,,,,,,,,,,,,2,SMA,489,34176,,1.03E+11,,KEPALA SMA NEGERI 1 BATUI KAB. BANGGAI,SMA NEGERI 1 BATUI KAB. BANGGAI,,"JL. SETIA BUDI, NO.9 PALU",,,,,,1,,,,,
1261,10,DINAS PENDIDIKAN,33499,KEPALA DINAS PENDIDIKAN,II.a,489,"CABANG DINAS PENDIDIKAN MENENGAH WILAYAH V KAB.BANGGAI, KAB. BANGGAI KEPULAUAN DAN KAB. BANGGAI LAUT",33502,"KEPALA CABANG DINAS PENDIDIKAN MENENGAH WILAYAH V KAB.BANGGAI, KAB. BANGGAI KEPULAUAN DAN KAB. BANGGAI LAUT",III.b,33,SMA NEGERI 2 BUNTA KAB. BANGGAI,34187,KEPALA SMA NEGERI 2 BUNTA KAB. BANGGAI,,,,,,,,,,,,,,,,,,,,,,,,,,,2,SMA,489,34187,,1.03E+11,,KEPALA SMA NEGERI 2 BUNTA KAB. BANGGAI,SMA NEGERI 2 BUNTA KAB. BANGGAI,,"JL. SETIA BUDI, NO.9 PALU",,,,,,1,,,,,
1262,49,SEKRETARIAT DAERAH,34461,SEKRETARIS DAERAH,I.b,72,ASISTEN PEREKONOMIAN DAN PEMBANGUNAN,39771,ASISTEN PEREKONOMIAN DAN PEMBANGUNAN,II.a,131,BIRO ADMINISTRASI PEMBANGUNAN,34464,KEPALA BIRO ADMINISTRASI PEMBANGUNAN,II.b,132,BAGIAN PENGENDALIAN ADMINISTRASI PELAKSANAAN PEMBANGUNAN DAERAH,34466,KEPALA BAGIAN PENGENDALIAN ADMINISTRASI PELAKSANAAN PEMBANGUNAN DAERAH,III.a,134,SUB BAGIAN PENGENDALIAN ADMINISTRASI PELAKSANAAN PEMBANGUNAN APBN,34468,KEPALA SUB BAGIAN PENGENDALIAN ADMINISTRASI PELAKSANAAN PEMBANGUNAN APBN,IV.a,,,,,,,,,,,,,,,,4,,132,34468,IV.a,1.00E+11,41,KEPALA SUB BAGIAN PENGENDALIAN ADMINISTRASI PELAKSANAAN PEMBANGUNAN APBN,SUB BAGIAN PENGENDALIAN ADMINISTRASI PELAKSANAAN PEMBANGUNAN APBN,133,JL. SAM RATULANGI NO.101 PALU,,,,,,1,,,,,
1263,10,DINAS PENDIDIKAN,33499,KEPALA DINAS PENDIDIKAN,II.a,489,"CABANG DINAS PENDIDIKAN MENENGAH WILAYAH V KAB.BANGGAI, KAB. BANGGAI KEPULAUAN DAN KAB. BANGGAI LAUT",33502,"KEPALA CABANG DINAS PENDIDIKAN MENENGAH WILAYAH V KAB.BANGGAI, KAB. BANGGAI KEPULAUAN DAN KAB. BANGGAI LAUT",III.b,22,SMA NEGERI 3 LUWUK KAB. BANGGAI,34174,KEPALA SMA NEGERI 3 LUWUK KAB. BANGGAI,,,,,,,,,,,,,,,,,,,,,,,,,,,2,SMA,489,34174,,1.03E+11,,KEPALA SMA NEGERI 3 LUWUK KAB. BANGGAI,SMA NEGERI 3 LUWUK KAB. BANGGAI,,"JL. SETIA BUDI, NO.9 PALU",,,,,,1,,,,,
1264,10,DINAS PENDIDIKAN,33499,KEPALA DINAS PENDIDIKAN,II.a,489,"CABANG DINAS PENDIDIKAN MENENGAH WILAYAH V KAB.BANGGAI, KAB. BANGGAI KEPULAUAN DAN KAB. BANGGAI LAUT",33502,"KEPALA CABANG DINAS PENDIDIKAN MENENGAH WILAYAH V KAB.BANGGAI, KAB. BANGGAI KEPULAUAN DAN KAB. BANGGAI LAUT",III.b,5,SMK NEGERI 1 TOILI KAB. BANGGAI,34197,KEPALA SMK NEGERI 1 TOILI KAB. BANGGAI,,,,,,,,,,,,,,,,,,,,,,,,,,,2,SMK,489,34197,,1.03E+11,,KEPALA SMK NEGERI 1 TOILI KAB. BANGGAI,SMK NEGERI 1 TOILI KAB. BANGGAI,,"JL. SETIA BUDI, NO.9 PALU",,,,,,1,,,,,
1265,10,DINAS PENDIDIKAN,33499,KEPALA DINAS PENDIDIKAN,II.a,489,"CABANG DINAS PENDIDIKAN MENENGAH WILAYAH V KAB.BANGGAI, KAB. BANGGAI KEPULAUAN DAN KAB. BANGGAI LAUT",33502,"KEPALA CABANG DINAS PENDIDIKAN MENENGAH WILAYAH V KAB.BANGGAI, KAB. BANGGAI KEPULAUAN DAN KAB. BANGGAI LAUT",III.b,1044,SMA NEGERI 1 NUHON KAB. BANGGAI,34205,KEPALA SMA NEGERI 1 NUHON KAB. BANGGAI,,,,,,,,,,,,,,,,,,,,,,,,,,,2,SMA,489,34205,,1.03E+11,,KEPALA SMA NEGERI 1 NUHON KAB. BANGGAI,SMA NEGERI 1 NUHON KAB. BANGGAI,,"JL. SETIA BUDI, NO.9 PALU",,,,,,1,,,,,
1266,10,DINAS PENDIDIKAN,33499,KEPALA DINAS PENDIDIKAN,II.a,489,"CABANG DINAS PENDIDIKAN MENENGAH WILAYAH V KAB.BANGGAI, KAB. BANGGAI KEPULAUAN DAN KAB. BANGGAI LAUT",33502,"KEPALA CABANG DINAS PENDIDIKAN MENENGAH WILAYAH V KAB.BANGGAI, KAB. BANGGAI KEPULAUAN DAN KAB. BANGGAI LAUT",III.b,1055,SMA NEGERI 1 LABOBO KAB. BANGGAI LAUT,34216,KEPALA SMA NEGERI 1 LABOBO KAB. BANGGAI LAUT,,,,,,,,,,,,,,,,,,,,,,,,,,,2,SMA,489,34216,,1.03E+11,,KEPALA SMA NEGERI 1 LABOBO KAB. BANGGAI LAUT,SMA NEGERI 1 LABOBO KAB. BANGGAI LAUT,,"JL. SETIA BUDI, NO.9 PALU",,,,,,1,,,,,
1268,10,DINAS PENDIDIKAN,33499,KEPALA DINAS PENDIDIKAN,II.a,489,"CABANG DINAS PENDIDIKAN MENENGAH WILAYAH V KAB.BANGGAI, KAB. BANGGAI KEPULAUAN DAN KAB. BANGGAI LAUT",33502,"KEPALA CABANG DINAS PENDIDIKAN MENENGAH WILAYAH V KAB.BANGGAI, KAB. BANGGAI KEPULAUAN DAN KAB. BANGGAI LAUT",III.b,1077,SMK NEGERI 1 LIANG KAB. BANGGAI KEPULAUAN,34255,KEPALA SMK NEGERI 1 LIANG KAB. BANGGAI KEPULAUAN,,,,,,,,,,,,,,,,,,,,,,,,,,,2,SMK,489,34255,,1.03E+11,,KEPALA SMK NEGERI 1 LIANG KAB. BANGGAI KEPULAUAN,SMK NEGERI 1 LIANG KAB. BANGGAI KEPULAUAN,,"JL. SETIA BUDI, NO.9 PALU",,,,,,1,,,,,
1269,10,DINAS PENDIDIKAN,33499,KEPALA DINAS PENDIDIKAN,II.a,494,CABANG DINAS PENDIDIKAN MENENGAH WILAYAH VI TOLITOLI DAN BUOL,33503,KEPALA CABANG DINAS PENDIDIKAN MENENGAH WILAYAH VI TOLITOLI DAN BUOL,III.b,1119,SMA NEGERI 1 MOMUNU KAB. BUOL,34361,KEPALA SMA NEGERI 1 MOMUNU KAB. BUOL,,,,,,,,,,,,,,,,,,,,,,,,,,,2,SMA,494,34361,,1.03E+11,,KEPALA SMA NEGERI 1 MOMUNU KAB. BUOL,SMA NEGERI 1 MOMUNU KAB. BUOL,,"JL. SETIA BUDI, NO.9 PALU",,,,,,1,,,,,
1270,49,SEKRETARIAT DAERAH,34461,SEKRETARIS DAERAH,I.b,1,ASISTEN PEMERINTAHAN DAN KESEJAHTERAAN RAKYAT,34132,ASISTEN PEMERINTAHAN DAN KESEJAHTERAAN RAKYAT,II.a,2,BIRO PEMERINTAHAN DAN OTONOMI DAERAH,34131,KEPALA BIRO PEMERINTAHAN DAN OTONOMI DAERAH,II.b,3,BAGIAN PEMERINTAHAN,34130,KEPALA BAGIAN PEMERINTAHAN,III.a,5,SUB BAGIAN ADMINISTRASI PEMERINTAHAN DAN FASILITASI PENATAAN WILAYAH,34128,KEPALA SUB BAGIAN ADMINISTRASI PEMERINTAHAN DAN FASILITASI PENATAAN WILAYAH,IV.a,,,,,,,,,,,,,,,,4,,3,34128,IV.a,1.00E+11,41,KEPALA SUB BAGIAN ADMINISTRASI PEMERINTAHAN DAN FASILITASI PENATAAN WILAYAH,SUB BAGIAN ADMINISTRASI PEMERINTAHAN DAN FASILITASI PENATAAN WILAYAH,133,JL. SAM RATULANGI NO.101 PALU,,,,,,1,,,,,
1271,10,DINAS PENDIDIKAN,33499,KEPALA DINAS PENDIDIKAN,II.a,489,"CABANG DINAS PENDIDIKAN MENENGAH WILAYAH V KAB.BANGGAI, KAB. BANGGAI KEPULAUAN DAN KAB. BANGGAI LAUT",33502,"KEPALA CABANG DINAS PENDIDIKAN MENENGAH WILAYAH V KAB.BANGGAI, KAB. BANGGAI KEPULAUAN DAN KAB. BANGGAI LAUT",III.b,1070,SMA NEGERI 1 TOTIKUM KAB. BANGGAI KEPULAUAN,34244,KEPALA SMA NEGERI 1 TOTIKUM KAB. BANGGAI KEPULAUAN,,,,,,,,,,,,,,,,,,,,,,,,,,,2,SMA,489,34244,,1.03E+11,,KEPALA SMA NEGERI 1 TOTIKUM KAB. BANGGAI KEPULAUAN,SMA NEGERI 1 TOTIKUM KAB. BANGGAI KEPULAUAN,,"JL. SETIA BUDI, NO.9 PALU",,,,,,1,,,,,
1272,10,DINAS PENDIDIKAN,33499,KEPALA DINAS PENDIDIKAN,II.a,489,"CABANG DINAS PENDIDIKAN MENENGAH WILAYAH V KAB.BANGGAI, KAB. BANGGAI KEPULAUAN DAN KAB. BANGGAI LAUT",33502,"KEPALA CABANG DINAS PENDIDIKAN MENENGAH WILAYAH V KAB.BANGGAI, KAB. BANGGAI KEPULAUAN DAN KAB. BANGGAI LAUT",III.b,1080,SMK NEGERI TOTIKUM KAB. BANGGAI KEPULAUAN,34259,KEPALA SMK NEGERI TOTIKUM KAB. BANGGAI KEPULAUAN,,,,,,,,,,,,,,,,,,,,,,,,,,,2,SMK,489,34259,,1.03E+11,,KEPALA SMK NEGERI TOTIKUM KAB. BANGGAI KEPULAUAN,SMK NEGERI TOTIKUM KAB. BANGGAI KEPULAUAN,,"JL. SETIA BUDI, NO.9 PALU",,,,,,1,,,,,
1273,10,DINAS PENDIDIKAN,33499,KEPALA DINAS PENDIDIKAN,II.a,481,CABANG DINAS PENDIDIKAN MENENGAH WILAYAH II KAB. DONGGALA DAN KAB. PARIGI MOUTONG,33639,KEPALA CABANG DINAS PENDIDIKAN MENENGAH WILAYAH II KAB. DONGGALA DAN KAB. PARIGI MOUTONG,III.b,567,SMA NEGERI 1 BOLANO LAMBUNU KAB. PARIGI MOUTONG,33685,KEPALA SEKOLAHKAB. PARIGI MOUTONG,IV.b,,,,,,,,,,,,,,,,,,,,,,,,,,2,SMA,481,33685,IV.b,1.03E+11,42,KEPALA SEKOLAHKAB. PARIGI MOUTONG,SMA NEGERI 1 BOLANO LAMBUNU KAB. PARIGI MOUTONG,132,"JL. SETIA BUDI, NO.9 PALU",,,,,,1,,,,,
1274,10,DINAS PENDIDIKAN,33499,KEPALA DINAS PENDIDIKAN,II.a,489,"CABANG DINAS PENDIDIKAN MENENGAH WILAYAH V KAB.BANGGAI, KAB. BANGGAI KEPULAUAN DAN KAB. BANGGAI LAUT",33502,"KEPALA CABANG DINAS PENDIDIKAN MENENGAH WILAYAH V KAB.BANGGAI, KAB. BANGGAI KEPULAUAN DAN KAB. BANGGAI LAUT",III.b,1065,SLB NEGERI ADEAN KAB. BANGGAI LAUT,34226,KEPALA SLB NEGERI ADEAN KAB. BANGGAI LAUT,,,,,,,,,,,,,,,,,,,,,,,,,,,2,SLB,489,34226,,1.03E+11,,KEPALA SLB NEGERI ADEAN KAB. BANGGAI LAUT,SLB NEGERI ADEAN KAB. BANGGAI LAUT,,"JL. SETIA BUDI, NO.9 PALU",,,,,,1,,,,,
1275,16,DINAS SOSIAL,33907,KEPALA DINAS SOSIAL,II.a,853,BIDANG PENANGANAN FAKIR MISKIN,33912,KEPALA BIDANG PENANGANAN FAKIR MISKIN,III.a,,,,,,,,,,,,,,,,,,,,,,,,,,,,,,,1,,16,33912,III.a,1.01E+11,31,KEPALA BIDANG PENANGANAN FAKIR MISKIN,BIDANG PENANGANAN FAKIR MISKIN,141,JL. PROF. MOH. YAMIN NO. 15 PALU,,,,,,1,,,,,
1276,16,DINAS SOSIAL,33907,KEPALA DINAS SOSIAL,II.a,854,BIDANG PEMBERDAYAAN SOSIAL,33958,KEPALA BIDANG PEMBERDAYAAN SOSIAL,III.a,,,,,,,,,,,,,,,,,,,,,,,,,,,,,,,1,,16,33958,III.a,1.01E+11,31,KEPALA BIDANG PEMBERDAYAAN SOSIAL,BIDANG PEMBERDAYAAN SOSIAL,141,JL. PROF. MOH. YAMIN NO. 15 PALU,,,,,,1,,,,,
1277,10,DINAS PENDIDIKAN,33499,KEPALA DINAS PENDIDIKAN,II.a,489,"CABANG DINAS PENDIDIKAN MENENGAH WILAYAH V KAB.BANGGAI, KAB. BANGGAI KEPULAUAN DAN KAB. BANGGAI LAUT",33502,"KEPALA CABANG DINAS PENDIDIKAN MENENGAH WILAYAH V KAB.BANGGAI, KAB. BANGGAI KEPULAUAN DAN KAB. BANGGAI LAUT",III.b,8,SMA NEGERI 3 PAGIMANA KAB. BANGGAI,34192,KEPALA SMA NEGERI 3 PAGIMANA KAB. BANGGAI,,,,,,,,,,,,,,,,,,,,,,,,,,,2,SMA,489,34192,,1.03E+11,,KEPALA SMA NEGERI 3 PAGIMANA KAB. BANGGAI,SMA NEGERI 3 PAGIMANA KAB. BANGGAI,,"JL. SETIA BUDI, NO.9 PALU",,,,,,1,,,,,
1278,10,DINAS PENDIDIKAN,33499,KEPALA DINAS PENDIDIKAN,II.a,489,"CABANG DINAS PENDIDIKAN MENENGAH WILAYAH V KAB.BANGGAI, KAB. BANGGAI KEPULAUAN DAN KAB. BANGGAI LAUT",33502,"KEPALA CABANG DINAS PENDIDIKAN MENENGAH WILAYAH V KAB.BANGGAI, KAB. BANGGAI KEPULAUAN DAN KAB. BANGGAI LAUT",III.b,1082,SMK NEGERI PELING TENGAH KAB. BANGGAI KEPULAUAN,34261,KEPALA SMK NEGERI PELING TENGAH KAB. BANGGAI KEPULAUAN,,,,,,,,,,,,,,,,,,,,,,,,,,,2,SMK,489,34261,,1.03E+11,,KEPALA SMK NEGERI PELING TENGAH KAB. BANGGAI KEPULAUAN,SMK NEGERI PELING TENGAH KAB. BANGGAI KEPULAUAN,,"JL. SETIA BUDI, NO.9 PALU",,,,,,1,,,,,
1279,35,DINAS PERINDUSTRIAN DAN PERDAGANGAN,33359,KEPALA DINAS PERINDUSTRIAN DAN PERDAGANGAN,II.a,106,UPTD PENGEMBANGAN PRODUK INDUSTRI PANGAN DAN KERAJINAN DAERAH,33372,KEPALA UPT PENGEMBANGAN PRODUK INDUSTRI PANGAN DAN KERAJINAN DAERAH,III.b,108,SEKSI PENGEMBANGAN PRODUK PANGAN,33374,KEPALA SEKSI PENGEMBANGAN PRODUK PANGAN,IV.a,,,,,,,,,,,,,,,,,,,,,,,,,,2,UPTD Tipe A,106,33374,IV.a,1.02E+11,41,KEPALA SEKSI PENGEMBANGAN PRODUK PANGAN,SEKSI PENGEMBANGAN PRODUK PANGAN,133,JL. R.A. KARTINI NO.18 PALU,,,,,,1,,,,,
1280,33,DINAS PERKEBUNAN DAN PETERNAKAN,37689,KEPALA DINAS PERKEBUNAN DAN PETERNAKAN,II.a,928,BIDANG SARANA DAN PENGOLAHAN HASIL PERKEBUNAN,36564,KEPALA BIDANG SARANA DAN PENGOLAHAN HASIL PERKEBUNAN,III.a,,,,,,,,,,,,,,,,,,,,,,,,,,,,,,,1,,33,36564,III.a,1.03E+11,31,KEPALA BIDANG SARANA DAN PENGOLAHAN HASIL PERKEBUNAN,BIDANG SARANA DAN PENGOLAHAN HASIL PERKEBUNAN,141,JL. R.A. KARTINI NO.25 & 31 PALU,,,,,,1,,,,,
1281,8,BADAN PENANGGULANGAN BENCANA DAERAH,33323,KEPALA BADAN PENANGGULANGAN BENCANA DAERAH,II.a,33,BIDANG KEDARURATAN LOGISTIK,33328,KEPALA BIDANG KEDARURATAN LOGISTIK,III.a,,,,,,,,,,,,,,,,,,,,,,,,,,,,,,,1,,8,33328,III.a,1.03E+11,31,KEPALA BIDANG KEDARURATAN LOGISTIK,BIDANG KEDARURATAN LOGISTIK,141,"JL. M.T HARYONO NO.28, PALU",,,,,,1,,,,,
1282,10,DINAS PENDIDIKAN,33499,KEPALA DINAS PENDIDIKAN,II.a,365,CABANG DINAS PENDIDIKAN MENENGAH WILAYAH I KOTA PALU DAN KAB. SIGI,33513,KEPALA CABANG DINAS PENDIDIKAN MENENGAH WILAYAH I KOTA PALU DAN KAB. SIGI,III.b,477,SLB NEGERI MARAWOLA,,,,,,,,,,,,,,,,,,,,,,,,,,,,,2,SLB,365,,,1.03E+11,,,SLB NEGERI MARAWOLA,,"JL. SETIA BUDI, NO.9 PALU",,,,,,1,,,,,
1283,10,DINAS PENDIDIKAN,33499,KEPALA DINAS PENDIDIKAN,II.a,365,CABANG DINAS PENDIDIKAN MENENGAH WILAYAH I KOTA PALU DAN KAB. SIGI,33513,KEPALA CABANG DINAS PENDIDIKAN MENENGAH WILAYAH I KOTA PALU DAN KAB. SIGI,III.b,431,SMK NEGERI 8 PALU KOTA PALU,33538,KEPALA SMK NEGERI 8 PALU KOTA PALU,,,,,,,,,,,,,,,,,,,,,,,,,,,2,SMK,365,33538,,1.03E+11,,KEPALA SMK NEGERI 8 PALU KOTA PALU,SMK NEGERI 8 PALU KOTA PALU,,"JL. SETIA BUDI, NO.9 PALU",,,,,,1,,,,,
1286,19,DINAS PANGAN,33900,KEPALA DINAS PANGAN,II.a,284,"UPT PENGAWASAN, SERTIFIKASI MUTU DAN KEAMANAN PANGAN",33954,"KEPALA UPT PENGAWASAN, SERTIFIKASI MUTU DAN KEAMANAN PANGAN",III.b,286,SEKSI MUTU KEAMANAN PANGAN,33956,KEPALA SEKSI MUTU KEAMANAN PANGAN,IV.a,,,,,,,,,,,,,,,,,,,,,,,,,,2,,284,33956,IV.a,1.01E+11,41,KEPALA SEKSI MUTU KEAMANAN PANGAN,SEKSI MUTU KEAMANAN PANGAN,133,JL. PROF. MOH. YAMIN NO. 17 PALU,,,,,,1,,,,,
1287,14,DINAS CIPTA KARYA DAN SUMBER DAYA AIR,33805,KEPALA DINAS CIPTA KARYA DAN SUMBER DAYA AIR,II.a,679,"BIDANG SUNGAI, PANTAI, DANAU DAN AIR BAKU",33823,"KEPALA BIDANG SUNGAI, PANTAI, DANAU DAN AIR BAKU",III.a,,,,,,,,,,,,,,,,,,,,,,,,,,,,,,,1,,14,33823,III.a,1.01E+11,31,"KEPALA BIDANG SUNGAI, PANTAI, DANAU DAN AIR BAKU","BIDANG SUNGAI, PANTAI, DANAU DAN AIR BAKU",141,JL. PROF. MOH. YAMIN NO.33 PALU,,,,,,1,,,,,
1288,10,DINAS PENDIDIKAN,33499,KEPALA DINAS PENDIDIKAN,II.a,365,CABANG DINAS PENDIDIKAN MENENGAH WILAYAH I KOTA PALU DAN KAB. SIGI,33513,KEPALA CABANG DINAS PENDIDIKAN MENENGAH WILAYAH I KOTA PALU DAN KAB. SIGI,III.b,460,SMK NEGERI 2 SIGI KAB. SIGI,33629,KEPALA SMK NEGERI 2 SIGI KAB. SIGI,,,,,,,,,,,,,,,,,,,,,,,,,,,2,SMK,365,33629,,1.03E+11,,KEPALA SMK NEGERI 2 SIGI KAB. SIGI,SMK NEGERI 2 SIGI KAB. SIGI,,"JL. SETIA BUDI, NO.9 PALU",,,,,,1,,,,,
1289,3,BADAN PENDAPATAN DAERAH,33784,KEPALA BADAN PENDAPATAN DAERAH,II.a,341,UPTD BADAN PENDAPATAN WILAYAH VIII,33854,KEPALA UPTD BADAN PENDAPATAN WILAYAH VIII,III.b,342,SUB BAGIAN TATA USAHA,33855,KEPALA SUB BAGIAN TATA USAHA,IV.a,,,,,,,,,,,,,,,,,,,,,,,,,,2,,341,33855,IV.a,1.03E+11,41,KEPALA SUB BAGIAN TATA USAHA,SUB BAGIAN TATA USAHA,133,JL. PROF. DR. MOH. YAMIN NO. 34 PALU,,,,,,1,,,,,
1290,49,SEKRETARIAT DAERAH,34461,SEKRETARIS DAERAH,I.b,72,ASISTEN PEREKONOMIAN DAN PEMBANGUNAN,39771,ASISTEN PEREKONOMIAN DAN PEMBANGUNAN,II.a,73,BIRO PEREKONOMIAN,34712,KEPALA BIRO PEREKONOMIAN,II.b,114,BAGIAN BUMD DAN BLUD,34717,KEPALA BAGIAN BUMD DAN BLUD,III.a,116,"SUB BAGIAN BADAN USAHA MILIK DAERAH AIR MINUM, LIMBAH DAN SANITASI",34780,"KEPALA SUB BAGIAN BADAN USAHA MILIK DAERAH AIR MINUM, LIMBAH DAN SANITASI",IV.a,,,,,,,,,,,,,,,,4,,114,34780,IV.a,1.00E+11,41,"KEPALA SUB BAGIAN BADAN USAHA MILIK DAERAH AIR MINUM, LIMBAH DAN SANITASI","SUB BAGIAN BADAN USAHA MILIK DAERAH AIR MINUM, LIMBAH DAN SANITASI",133,JL. SAM RATULANGI NO.101 PALU,,,,,,1,,,,,
1291,12,DINAS KESEHATAN,34343,KEPALA DINAS KESEHATAN,II.a,763,"BIDANG BINA KEFARMASIAN, ALAT KESEHATAN DAN SUMBER DAYA MANUSIA KESEHATAN",34379,"KEPALA BIDANG BINA KEFARMASIAN, ALAT KESEHATAN DAN SUMBER DAYA MANUSIA KESEHATAN",III.a,765,SEKSI ALAT KESEHATAN DAN PERBEKALAN KESEHATAN RUMAH TANGGA,34381,KEPALA SEKSI ALAT KESEHATAN DAN PERBEKALAN KESEHATAN RUMAH TANGGA,IV.a,,,,,,,,,,,,,,,,,,,,,,,,,,2,,763,34381,IV.a,1.00E+11,41,KEPALA SEKSI ALAT KESEHATAN DAN PERBEKALAN KESEHATAN RUMAH TANGGA,SEKSI ALAT KESEHATAN DAN PERBEKALAN KESEHATAN RUMAH TANGGA,133,"JL. R.A. KARTINI, NO.11 PALU",,,,,,1,,,,,
1292,10,DINAS PENDIDIKAN,33499,KEPALA DINAS PENDIDIKAN,II.a,487,CABANG DINAS PENDIDIKAN MENENGAH WILAYAH IV KAB. MOROWALI DAN KAB. MOROWALI UTARA,33501,KEPALA CABANG DINAS PENDIDIKAN MENENGAH WILAYAH IV KAB. MOROWALI DAN KAB. MOROWALI UTARA,III.b,916,SEKSI PEMBINAAN SMA,34134,KEPALA SEKSI PEMBINAAN SMA,IV.a,,,,,,,,,,,,,,,,,,,,,,,,,,2,,487,34134,IV.a,1.03E+11,41,KEPALA SEKSI PEMBINAAN SMA,SEKSI PEMBINAAN SMA,133,"JL. SETIA BUDI, NO.9 PALU",,,,,,1,,,,,
1293,10,DINAS PENDIDIKAN,33499,KEPALA DINAS PENDIDIKAN,II.a,494,CABANG DINAS PENDIDIKAN MENENGAH WILAYAH VI TOLITOLI DAN BUOL,33503,KEPALA CABANG DINAS PENDIDIKAN MENENGAH WILAYAH VI TOLITOLI DAN BUOL,III.b,1093,SUB BAGIAN TATA USAHA,34285,KEPALA SUB BAGIAN TATA USAHA,IV.a,,,,,,,,,,,,,,,,,,,,,,,,,,2,,494,34285,IV.a,1.03E+11,41,KEPALA SUB BAGIAN TATA USAHA,SUB BAGIAN TATA USAHA,133,"JL. SETIA BUDI, NO.9 PALU",,,,,,1,,,,,
1294,10,DINAS PENDIDIKAN,33499,KEPALA DINAS PENDIDIKAN,II.a,487,CABANG DINAS PENDIDIKAN MENENGAH WILAYAH IV KAB. MOROWALI DAN KAB. MOROWALI UTARA,33501,KEPALA CABANG DINAS PENDIDIKAN MENENGAH WILAYAH IV KAB. MOROWALI DAN KAB. MOROWALI UTARA,III.b,,,,,,,,,,,,,,,,,,,,,,,,,,,,,,,1,Cabang,10,33501,III.b,1.03E+11,32,KEPALA CABANG DINAS PENDIDIKAN MENENGAH WILAYAH IV KAB. MOROWALI DAN KAB. MOROWALI UTARA,CABANG DINAS PENDIDIKAN MENENGAH WILAYAH IV KAB. MOROWALI DAN KAB. MOROWALI UTARA,134,"JL. SETIA BUDI, NO.9 PALU",,,,,,1,,,,,
1295,10,DINAS PENDIDIKAN,33499,KEPALA DINAS PENDIDIKAN,II.a,489,"CABANG DINAS PENDIDIKAN MENENGAH WILAYAH V KAB.BANGGAI, KAB. BANGGAI KEPULAUAN DAN KAB. BANGGAI LAUT",33502,"KEPALA CABANG DINAS PENDIDIKAN MENENGAH WILAYAH V KAB.BANGGAI, KAB. BANGGAI KEPULAUAN DAN KAB. BANGGAI LAUT",III.b,1088,SMA NEGERI BULAGI UTARA KAB. BANGGAI KEPULAUAN,34271,KEPALA SMA NEGERI BULAGI UTARA KAB. BANGGAI KEPULAUAN,,,,,,,,,,,,,,,,,,,,,,,,,,,2,SMA,489,34271,,1.03E+11,,KEPALA SMA NEGERI BULAGI UTARA KAB. BANGGAI KEPULAUAN,SMA NEGERI BULAGI UTARA KAB. BANGGAI KEPULAUAN,,"JL. SETIA BUDI, NO.9 PALU",,,,,,1,,,,,
1296,10,DINAS PENDIDIKAN,33499,KEPALA DINAS PENDIDIKAN,II.a,481,CABANG DINAS PENDIDIKAN MENENGAH WILAYAH II KAB. DONGGALA DAN KAB. PARIGI MOUTONG,33639,KEPALA CABANG DINAS PENDIDIKAN MENENGAH WILAYAH II KAB. DONGGALA DAN KAB. PARIGI MOUTONG,III.b,541,SMA NEGERI 1 SOJOL KAB. DONGGALA,33658,KEPALA SMA NEGERI 1 SOJOL KAB. DONGGALA,,,,,,,,,,,,,,,,,,,,,,,,,,,2,SMA,481,33658,,1.03E+11,,KEPALA SMA NEGERI 1 SOJOL KAB. DONGGALA,SMA NEGERI 1 SOJOL KAB. DONGGALA,,"JL. SETIA BUDI, NO.9 PALU",,,,,,1,,,,,
1285,34,DINAS KEHUTANAN,33380,KEPALA DINAS KEHUTANAN,II.a,467,UPTD KESATUAN PENGELOLAAN HUTAN TEPO ASA AROA,33427,KEPALA UPTD KESATUAN PENGELOLAAN HUTAN TEPO ASA AROA,III.b,470,SEKSI PERENCANAAN DAN PEMANFAATAN HUTAN,33429,KEPALA SEKSI PERENCANAAN DAN PEMANFAATAN HUTAN,IV.a,,,,,,,,,,,,,,,,,,,,,,,,,,2,,467,33429,IV.a,1.02E+11,41,KEPALA SEKSI PERENCANAAN DAN PEMANFAATAN HUTAN,SEKSI PERENCANAAN DAN PEMANFAATAN HUTAN,133,JL. S. PARMAN NO. 9 PALU,,,,,,1,,,,,
1297,17,DINAS TENAGA KERJA DAN TRANSMIGRASI,34947,KEPALA DINAS TENAGA KERJA DAN TRANSMIGRASI,II.a,707,"BIDANG PEMBINAAN PELATIHAN, PERLUASAN PENEMPATAN DAN PRODUKTIVITAS TENAGA KERJA",34961,"KEPALA BIDANG PEMBINAAN PELATIHAN, PERLUASAN PENEMPATAN DAN PRODUKTIVITAS TENAGA KERJA",III.a,709,SEKSI PENEMPATAN DAN PERLINDUNGAN PEKERJA MIGRAN INDONESIA,34971,KEPALA SEKSI PENEMPATAN DAN PERLINDUNGAN PEKERJA MIGRAN INDONESIA,V.a,,,,,,,,,,,,,,,,,,,,,,,,,,2,,707,34971,V.a,1.01E+11,51,KEPALA SEKSI PENEMPATAN DAN PERLINDUNGAN PEKERJA MIGRAN INDONESIA,SEKSI PENEMPATAN DAN PERLINDUNGAN PEKERJA MIGRAN INDONESIA,131,JL. R.A. KARTINI NO. 98 PALU,,,,,,1,,,,,
1298,49,SEKRETARIAT DAERAH,34461,SEKRETARIS DAERAH,I.b,72,ASISTEN PEREKONOMIAN DAN PEMBANGUNAN,39771,ASISTEN PEREKONOMIAN DAN PEMBANGUNAN,II.a,73,BIRO PEREKONOMIAN,34712,KEPALA BIRO PEREKONOMIAN,II.b,98,BAGIAN SUMBER DAYA ALAM,34716,KEPALA BAGIAN SUMBER DAYA ALAM,III.a,99,"SUB BAGIAN SUMBER DAYA ALAM PERTANIAN, KEHUTANAN, KELAUTAN DAN PERIKANAN",34751,"KEPALA SUB BAGIAN SUMBER DAYA ALAM PERTANIAN, KEHUTANAN, KELAUTAN DAN PERIKANAN",IV.a,,,,,,,,,,,,,,,,4,,98,34751,IV.a,1.00E+11,41,"KEPALA SUB BAGIAN SUMBER DAYA ALAM PERTANIAN, KEHUTANAN, KELAUTAN DAN PERIKANAN","SUB BAGIAN SUMBER DAYA ALAM PERTANIAN, KEHUTANAN, KELAUTAN DAN PERIKANAN",133,JL. SAM RATULANGI NO.101 PALU,,,,,,1,,,,,
1299,10,DINAS PENDIDIKAN,33499,KEPALA DINAS PENDIDIKAN,II.a,489,"CABANG DINAS PENDIDIKAN MENENGAH WILAYAH V KAB.BANGGAI, KAB. BANGGAI KEPULAUAN DAN KAB. BANGGAI LAUT",33502,"KEPALA CABANG DINAS PENDIDIKAN MENENGAH WILAYAH V KAB.BANGGAI, KAB. BANGGAI KEPULAUAN DAN KAB. BANGGAI LAUT",III.b,1045,SMA NEGERI 2 NUHON KAB. BANGGAI,34206,KEPALA SMA NEGERI 2 NUHON KAB. BANGGAI,,,,,,,,,,,,,,,,,,,,,,,,,,,2,SMA,489,34206,,1.03E+11,,KEPALA SMA NEGERI 2 NUHON KAB. BANGGAI,SMA NEGERI 2 NUHON KAB. BANGGAI,,"JL. SETIA BUDI, NO.9 PALU",,,,,,1,,,,,
1300,49,SEKRETARIAT DAERAH,34461,SEKRETARIS DAERAH,I.b,144,ASISTEN ADMINISTRASI UMUM,33353,ASISTEN ADMINISTRASI UMUM,II.a,175,BIRO ADMINISTRASI PIMPINAN,34480,KEPALA BIRO ADMINISTRASI PIMPINAN,II.b,176,BAGIAN PERENCANAAN DAN KEPEGAWAIAN SETDA,34482,KEPALA BAGIAN PERENCANAAN DAN KEPEGAWAIAN SETDA,III.a,178,SUB BAGIAN KEPEGAWAIAN,34489,KEPALA SUB BAGIAN KEPEGAWAIAN,IV.a,,,,,,,,,,,,,,,,4,,176,34489,IV.a,1.00E+11,41,KEPALA SUB BAGIAN KEPEGAWAIAN,SUB BAGIAN KEPEGAWAIAN,133,JL. SAM RATULANGI NO.101 PALU,,,,,,1,,,,,
1301,35,DINAS PERINDUSTRIAN DAN PERDAGANGAN,33359,KEPALA DINAS PERINDUSTRIAN DAN PERDAGANGAN,II.a,97,UPTD PENGUJIAN SERTIFIKASI MUTU BARANG,33368,KEPALA UPT PENGUJIAN SERTIFIKASI MUTU BARANG,III.b,104,SEKSI PENGUJIAN DAN SERTIFIKASI MUTU BARANG,33371,KEPALA SEKSI PENGUJIAN DAN SERTIFIKASI MUTU BARANG,IV.a,,,,,,,,,,,,,,,,,,,,,,,,,,2,UPTD Tipe A,97,33371,IV.a,1.02E+11,41,KEPALA SEKSI PENGUJIAN DAN SERTIFIKASI MUTU BARANG,SEKSI PENGUJIAN DAN SERTIFIKASI MUTU BARANG,133,JL. R.A. KARTINI NO.18 PALU,,,,,,1,,,,,
1303,31,DINAS KELAUTAN DAN PERIKANAN,34250,KEPALA DINAS KELAUTAN DAN PERIKANAN,II.a,811,UPTD PELABUHAN PERIKANAN DAN KAWASAN KONSERVASI PESISIR DAN PULAU-PULAU KECIL WILAYAH V,34306,KEPALA UPTD PELABUHAN PERIKANAN DAN KAWASAN KONSERVASI PESISIR DAN PULAU-PULAU KECIL WILAYAH V,III.b,814,SEKSI KONSERVASI DAN PENGAWASAN,34309,KEPALA SEKSI KONSERVASI DAN PENGAWASAN,IV.a,,,,,,,,,,,,,,,,,,,,,,,,,,2,,811,34309,IV.a,1.02E+11,41,KEPALA SEKSI KONSERVASI DAN PENGAWASAN,SEKSI KONSERVASI DAN PENGAWASAN,133,JL. UNDATA NO.7 PALU,,,,,,1,,,,,
1304,3,BADAN PENDAPATAN DAERAH,33784,KEPALA BADAN PENDAPATAN DAERAH,II.a,325,UPTD BADAN PENDAPATAN WILAYAH IV,33834,KEPALA UPTD BADAN PENDAPATAN WILAYAH IV,III.b,326,SUB BAGIAN TATA USAHA,33835,KEPALA SUB BAGIAN TATA USAHA,IV.a,,,,,,,,,,,,,,,,,,,,,,,,,,2,,325,33835,IV.a,1.03E+11,41,KEPALA SUB BAGIAN TATA USAHA,SUB BAGIAN TATA USAHA,133,JL. PROF. DR. MOH. YAMIN NO. 34 PALU,,,,,,1,,,,,
1305,12,DINAS KESEHATAN,34343,KEPALA DINAS KESEHATAN,II.a,1136,SUB BAGIAN TATA USAHA,,,,,,,,,,,,,,,,,,,,,,,,,,,,,,,,,,1,,12,,,1.00E+11,,,SUB BAGIAN TATA USAHA,,"JL. R.A. KARTINI, NO.11 PALU",,,,,,0,,,,,
1306,12,DINAS KESEHATAN,34343,KEPALA DINAS KESEHATAN,II.a,1135,UPT LABORATORIUM KESEHATAN,38704,KEPALA UPT LABORATORIUM KESEHATAN,III.b,1137,SUB BAGIAN TATA USAHA,38705,KEPALA SUB BAGIAN TATA USAHA,IV.a,,,,,,,,,,,,,,,,,,,,,,,,,,2,,1135,38705,IV.a,1.00E+11,41,KEPALA SUB BAGIAN TATA USAHA,SUB BAGIAN TATA USAHA,133,"JL. R.A. KARTINI, NO.11 PALU",,,,,,1,,,,,
1307,10,DINAS PENDIDIKAN,33499,KEPALA DINAS PENDIDIKAN,II.a,494,CABANG DINAS PENDIDIKAN MENENGAH WILAYAH VI TOLITOLI DAN BUOL,33503,KEPALA CABANG DINAS PENDIDIKAN MENENGAH WILAYAH VI TOLITOLI DAN BUOL,III.b,1109,SMK NEGERI 1 DONDO KAB. TOLITOLI,34341,KEPALA SMK NEGERI 1 DONDO KAB. TOLITOLI,IV.a,,,,,,,,,,,,,,,,,,,,,,,,,,2,SMK,494,34341,IV.a,1.03E+11,41,KEPALA SMK NEGERI 1 DONDO KAB. TOLITOLI,SMK NEGERI 1 DONDO KAB. TOLITOLI,133,"JL. SETIA BUDI, NO.9 PALU",,,,,,1,,,,,
1308,31,DINAS KELAUTAN DAN PERIKANAN,34250,KEPALA DINAS KELAUTAN DAN PERIKANAN,II.a,815,UPT KAWASAN KONSERVASI PESISIR DAN PULAU-PULAU KECIL TELUK TOMINI,34312,KEPALA UPT KAWASAN KONSERVASI PESISIR DAN PULAU-PULAU KECIL TELUK TOMINI,III.b,816,SUB BAGIAN TATA USAHA,34313,KEPALA SUB BAGIAN TATA USAHA,IV.a,,,,,,,,,,,,,,,,,,,,,,,,,,2,,815,34313,IV.a,1.02E+11,41,KEPALA SUB BAGIAN TATA USAHA,SUB BAGIAN TATA USAHA,133,JL. UNDATA NO.7 PALU,,,,,,1,,,,,
1309,32,DINAS TANAMAN PANGAN DAN HORTIKULTURA,37620,KEPALA DINAS TANAMAN PANGAN DAN HORTIKULTURA,II.a,838,UPTD PENGAWASAN MUTU DAN SERTIFIKASI BENIH TANAMAN PANGAN DAN HORTIKULTURA,37596,KEPALA UPT PENGAWASAN MUTU DAN SERTIFIKASI BENIH TPH,III.b,841,SEKSI PENGAWASAN MUTU DAN SERTIFIKASI BENIH TANAMAN HOLTIKULTURA,37607,KEPALA SEKSI PENGAWASAN MUTU DAN SERTIFIKASI BENIH TANAMAN HOLTIKULTURA,IV.a,,,,,,,,,,,,,,,,,,,,,,,,,,2,,838,37607,IV.a,1.03E+11,41,KEPALA SEKSI PENGAWASAN MUTU DAN SERTIFIKASI BENIH TANAMAN HOLTIKULTURA,SEKSI PENGAWASAN MUTU DAN SERTIFIKASI BENIH TANAMAN HOLTIKULTURA,133,JL. R.A. KARTINI NO. 80 PALU,,,,,,1,,,,,
1310,10,DINAS PENDIDIKAN,33499,KEPALA DINAS PENDIDIKAN,II.a,494,CABANG DINAS PENDIDIKAN MENENGAH WILAYAH VI TOLITOLI DAN BUOL,33503,KEPALA CABANG DINAS PENDIDIKAN MENENGAH WILAYAH VI TOLITOLI DAN BUOL,III.b,1095,SEKSI PEMBINAAN SMK,34310,KEPALA SEKSI PEMBINAAN SMK,IV.a,,,,,,,,,,,,,,,,,,,,,,,,,,2,,494,34310,IV.a,1.03E+11,41,KEPALA SEKSI PEMBINAAN SMK,SEKSI PEMBINAAN SMK,133,"JL. SETIA BUDI, NO.9 PALU",,,,,,1,,,,,
268,34,DINAS KEHUTANAN,33380,KEPALA DINAS KEHUTANAN,II.a,510,UPTD KESATUAN PENGELOLAAN HUTAN TOILI BATURUBE,33392,KEPALA UPTD KESATUAN PENGELOLAAN HUTAN TOILI BATURUBE,III.b,514,SUB BAGIAN TATA USAHA,33395,KEPALA SUB BAGIAN TATA USAHA,IV.a,,,,,,,,,,,,,,,,,,,,,,,,,,2,,510,33395,IV.a,1.02E+11,41,KEPALA SUB BAGIAN TATA USAHA,SUB BAGIAN TATA USAHA,133,JL. S. PARMAN NO. 9 PALU,,,,,,1,,,,,
1311,10,DINAS PENDIDIKAN,33499,KEPALA DINAS PENDIDIKAN,II.a,365,CABANG DINAS PENDIDIKAN MENENGAH WILAYAH I KOTA PALU DAN KAB. SIGI,33513,KEPALA CABANG DINAS PENDIDIKAN MENENGAH WILAYAH I KOTA PALU DAN KAB. SIGI,III.b,466,SMA NEGERI 13 SIGI KAB. SIGI,33634,KEPALA SMA NEGERI 13 SIGI KAB. SIGI,,,,,,,,,,,,,,,,,,,,,,,,,,,2,SMA,365,33634,,1.03E+11,,KEPALA SMA NEGERI 13 SIGI KAB. SIGI,SMA NEGERI 13 SIGI KAB. SIGI,,"JL. SETIA BUDI, NO.9 PALU",,,,,,1,,,,,
1312,10,DINAS PENDIDIKAN,33499,KEPALA DINAS PENDIDIKAN,II.a,494,CABANG DINAS PENDIDIKAN MENENGAH WILAYAH VI TOLITOLI DAN BUOL,33503,KEPALA CABANG DINAS PENDIDIKAN MENENGAH WILAYAH VI TOLITOLI DAN BUOL,III.b,1107,SMK NEGERI 1 DAMPAL SELATAN KAB. TOLITOLI,34339,KEPALA SMK NEGERI 1 DAMPAL SELATAN KAB. TOLITOLI,,,,,,,,,,,,,,,,,,,,,,,,,,,2,SMK,494,34339,,1.03E+11,,KEPALA SMK NEGERI 1 DAMPAL SELATAN KAB. TOLITOLI,SMK NEGERI 1 DAMPAL SELATAN KAB. TOLITOLI,,"JL. SETIA BUDI, NO.9 PALU",,,,,,1,,,,,
1313,10,DINAS PENDIDIKAN,33499,KEPALA DINAS PENDIDIKAN,II.a,357,SEKRETARIAT,33505,KEPALA SEKRETARIAT,III.a,,,,,,,,,,,,,,,,,,,,,,,,,,,,,,,1,,10,33505,III.a,1.03E+11,31,KEPALA SEKRETARIAT,SEKRETARIAT,141,"JL. SETIA BUDI, NO.9 PALU",,,,,,1,,,,,
1314,12,DINAS KESEHATAN,34343,KEPALA DINAS KESEHATAN,II.a,1135,UPT LABORATORIUM KESEHATAN,38704,KEPALA UPT LABORATORIUM KESEHATAN,III.b,,,,,,,,,,,,,,,,,,,,,,,,,,,,,,,1,UPTD Tipe A,12,38704,III.b,1.00E+11,32,KEPALA UPT LABORATORIUM KESEHATAN,UPT LABORATORIUM KESEHATAN,134,"JL. R.A. KARTINI, NO.11 PALU",,,,,,1,,,,,
1315,3,BADAN PENDAPATAN DAERAH,33784,KEPALA BADAN PENDAPATAN DAERAH,II.a,1148,UPTD BADAN PENDAPATAN WILAYAH XII,40770,KEPALA UPTD BADAN PENDAPATAN WILAYAH XII,III.b,1153,SEKSI PENETAPAN DAN PENAGIHAN,,,,,,,,,,,,,,,,,,,,,,,,,,,,,2,,1148,,,1.03E+11,,,SEKSI PENETAPAN DAN PENAGIHAN,,JL. PROF. DR. MOH. YAMIN NO. 34 PALU,,,,,,1,,,,,
1316,10,DINAS PENDIDIKAN,33499,KEPALA DINAS PENDIDIKAN,II.a,494,CABANG DINAS PENDIDIKAN MENENGAH WILAYAH VI TOLITOLI DAN BUOL,33503,KEPALA CABANG DINAS PENDIDIKAN MENENGAH WILAYAH VI TOLITOLI DAN BUOL,III.b,1120,SMA NEGERI 1 KARAMAT KAB. BUOL,34363,KEPALA SMA NEGERI 1 KARAMAT KAB. BUOL,,,,,,,,,,,,,,,,,,,,,,,,,,,2,SMA,494,34363,,1.03E+11,,KEPALA SMA NEGERI 1 KARAMAT KAB. BUOL,SMA NEGERI 1 KARAMAT KAB. BUOL,,"JL. SETIA BUDI, NO.9 PALU",,,,,,1,,,,,
1318,49,SEKRETARIAT DAERAH,34461,SEKRETARIS DAERAH,I.b,144,ASISTEN ADMINISTRASI UMUM,33353,ASISTEN ADMINISTRASI UMUM,II.a,175,BIRO ADMINISTRASI PIMPINAN,34480,KEPALA BIRO ADMINISTRASI PIMPINAN,II.b,184,BAGIAN PROTOKOL,34501,KEPALA BAGIAN PROTOKOL,III.a,187,SUB BAGIAN TAMU,,,,,,,,,,,,,,,,,,,4,,184,,,1.00E+11,,,SUB BAGIAN TAMU,,JL. SAM RATULANGI NO.101 PALU,,,,,,1,,,,,
1319,31,DINAS KELAUTAN DAN PERIKANAN,34250,KEPALA DINAS KELAUTAN DAN PERIKANAN,II.a,783,BIDANG PENGELOLAAN RUANG LAUT,34265,KEPALA BIDANG PENGELOLAAN RUANG LAUT,III.a,,,,,,,,,,,,,,,,,,,,,,,,,,,,,,,1,,31,34265,III.a,1.02E+11,31,KEPALA BIDANG PENGELOLAAN RUANG LAUT,BIDANG PENGELOLAAN RUANG LAUT,141,JL. UNDATA NO.7 PALU,,,,,,1,,,,,
1320,32,DINAS TANAMAN PANGAN DAN HORTIKULTURA,37620,KEPALA DINAS TANAMAN PANGAN DAN HORTIKULTURA,II.a,846,UPTD PENDIDIKAN DAN PELATIHAN,37599,KEPALA UPT PENDIDIKAN DAN PELATIHAN,III.b,848,SEKSI PENDIDIKAN DAN PELATIHAN PERTANIAN APARATUR,37614,KEPALA SEKSI PENDIDIKAN DAN PELATIHAN PERTANIAN APARATUR,IV.a,,,,,,,,,,,,,,,,,,,,,,,,,,2,,846,37614,IV.a,1.03E+11,41,KEPALA SEKSI PENDIDIKAN DAN PELATIHAN PERTANIAN APARATUR,SEKSI PENDIDIKAN DAN PELATIHAN PERTANIAN APARATUR,133,JL. R.A. KARTINI NO. 80 PALU,,,,,,1,,,,,
1321,10,DINAS PENDIDIKAN,33499,KEPALA DINAS PENDIDIKAN,II.a,489,"CABANG DINAS PENDIDIKAN MENENGAH WILAYAH V KAB.BANGGAI, KAB. BANGGAI KEPULAUAN DAN KAB. BANGGAI LAUT",33502,"KEPALA CABANG DINAS PENDIDIKAN MENENGAH WILAYAH V KAB.BANGGAI, KAB. BANGGAI KEPULAUAN DAN KAB. BANGGAI LAUT",III.b,1091,SMK NEGERI 1 TOTIKUM SELATAN KAB. BANGGAI KEPULAUAN,34278,KEPALA SMK NEGERI 1 TOTIKUM SELATAN KAB. BANGGAI KEPULAUAN,,,,,,,,,,,,,,,,,,,,,,,,,,,2,SMK,489,34278,,1.03E+11,,KEPALA SMK NEGERI 1 TOTIKUM SELATAN KAB. BANGGAI KEPULAUAN,SMK NEGERI 1 TOTIKUM SELATAN KAB. BANGGAI KEPULAUAN,,"JL. SETIA BUDI, NO.9 PALU",,,,,,1,,,,,
1322,10,DINAS PENDIDIKAN,33499,KEPALA DINAS PENDIDIKAN,II.a,494,CABANG DINAS PENDIDIKAN MENENGAH WILAYAH VI TOLITOLI DAN BUOL,33503,KEPALA CABANG DINAS PENDIDIKAN MENENGAH WILAYAH VI TOLITOLI DAN BUOL,III.b,1113,SMA NEGERI 1 DONDO KAB. TOLITOLI,34349,KEPALA SMA NEGERI 1 DONDO KAB. TOLITOLI,,,,,,,,,,,,,,,,,,,,,,,,,,,2,SMA,494,34349,,1.03E+11,,KEPALA SMA NEGERI 1 DONDO KAB. TOLITOLI,SMA NEGERI 1 DONDO KAB. TOLITOLI,,"JL. SETIA BUDI, NO.9 PALU",,,,,,1,,,,,
1324,10,DINAS PENDIDIKAN,33499,KEPALA DINAS PENDIDIKAN,II.a,365,CABANG DINAS PENDIDIKAN MENENGAH WILAYAH I KOTA PALU DAN KAB. SIGI,33513,KEPALA CABANG DINAS PENDIDIKAN MENENGAH WILAYAH I KOTA PALU DAN KAB. SIGI,III.b,445,SMA NEGERI 6 SIGI KAB. SIGI,33623,KEPALA SMA NEGERI 6 SIGI KAB. SIGI,,,,,,,,,,,,,,,,,,,,,,,,,,,2,SMA,365,33623,,1.03E+11,,KEPALA SMA NEGERI 6 SIGI KAB. SIGI,SMA NEGERI 6 SIGI KAB. SIGI,,"JL. SETIA BUDI, NO.9 PALU",,,,,,1,,,,,
1325,47,SATUAN POLISI PAMONG PRAJA,33981,KEPALA SATUAN POLISI PAMONG PRAJA,II.a,248,BIDANG KETERTIBAN UMUM DAN KETENTERAMAN,33989,KEPALA BIDANG KETERTIBAN UMUM DAN KETENTERAMAN,III.a,,,,,,,,,,,,,,,,,,,,,,,,,,,,,,,1,,47,33989,III.a,1.04E+11,31,KEPALA BIDANG KETERTIBAN UMUM DAN KETENTERAMAN,BIDANG KETERTIBAN UMUM DAN KETENTERAMAN,141,JL. PRAMUKA NO.21 PALU,,,,,,1,,,,,
1326,49,SEKRETARIAT DAERAH,34461,SEKRETARIS DAERAH,I.b,1,ASISTEN PEMERINTAHAN DAN KESEJAHTERAAN RAKYAT,34132,ASISTEN PEMERINTAHAN DAN KESEJAHTERAAN RAKYAT,II.a,2,BIRO PEMERINTAHAN DAN OTONOMI DAERAH,34131,KEPALA BIRO PEMERINTAHAN DAN OTONOMI DAERAH,II.b,45,BAGIAN KERJASAMA,34122,KEPALA BAGIAN KERJASAMA,III.a,46,SUB BAGIAN KERJASAMA ANTAR PEMERINTAH,34121,KEPALA SUB BAGIAN KERJASAMA ANTAR PEMERINTAH,IV.a,,,,,,,,,,,,,,,,4,,45,34121,IV.a,1.00E+11,41,KEPALA SUB BAGIAN KERJASAMA ANTAR PEMERINTAH,SUB BAGIAN KERJASAMA ANTAR PEMERINTAH,133,JL. SAM RATULANGI NO.101 PALU,,,,,,1,,,,,
1323,34,DINAS KEHUTANAN,33380,KEPALA DINAS KEHUTANAN,II.a,467,UPTD KESATUAN PENGELOLAAN HUTAN TEPO ASA AROA,33427,KEPALA UPTD KESATUAN PENGELOLAAN HUTAN TEPO ASA AROA,III.b,469,"SEKSI PERLINDUNGAN, KONSERVASI SUMBER DAYA ALAM EKOSISTEM DAN PEMBERDAYAAN MASYARAKAT",33428,"KEPALA SEKSI PERLINDUNGAN, KONSERVASI SUMBER DAYA ALAM EKOSISTEM DAN PEMBERDAYAAN MASYARAKAT",IV.a,,,,,,,,,,,,,,,,,,,,,,,,,,2,,467,33428,IV.a,1.02E+11,41,"KEPALA SEKSI PERLINDUNGAN, KONSERVASI SUMBER DAYA ALAM EKOSISTEM DAN PEMBERDAYAAN MASYARAKAT","SEKSI PERLINDUNGAN, KONSERVASI SUMBER DAYA ALAM EKOSISTEM DAN PEMBERDAYAAN MASYARAKAT",133,JL. S. PARMAN NO. 9 PALU,,,,,,1,,,,,
1327,49,SEKRETARIAT DAERAH,34461,SEKRETARIS DAERAH,I.b,144,ASISTEN ADMINISTRASI UMUM,33353,ASISTEN ADMINISTRASI UMUM,II.a,175,BIRO ADMINISTRASI PIMPINAN,34480,KEPALA BIRO ADMINISTRASI PIMPINAN,II.b,184,BAGIAN PROTOKOL,34501,KEPALA BAGIAN PROTOKOL,III.a,185,SUB BAGIAN ACARA,34502,KEPALA SUB BAGIAN ACARA,IV.a,,,,,,,,,,,,,,,,4,,184,34502,IV.a,1.00E+11,41,KEPALA SUB BAGIAN ACARA,SUB BAGIAN ACARA,133,JL. SAM RATULANGI NO.101 PALU,,,,,,1,,,,,
1328,31,DINAS KELAUTAN DAN PERIKANAN,34250,KEPALA DINAS KELAUTAN DAN PERIKANAN,II.a,807,UPTD PELABUHAN PERIKANAN DAN KAWASAN KONSERVASI PESISIR DAN PULAU-PULAU KECIL WILAYAH IV,34302,KEPALA UPTD PELABUHAN PERIKANAN DAN KAWASAN KONSERVASI PESISIR DAN PULAU-PULAU KECIL WILAYAH IV,III.b,808,SUB BAGIAN TATA USAHA,34303,KEPALA SUB BAGIAN TATA USAHA,IV.a,,,,,,,,,,,,,,,,,,,,,,,,,,2,,807,34303,IV.a,1.02E+11,41,KEPALA SUB BAGIAN TATA USAHA,SUB BAGIAN TATA USAHA,133,JL. UNDATA NO.7 PALU,,,,,,1,,,,,
1329,10,DINAS PENDIDIKAN,33499,KEPALA DINAS PENDIDIKAN,II.a,487,CABANG DINAS PENDIDIKAN MENENGAH WILAYAH IV KAB. MOROWALI DAN KAB. MOROWALI UTARA,33501,KEPALA CABANG DINAS PENDIDIKAN MENENGAH WILAYAH IV KAB. MOROWALI DAN KAB. MOROWALI UTARA,III.b,919,SMA NEGERI 1 BAHODOPI KAB. MOROWALI,34137,KEPALA SMA NEGERI 1 BAHODOPI KAB. MOROWALI,,,,,,,,,,,,,,,,,,,,,,,,,,,2,SMA,487,34137,,1.03E+11,,KEPALA SMA NEGERI 1 BAHODOPI KAB. MOROWALI,SMA NEGERI 1 BAHODOPI KAB. MOROWALI,,"JL. SETIA BUDI, NO.9 PALU",,,,,,1,,,,,
1330,10,DINAS PENDIDIKAN,33499,KEPALA DINAS PENDIDIKAN,II.a,494,CABANG DINAS PENDIDIKAN MENENGAH WILAYAH VI TOLITOLI DAN BUOL,33503,KEPALA CABANG DINAS PENDIDIKAN MENENGAH WILAYAH VI TOLITOLI DAN BUOL,III.b,1101,SMA NEGERI 1 TOLI-TOLI KAB. TOLITOLI,34325,KEPALA SMA NEGERI 1 TOLI-TOLI KAB. TOLITOLI,,,,,,,,,,,,,,,,,,,,,,,,,,,2,SMA,494,34325,,1.03E+11,,KEPALA SMA NEGERI 1 TOLI-TOLI KAB. TOLITOLI,SMA NEGERI 1 TOLI-TOLI KAB. TOLITOLI,,"JL. SETIA BUDI, NO.9 PALU",,,,,,1,,,,,
1331,10,DINAS PENDIDIKAN,33499,KEPALA DINAS PENDIDIKAN,II.a,494,CABANG DINAS PENDIDIKAN MENENGAH WILAYAH VI TOLITOLI DAN BUOL,33503,KEPALA CABANG DINAS PENDIDIKAN MENENGAH WILAYAH VI TOLITOLI DAN BUOL,III.b,1124,SMK NEGERI 1 BOKAT KAB. BUOL,34367,KEPALA SMK NEGERI 1 BOKAT KAB. BUOL,,,,,,,,,,,,,,,,,,,,,,,,,,,2,SMK,494,34367,,1.03E+11,,KEPALA SMK NEGERI 1 BOKAT KAB. BUOL,SMK NEGERI 1 BOKAT KAB. BUOL,,"JL. SETIA BUDI, NO.9 PALU",,,,,,1,,,,,
1332,31,DINAS KELAUTAN DAN PERIKANAN,34250,KEPALA DINAS KELAUTAN DAN PERIKANAN,II.a,815,UPT KAWASAN KONSERVASI PESISIR DAN PULAU-PULAU KECIL TELUK TOMINI,34312,KEPALA UPT KAWASAN KONSERVASI PESISIR DAN PULAU-PULAU KECIL TELUK TOMINI,III.b,,,,,,,,,,,,,,,,,,,,,,,,,,,,,,,1,UPTD Tipe A,31,34312,III.b,1.02E+11,32,KEPALA UPT KAWASAN KONSERVASI PESISIR DAN PULAU-PULAU KECIL TELUK TOMINI,UPT KAWASAN KONSERVASI PESISIR DAN PULAU-PULAU KECIL TELUK TOMINI,134,JL. UNDATA NO.7 PALU,,,,,,1,,,,,
1333,10,DINAS PENDIDIKAN,33499,KEPALA DINAS PENDIDIKAN,II.a,487,CABANG DINAS PENDIDIKAN MENENGAH WILAYAH IV KAB. MOROWALI DAN KAB. MOROWALI UTARA,33501,KEPALA CABANG DINAS PENDIDIKAN MENENGAH WILAYAH IV KAB. MOROWALI DAN KAB. MOROWALI UTARA,III.b,947,SMA NEGERI 1 MORI ATAS KAB. MOROWALI UTARA,34153,KEPALA SMA NEGERI 1 MORI ATAS KAB. MOROWALI UTARA,,,,,,,,,,,,,,,,,,,,,,,,,,,2,SMA,487,34153,,1.03E+11,,KEPALA SMA NEGERI 1 MORI ATAS KAB. MOROWALI UTARA,SMA NEGERI 1 MORI ATAS KAB. MOROWALI UTARA,,"JL. SETIA BUDI, NO.9 PALU",,,,,,1,,,,,
1334,10,DINAS PENDIDIKAN,33499,KEPALA DINAS PENDIDIKAN,II.a,494,CABANG DINAS PENDIDIKAN MENENGAH WILAYAH VI TOLITOLI DAN BUOL,33503,KEPALA CABANG DINAS PENDIDIKAN MENENGAH WILAYAH VI TOLITOLI DAN BUOL,III.b,1127,SMA NEGERI 2 BIAU KAB. BUOL,34370,KEPALA SMA NEGERI 2 BIAU KAB. BUOL,,,,,,,,,,,,,,,,,,,,,,,,,,,2,SMA,494,34370,,1.03E+11,,KEPALA SMA NEGERI 2 BIAU KAB. BUOL,SMA NEGERI 2 BIAU KAB. BUOL,,"JL. SETIA BUDI, NO.9 PALU",,,,,,1,,,,,
1335,4,BADAN PENGELOLAAN KEUANGAN DAN ASET DAERAH,33412,KEPALA BADAN PENGELOLAAN KEUANGAN DAN ASET DAERAH,II.a,215,BIDANG ANGGARAN,33553,KEPALA BIDANG ANGGARAN,III.a,217,SUB BIDANG MANAJEMEN ANGGARAN,33555,KEPALA SUB BIDANG MANAJEMEN ANGGARAN,IV.a,,,,,,,,,,,,,,,,,,,,,,,,,,2,,215,33555,IV.a,1.03E+11,41,KEPALA SUB BIDANG MANAJEMEN ANGGARAN,SUB BIDANG MANAJEMEN ANGGARAN,133,JL. SAM RATULANGI NO.101 PALU,,,,,,1,,,,,
1336,47,SATUAN POLISI PAMONG PRAJA,33981,KEPALA SATUAN POLISI PAMONG PRAJA,II.a,257,BIDANG PEMADAM KEBAKARAN DAN PENYELAMATAN,33998,KEPALA BIDANG PEMADAM KEBAKARAN DAN PENYELAMATAN,III.a,,,,,,,,,,,,,,,,,,,,,,,,,,,,,,,1,,47,33998,III.a,1.04E+11,31,KEPALA BIDANG PEMADAM KEBAKARAN DAN PENYELAMATAN,BIDANG PEMADAM KEBAKARAN DAN PENYELAMATAN,141,JL. PRAMUKA NO.21 PALU,,,,,,1,,,,,
1337,10,DINAS PENDIDIKAN,33499,KEPALA DINAS PENDIDIKAN,II.a,481,CABANG DINAS PENDIDIKAN MENENGAH WILAYAH II KAB. DONGGALA DAN KAB. PARIGI MOUTONG,33639,KEPALA CABANG DINAS PENDIDIKAN MENENGAH WILAYAH II KAB. DONGGALA DAN KAB. PARIGI MOUTONG,III.b,566,SMK NEGERI 1 KASIMBAR KAB. PARIGI MOUTONG,33684,KEPALA SMK NEGERI 1 KASIMBAR KAB. PARIGI MOUTONG,,,,,,,,,,,,,,,,,,,,,,,,,,,2,SMK,481,33684,,1.03E+11,,KEPALA SMK NEGERI 1 KASIMBAR KAB. PARIGI MOUTONG,SMK NEGERI 1 KASIMBAR KAB. PARIGI MOUTONG,,"JL. SETIA BUDI, NO.9 PALU",,,,,,1,,,,,
1338,10,DINAS PENDIDIKAN,33499,KEPALA DINAS PENDIDIKAN,II.a,364,BIDANG PENDIDIK DAN TENAGA KEPENDIDIKAN,33512,KEPALA BIDANG PENDIDIK DAN TENAGA KEPENDIDIKAN,III.a,,,,,,,,,,,,,,,,,,,,,,,,,,,,,,,1,,10,33512,III.a,1.03E+11,31,KEPALA BIDANG PENDIDIK DAN TENAGA KEPENDIDIKAN,BIDANG PENDIDIK DAN TENAGA KEPENDIDIKAN,141,"JL. SETIA BUDI, NO.9 PALU",,,,,,1,,,,,
1339,10,DINAS PENDIDIKAN,33499,KEPALA DINAS PENDIDIKAN,II.a,484,CABANG DINAS PENDIDIKAN MENENGAH WILAYAH III KAB. POSO DAN KAB. TOJO UNA-UNA,33704,KEPALA CABANG DINAS PENDIDIKAN MENENGAH WILAYAH III KAB. POSO DAN KAB. TOJO UNA-UNA,III.b,619,SMK NEGERI 2 AMPANA KOTA KAB. TOJO UNA-UNA,33739,KEPALA SMK NEGERI 2 AMPANA KOTA KAB. TOJO UNA-UNA,,,,,,,,,,,,,,,,,,,,,,,,,,,2,SMK,484,33739,,1.03E+11,,KEPALA SMK NEGERI 2 AMPANA KOTA KAB. TOJO UNA-UNA,SMK NEGERI 2 AMPANA KOTA KAB. TOJO UNA-UNA,,"JL. SETIA BUDI, NO.9 PALU",,,,,,1,,,,,
1340,10,DINAS PENDIDIKAN,33499,KEPALA DINAS PENDIDIKAN,II.a,494,CABANG DINAS PENDIDIKAN MENENGAH WILAYAH VI TOLITOLI DAN BUOL,33503,KEPALA CABANG DINAS PENDIDIKAN MENENGAH WILAYAH VI TOLITOLI DAN BUOL,III.b,1126,SMA NEGERI 1 BIAU KAB. BUOL,34369,KEPALA SMA NEGERI 1 BIAU KAB. BUOL,,,,,,,,,,,,,,,,,,,,,,,,,,,2,SMA,494,34369,,1.03E+11,,KEPALA SMA NEGERI 1 BIAU KAB. BUOL,SMA NEGERI 1 BIAU KAB. BUOL,,"JL. SETIA BUDI, NO.9 PALU",,,,,,1,,,,,
1341,32,DINAS TANAMAN PANGAN DAN HORTIKULTURA,37620,KEPALA DINAS TANAMAN PANGAN DAN HORTIKULTURA,II.a,831,BIDANG TANAMAN PANGAN,37591,KEPALA BIDANG TANAMAN PANGAN,III.a,,,,,,,,,,,,,,,,,,,,,,,,,,,,,,,1,,32,37591,III.a,1.03E+11,31,KEPALA BIDANG TANAMAN PANGAN,BIDANG TANAMAN PANGAN,141,JL. R.A. KARTINI NO. 80 PALU,,,,,,1,,,,,
1342,10,DINAS PENDIDIKAN,33499,KEPALA DINAS PENDIDIKAN,II.a,494,CABANG DINAS PENDIDIKAN MENENGAH WILAYAH VI TOLITOLI DAN BUOL,33503,KEPALA CABANG DINAS PENDIDIKAN MENENGAH WILAYAH VI TOLITOLI DAN BUOL,III.b,1111,SMK NEGERI 1 DAKO PEMEAN KAB. TOLITOLI,34346,KEPALA SMK NEGERI 1 DAKO PEMEAN KAB. TOLITOLI,,,,,,,,,,,,,,,,,,,,,,,,,,,2,SMK,494,34346,,1.03E+11,,KEPALA SMK NEGERI 1 DAKO PEMEAN KAB. TOLITOLI,SMK NEGERI 1 DAKO PEMEAN KAB. TOLITOLI,,"JL. SETIA BUDI, NO.9 PALU",,,,,,1,,,,,
275,34,DINAS KEHUTANAN,33380,KEPALA DINAS KEHUTANAN,II.a,496,UPTD KESATUAN PENGELOLAAN HUTAN SINTUWU MAROSO,33404,KEPALA UPTD KESATUAN PENGELOLAAN HUTAN SINTUWU MAROSO,III.b,498,SEKSI PERENCANAAN DAN PEMANFAATAN HUTAN,33406,KEPALA SEKSI PERENCANAAN DAN PEMANFAATAN HUTAN,IV.a,,,,,,,,,,,,,,,,,,,,,,,,,,2,,496,33406,IV.a,1.02E+11,41,KEPALA SEKSI PERENCANAAN DAN PEMANFAATAN HUTAN,SEKSI PERENCANAAN DAN PEMANFAATAN HUTAN,133,JL. S. PARMAN NO. 9 PALU,,,,,,1,,,,,
287,34,DINAS KEHUTANAN,33380,KEPALA DINAS KEHUTANAN,II.a,515,UPTD KESATUAN PENGELOLAAN HUTAN DAMPELAS TINOMBO,33388,KEPALA UPT KESATUAN PENGELOLAAN HUTAN DAMPELAS TINOMBO,III.b,521,"SEKSI PERLINDUNGAN, KONSERVASI SUMBER DAYA ALAM EKOSISTEM DAN PEMBERDAYAAN MASYARAKAT",33389,"KEPALA SEKSI PERLINDUNGAN, KSDAE DAN PEMBERDAYAAN MASYARAKAT",IV.a,,,,,,,,,,,,,,,,,,,,,,,,,,2,,515,33389,IV.a,1.02E+11,41,"KEPALA SEKSI PERLINDUNGAN, KSDAE DAN PEMBERDAYAAN MASYARAKAT","SEKSI PERLINDUNGAN, KONSERVASI SUMBER DAYA ALAM EKOSISTEM DAN PEMBERDAYAAN MASYARAKAT",133,JL. S. PARMAN NO. 9 PALU,,,,,,1,,,,,
322,34,DINAS KEHUTANAN,33380,KEPALA DINAS KEHUTANAN,II.a,504,UPTD KESATUAN PENGELOLAAN HUTAN DOLAGO TANGGUNUNG,33396,KEPALA UPTD KESATUAN PENGELOLAAN HUTAN DOLAGO TANGGUNUNG,III.b,506,"SEKSI PERLINDUNGAN, KONSERVASI SUMBER DAYA ALAM EKOSISTEM DAN PEMBERDAYAAN MASYARAKAT",33397,"KEPALA SEKSI PERLINDUNGAN, KONSERVASI SUMBER DAYA ALAM EKOSISTEM DAN PEMBERDAYAAN MASYARAKAT",IV.a,,,,,,,,,,,,,,,,,,,,,,,,,,2,,504,33397,IV.a,1.02E+11,41,"KEPALA SEKSI PERLINDUNGAN, KONSERVASI SUMBER DAYA ALAM EKOSISTEM DAN PEMBERDAYAAN MASYARAKAT","SEKSI PERLINDUNGAN, KONSERVASI SUMBER DAYA ALAM EKOSISTEM DAN PEMBERDAYAAN MASYARAKAT",133,JL. S. PARMAN NO. 9 PALU,,,,,,1,,,,,
374,34,DINAS KEHUTANAN,33380,KEPALA DINAS KEHUTANAN,II.a,479,UPTD KESATUAN PENGELOLAAN HUTAN TOPEASA MAROSO,33419,KEPALA UPTD KESATUAN PENGELOLAAN HUTAN TOPEASA MAROSO,III.b,483,SUB BAGIAN TATA USAHA,33422,KEPALA SUB BAGIAN TATA USAHA,IV.a,,,,,,,,,,,,,,,,,,,,,,,,,,2,,479,33422,IV.a,1.02E+11,41,KEPALA SUB BAGIAN TATA USAHA,SUB BAGIAN TATA USAHA,133,JL. S. PARMAN NO. 9 PALU,,,,,,1,,,,,
411,34,DINAS KEHUTANAN,33380,KEPALA DINAS KEHUTANAN,II.a,434,UPTD KESATUAN PENGELOLAAN TAMAN HUTAN RAYA SULAWESI TENGAH,33443,KEPALA UPTD KESATUAN PENGELOLAAN TAMAN HUTAN RAYA SULAWESI TENGAH,III.b,,,,,,,,,,,,,,,,,,,,,,,,,,,,,,,1,,12,33443,III.b,1.02E+11,32,KEPALA UPTD KESATUAN PENGELOLAAN TAMAN HUTAN RAYA SULAWESI TENGAH,UPTD KESATUAN PENGELOLAAN TAMAN HUTAN RAYA SULAWESI TENGAH,134,JL. S. PARMAN NO. 9 PALU,,,,,,1,,,,,
442,34,DINAS KEHUTANAN,33380,KEPALA DINAS KEHUTANAN,II.a,456,UPTD KESATUAN PENGELOLAAN HUTAN BANAWA LALUNDU,33431,KEPALA UPTD KESATUAN PENGELOLAAN HUTAN BANAWA LALUNDU,III.a,461,SUB BAGIAN TATA USAHA,33434,KEPALA SUB BAGIAN TATA USAHA,IV.a,,,,,,,,,,,,,,,,,,,,,,,,,,2,,456,33434,IV.a,1.02E+11,41,KEPALA SUB BAGIAN TATA USAHA,SUB BAGIAN TATA USAHA,133,JL. S. PARMAN NO. 9 PALU,,,,,,1,,,,,
446,34,DINAS KEHUTANAN,33380,KEPALA DINAS KEHUTANAN,II.a,485,UPTD KESATUAN PENGELOLAAN HUTAN BALANTAK,33415,KEPALA UPTD KESATUAN PENGELOLAAN HUTAN BALANTAK,III.b,490,SUB BAGIAN TATA USAHA,33418,KEPALA SUB BAGIAN TATA USAHA,IV.a,,,,,,,,,,,,,,,,,,,,,,,,,,2,,485,33418,IV.a,1.02E+11,41,KEPALA SUB BAGIAN TATA USAHA,SUB BAGIAN TATA USAHA,133,JL. S. PARMAN NO. 9 PALU,,,,,,1,,,,,
468,34,DINAS KEHUTANAN,33380,KEPALA DINAS KEHUTANAN,II.a,451,UPTD KESATUAN PENGELOLAAN HUTAN KULAWI,33435,KEPALA UPTD KESATUAN PENGELOLAAN HUTAN KULAWI,III.b,453,SEKSI PERENCANAAN DAN PEMANFAATAN HUTAN,33437,KEPALA SEKSI PERENCANAAN DAN PEMANFAATAN HUTAN,IV.a,,,,,,,,,,,,,,,,,,,,,,,,,,2,,451,33437,IV.a,1.02E+11,41,KEPALA SEKSI PERENCANAAN DAN PEMANFAATAN HUTAN,SEKSI PERENCANAAN DAN PEMANFAATAN HUTAN,133,JL. S. PARMAN NO. 9 PALU,,,,,,1,,,,,
479,34,DINAS KEHUTANAN,33380,KEPALA DINAS KEHUTANAN,II.a,441,UPTD KESATUAN PENGELOLAAN HUTAN GUNUNG DAKO,33439,KEPALA UPTD KESATUAN PENGELOLAAN HUTAN GUNUNG DAKO,III.b,,,,,,,,,,,,,,,,,,,,,,,,,,,,,,,1,,12,33439,III.b,1.02E+11,32,KEPALA UPTD KESATUAN PENGELOLAAN HUTAN GUNUNG DAKO,UPTD KESATUAN PENGELOLAAN HUTAN GUNUNG DAKO,134,JL. S. PARMAN NO. 9 PALU,,,,,,1,,,,,
497,34,DINAS KEHUTANAN,33380,KEPALA DINAS KEHUTANAN,II.a,441,UPTD KESATUAN PENGELOLAAN HUTAN GUNUNG DAKO,33439,KEPALA UPTD KESATUAN PENGELOLAAN HUTAN GUNUNG DAKO,III.b,446,SEKSI PERENCANAAN DAN PEMANFAATAN HUTAN,33441,KEPALA SEKSI PERENCANAAN DAN PEMANFAATAN HUTAN,IV.a,,,,,,,,,,,,,,,,,,,,,,,,,,2,,441,33441,IV.a,1.02E+11,41,KEPALA SEKSI PERENCANAAN DAN PEMANFAATAN HUTAN,SEKSI PERENCANAAN DAN PEMANFAATAN HUTAN,133,JL. S. PARMAN NO. 9 PALU,,,,,,1,,,,,
517,34,DINAS KEHUTANAN,33380,KEPALA DINAS KEHUTANAN,II.a,441,UPTD KESATUAN PENGELOLAAN HUTAN GUNUNG DAKO,33439,KEPALA UPTD KESATUAN PENGELOLAAN HUTAN GUNUNG DAKO,III.b,449,SUB BAGIAN TATA USAHA,33442,KEPALA SUB BAGIAN TATA USAHA,IV.a,,,,,,,,,,,,,,,,,,,,,,,,,,2,,441,33442,IV.a,1.02E+11,41,KEPALA SUB BAGIAN TATA USAHA,SUB BAGIAN TATA USAHA,133,JL. S. PARMAN NO. 9 PALU,,,,,,1,,,,,
562,34,DINAS KEHUTANAN,33380,KEPALA DINAS KEHUTANAN,II.a,473,UPTD KESATUAN PENGELOLAAN HUTAN PULAU PELING,33423,KEPALA UPTD KESATUAN PENGELOLAAN HUTAN PULAU PELING,III.b,478,SUB BAGIAN TATA USAHA,33426,KEPALA SUB BAGIAN TATA USAHA,IV.a,,,,,,,,,,,,,,,,,,,,,,,,,,2,,473,33426,IV.a,1.02E+11,41,KEPALA SUB BAGIAN TATA USAHA,SUB BAGIAN TATA USAHA,133,JL. S. PARMAN NO. 9 PALU,,,,,,1,,,,,
609,34,DINAS KEHUTANAN,33380,KEPALA DINAS KEHUTANAN,II.a,529,SEKRETARIAT,33381,SEKRETARIS,III.a,530,SUB BAGIAN KEPEGAWAIAN DAN UMUM,33382,KEPALA SUB BAGIAN KEPEGAWAIAN DAN UMUM,IV.a,,,,,,,,,,,,,,,,,,,,,,,,,,2,,529,33382,IV.a,1.02E+11,41,KEPALA SUB BAGIAN KEPEGAWAIAN DAN UMUM,SUB BAGIAN KEPEGAWAIAN DAN UMUM,133,JL. S. PARMAN NO. 9 PALU,,,,,,1,,,,,
681,34,DINAS KEHUTANAN,33380,KEPALA DINAS KEHUTANAN,II.a,491,UPTD KESATUAN PENGELOLAAN HUTAN SIVIA PATUJU,33408,KEPALA UPTD KESATUAN PENGELOLAAN HUTAN SIVIA PATUJU,III.b,495,SUB BAGIAN TATA USAHA,33411,KEPALA SUB BAGIAN TATA USAHA,IV.a,,,,,,,,,,,,,,,,,,,,,,,,,,2,,491,33411,IV.a,1.02E+11,41,KEPALA SUB BAGIAN TATA USAHA,SUB BAGIAN TATA USAHA,133,JL. S. PARMAN NO. 9 PALU,,,,,,1,,,,,
746,34,DINAS KEHUTANAN,33380,KEPALA DINAS KEHUTANAN,II.a,467,UPTD KESATUAN PENGELOLAAN HUTAN TEPO ASA AROA,33427,KEPALA UPTD KESATUAN PENGELOLAAN HUTAN TEPO ASA AROA,III.b,,,,,,,,,,,,,,,,,,,,,,,,,,,,,,,1,,12,33427,III.b,1.02E+11,32,KEPALA UPTD KESATUAN PENGELOLAAN HUTAN TEPO ASA AROA,UPTD KESATUAN PENGELOLAAN HUTAN TEPO ASA AROA,134,JL. S. PARMAN NO. 9 PALU,,,,,,1,,,,,
788,34,DINAS KEHUTANAN,33380,KEPALA DINAS KEHUTANAN,II.a,434,UPTD KESATUAN PENGELOLAAN TAMAN HUTAN RAYA SULAWESI TENGAH,33443,KEPALA UPTD KESATUAN PENGELOLAAN TAMAN HUTAN RAYA SULAWESI TENGAH,III.b,435,"SEKSI PERLINDUNGAN, KONSERVASI SUMBER DAYA ALAM EKOSISTEM DAN PEMBERDAYAAN MASYARAKAT",33444,"KEPALA SEKSI PERLINDUNGAN, KONSERVASI SUMBER DAYA ALAM EKOSISTEM DAN PEMBERDAYAAN MASYARAKAT",IV.a,,,,,,,,,,,,,,,,,,,,,,,,,,2,,434,33444,IV.a,1.02E+11,41,"KEPALA SEKSI PERLINDUNGAN, KONSERVASI SUMBER DAYA ALAM EKOSISTEM DAN PEMBERDAYAAN MASYARAKAT","SEKSI PERLINDUNGAN, KONSERVASI SUMBER DAYA ALAM EKOSISTEM DAN PEMBERDAYAAN MASYARAKAT",133,JL. S. PARMAN NO. 9 PALU,,,,,,1,,,,,
824,34,DINAS KEHUTANAN,33380,KEPALA DINAS KEHUTANAN,II.a,473,UPTD KESATUAN PENGELOLAAN HUTAN PULAU PELING,33423,KEPALA UPTD KESATUAN PENGELOLAAN HUTAN PULAU PELING,III.b,474,"SEKSI PERLINDUNGAN, KSDAE DAN PEMBERDAYAAN MASYARAKAT",33424,"KEPALA SEKSI PERLINDUNGAN, KONSERVASI SUMBER DAYA ALAM EKOSISTEM DAN PEMBERDAYAAN MASYARAKAT",IV.a,,,,,,,,,,,,,,,,,,,,,,,,,,2,,473,33424,IV.a,1.02E+11,41,"KEPALA SEKSI PERLINDUNGAN, KONSERVASI SUMBER DAYA ALAM EKOSISTEM DAN PEMBERDAYAAN MASYARAKAT","SEKSI PERLINDUNGAN, KSDAE DAN PEMBERDAYAAN MASYARAKAT",133,JL. S. PARMAN NO. 9 PALU,,,,,,1,,,,,
830,34,DINAS KEHUTANAN,33380,KEPALA DINAS KEHUTANAN,II.a,504,UPTD KESATUAN PENGELOLAAN HUTAN DOLAGO TANGGUNUNG,33396,KEPALA UPTD KESATUAN PENGELOLAAN HUTAN DOLAGO TANGGUNUNG,III.b,,,,,,,,,,,,,,,,,,,,,,,,,,,,,,,1,,12,33396,III.b,1.02E+11,32,KEPALA UPTD KESATUAN PENGELOLAAN HUTAN DOLAGO TANGGUNUNG,UPTD KESATUAN PENGELOLAAN HUTAN DOLAGO TANGGUNUNG,134,JL. S. PARMAN NO. 9 PALU,,,,,,1,,,,,
837,34,DINAS KEHUTANAN,33380,KEPALA DINAS KEHUTANAN,II.a,485,UPTD KESATUAN PENGELOLAAN HUTAN BALANTAK,33415,KEPALA UPTD KESATUAN PENGELOLAAN HUTAN BALANTAK,III.b,488,SEKSI PERENCANAAN DAN PEMANFAATAN HUTAN,33417,KEPALA SEKSI PERENCANAAN DAN PEMANFAATAN HUTAN,IV.a,,,,,,,,,,,,,,,,,,,,,,,,,,2,,485,33417,IV.a,1.02E+11,41,KEPALA SEKSI PERENCANAAN DAN PEMANFAATAN HUTAN,SEKSI PERENCANAAN DAN PEMANFAATAN HUTAN,133,JL. S. PARMAN NO. 9 PALU,,,,,,1,,,,,
845,34,DINAS KEHUTANAN,33380,KEPALA DINAS KEHUTANAN,II.a,451,UPTD KESATUAN PENGELOLAAN HUTAN KULAWI,33435,KEPALA UPTD KESATUAN PENGELOLAAN HUTAN KULAWI,III.b,455,SUB BAGIAN TATA USAHA,33438,KEPALA SUB BAGIAN TATA USAHA,IV.a,,,,,,,,,,,,,,,,,,,,,,,,,,2,,451,33438,IV.a,1.02E+11,41,KEPALA SUB BAGIAN TATA USAHA,SUB BAGIAN TATA USAHA,133,JL. S. PARMAN NO. 9 PALU,,,,,,1,,,,,
863,34,DINAS KEHUTANAN,33380,KEPALA DINAS KEHUTANAN,II.a,441,UPTD KESATUAN PENGELOLAAN HUTAN GUNUNG DAKO,33439,KEPALA UPTD KESATUAN PENGELOLAAN HUTAN GUNUNG DAKO,III.b,443,"SEKSI PERLINDUNGAN, KONSERVASI SUMBER DAYA ALAM EKOSISTEM DAN PEMBERDAYAAN MASYARAKAT",33440,"KEPALA SEKSI PERLINDUNGAN, KONSERVASI SUMBER DAYA ALAM EKOSISTEM DAN PEMBERDAYAAN MASYARAKAT",IV.a,,,,,,,,,,,,,,,,,,,,,,,,,,2,,441,33440,IV.a,1.02E+11,41,"KEPALA SEKSI PERLINDUNGAN, KONSERVASI SUMBER DAYA ALAM EKOSISTEM DAN PEMBERDAYAAN MASYARAKAT","SEKSI PERLINDUNGAN, KONSERVASI SUMBER DAYA ALAM EKOSISTEM DAN PEMBERDAYAAN MASYARAKAT",133,JL. S. PARMAN NO. 9 PALU,,,,,,1,,,,,
986,34,DINAS KEHUTANAN,33380,KEPALA DINAS KEHUTANAN,II.a,496,UPTD KESATUAN PENGELOLAAN HUTAN SINTUWU MAROSO,33404,KEPALA UPTD KESATUAN PENGELOLAAN HUTAN SINTUWU MAROSO,III.b,497,"SEKSI PERLINDUNGAN, KONSERVASI SUMBER DAYA ALAM EKOSISTEM DAN PEMBERDAYAAN MASYARAKAT",33405,"KEPALA SEKSI PERLINDUNGAN, KONSERVASI SUMBER DAYA ALAM EKOSISTEM DAN PEMBERDAYAAN MASYARAKAT",IV.a,,,,,,,,,,,,,,,,,,,,,,,,,,2,,496,33405,IV.a,1.02E+11,41,"KEPALA SEKSI PERLINDUNGAN, KONSERVASI SUMBER DAYA ALAM EKOSISTEM DAN PEMBERDAYAAN MASYARAKAT","SEKSI PERLINDUNGAN, KONSERVASI SUMBER DAYA ALAM EKOSISTEM DAN PEMBERDAYAAN MASYARAKAT",133,JL. S. PARMAN NO. 9 PALU,,,,,,1,,,,,
1034,34,DINAS KEHUTANAN,33380,KEPALA DINAS KEHUTANAN,II.a,456,UPTD KESATUAN PENGELOLAAN HUTAN BANAWA LALUNDU,33431,KEPALA UPTD KESATUAN PENGELOLAAN HUTAN BANAWA LALUNDU,III.a,458,"SEKSI PERLINDUNGAN, KONSERVASI SUMBER DAYA ALAM EKOSISTEM DAN PEMBERDAYAAN MASYARAKAT",33432,"KEPALA SEKSI PERLINDUNGAN, KONSERVASI SUMBER DAYA ALAM EKOSISTEM DAN PEMBERDAYAAN MASYARAKAT",IV.a,,,,,,,,,,,,,,,,,,,,,,,,,,2,,456,33432,IV.a,1.02E+11,41,"KEPALA SEKSI PERLINDUNGAN, KONSERVASI SUMBER DAYA ALAM EKOSISTEM DAN PEMBERDAYAAN MASYARAKAT","SEKSI PERLINDUNGAN, KONSERVASI SUMBER DAYA ALAM EKOSISTEM DAN PEMBERDAYAAN MASYARAKAT",133,JL. S. PARMAN NO. 9 PALU,,,,,,1,,,,,
1067,34,DINAS KEHUTANAN,33380,KEPALA DINAS KEHUTANAN,II.a,479,UPTD KESATUAN PENGELOLAAN HUTAN TOPEASA MAROSO,33419,KEPALA UPTD KESATUAN PENGELOLAAN HUTAN TOPEASA MAROSO,III.b,480,"SEKSI PERLINDUNGAN, KONSERVASI SUMBER DAYA ALAM EKOSISTEM DAN PEMBERDAYAAN MASYARAKAT",33420,"KEPALA SEKSI PERLINDUNGAN, KONSERVASI SUMBER DAYA ALAM EKOSISTEM DAN PEMBERDAYAAN MASYARAKAT",IV.a,,,,,,,,,,,,,,,,,,,,,,,,,,2,,479,33420,IV.a,1.02E+11,41,"KEPALA SEKSI PERLINDUNGAN, KONSERVASI SUMBER DAYA ALAM EKOSISTEM DAN PEMBERDAYAAN MASYARAKAT","SEKSI PERLINDUNGAN, KONSERVASI SUMBER DAYA ALAM EKOSISTEM DAN PEMBERDAYAAN MASYARAKAT",133,JL. S. PARMAN NO. 9 PALU,,,,,,1,,,,,
1114,34,DINAS KEHUTANAN,33380,KEPALA DINAS KEHUTANAN,II.a,515,UPTD KESATUAN PENGELOLAAN HUTAN DAMPELAS TINOMBO,33388,KEPALA UPT KESATUAN PENGELOLAAN HUTAN DAMPELAS TINOMBO,III.b,523,SEKSI PERENCANAAN DAN PEMANFAATAN HUTAN,33390,KEPALA SEKSI PERENCANAAN DAN PEMANFAATAN HUTAN,IV.a,,,,,,,,,,,,,,,,,,,,,,,,,,2,,515,33390,IV.a,1.02E+11,41,KEPALA SEKSI PERENCANAAN DAN PEMANFAATAN HUTAN,SEKSI PERENCANAAN DAN PEMANFAATAN HUTAN,133,JL. S. PARMAN NO. 9 PALU,,,,,,1,,,,,
1126,34,DINAS KEHUTANAN,33380,KEPALA DINAS KEHUTANAN,II.a,500,UPTD KESATUAN PENGELOLAAN HUTAN POGOGUL,33400,KEPALA UPTD KESATUAN PENGELOLAAN HUTAN POGOGUL,III.b,503,SUB BAGIAN TATA USAHA,33403,KEPALA SUB BAGIAN TATA USAHA,IV.a,,,,,,,,,,,,,,,,,,,,,,,,,,2,,500,33403,IV.a,1.02E+11,41,KEPALA SUB BAGIAN TATA USAHA,SUB BAGIAN TATA USAHA,133,JL. S. PARMAN NO. 9 PALU,,,,,,1,,,,,
1127,34,DINAS KEHUTANAN,33380,KEPALA DINAS KEHUTANAN,II.a,491,UPTD KESATUAN PENGELOLAAN HUTAN SIVIA PATUJU,33408,KEPALA UPTD KESATUAN PENGELOLAAN HUTAN SIVIA PATUJU,III.b,493,SEKSI PERENCANAAN DAN PEMANFAATAN HUTAN,33410,KEPALA SEKSI PERENCANAAN DAN PEMANFAATAN HUTAN,IV.a,,,,,,,,,,,,,,,,,,,,,,,,,,2,,491,33410,IV.a,1.02E+11,41,KEPALA SEKSI PERENCANAAN DAN PEMANFAATAN HUTAN,SEKSI PERENCANAAN DAN PEMANFAATAN HUTAN,133,JL. S. PARMAN NO. 9 PALU,,,,,,1,,,,,
1136,34,DINAS KEHUTANAN,33380,KEPALA DINAS KEHUTANAN,II.a,510,UPTD KESATUAN PENGELOLAAN HUTAN TOILI BATURUBE,33392,KEPALA UPTD KESATUAN PENGELOLAAN HUTAN TOILI BATURUBE,III.b,511,"SEKSI PERLINDUNGAN, KONSERVASI SUMBER DAYA ALAM EKOSISTEM DAN PEMBERDAYAAN MASYARAKAT",33393,"KEPALA SEKSI PERLINDUNGAN, KONSERVASI SUMBER DAYA ALAM EKOSISTEM DAN PEMBERDAYAAN MASYARAKAT",IV.a,,,,,,,,,,,,,,,,,,,,,,,,,,2,,510,33393,IV.a,1.02E+11,41,"KEPALA SEKSI PERLINDUNGAN, KONSERVASI SUMBER DAYA ALAM EKOSISTEM DAN PEMBERDAYAAN MASYARAKAT","SEKSI PERLINDUNGAN, KONSERVASI SUMBER DAYA ALAM EKOSISTEM DAN PEMBERDAYAAN MASYARAKAT",133,JL. S. PARMAN NO. 9 PALU,,,,,,1,,,,,
1244,34,DINAS KEHUTANAN,33380,KEPALA DINAS KEHUTANAN,II.a,504,UPTD KESATUAN PENGELOLAAN HUTAN DOLAGO TANGGUNUNG,33396,KEPALA UPTD KESATUAN PENGELOLAAN HUTAN DOLAGO TANGGUNUNG,III.b,508,SUB BAGIAN TATA USAHA,33399,KEPALA SUB BAGIAN TATA USAHA,IV.a,,,,,,,,,,,,,,,,,,,,,,,,,,2,,504,33399,IV.a,1.02E+11,41,KEPALA SUB BAGIAN TATA USAHA,SUB BAGIAN TATA USAHA,133,JL. S. PARMAN NO. 9 PALU,,,,,,1,,,,,
1267,34,DINAS KEHUTANAN,33380,KEPALA DINAS KEHUTANAN,II.a,500,UPTD KESATUAN PENGELOLAAN HUTAN POGOGUL,33400,KEPALA UPTD KESATUAN PENGELOLAAN HUTAN POGOGUL,III.b,501,"SEKSI PERLINDUNGAN, KONSERVASI SUMBER DAYA ALAM EKOSISTEM DAN PEMBERDAYAAN MASYARAKAT",33401,"KEPALA SEKSI PERLINDUNGAN, KONSERVASI SUMBER DAYA ALAM EKOSISTEM DAN PEMBERDAYAAN MASYARAKAT",IV.a,,,,,,,,,,,,,,,,,,,,,,,,,,2,,500,33401,IV.a,1.02E+11,41,"KEPALA SEKSI PERLINDUNGAN, KONSERVASI SUMBER DAYA ALAM EKOSISTEM DAN PEMBERDAYAAN MASYARAKAT","SEKSI PERLINDUNGAN, KONSERVASI SUMBER DAYA ALAM EKOSISTEM DAN PEMBERDAYAAN MASYARAKAT",133,JL. S. PARMAN NO. 9 PALU,,,,,,1,,,,,
1284,34,DINAS KEHUTANAN,33380,KEPALA DINAS KEHUTANAN,II.a,485,UPTD KESATUAN PENGELOLAAN HUTAN BALANTAK,33415,KEPALA UPTD KESATUAN PENGELOLAAN HUTAN BALANTAK,III.b,486,"SEKSI PERLINDUNGAN, KONSERVASI SUMBER DAYA ALAM EKOSISTEM DAN PEMBERDAYAAN MASYARAKAT",33416,"KEPALA SEKSI PERLINDUNGAN, KONSERVASI SUMBER DAYA ALAM EKOSISTEM DAN PEMBERDAYAAN MASYARAKAT",IV.a,,,,,,,,,,,,,,,,,,,,,,,,,,2,,485,33416,IV.a,1.02E+11,41,"KEPALA SEKSI PERLINDUNGAN, KONSERVASI SUMBER DAYA ALAM EKOSISTEM DAN PEMBERDAYAAN MASYARAKAT","SEKSI PERLINDUNGAN, KONSERVASI SUMBER DAYA ALAM EKOSISTEM DAN PEMBERDAYAAN MASYARAKAT",133,JL. S. PARMAN NO. 9 PALU,,,,,,1,,,,,
1302,34,DINAS KEHUTANAN,33380,KEPALA DINAS KEHUTANAN,II.a,504,UPTD KESATUAN PENGELOLAAN HUTAN DOLAGO TANGGUNUNG,33396,KEPALA UPTD KESATUAN PENGELOLAAN HUTAN DOLAGO TANGGUNUNG,III.b,507,SEKSI PERENCANAAN DAN PEMANFAATAN HUTAN,33398,KEPALA SEKSI PERENCANAAN DAN PEMANFAATAN HUTAN,IV.a,,,,,,,,,,,,,,,,,,,,,,,,,,2,,504,33398,IV.a,1.02E+11,41,KEPALA SEKSI PERENCANAAN DAN PEMANFAATAN HUTAN,SEKSI PERENCANAAN DAN PEMANFAATAN HUTAN,133,JL. S. PARMAN NO. 9 PALU,,,,,,1,,,,,
1317,34,DINAS KEHUTANAN,33380,KEPALA DINAS KEHUTANAN,II.a,473,UPTD KESATUAN PENGELOLAAN HUTAN PULAU PELING,33423,KEPALA UPTD KESATUAN PENGELOLAAN HUTAN PULAU PELING,III.b,,,,,,,,,,,,,,,,,,,,,,,,,,,,,,,1,,12,33423,III.b,1.02E+11,32,KEPALA UPTD KESATUAN PENGELOLAAN HUTAN PULAU PELING,UPTD KESATUAN PENGELOLAAN HUTAN PULAU PELING,134,JL. S. PARMAN NO. 9 PALU,,,,,,1,,,,,
