kegiatan_id;kode;nama;satuan_kerja_id;anggaran;tahun_kinerja
644;5.03.01.1.01.0001;Penyusunan Dokumen Perencanaan Perangkat Daerah;5;549182300;2025
644;5.03.01.1.01.0007;Evaluasi Kinerja Perangkat Daerah;5;33879050;2025
645;5.03.01.1.02.0001;Penyediaan Gaji dan Tunjangan ASN;5;11489896913;2025
645;5.03.01.1.02.0003;Pelaksanaan Penatausahaan dan Pengujian/Verifikasi Keuangan SKPD;5;252780000;2025
645;5.03.01.1.02.0005;Koordinasi dan Penyusunan Laporan Keuangan Akhir Tahun SKPD;5;31668450;2025
645;5.03.01.1.02.0008;Penyusunan Pelaporan dan Analisis Prognosis Realisasi Anggaran;5;0;2025
646;5.03.01.1.03.0006;Penatausahaan Barang Milik Daerah pada SKPD;5;49469800;2025
647;5.03.01.1.05.0011;Bimbingan Teknis Implementasi Peraturan Perundang-Undangan;5;56440000;2025
648;5.03.01.1.06.0001;Penyediaan Komponen Instalasi Listrik/Penerangan Bangunan Kantor;5;16472775;2025
648;5.03.01.1.06.0005;Penyediaan Barang Cetakan dan Penggandaan;5;64163000;2025
648;5.03.01.1.06.0009;Penyelenggaraan Rapat Koordinasi dan Konsultasi SKPD;5;388223000;2025
649;5.03.01.1.07.0001;Pengadaan Kendaraan Perorangan Dinas atau Kendaraan Dinas Jabatan;5;24960000;2025
649;5.03.01.1.07.0005;Pengadaan Mebel;5;0;2025
649;5.03.01.1.07.0006;Pengadaan Peralatan dan Mesin Lainnya;5;77640000;2025
650;5.03.01.1.08.0002;Penyediaan Jasa Komunikasi, Sumber Daya Air dan Listrik;5;641166600;2025
650;5.03.01.1.08.0003;Penyediaan Jasa Peralatan dan Perlengkapan Kantor;5;50857650;2025
650;5.03.01.1.08.0004;Penyediaan Jasa Pelayanan Umum Kantor;5;910389900;2025
651;5.03.01.1.09.0001;Penyediaan Jasa Pemeliharaan, Biaya Pemeliharaan dan Pajak Kendaraan Perorangan Dinas atau Kendaraan Dinas Jabatan;5;449336000;2025
651;5.03.01.1.09.0002;Penyediaan Jasa Pemeliharaan, Biaya Pemeliharaan, Pajak dan Perizinan Kendaraan Dinas Operasional atau Lapangan;5;132004500;2025
651;5.03.01.1.09.0006;Pemeliharaan Peralatan dan Mesin Lainnya;5;140270900;2025
651;5.03.01.1.09.0009;Pemeliharaan/Rehabilitasi Gedung Kantor dan Bangunan Lainnya;5;0;2025
652;5.03.02.1.01.0003;Koordinasi dan Fasilitasi Pengadaan PNS dan PPPK;5;445279600;2025
652;5.03.02.1.01.0006;Koordinasi Pelaksanaan Administrasi Pemberhentian;5;116504100;2025
652;5.03.02.1.01.0008;Fasilitasi Lembaga Profesi ASN;5;414883050;2025
652;5.03.02.1.01.0011;Pengelolaan Data Kepegawaian;5;255000250;2025
653;5.03.02.1.02.0001;Pengelolaan Mutasi ASN;5;124635000;2025
653;5.03.02.1.02.0002;Pengelolaan Kenaikan Pangkat ASN;5;342499050;2025
653;5.03.02.1.02.0003;Pengelolaan Promosi ASN;5;394195000;2025
654;5.03.02.1.03.0001;Peningkatan Kapasitas Kinerja ASN;5;293491650;2025
654;5.03.02.1.03.0002;Pengelolaan Assessment Center;5;215079000;2025
654;5.03.02.1.03.0004;Pengelolaan Pendidikan Lanjutan ASN;5;316161000;2025
654;5.03.02.1.03.0014;Fasilitasi Pengembangan Karir dalam Jabatan Fungsional;5;176618100;2025
655;5.03.02.1.04.0002;Pelaksanaan Penilaian dan Evaluasi Kinerja Aparatur;5;186748150;2025
655;5.03.02.1.04.0005;Pengelolaan Tanda Jasa bagi Pegawai;5;53237150;2025
655;5.03.02.1.04.0007;Pembinaan Disiplin ASN;5;296764800;2025
656;8.01.01.1.01.0001;Penyusunan Dokumen Perencanaan Perangkat Daerah;2;160367150;2025
656;8.01.01.1.01.0006;Koordinasi dan Penyusunan Laporan Capaian Kinerja dan Ikhtisar Realisasi Kinerja SKPD;2;71165800;2025
656;8.01.01.1.01.0007;Evaluasi Kinerja Perangkat Daerah;2;495184400;2025
657;8.01.01.1.02.0001;Penyediaan Gaji dan Tunjangan ASN;2;7073432334;2025
657;8.01.01.1.02.0002;Penyediaan Administrasi Pelaksanaan Tugas ASN;2;1609410000;2025
657;8.01.01.1.02.0005;Koordinasi dan Penyusunan Laporan Keuangan Akhir Tahun SKPD;2;88876650;2025
658;8.01.01.1.03.0003;Koordinasi dan Penilaian Barang Milik Daerah SKPD;2;89999400;2025
658;8.01.01.1.03.0005;Rekonsiliasi dan Penyusunan Laporan Barang Milik Daerah pada SKPD;2;93693500;2025
658;8.01.01.1.03.0006;Penatausahaan Barang Milik Daerah pada SKPD;2;11620500;2025
659;8.01.01.1.05.0002;Pengadaan Pakaian Dinas Beserta Atribut Kelengkapannya;2;178422515;2025
659;8.01.01.1.05.0009;Pendidikan dan Pelatihan Pegawai Berdasarkan Tugas dan Fungsi;2;78625426;2025
660;8.01.01.1.06.0002;Penyediaan Peralatan dan Perlengkapan Kantor;2;50733520;2025
660;8.01.01.1.06.0005;Penyediaan Barang Cetakan dan Penggandaan;2;70008200;2025
660;8.01.01.1.06.0006;Penyediaan Bahan Bacaan dan Peraturan Perundang-Undangan;2;45400000;2025
660;8.01.01.1.06.0008;Fasilitasi Kunjungan Tamu;2;59000000;2025
660;8.01.01.1.06.0009;Penyelenggaraan Rapat Koordinasi dan Konsultasi SKPD;2;229188000;2025
661;8.01.01.1.07.0002;Pengadaan Kendaraan Dinas Operasional atau Lapangan;2;49920000;2025
661;8.01.01.1.07.0005;Pengadaan Mebel;2;204891500;2025
661;8.01.01.1.07.0006;Pengadaan Peralatan dan Mesin Lainnya;2;711868050;2025
662;8.01.01.1.08.0002;Penyediaan Jasa Komunikasi, Sumber Daya Air dan Listrik;2;112752000;2025
662;8.01.01.1.08.0003;Penyediaan Jasa Peralatan dan Perlengkapan Kantor;2;142273933;2025
662;8.01.01.1.08.0004;Penyediaan Jasa Pelayanan Umum Kantor;2;124880000;2025
663;8.01.01.1.09.0001;Penyediaan Jasa Pemeliharaan, Biaya Pemeliharaan dan Pajak Kendaraan Perorangan Dinas atau Kendaraan Dinas Jabatan;2;806754400;2025
663;8.01.01.1.09.0006;Pemeliharaan Peralatan dan Mesin Lainnya;2;53150000;2025
664;8.01.02.1.01.0002;Perumusan Kebijakan Teknis di Bidang Ideologi Wawasan Kebangsaan, Bela Negara, Karakter Bangsa, Pembauran Kebangsaan, Bhineka Tunggal Ika dan Sejarah Kebangsaan;2;0;2025
664;8.01.02.1.01.0003;Pelaksanaan Kebijakan di Bidang Ideologi Wawasan Kebangsaan, Bela Negara, Karakter Bangsa, Pembauran Kebangsaan, Bhineka Tunggal Ika dan Sejarah Kebangsaan;2;80128800;2025
664;8.01.02.1.01.0004;Pelaksanaan Koordinasi di Bidang Ideologi Wawasan Kebangsaan, Bela Negara, Karakter Bangsa, Pembauran Kebangsaan, Bhineka Tunggal Ika dan Sejarah Kebangsaan;2;65661025;2025
664;8.01.02.1.01.0005;Pelaksanaan Monitoring Evaluasi dan Pelaporan di Bidang Ideologi Wawasan Kebangsaan, Bela Negara, Karakter Bangsa, Pembauran Kebangsaan, Bhineka Tunggal Ika dan Sejarah Kebangsaan;2;69862700;2025
664;8.01.02.1.01.0006;Pembentukan dan Penumbuhan Karakter Keluarga Melalui Peningkatan Kesadaran Masyarakat akan Pentingnya Penghayatan dan Pengamalan Pancasila dalam Semua Aspek Kehidupan Bermasyarakat, Berbangsa, dan Bernegara;2;40727825;2025
664;8.01.02.1.01.0007;Pengangkatan Purnapaskibraka Duta Pancasila;2;47235000;2025
664;8.01.02.1.01.0008;Pembinaan terhadap aktivitas kepaskibrakaan dan  Purnapaskibraka;2;49011350;2025
664;8.01.02.1.01.0009;Pelaksanaan tugas Paskibraka;2;120789000;2025
664;8.01.02.1.01.0010;Pelaksanaan tugas Purnapaskibraka Duta Pancasila;2;0;2025
664;8.01.02.1.01.0011;Pembinaan Lanjutan kepada Purnapaskibraka Duta  Pancasila;2;0;2025
664;8.01.02.1.01.0012;Pembentukan Paskibraka;2;17257375;2025
665;8.01.03.1.01.0002;Penyusunan Bahan Perumusan Kebijakan di Bidang Pendidikan Politik, Etika Budaya Politik, Peningkatan Demokrasi, Fasilitasi Kelembagaan Pemerintahan, Perwakilan dan Partai Politik, Pemilihan Umum/Pemilihan Umum Kepala Daerah, serta Pemantauan Situasi Politik di Daerah;2;1571288000;2025
665;8.01.03.1.01.0003;Pelaksanaan Kebijakan di Bidang Pendidikan Politik, Etika Budaya Politik, Peningkatan Demokrasi, Fasilitasi Kelembagaan Pemerintahan, Perwakilan dan Partai Politik, Pemilihan Umum/Pemilihan Umum Kepala Daerah, serta Pemantauan Situasi Politik di Daerah;2;77312800;2025
665;8.01.03.1.01.0004;Pelaksanaan Koordinasi di Bidang Pendidikan Politik, Etika Budaya Politik, Peningkatan Demokrasi, Fasilitasi Kelembagaan Pemerintahan, Perwakilan dan Partai Politik, Pemilihan Umum/Pemilihan Umum Kepala Daerah, serta Pemantauan Situasi Politik di Daerah;2;200367800;2025
665;8.01.03.1.01.0005;Pelaksanaan Monitoring, Evaluasi dan Pelaporan di Bidang Pendidikan Politik, Etika Budaya Politik, Peningkatan Demokrasi, Fasilitasi Kelembagaan Pemerintahan, Perwakilan dan Partai Politik, Pemilihan Umum/Pemilihan Umum Kepala Daerah, serta Pemantauan Situasi Politik di Daerah;2;155752000;2025
666;8.01.04.1.01.0002;Penyusunan Bahan Perumusan Kebijakan Dibidang Pendaftaran Ormas, Pemberdayaan Ormas, Evaluasi dan Mediasi Sengketa Ormas, Pengawasan Ormas dan Ormas Asing di Daerah;2;29000000000;2025
666;8.01.04.1.01.0003;Pelaksanaan Kebijakan Dibidang Pendaftaran Ormas, Pemberdayaan Ormas, Evaluasi dan Mediasi Sengketa Ormas, Pengawasan Ormas dan Ormas Asing di Daerah;2;97634200;2025
666;8.01.04.1.01.0004;Pelaksanaan Koordinasi Dibidang Pendaftaran Ormas, Pemberdayaan Ormas, Evaluasi dan Mediasi Sengketa Ormas, Pengawasan Ormas dan Ormas Asing di Daerah;2;79132100;2025
666;8.01.04.1.01.0005;Pelaksanaan Monitoring Evaluasi dan Pelaporan Dibidang Pendaftaran Ormas, Pemberdayaan Ormas, Evaluasi dan Mediasi Sengketa Ormas, Pengawasan Ormas dan Ormas Asing di Daerah;2;74563500;2025
667;8.01.05.1.01.0003;Pelaksanaan Kebijakan di Bidang Ketahanan Ekonomi, Sosial, Budaya dan Fasilitasi Pencegahan Penyalagunaan Narkotika, Fasilitasi Kerukunan Umat Beragama dan Penghayat Kepercayaan di Daerah;2;84999750;2025
667;8.01.05.1.01.0004;Pelaksanaan Koordinasi di Bidang Ketahanan Ekonomi, Sosial, Budaya dan Fasilitasi Pencegahan Penyalagunaan Narkotika, Fasilitasi Kerukunan Umat Beragama dan Penghayat Kepercayaan di Daerah;2;89999950;2025
667;8.01.05.1.01.0005;Pelaksanaan Monitoring, Evaluasi dan Pelaporan di Bidang Ketahanan Ekonomi, Sosial, Budaya dan Fasilitasi Pencegahan Penyalagunaan Narkotika, Fasilitasi Kerukunan Umat Beragama dan Penghayat Kepercayaan di Daerah;2;70091675;2025
668;8.01.06.1.01.0002;Penyusunan Bahan Perumusan Kebijakan di Bidang Kewaspadaan Dini, Kerja Sama Intelijen, Pemantauan Orang Asing, Tenaga Kerja Asing dan Lembaga Asing, Kewaspadaan Perbatasan Antar Negara, Fasilitasi Kelembagaan Bidang Kewaspadaan, serta Penanganan Konflik di Daerah;2;20000000;2025
668;8.01.06.1.01.0003;Pelaksanaan Kebijakan di Bidang Kewaspadaan Dini, Kerja Sama Intelijen, Pemantauan Orang Asing, Tenaga Kerja Asing dan Lembaga Asing, Kewaspadaan Perbatasan Antar Negara, Fasilitasi Kelembagaan Bidang Kewaspadaan, serta Penanganan Konflik di Daerah;2;36000000;2025
668;8.01.06.1.01.0004;Pelaksanaan Koordinasi di Bidang Kewaspadaan Dini, Kerja Sama Intelijen, Pemantauan Orang Asing, Tenaga Kerja Asing dan Lembaga Asing, Kewaspadaan Perbatasan Antar Negara, Fasilitasi Kelembagaan Bidang Kewaspadaan, serta Penanganan Konflik di Daerah;2;167456900;2025
668;8.01.06.1.01.0005;Pelaksanaan Monitoring, Evaluasi dan Pelaporan di Bidang Kewaspadaan Dini, Kerja Sama Intelijen, Pemantauan Orang Asing, Tenaga Kerja Asing dan Lembaga Asing, Kewaspadaan Perbatasan Antar Negara, Fasilitasi Kelembagaan Bidang Kewaspadaan, serta Penanganan Konflik di Daerah;2;166339750;2025
668;8.01.06.1.01.0006;Pelaksanaan Forum Koordinasi Pimpinan Daerah Provinsi;2;380203300;2025
669;1.05.01.1.01.0001;Penyusunan Dokumen Perencanaan Perangkat Daerah;8;125318950;2025
669;1.05.01.1.01.0004;Koordinasi dan Penyusunan DPA-SKPD;8;184357850;2025
669;1.05.01.1.01.0007;Evaluasi Kinerja Perangkat Daerah;8;60323500;2025
670;1.05.01.1.02.0001;Penyediaan Gaji dan Tunjangan ASN;8;9022858882;2025
670;1.05.01.1.02.0002;Penyediaan Administrasi Pelaksanaan Tugas ASN;8;2910000000;2025
670;1.05.01.1.02.0003;Pelaksanaan Penatausahaan dan Pengujian/Verifikasi Keuangan SKPD;8;355569000;2025
670;1.05.01.1.02.0008;Penyusunan Pelaporan dan Analisis Prognosis Realisasi Anggaran;8;102758000;2025
671;1.05.01.1.03.0006;Penatausahaan Barang Milik Daerah pada SKPD;8;181248500;2025
672;1.05.01.1.06.0002;Penyediaan Peralatan dan Perlengkapan Kantor;8;54480800;2025
672;1.05.01.1.06.0009;Penyelenggaraan Rapat Koordinasi dan Konsultasi SKPD;8;82316000;2025
673;1.05.01.1.07.0010;Pengadaan Sarana dan Prasarana Gedung Kantor atau Bangunan Lainnya;8;40311900;2025
674;1.05.01.1.08.0002;Penyediaan Jasa Komunikasi, Sumber Daya Air dan Listrik;8;221631200;2025
674;1.05.01.1.08.0004;Penyediaan Jasa Pelayanan Umum Kantor;8;43700000;2025
675;1.05.01.1.09.0006;Pemeliharaan Peralatan dan Mesin Lainnya;8;63900000;2025
676;1.05.03.1.01.0003;Penyusunan Kajian Risiko Bencana Provinsi;8;100000000;2025
676;1.05.03.1.01.0004;Sosialisasi, Komunikasi, Informasi dan Edukasi (KIE) Rawan Bencana Provinsi (Per Jenis Ancaman);8;100000250;2025
677;1.05.03.1.02.0013;Penguatan Kapasitas Kawasan untuk Pencegahan dan Kesiapsiagaan bencana;8;200000000;2025
677;1.05.03.1.02.0024;Penyusunan Rencana Penanggulangan Bencana Provinsi;8;100000050;2025
677;1.05.03.1.02.0030;Pelatihan Pencegahan dan Mitigasi Bencana;8;100000100;2025
678;1.05.03.1.03.0028;Penyediaan Logistik Penyelamatan dan Evakuasi Korban Bencana;8;210499800;2025
678;1.05.03.1.03.0030;Respon Cepat Penanganan Darurat Bencana;8;389500000;2025
679;1.05.03.1.04.0009;Koordinasi Penanganan Pascabencana Provinsi;8;400000050;2025
679;1.05.03.1.04.0018;Penguatan Kelembagaan Bencana Daerah;8;100000125;2025
679;1.05.03.1.04.0023;Pembinaan dan Pengawasan Penerapan Standar Pelayanan Minimal (SPM) Sub Urusan Bencana Kabupaten/Kota;8;100000225;2025
680;5.02.01.1.01.0001;Penyusunan Dokumen Perencanaan Perangkat Daerah;3;38287720;2025
680;5.02.01.1.01.0006;Koordinasi dan Penyusunan Laporan Capaian Kinerja dan Ikhtisar Realisasi Kinerja SKPD;3;180633000;2025
681;5.02.01.1.02.0001;Penyediaan Gaji dan Tunjangan ASN;3;69579284580;2025
681;5.02.01.1.02.0003;Pelaksanaan Penatausahaan dan Pengujian/Verifikasi Keuangan SKPD;3;2265072500;2025
681;5.02.01.1.02.0005;Koordinasi dan Penyusunan Laporan Keuangan Akhir Tahun SKPD;3;0;2025
682;5.02.01.1.03.0005;Rekonsiliasi dan Penyusunan Laporan Barang Milik Daerah pada SKPD;3;0;2025
683;5.02.01.1.04.0001;Perencanaan Pengelolaan Retribusi Daerah;3;141572400;2025
683;5.02.01.1.04.0002;Analisa dan Pengembangan Retribusi Daerah, serta Penyusunan Kebijakan Retribusi Daerah;3;115149800;2025
683;5.02.01.1.04.0003;Penyuluhan dan Penyebarluasan Kebijakan Retribusi Daerah;3;97464000;2025
683;5.02.01.1.04.0004;Pendataan dan Pendaftaran Objek Retribusi Daerah;3;170632591;2025
683;5.02.01.1.04.0007;Pelaporan Pengelolaan Retribusi Daerah;3;28314927;2025
684;5.02.01.1.05.0002;Pengadaan Pakaian Dinas Beserta Atribut Kelengkapannya;3;100000000;2025
684;5.02.01.1.05.0003;Pendataan dan Pengolahan Administrasi Kepegawaian;3;148225000;2025
684;5.02.01.1.05.0009;Pendidikan dan Pelatihan Pegawai Berdasarkan Tugas dan Fungsi;3;129391950;2025
684;5.02.01.1.05.0010;Sosialisasi Peraturan Perundang-Undangan;3;31683400;2025
685;5.02.01.1.06.0001;Penyediaan Komponen Instalasi Listrik/Penerangan Bangunan Kantor;3;135208496;2025
685;5.02.01.1.06.0002;Penyediaan Peralatan dan Perlengkapan Kantor;3;4022029717;2025
685;5.02.01.1.06.0005;Penyediaan Barang Cetakan dan Penggandaan;3;201861745;2025
685;5.02.01.1.06.0009;Penyelenggaraan Rapat Koordinasi dan Konsultasi SKPD;3;472357469;2025
685;5.02.01.1.06.0011;Dukungan Pelaksanaan Sistem Pemerintahan Berbasis Elektronik pada SKPD;3;174999700;2025
686;5.02.01.1.07.0002;Pengadaan Kendaraan Dinas Operasional atau Lapangan;3;660000000;2025
686;5.02.01.1.07.0008;Pengadaan Aset Tak Berwujud;3;300000000;2025
686;5.02.01.1.07.0010;Pengadaan Sarana dan Prasarana Gedung Kantor atau Bangunan Lainnya;3;5393777769;2025
687;5.02.01.1.08.0002;Penyediaan Jasa Komunikasi, Sumber Daya Air dan Listrik;3;4584387406;2025
687;5.02.01.1.08.0003;Penyediaan Jasa Peralatan dan Perlengkapan Kantor;3;1600347921;2025
687;5.02.01.1.08.0004;Penyediaan Jasa Pelayanan Umum Kantor;3;4151598000;2025
688;5.02.01.1.09.0001;Penyediaan Jasa Pemeliharaan, Biaya Pemeliharaan dan Pajak Kendaraan Perorangan Dinas atau Kendaraan Dinas Jabatan;3;84100000;2025
688;5.02.01.1.09.0002;Penyediaan Jasa Pemeliharaan, Biaya Pemeliharaan, Pajak dan Perizinan Kendaraan Dinas Operasional atau Lapangan;3;397706800;2025
688;5.02.01.1.09.0006;Pemeliharaan Peralatan dan Mesin Lainnya;3;1651214865;2025
688;5.02.01.1.09.0007;Pemeliharaan Aset Tetap Lainnya;3;940440000;2025
689;5.02.04.1.01.0001;Perencanaan Pengelolaan Pajak Daerah;3;396352400;2025
689;5.02.04.1.01.0002;Analisa dan Pengembangan Pajak Daerah, serta Penyusunan Kebijakan Pajak Daerah;3;427165350;2025
689;5.02.04.1.01.0003;Penyuluhan dan Penyebarluasan Kebijakan Pajak Daerah;3;376331500;2025
689;5.02.04.1.01.0005;Pendataan dan Pendaftaran Objek Pajak Daerah;3;1759325561;2025
689;5.02.04.1.01.0006;Pengolahan, Pemeliharaan, dan Pelaporan Basis Data Pajak Daerah;3;224242000;2025
689;5.02.04.1.01.0007;Penetapan Wajib Pajak Daerah;3;203135049;2025
689;5.02.04.1.01.0008;Pelayanan dan Konsultasi Pajak Daerah;3;114699743;2025
689;5.02.04.1.01.0009;Penelitian dan Verifikasi Data Pelaporan Pajak Daerah;3;46810676;2025
689;5.02.04.1.01.0010;Penagihan Pajak Daerah;3;3353198814;2025
689;5.02.04.1.01.0011;Penyelesaian Keberatan Pajak Daerah;3;22315065;2025
689;5.02.04.1.01.0012;Pengendalian, Pemeriksaan dan Pengawasan Pajak Daerah;3;226958786;2025
689;5.02.04.1.01.0013;Pembinaan dan Pengawasan Pengelolaan Pajak Daerah dan Retribusi Daerah;3;208128925;2025
689;5.02.04.1.01.0014;Elektronifikasi Transaksi Pemerintah Daerah;3;117814000;2025
690;5.02.01.1.01.0001;Penyusunan Dokumen Perencanaan Perangkat Daerah;4;160708300;2025
690;5.02.01.1.01.0002;Koordinasi dan Penyusunan Dokumen RKA- SKPD;4;68577000;2025
690;5.02.01.1.01.0003;Koordinasi dan Penyusunan Dokumen Perubahan RKA-SKPD;4;72915000;2025
690;5.02.01.1.01.0004;Koordinasi dan Penyusunan DPA-SKPD;4;66320800;2025
690;5.02.01.1.01.0005;Koordinasi dan Penyusunan Perubahan DPA- SKPD;4;45350000;2025
690;5.02.01.1.01.0007;Evaluasi Kinerja Perangkat Daerah;4;383832000;2025
691;5.02.01.1.02.0001;Penyediaan Gaji dan Tunjangan ASN;4;590930757748;2025
691;5.02.01.1.02.0003;Pelaksanaan Penatausahaan dan Pengujian/Verifikasi Keuangan SKPD;4;308390000;2025
691;5.02.01.1.02.0004;Koordinasi dan Pelaksanaan Akuntansi SKPD;4;58250000;2025
691;5.02.01.1.02.0005;Koordinasi dan Penyusunan Laporan Keuangan Akhir Tahun SKPD;4;61250000;2025
691;5.02.01.1.02.0006;Pengelolaan dan Penyiapan Bahan Tanggapan Pemeriksaan;4;505885300;2025
691;5.02.01.1.02.0007;Koordinasi dan Penyusunan Laporan Keuangan Bulanan/ Triwulanan/Semesteran SKPD;4;39761500;2025
691;5.02.01.1.02.0008;Penyusunan Pelaporan dan Analisis Prognosis Realisasi Anggaran;4;35000000;2025
692;5.02.01.1.03.0001;Penyusunan Perencanaan Kebutuhan Barang Milik Daerah SKPD;4;30000000;2025
692;5.02.01.1.03.0002;Pengamanan Barang Milik Daerah SKPD;4;30827050;2025
692;5.02.01.1.03.0006;Penatausahaan Barang Milik Daerah pada SKPD;4;30000000;2025
693;5.02.01.1.05.0002;Pengadaan Pakaian Dinas Beserta Atribut Kelengkapannya;4;336959000;2025
693;5.02.01.1.05.0003;Pendataan dan Pengolahan Administrasi Kepegawaian;4;46101150;2025
693;5.02.01.1.05.0005;Monitoring, Evaluasi, dan Penilaian Kinerja Pegawai;4;66557500;2025
693;5.02.01.1.05.0009;Pendidikan dan Pelatihan Pegawai Berdasarkan Tugas dan Fungsi;4;82862000;2025
693;5.02.01.1.05.0010;Sosialisasi Peraturan Perundang-Undangan;4;46953550;2025
693;5.02.01.1.05.0011;Bimbingan Teknis Implementasi Peraturan Perundang-Undangan;4;176558000;2025
694;5.02.01.1.06.0001;Penyediaan Komponen Instalasi Listrik/Penerangan Bangunan Kantor;4;42337785;2025
694;5.02.01.1.06.0002;Penyediaan Peralatan dan Perlengkapan Kantor;4;78914400;2025
694;5.02.01.1.06.0003;Penyediaan Peralatan Rumah Tangga;4;16607760;2025
694;5.02.01.1.06.0005;Penyediaan Barang Cetakan dan Penggandaan;4;83924833;2025
694;5.02.01.1.06.0009;Penyelenggaraan Rapat Koordinasi dan Konsultasi SKPD;4;693168761;2025
695;5.02.01.1.07.0001;Pengadaan Kendaraan Perorangan Dinas atau Kendaraan Dinas Jabatan;4;663895000;2025
695;5.02.01.1.07.0005;Pengadaan Mebel;4;95154600;2025
695;5.02.01.1.07.0007;Pengadaan Aset Tetap Lainnya;4;576210028;2025
695;5.02.01.1.07.0009;Pengadaan Gedung Kantor atau Bangunan Lainnya;4;25000000;2025
696;5.02.01.1.08.0001;Penyediaan Jasa Surat Menyurat;4;50000000;2025
696;5.02.01.1.08.0002;Penyediaan Jasa Komunikasi, Sumber Daya Air dan Listrik;4;1852196924;2025
696;5.02.01.1.08.0003;Penyediaan Jasa Peralatan dan Perlengkapan Kantor;4;119348600;2025
696;5.02.01.1.08.0004;Penyediaan Jasa Pelayanan Umum Kantor;4;3317342695;2025
697;5.02.01.1.09.0001;Penyediaan Jasa Pemeliharaan, Biaya Pemeliharaan dan Pajak Kendaraan Perorangan Dinas atau Kendaraan Dinas Jabatan;4;686072863;2025
697;5.02.01.1.09.0010;Pemeliharaan/Rehabilitasi Sarana dan Prasarana Gedung Kantor atau Bangunan Lainnya;4;80000000;2025
697;5.02.01.1.09.0011;Pemeliharaan/Rehabilitasi Sarana dan Prasarana Pendukung Gedung Kantor atau Bangunan Lainnya;4;126590000;2025
698;5.02.02.1.01.0001;Koordinasi dan Penyusunan KUA dan PPAS;4;490506250;2025
698;5.02.02.1.01.0002;Koordinasi dan Penyusunan Perubahan KUA dan Perubahan PPAS;4;275383900;2025
698;5.02.02.1.01.0003;Koordinasi, Penyusunan dan Verifikasi RKA- SKPD;4;496213800;2025
698;5.02.02.1.01.0005;Koordinasi, Penyusunan dan Verifikasi DPA- SKPD;4;173858225;2025
698;5.02.02.1.01.0007;Koordinasi dan Penyusunan Peraturan Daerah tentang APBD dan Peraturan Kepala Daerah tentang Penjabaran APBD;4;1635755150;2025
698;5.02.02.1.01.0008;Koordinasi dan Penyusunan Peraturan Daerah tentang Perubahan APBD dan Peraturan Kepala Daerah tentang Penjabaran Perubahan APBD;4;334251025;2025
698;5.02.02.1.01.0013;Pembinaan Perencanaan Penganggaran Daerah Pemerintah Provinsi;4;482724775;2025
699;5.02.02.1.02.0002;Evaluasi Rancangan Peraturan Daerah tentang APBD Kabupaten/Kota dan Rancangan Peraturan Kepala Daerah tentang Penjabaran APBD Kabupaten/Kota;4;512268375;2025
699;5.02.02.1.02.0003;Evaluasi Rancangan Peraturan Daerah tentang Perubahan APBD Kabupaten/Kota dan Rancangan Peraturan Kepala Daerah tentang Penjabaran Perubahan APBD Kabupaten/Kota;4;217883307;2025
700;5.02.02.1.03.0001;Koordinasi dan Pengelolaan Kas Daerah;4;243035650;2025
700;5.02.02.1.03.0003;Penyiapan, Pelaksanaan Pengendalian dan Penerbitan Anggaran Kas dan SPD;4;492318050;2025
700;5.02.02.1.03.0004;Penatausahaan Pembiayaan Daerah;4;559013120;2025
700;5.02.02.1.03.0005;Koordinasi, Fasilitasi, Asistensi, Sinkronisasi, Supervisi, Monitoring, dan Evaluasi Pengelolaan Dana Perimbangan dan Dana Transfer Lainnya;4;403090000;2025
700;5.02.02.1.03.0007;Koordinasi dan Penyusunan Laporan Realisasi Penerimaan dan Pengeluaran Kas Daerah, Laporan Aliran Kas, dan Pelaksanaan Pemungutan/Pemotongan dan Penyetoran Perhitungan Fihak Ketiga (PFK);4;278325950;2025
700;5.02.02.1.03.0008;Koordinasi Pelaksanaan Piutang dan Utang Daerah yang Timbul Akibat Pengelolaan Kas, Pelaksanaan Analisis Pembiayaan dan Penempatan Uang Daerah sebagai Optimalisasi Kas;4;235189900;2025
700;5.02.02.1.03.0009;Rekonsiliasi Data Penerimaan dan Pengeluaran Kas serta Pemungutan dan Pemotongan atas SP2D dengan Instansi Terkait;4;558120500;2025
700;5.02.02.1.03.0010;Penyusunan Petunjuk Teknis Administrasi Keuangan yang Berkaitan dengan Penerimaan dan Pengeluaran Kas serta Penatausahaan dan Pertanggungjawaban Sub Kegiatan;4;794656881;2025
701;5.02.02.1.04.0002;Rekonsiliasi dan Verifikasi Aset, Kewajiban, Ekuitas, Pendapatan, Belanja, Pembiayaan, Pendapatan-LO, dan Beban;4;874503725;2025
701;5.02.02.1.04.0004;Konsolidasi Laporan Keuangan SKPD, BLUD dan Laporan Keuangan Pemerintah Daerah;4;1031997518;2025
701;5.02.02.1.04.0005;Koordinasi dan Penyusunan Rancangan Peraturan Daerah tentang Pertanggungjawaban Pelaksanaan APBD Provinsi dan Rancangan Peraturan Kepala Daerah tentang Penjabaran Pertanggungjawaban Pelaksanaan APBD Provinsi;4;995540750;2025
701;5.02.02.1.04.0010;Penyusunan Sistem dan Prosedur Akuntansi dan Pelaporan Keuangan Pemerintah Daerah;4;955540748;2025
702;5.02.02.1.05.0008;Analisis Perencanaan dan Penyaluran Bantuan Keuangan;4;44600000000;2025
702;5.02.02.1.05.0009;Pengelolaan Dana Darurat dan Mendesak;4;10000000000;2025
702;5.02.02.1.05.0010;Pengelolaan Dana Bagi Hasil Provinsi;4;806500000000;2025
703;5.02.03.1.01.0001;Penyusunan Standar Harga;4;223762800;2025
703;5.02.03.1.01.0003;Penyusunan Rencana Kebutuhan Barang Milik Daerah;4;244104200;2025
703;5.02.03.1.01.0005;Penatausahaan Barang Milik Daerah;4;1239072100;2025
703;5.02.03.1.01.0006;Inventarisasi Barang Milik Daerah;4;175715450;2025
703;5.02.03.1.01.0007;Pengamanan Barang Milik Daerah;4;790277300;2025
703;5.02.03.1.01.0008;Penilaian Barang Milik Daerah;4;345749600;2025
703;5.02.03.1.01.0009;Pengawasan dan Pengendalian Pengelolaan Barang Milik Daerah;4;203176000;2025
703;5.02.03.1.01.0010;Optimalisasi Penggunaan, Pemanfaatan, Pemindahtanganan, Pemusnahan, dan Penghapusan Barang Milik Daerah;4;206900000;2025
703;5.02.03.1.01.0011;Rekonsiliasi dalam rangka Penyusunan Laporan Barang Milik Daerah;4;131905500;2025
703;5.02.03.1.01.0012;Penyusunan Laporan Barang Milik Daerah;4;239337050;2025
1;5.04.01.1.01.0001;Penyusunan Dokumen Perencanaan Perangkat Daerah;6;708545400;2025
1;5.04.01.1.01.0006;Koordinasi dan Penyusunan Laporan Capaian Kinerja dan Ikhtisar Realisasi Kinerja SKPD;6;102313750;2025
1;5.04.01.1.01.0007;Evaluasi Kinerja Perangkat Daerah;6;136788900;2025
2;5.04.01.1.02.0001;Penyediaan Gaji dan Tunjangan ASN;6;11194033758;2025
2;5.04.01.1.02.0002;Penyediaan Administrasi Pelaksanaan Tugas ASN;6;1550284000;2025
2;5.04.01.1.02.0003;Pelaksanaan Penatausahaan dan Pengujian/Verifikasi Keuangan SKPD;6;98524750;2025
2;5.04.01.1.02.0006;Pengelolaan dan Penyiapan Bahan Tanggapan Pemeriksaan;6;42375000;2025
2;5.04.01.1.02.0008;Penyusunan Pelaporan dan Analisis Prognosis Realisasi Anggaran;6;31060000;2025
3;5.04.01.1.03.0006;Penatausahaan Barang Milik Daerah pada SKPD;6;84244600;2025
4;5.04.01.1.05.0009;Pendidikan dan Pelatihan Pegawai Berdasarkan Tugas dan Fungsi;6;251360000;2025
5;5.04.01.1.06.0001;Penyediaan Komponen Instalasi Listrik/Penerangan Bangunan Kantor;6;80235751;2025
5;5.04.01.1.06.0005;Penyediaan Barang Cetakan dan Penggandaan;6;39990275;2025
5;5.04.01.1.06.0006;Penyediaan Bahan Bacaan dan Peraturan Perundang-Undangan;6;9600000;2025
5;5.04.01.1.06.0009;Penyelenggaraan Rapat Koordinasi dan Konsultasi SKPD;6;318041000;2025
6;5.04.01.1.07.0006;Pengadaan Peralatan dan Mesin Lainnya;6;400794190;2025
7;5.04.01.1.08.0002;Penyediaan Jasa Komunikasi, Sumber Daya Air dan Listrik;6;1228320948;2025
7;5.04.01.1.08.0004;Penyediaan Jasa Pelayanan Umum Kantor;6;388689924;2025
8;5.04.01.1.09.0001;Penyediaan Jasa Pemeliharaan, Biaya Pemeliharaan dan Pajak Kendaraan Perorangan Dinas atau Kendaraan Dinas Jabatan;6;333500000;2025
8;5.04.01.1.09.0006;Pemeliharaan Peralatan dan Mesin Lainnya;6;151670000;2025
8;5.04.01.1.09.0010;Pemeliharaan/Rehabilitasi Sarana dan Prasarana Gedung Kantor atau Bangunan Lainnya;6;518999483;2025
9;5.04.02.1.01.0003;Penyelenggaraan Pengembangan Kompetensi Teknis Umum, Inti, dan Pilihan bagi Jabatan Administrasi Penyelenggara Urusan Pemerintahan Konkuren, Perangkat Daerah Penunjang, dan Urusan Pemerintahan Umum;6;1497982700;2025
9;5.04.02.1.01.0004;Pembinaan, Pengoordinasian, Fasilitasi, Pemantauan, Evaluasi, dan Pelaporan Pengembangan Kompetensi Teknisumum, Inti, dan Pilihan bagi Jabatan Administrasi Penyelenggara Urusan Pemerintahan Konkuren, Perangkat Daerah Penunjang, dan Urusan Pemerintahan Umum;6;327299900;2025
10;5.04.02.1.02.0001;Penyusunan Kebijakan Teknis dan Rencana Sertifikasi Kompetensi, Pengelolaan Kelembagaan, Tenaga Pengembang Kompetensi, Sumber Belajar, Kerjasama, Pengembangan Kompetensi Pimpinan Daerah, Jabatan Pimpinan Tinggi, Kepemimpinan dan Prajabatan, serta Jabatan Fungsional;6;353741150;2025
10;5.04.02.1.02.0002;Pengelolaan Lembaga Sertifikasi Penyelenggara Pemerintahan Dalam Negeri Provinsi;6;72442550;2025
10;5.04.02.1.02.0003;Pelaksanaan Sertifikasi Kompetensi di Lingkungan Pemerintah Provinsi dan Kabupaten/Kota;6;213948700;2025
10;5.04.02.1.02.0004;Pengelolaan Kelembagaan, Tenaga Pengembang Kompetensi, dan Sumber Belajar;6;298607200;2025
10;5.04.02.1.02.0005;Pelaksanaan Kerja Sama Antar Lembaga;6;98525950;2025
10;5.04.02.1.02.0006;Penyusunan Standar Perangkat Pembelajaran Pemerintahan Dalam Negeri bagi Pimpinan Daerah, Jabatan Pimpinan Tinggi, dan Jabatan Fungsional;6;76747000;2025
10;5.04.02.1.02.0007;Penyelenggaraan Pengembangan Kompetensi bagi Pimpinan Daerah, Jabatan Pimpinan Tinggi, Jabatan Fungsional, Kepemimpinan, dan Prajabatan;6;5000000122;2025
10;5.04.02.1.02.0008;Pembinaan, Pengoordinasian, Fasilitasi, Pemantauan, Evaluasi, dan Pelaporan Pelaksanaan Sertifikasi, Pengelolaan Kelembagaan dan Tenaga Pengembang Kompetensi, Pengelolaan Sumber Belajar, dan Kerja Sama, serta Pengembangan Kompetensi Pimpinan Daerah, Jabatan Pimpinan Tinggi, Kepemimpinan, dan Prajabatan;6;255529700;2025
704;5.07.01.1.01.0006;Koordinasi dan Penyusunan Laporan Capaian Kinerja dan Ikhtisar Realisasi Kinerja SKPD;9;517111900;2025
705;5.07.01.1.02.0001;Penyediaan Gaji dan Tunjangan ASN;9;5448299709;2025
705;5.07.01.1.02.0002;Penyediaan Administrasi Pelaksanaan Tugas ASN;9;1397784000;2025
706;5.07.01.1.05.0011;Bimbingan Teknis Implementasi Peraturan Perundang-Undangan;9;36491200;2025
707;5.07.01.1.06.0002;Penyediaan Peralatan dan Perlengkapan Kantor;9;59129799;2025
708;5.07.01.1.07.0002;Pengadaan Kendaraan Dinas Operasional atau Lapangan;9;22220000;2025
708;5.07.01.1.07.0006;Pengadaan Peralatan dan Mesin Lainnya;9;52591000;2025
709;5.07.01.1.08.0004;Penyediaan Jasa Pelayanan Umum Kantor;9;575064188;2025
710;5.07.01.1.09.0001;Penyediaan Jasa Pemeliharaan, Biaya Pemeliharaan dan Pajak Kendaraan Perorangan Dinas atau Kendaraan Dinas Jabatan;9;620359800;2025
710;5.07.01.1.09.0006;Pemeliharaan Peralatan dan Mesin Lainnya;9;51089600;2025
710;5.07.01.1.09.0009;Pemeliharaan/Rehabilitasi Gedung Kantor dan Bangunan Lainnya;9;398160000;2025
711;5.07.02.1.01.0001;Peningkatan Kualitas Pelayanan Publik bagi Aparatur dan Masyarakat;9;300012350;2025
711;5.07.02.1.01.0002;Pelayanan Kelembagaan Aparatur dan Masyarakat;9;374998020;2025
711;5.07.02.1.01.0003;Peningkatan Fasilitasi Promosi Produk Unggulan dan Pelestarian Seni Budaya;9;374994236;2025
711;5.07.02.1.01.0004;Kegiatan Fasilitasi Pameran Produk Unggulan dan Pelestarian Seni Budaya;9;219993724;2025
712;5.01.01.1.01.0001;Penyusunan Dokumen Perencanaan Perangkat Daerah;1;609467450;2025
712;5.01.01.1.01.0002;Koordinasi dan Penyusunan Dokumen RKA- SKPD;1;58399850;2025
712;5.01.01.1.01.0006;Koordinasi dan Penyusunan Laporan Capaian Kinerja dan Ikhtisar Realisasi Kinerja SKPD;1;317818750;2025
712;5.01.01.1.01.0007;Evaluasi Kinerja Perangkat Daerah;1;363319200;2025
713;5.01.01.1.02.0001;Penyediaan Gaji dan Tunjangan ASN;1;19540811085;2025
713;5.01.01.1.02.0002;Penyediaan Administrasi Pelaksanaan Tugas ASN;1;1469430000;2025
713;5.01.01.1.02.0005;Koordinasi dan Penyusunan Laporan Keuangan Akhir Tahun SKPD;1;135039750;2025
713;5.01.01.1.02.0006;Pengelolaan dan Penyiapan Bahan Tanggapan Pemeriksaan;1;155000100;2025
714;5.01.01.1.03.0005;Rekonsiliasi dan Penyusunan Laporan Barang Milik Daerah pada SKPD;1;100000300;2025
715;5.01.01.1.05.0001;Peningkatan Sarana dan Prasarana Disiplin Pegawai;1;32100000;2025
715;5.01.01.1.05.0002;Pengadaan Pakaian Dinas Beserta Atribut Kelengkapannya;1;496903970;2025
715;5.01.01.1.05.0003;Pendataan dan Pengolahan Administrasi Kepegawaian;1;27100000;2025
715;5.01.01.1.05.0004;Koordinasi dan Pelaksanaan Sistem Informasi Kepegawaian;1;22750000;2025
715;5.01.01.1.05.0005;Monitoring, Evaluasi, dan Penilaian Kinerja Pegawai;1;23500000;2025
715;5.01.01.1.05.0009;Pendidikan dan Pelatihan Pegawai Berdasarkan Tugas dan Fungsi;1;4000000;2025
715;5.01.01.1.05.0010;Sosialisasi Peraturan Perundang-Undangan;1;153000000;2025
715;5.01.01.1.05.0011;Bimbingan Teknis Implementasi Peraturan Perundang-Undangan;1;242300000;2025
716;5.01.01.1.06.0001;Penyediaan Komponen Instalasi Listrik/Penerangan Bangunan Kantor;1;72834636;2025
716;5.01.01.1.06.0002;Penyediaan Peralatan dan Perlengkapan Kantor;1;417322750;2025
716;5.01.01.1.06.0003;Penyediaan Peralatan Rumah Tangga;1;650342500;2025
716;5.01.01.1.06.0004;Penyediaan Bahan Logistik Kantor;1;949877000;2025
716;5.01.01.1.06.0005;Penyediaan Barang Cetakan dan Penggandaan;1;455932650;2025
716;5.01.01.1.06.0006;Penyediaan Bahan Bacaan dan Peraturan Perundang-Undangan;1;749800000;2025
716;5.01.01.1.06.0008;Fasilitasi Kunjungan Tamu;1;53484000;2025
716;5.01.01.1.06.0009;Penyelenggaraan Rapat Koordinasi dan Konsultasi SKPD;1;805178000;2025
716;5.01.01.1.06.0011;Dukungan Pelaksanaan Sistem Pemerintahan Berbasis Elektronik pada SKPD;1;250000000;2025
717;5.01.01.1.07.0001;Pengadaan Kendaraan Perorangan Dinas atau Kendaraan Dinas Jabatan;1;717280000;2025
717;5.01.01.1.07.0005;Pengadaan Mebel;1;2130786750;2025
717;5.01.01.1.07.0010;Pengadaan Sarana dan Prasarana Gedung Kantor atau Bangunan Lainnya;1;13301524460;2025
717;5.01.01.1.07.0011;Pengadaan Sarana dan Prasarana Pendukung Gedung Kantor atau Bangunan Lainnya;1;766174535;2025
718;5.01.01.1.08.0001;Penyediaan Jasa Surat Menyurat;1;30750000;2025
718;5.01.01.1.08.0002;Penyediaan Jasa Komunikasi, Sumber Daya Air dan Listrik;1;820088500;2025
718;5.01.01.1.08.0003;Penyediaan Jasa Peralatan dan Perlengkapan Kantor;1;49620000;2025
718;5.01.01.1.08.0004;Penyediaan Jasa Pelayanan Umum Kantor;1;1290331000;2025
719;5.01.01.1.09.0001;Penyediaan Jasa Pemeliharaan, Biaya Pemeliharaan dan Pajak Kendaraan Perorangan Dinas atau Kendaraan Dinas Jabatan;1;988000000;2025
719;5.01.01.1.09.0006;Pemeliharaan Peralatan dan Mesin Lainnya;1;266000000;2025
719;5.01.01.1.09.0011;Pemeliharaan/Rehabilitasi Sarana dan Prasarana Pendukung Gedung Kantor atau Bangunan Lainnya;1;867507204;2025
720;5.01.02.1.01.0001;Analisis Kondisi Daerah, Permasalahan, dan Isu Strategis Pembangunan Daerah;1;1803969080;2025
720;5.01.02.1.01.0002;Koordinasi Penelaahan Dokumen Perencanaan Pembangunan Daerah dengan Dokumen Kebijakan Lainnya;1;0;2025
720;5.01.02.1.01.0003;Pelaksanaan Konsultasi Publik;1;115900000;2025
720;5.01.02.1.01.0004;Koordinasi Pelaksanaan Forum Perangkat Daerah/Lintas Perangkat Daerah;1;166987700;2025
720;5.01.02.1.01.0005;Pelaksanaan Musrenbang Provinsi;1;1063807250;2025
720;5.01.02.1.01.0006;Koordinasi Penyusunan dan Penetapan Dokumen Perencanaan Pembangunan Daerah Provinsi;1;446953100;2025
721;5.01.02.1.02.0001;Analisis Data dan Informasi Perencanaan  Pembangunan Daerah;1;258000325;2025
721;5.01.02.1.02.0002;Pembinaan dan Pemanfaatan Data dan Informasi Perencanaan Pembangunan Perangkat Daerah;1;249999860;2025
721;5.01.02.1.02.0003;Pembinaan dan Pemanfaatan Data dan Informasi Pemerintahan Daerah Bidang Perencanaan Pembangunan Daerah Kabupaten/Kota;1;117080800;2025
721;5.01.02.1.02.0004;Penyusunan Profil Pembangunan Daerah Provinsi;1;150000110;2025
722;5.01.02.1.03.0001;Koordinasi Pengendalian Perencanaan dan Pelaksanaan Pembangunan Daerah di Provinsi;1;728776270;2025
722;5.01.02.1.03.0002;Pengendalian Pelaksanaan Kerja Sama Daerah;1;131488000;2025
722;5.01.02.1.03.0003;Monitoring, Evaluasi dan Penyusunan Laporan Berkala Pelaksanaan Pembangunan Daerah;1;312658550;2025
722;5.01.02.1.03.0004;Fasilitasi/Evaluasi Dokumen Perencanaan Pembangunan Daerah Kabupaten/Kota;1;33999700;2025
723;5.01.02.1.04.0001;Pengelolaan Data dalam Sistem Informasi Pemerintahan Daerah di Bidang Pembangunan Daerah;1;0;2025
723;5.01.02.1.04.0002;Penerapan Sistem Informasi Pemerintahan Daerah di Bidang Pembangunan Daerah;1;277270950;2025
724;5.01.03.1.01.0001;Koordinasi Penyusunan Dokumen Perencanaan Pembangunan Daerah Bidang Pemerintahan (RPJPD, RPJMD dan RKPD);1;310899250;2025
724;5.01.03.1.01.0002;Asistensi Penyusunan Dokumen Perencanaan Pembangunan Perangkat Daerah Bidang Pemerintahan;1;61836900;2025
724;5.01.03.1.01.0003;Pelaksanaan Monitoring dan Evaluasi Penyusunan Dokumen Perencanaan Pembangunan Perangkat Daerah Bidang Pemerintahan;1;533502100;2025
724;5.01.03.1.01.0004;Koordinasi Pelaksanaan Sinergitas dan Harmonisasi Perencanaan Pembangunan Daerah Bidang Pemerintahan;1;193074400;2025
724;5.01.03.1.01.0005;Koordinasi Penyusunan Dokumen Perencanaan Pembangunan Daerah Bidang Pembangunan Manusia (RPJPD, RPJMD dan RKPD);1;479784250;2025
724;5.01.03.1.01.0006;Asistensi Penyusunan Dokumen Perencanaan Pembangunan Perangkat Daerah Bidang Pembangunan Manusia;1;150942050;2025
724;5.01.03.1.01.0007;Pelaksanaan Monitoring dan Evaluasi Penyusunan Dokumen Perencanaan Pembangunan Perangkat Daerah Bidang Pembangunan Manusia;1;1139314400;2025
724;5.01.03.1.01.0008;Koordinasi Pelaksanaan Sinergitas dan Harmonisasi Perencanaan Pembangunan Daerah Bidang Pembangunan Manusia;1;383680550;2025
725;5.01.03.1.02.0001;Koordinasi Penyusunan Dokumen Perencanaan Pembangunan Daerah Bidang Perekonomian (RPJPD, RPJMD dan RKPD);1;295926250;2025
725;5.01.03.1.02.0002;Asistensi Penyusunan Dokumen Perencanaan Pembangunan Perangkat Daerah Bidang Perekonomian;1;396669050;2025
725;5.01.03.1.02.0003;Pelaksanaan Monitoring dan Evaluasi Penyusunan Dokumen Perencanaan Pembangunan Perangkat Daerah Bidang Perekonomian;1;258957300;2025
725;5.01.03.1.02.0004;Koordinasi Pelaksanaan Sinergitas dan Harmonisasi Perencanaan Pembangunan Daerah Bidang Perekonomian;1;460412250;2025
725;5.01.03.1.02.0005;Koordinasi Penyusunan Dokumen Perencanaan Pembangunan Daerah Bidang SDA (RPJPD, RPJMD dan RKPD);1;1102085000;2025
725;5.01.03.1.02.0006;Asistensi Penyusunan Dokumen Perencanaan Pembangunan Perangkat Daerah Bidang SDA;1;200780000;2025
725;5.01.03.1.02.0007;Pelaksanaan Monitoring dan Evaluasi Penyusunan Dokumen Perencanaan Pembangunan Perangkat Daerah Bidang SDA;1;344601000;2025
725;5.01.03.1.02.0008;Koordinasi Pelaksanaan Sinergitas dan Harmonisasi Perencanaan Pembangunan Daerah Bidang SDA;1;760320000;2025
726;5.01.03.1.03.0001;Koordinasi Penyusunan Dokumen Perencanaan Pembangunan Daerah Bidang Infrastruktur (RPJPD, RPJMD dan RKPD);1;397363500;2025
726;5.01.03.1.03.0002;Asistensi Penyusunan Dokumen Perencanaan Pembangunan Perangkat Daerah Bidang Infrastruktur;1;42757283;2025
726;5.01.03.1.03.0003;Pelaksanaan Monitoring dan Evaluasi Penyusunan Dokumen Perencanaan Pembangunan Perangkat Daerah Bidang Infrastruktur;1;231940500;2025
726;5.01.03.1.03.0004;Koordinasi Pelaksanaan Sinergitas dan Harmonisasi Perencanaan Pembangunan Daerah Bidang Infrastruktur;1;480030642;2025
726;5.01.03.1.03.0005;Koordinasi Penyusunan Dokumen Perencanaan Pembangunan Daerah Bidang Kewilayahan (RPJPD, RPJMD dan RKPD);1;375971000;2025
726;5.01.03.1.03.0006;Asistensi Penyusunan Dokumen Perencanaan Pembangunan Perangkat Daerah Bidang Kewilayahan;1;169056733;2025
726;5.01.03.1.03.0007;Pelaksanaan Monitoring dan Evaluasi Penyusunan Dokumen Perencanaan Pembangunan Perangkat Daerah Bidang Kewilayahan;1;168163550;2025
726;5.01.03.1.03.0008;Koordinasi Pelaksanaan Sinergitas dan Harmonisasi Perencanaan Pembangunan Daerah Bidang Kewilayahan;1;335820642;2025
727;5.05.01.1.01.0001;Penyusunan Dokumen Perencanaan Perangkat Daerah;7;74405000;2025
727;5.05.01.1.01.0002;Koordinasi dan Penyusunan Dokumen RKA- SKPD;7;595395000;2025
727;5.05.01.1.01.0006;Koordinasi dan Penyusunan Laporan Capaian Kinerja dan Ikhtisar Realisasi Kinerja SKPD;7;31675000;2025
727;5.05.01.1.01.0007;Evaluasi Kinerja Perangkat Daerah;7;15725000;2025
728;5.05.01.1.02.0001;Penyediaan Gaji dan Tunjangan ASN;7;8451231354;2025
728;5.05.01.1.02.0002;Penyediaan Administrasi Pelaksanaan Tugas ASN;7;1159120000;2025
728;5.05.01.1.02.0005;Koordinasi dan Penyusunan Laporan Keuangan Akhir Tahun SKPD;7;317230000;2025
729;5.05.01.1.03.0003;Koordinasi dan Penilaian Barang Milik Daerah SKPD;7;31140000;2025
730;5.05.01.1.05.0002;Pengadaan Pakaian Dinas Beserta Atribut Kelengkapannya;7;75498500;2025
730;5.05.01.1.05.0009;Pendidikan dan Pelatihan Pegawai Berdasarkan Tugas dan Fungsi;7;45640000;2025
730;5.05.01.1.05.0010;Sosialisasi Peraturan Perundang-Undangan;7;41100000;2025
731;5.05.01.1.06.0001;Penyediaan Komponen Instalasi Listrik/Penerangan Bangunan Kantor;7;16406219;2025
731;5.05.01.1.06.0002;Penyediaan Peralatan dan Perlengkapan Kantor;7;77835800;2025
731;5.05.01.1.06.0003;Penyediaan Peralatan Rumah Tangga;7;26855168;2025
731;5.05.01.1.06.0005;Penyediaan Barang Cetakan dan Penggandaan;7;29890000;2025
731;5.05.01.1.06.0009;Penyelenggaraan Rapat Koordinasi dan Konsultasi SKPD;7;293340000;2025
732;5.05.01.1.07.0010;Pengadaan Sarana dan Prasarana Gedung Kantor atau Bangunan Lainnya;7;886137300;2025
733;5.05.01.1.08.0001;Penyediaan Jasa Surat Menyurat;7;6663000;2025
733;5.05.01.1.08.0002;Penyediaan Jasa Komunikasi, Sumber Daya Air dan Listrik;7;205070000;2025
733;5.05.01.1.08.0003;Penyediaan Jasa Peralatan dan Perlengkapan Kantor;7;63910000;2025
733;5.05.01.1.08.0004;Penyediaan Jasa Pelayanan Umum Kantor;7;143000000;2025
734;5.05.01.1.09.0001;Penyediaan Jasa Pemeliharaan, Biaya Pemeliharaan dan Pajak Kendaraan Perorangan Dinas atau Kendaraan Dinas Jabatan;7;22255000;2025
734;5.05.01.1.09.0002;Penyediaan Jasa Pemeliharaan, Biaya Pemeliharaan, Pajak dan Perizinan Kendaraan Dinas Operasional atau Lapangan;7;461050000;2025
734;5.05.01.1.09.0006;Pemeliharaan Peralatan dan Mesin Lainnya;7;80300000;2025
735;5.05.02.1.01.0001;Fasilitasi, Pelaksanaan dan Evaluasi Penelitian dan Pengembangan Bidang Penyelenggaraan Otonomi Daerah;7;900000000;2025
736;5.05.02.1.02.0001;Penelitian dan Pengembangan Bidang Aspek- Aspek Sosial;7;533144400;2025
736;5.05.02.1.02.0009;Penelitian dan Pengembangan Tenaga Kerja;7;300224450;2025
736;5.05.02.1.02.0010;Penelitian dan Pengembangan Partisipasi Masyarakat;7;416630600;2025
737;5.05.02.1.03.0004;Penelitian dan Pengembangan Pertanian, Perkebunan dan Pangan;7;299999700;2025
737;5.05.02.1.03.0007;Penelitian dan Pengembangan Lingkungan Hidup;7;320000000;2025
738;5.05.02.1.04.0001;Penelitian, Pengembangan, dan Perekayasaan di Bidang Teknologi dan Inovasi;7;492580000;2025
738;5.05.02.1.04.0002;Uji Coba dan Penerapan Rancang Bangun/Model Replikasi dan Invensi di Bidang Difusi Inovasi dan Penerapan Teknologi;7;369169850;2025
738;5.05.02.1.04.0003;Diseminasi Jenis, Prosedur dan Metode Penyelenggaraan Pemerintahan Daerah yang Bersifat Inovatif;7;288249950;2025
739;1.03.01.1.01.0001;Penyusunan Dokumen Perencanaan Perangkat Daerah;13;679728350;2025
739;1.03.01.1.01.0004;Koordinasi dan Penyusunan DPA-SKPD;13;32296650;2025
739;1.03.01.1.01.0006;Koordinasi dan Penyusunan Laporan Capaian Kinerja dan Ikhtisar Realisasi Kinerja SKPD;13;38276150;2025
739;1.03.01.1.01.0007;Evaluasi Kinerja Perangkat Daerah;13;43007850;2025
740;1.03.01.1.02.0001;Penyediaan Gaji dan Tunjangan ASN;13;36828993598;2025
740;1.03.01.1.02.0003;Pelaksanaan Penatausahaan dan Pengujian/Verifikasi Keuangan SKPD;13;1546920750;2025
740;1.03.01.1.02.0005;Koordinasi dan Penyusunan Laporan Keuangan Akhir Tahun SKPD;13;50409150;2025
740;1.03.01.1.02.0006;Pengelolaan dan Penyiapan Bahan Tanggapan Pemeriksaan;13;0;2025
741;1.03.01.1.03.0001;Penyusunan Perencanaan Kebutuhan Barang Milik Daerah SKPD;13;0;2025
741;1.03.01.1.03.0003;Koordinasi dan Penilaian Barang Milik Daerah SKPD;13;415065850;2025
741;1.03.01.1.03.0005;Rekonsiliasi dan Penyusunan Laporan Barang Milik Daerah pada SKPD;13;0;2025
741;1.03.01.1.03.0006;Penatausahaan Barang Milik Daerah pada SKPD;13;0;2025
742;1.03.01.1.05.0002;Pengadaan Pakaian Dinas Beserta Atribut Kelengkapannya;13;34235000;2025
742;1.03.01.1.05.0003;Pendataan dan Pengolahan Administrasi Kepegawaian;13;31995900;2025
742;1.03.01.1.05.0004;Koordinasi dan Pelaksanaan Sistem Informasi Kepegawaian;13;218287900;2025
742;1.03.01.1.05.0005;Monitoring, Evaluasi, dan Penilaian Kinerja Pegawai;13;245177400;2025
742;1.03.01.1.05.0009;Pendidikan dan Pelatihan Pegawai Berdasarkan Tugas dan Fungsi;13;0;2025
742;1.03.01.1.05.0010;Sosialisasi Peraturan Perundang-Undangan;13;0;2025
742;1.03.01.1.05.0011;Bimbingan Teknis Implementasi Peraturan Perundang-Undangan;13;57226000;2025
743;1.03.01.1.06.0001;Penyediaan Komponen Instalasi Listrik/Penerangan Bangunan Kantor;13;34999499;2025
743;1.03.01.1.06.0002;Penyediaan Peralatan dan Perlengkapan Kantor;13;22682450;2025
743;1.03.01.1.06.0004;Penyediaan Bahan Logistik Kantor;13;0;2025
743;1.03.01.1.06.0005;Penyediaan Barang Cetakan dan Penggandaan;13;0;2025
743;1.03.01.1.06.0006;Penyediaan Bahan Bacaan dan Peraturan Perundang-Undangan;13;97695000;2025
743;1.03.01.1.06.0007;Penyediaan Bahan/Material;13;90788244;2025
743;1.03.01.1.06.0009;Penyelenggaraan Rapat Koordinasi dan Konsultasi SKPD;13;2047973500;2025
743;1.03.01.1.06.0011;Dukungan Pelaksanaan Sistem Pemerintahan Berbasis Elektronik pada SKPD;13;236386100;2025
744;1.03.01.1.07.0002;Pengadaan Kendaraan Dinas Operasional atau Lapangan;13;1187584750;2025
744;1.03.01.1.07.0003;Pengadaan Alat Besar;13;768288000;2025
744;1.03.01.1.07.0005;Pengadaan Mebel;13;458518000;2025
744;1.03.01.1.07.0006;Pengadaan Peralatan dan Mesin Lainnya;13;1712253175;2025
744;1.03.01.1.07.0010;Pengadaan Sarana dan Prasarana Gedung Kantor atau Bangunan Lainnya;13;203345400;2025
745;1.03.01.1.08.0001;Penyediaan Jasa Surat Menyurat;13;0;2025
745;1.03.01.1.08.0002;Penyediaan Jasa Komunikasi, Sumber Daya Air dan Listrik;13;786496000;2025
745;1.03.01.1.08.0003;Penyediaan Jasa Peralatan dan Perlengkapan Kantor;13;24817370;2025
745;1.03.01.1.08.0004;Penyediaan Jasa Pelayanan Umum Kantor;13;6473535967;2025
746;1.03.01.1.09.0002;Penyediaan Jasa Pemeliharaan, Biaya Pemeliharaan, Pajak dan Perizinan Kendaraan Dinas Operasional atau Lapangan;13;1226084999;2025
746;1.03.01.1.09.0003;Penyediaan Jasa Pemeliharaan, Biaya Pemeliharaan dan Perizinan Alat Besar;13;175267000;2025
746;1.03.01.1.09.0006;Pemeliharaan Peralatan dan Mesin Lainnya;13;363199500;2025
746;1.03.01.1.09.0009;Pemeliharaan/Rehabilitasi Gedung Kantor dan Bangunan Lainnya;13;1549396288;2025
747;1.03.10.1.01.0024;Pengawasan Penyelenggaraan Jalan Kewenangan Provinsi;13;490632125;2025
747;1.03.10.1.01.0025;Rehabilitasi Jembatan;13;0;2025
747;1.03.10.1.01.0026;Pemeliharaan Rutin Jembatan;13;1764711000;2025
747;1.03.10.1.01.0027;Pemeliharaan Berkala Jembatan;13;0;2025
747;1.03.10.1.01.0028;Pemantauan dan Evaluasi Penyelenggaraan Jalan/Jembatan;13;356999950;2025
747;1.03.10.1.01.0030;Rehabilitasi Jalan;13;0;2025
747;1.03.10.1.01.0031;Rekonstruksi Jalan;13;137237820465;2025
747;1.03.10.1.01.0032;Pembangunan Jembatan;13;0;2025
747;1.03.10.1.01.0033;Pemeliharaan Rutin Jalan;13;20733158000;2025
747;1.03.10.1.01.0036;Penggantian Jembatan;13;12500000000;2025
747;1.03.10.1.01.0038;Pemeliharaan Berkala Jalan;13;14000000000;2025
747;1.03.10.1.01.0041;Penyusunan Rencana, Kebijakan, Strategi dan Teknis Pengembangan Jaringan Jalan serta Perencanaan Teknis Penyelenggaraan Jalan dan Jembatan;13;4810292486;2025
747;1.03.10.1.01.0042;Pembangunan Jalan;13;10000000000;2025
747;1.03.10.1.01.0043;Survey Kondisi Jalan/Jembatan;13;2005132500;2025
747;1.03.10.1.01.0044;Pengelolaan Leger Jalan;13;0;2025
748;1.03.11.1.01.0009;Penyediaan Instruktur/Asesor/Penyelenggara Pelatihan Tenaga Ahli Konstruksi;13;0;2025
748;1.03.11.1.01.0010;Penyediaan Training Need Assessment (TNA) Pelatihan Tenaga Kerja Konstruksi Kualifikasi Ahli;13;0;2025
748;1.03.11.1.01.0011;Pelatihan Tenaga Kerja Konstruksi Kualifikasi Ahli;13;682504500;2025
748;1.03.11.1.01.0012;Pembinaan dan Peningkatan Kapasitas Kelembagaan Konstruksi;13;152295550;2025
748;1.03.11.1.01.0013;Penyediaan SOP Penyelenggaraan Pelatihan Tenaga Kerja Konstruksi Kualifikasi Ahli;13;0;2025
748;1.03.11.1.01.0014;Fasilitasi Sertifikasi Tenaga Kerja Konstruksi Kualifikasi Ahli;13;263999950;2025
748;1.03.11.1.01.0015;Pemantauan dan Evaluasi Pelatihan Tenaga Kerja Konstruksi Kualifikasi Ahli;13;38249700;2025
748;1.03.11.1.01.0016;Identifikasi Potensi Kerja Sama dan Pemberdayaan Jasa Konstruksi;13;0;2025
749;1.03.11.1.02.0006;Operasionalisasi Layanan Informasi Jasa Konstruksi;13;168627600;2025
749;1.03.11.1.02.0007;Penyediaan Perangkat Pendukung Layanan Informasi Jasa Konstruksi;13;0;2025
749;1.03.11.1.02.0008;Penyediaan Data dan Informasi Jasa Konstruksi Cakupan Provinsi;13;156779050;2025
749;1.03.11.1.02.0009;Peningkatan Kapasitas Pengelolaan SIPJAKI;13;0;2025
750;1.03.11.1.03.0004;Pengawasan dan Evaluasi Tertib Penyelenggaraan Jasa Konstruksi Provinsi dan Lintas Kabupaten/Kota;13;163222900;2025
750;1.03.11.1.03.0005;Pengawasan dan Evaluasi Tertib Pemanfaatan Produk Jasa Konstruksi Provinsi dan Lintas Kabupaten/Kota;13;15705100;2025
750;1.03.11.1.03.0006;Pembinaan Tertib Usaha, Tertib Penyelenggaraan, dan Tertib Pemanfaatan Produk Jasa Konstruksi;13;0;2025
750;1.03.11.1.03.0007;Pengawasan dan Evaluasi Tertib Usaha Jasa Konstruksi Provinsi dan Lintas Kabupaten/Kota;13;27424100;2025
750;1.03.11.1.03.0008;Penyusunan Produk Hukum Daerah terkait Penyelenggaraan Jasa Konstruksi di Provinsi;13;250118750;2025
751;1.03.12.1.01.0003;Penetapan Kebijakan dalam rangka Pelaksanaan Penataan Ruang;13;60000000;2025
751;1.03.12.1.01.0005;Penyebarluasan Informasi Penataan Ruang;13;15678550;2025
751;1.03.12.1.01.0007;Pelaksanaan Persetujuan Substansi RTRW Provinsi;13;0;2025
751;1.03.12.1.01.0008;Pelaksanaan Evaluasi RTRW Provinsi;13;0;2025
751;1.03.12.1.01.0009;Sosialisasi Peraturan Perundang-undangan dan Pedoman Bidang Penataan ruang;13;117391100;2025
752;1.03.12.1.02.0004;Peningkatan Peran Masyarakat dalam Penataan Ruang;13;70007450;2025
752;1.03.12.1.02.0005;Peningkatan kompetensi SDM bidang penataan ruang;13;66983300;2025
752;1.03.12.1.02.0006;Monitoring dan Evaluasi Penyusunan dan Penetapan RTRW dan RDTR Kabupaten/Kota;13;150790800;2025
752;1.03.12.1.02.0008;Pemberian Bimbingan, Supervisi dan Konsultasi Penyusunan Rencana Tata Ruang kepada Kabupaten/Kota;13;90358400;2025
752;1.03.12.1.02.0009;Evaluasi Rancangan Peraturan Daerah tentang RTRW Kabupaten/Kota;13;115090400;2025
752;1.03.12.1.02.0010;Penyusunan Peta Dasar;13;0;2025
752;1.03.12.1.02.0013;Koordinasi dan Sinkronisasi Penyusunan RTRW Provinsi;13;0;2025
753;1.03.12.1.03.0003;Pelaksanaan Persetujuan Kesesuaian Kegiatan Pemanfaatan Ruang untuk Kegiatan Berusaha;13;0;2025
753;1.03.12.1.03.0004;Koordinasi Penyelenggaraan Penataan Ruang;13;138936800;2025
753;1.03.12.1.03.0005;Pelaksanaan Kesesuaian Kegiatan Pemanfaatan Ruang untuk Kegiatan Non Berusaha;13;29248875;2025
753;1.03.12.1.03.0006;Sistem informasi dan komunikasi penataan ruang;13;182738375;2025
753;1.03.12.1.03.0007;Pelaksanaan Sinkronisasi Program Pemanfaatan Ruang;13;293300950;2025
754;1.03.12.1.04.0003;Operasionalisasi Tugas dan Fungsi Penyidik Pegawai Negeri Sipil (PPNS) Bidang Penataan Ruang;13;69507800;2025
754;1.03.12.1.04.0004;Koordinasi Pelaksanaan Penataan Ruang;13;326362500;2025
754;1.03.12.1.04.0005;Pelaksanaan Audit Tata Ruang;13;0;2025
754;1.03.12.1.04.0006;Pengawasan TURBINLAK dan Pengawasan Fungsi dan Manfaat;13;78914800;2025
754;1.03.12.1.04.0007;Pengawasan kinerja pemenuhan standar teknis kawasan;13;0;2025
754;1.03.12.1.04.0008;Pengenaan Sanksi Administratif terhadap pelanggaran pemanfaatan ruang dalam RTR;13;0;2025
754;1.03.12.1.04.0009;Operasionalisasi Tugas dan Fungsi Forum Penataan Ruang;13;69571000;2025
754;1.03.12.1.04.0010;Operasionalisasi Tugas dan Fungsi Inspektur Pembangunan Bidang Penataan Ruang;13;0;2025
754;1.03.12.1.04.0011;Penilaian Perwujudan RTR;13;0;2025
754;1.03.12.1.04.0012;Penyelesaian Sengketa Penataan Ruang;13;0;2025
754;1.03.12.1.04.0013;Pengawasan Standar Pelayanan Bidang Penataan Ruang;13;0;2025
754;1.03.12.1.04.0014;Penilaian Pelaksanaan Kesesuaian Kegiatan Pemanfaatan Ruang dan/atau pernyataan mandiri pelaku UMK ;13;72048500;2025
754;1.03.12.1.04.0015;Pemberian insentif dan/atau disinsentif nonfiskal;13;70195400;2025
755;1.03.01.1.01.0001;Penyusunan Dokumen Perencanaan Perangkat Daerah;14;350000000;2025
755;1.03.01.1.01.0004;Koordinasi dan Penyusunan DPA-SKPD;14;50000000;2025
755;1.03.01.1.01.0006;Koordinasi dan Penyusunan Laporan Capaian Kinerja dan Ikhtisar Realisasi Kinerja SKPD;14;656000000;2025
755;1.03.01.1.01.0007;Evaluasi Kinerja Perangkat Daerah;14;75000000;2025
756;1.03.01.1.02.0001;Penyediaan Gaji dan Tunjangan ASN;14;34514330480;2025
756;1.03.01.1.02.0005;Koordinasi dan Penyusunan Laporan Keuangan Akhir Tahun SKPD;14;290000000;2025
757;1.03.01.1.03.0004;Pembinaan, Pengawasan, dan Pengendalian Barang Milik Daerah pada SKPD;14;290000000;2025
758;1.03.01.1.05.0005;Monitoring, Evaluasi, dan Penilaian Kinerja Pegawai;14;431980000;2025
758;1.03.01.1.05.0010;Sosialisasi Peraturan Perundang-Undangan;14;120000000;2025
759;1.03.01.1.06.0002;Penyediaan Peralatan dan Perlengkapan Kantor;14;1072340389;2025
759;1.03.01.1.06.0005;Penyediaan Barang Cetakan dan Penggandaan;14;150000000;2025
759;1.03.01.1.06.0009;Penyelenggaraan Rapat Koordinasi dan Konsultasi SKPD;14;113372000;2025
760;1.03.01.1.08.0002;Penyediaan Jasa Komunikasi, Sumber Daya Air dan Listrik;14;1694738527;2025
760;1.03.01.1.08.0004;Penyediaan Jasa Pelayanan Umum Kantor;14;12072128675;2025
761;1.03.01.1.09.0002;Penyediaan Jasa Pemeliharaan, Biaya Pemeliharaan, Pajak dan Perizinan Kendaraan Dinas Operasional atau Lapangan;14;816571000;2025
761;1.03.01.1.09.0006;Pemeliharaan Peralatan dan Mesin Lainnya;14;56800000;2025
761;1.03.01.1.09.0010;Pemeliharaan/Rehabilitasi Sarana dan Prasarana Gedung Kantor atau Bangunan Lainnya;14;184999700;2025
762;1.03.02.1.01.0009;Pembangunan Tanggul Sungai;14;26400000000;2025
762;1.03.02.1.01.0075;Koordinasi dan Sinkronisasi Peningkatan Kapasitas Kelembagaan Pengelolaan Sumber Daya Air Kewenangan Provinsi;14;1287000000;2025
762;1.03.02.1.01.0079;Normalisasi/Restorasi Sungai;14;7784308000;2025
762;1.03.02.1.01.0082;Operasi dan Pemeliharaan Breakwater/Seawall dan Bangunan Pengaman Pantai Lainnya;14;21822438250;2025
762;1.03.02.1.01.0090;Pembinaan dan Pemberdayaan Kelembagaan Pengelolaan Sumber Daya Air Kewenangan Provinsi;14;163000000;2025
762;1.03.02.1.01.0096;Pembangunan Seawall dan Bangunan Pengaman Pantai Lainnya;14;31361824175;2025
762;1.03.02.1.01.0103;Pengelolaan Hidrologi dan Kualitas Air Wilayah Sungai Kewenangan Provinsi;14;2349708250;2025
762;1.03.02.1.01.0107;Operasi dan Pemeliharaan Tanggul dan Tebing Sungai;14;5192940000;2025
762;1.03.02.1.01.0122;Penyusunan Rencana Teknis dan Dokumen Lingkungan Hidup untuk Konstruksi Pengendali Banjir, Lahar, dan Pengaman Pantai;14;1700000000;2025
762;1.03.02.1.01.0123;Pembangunan Unit Air Baku;14;700000000;2025
763;1.03.02.1.02.0002;Pembangunan Jaringan Irigasi Permukaan;14;115266700;2025
763;1.03.02.1.02.0003;Pembangunan Bendung Irigasi;14;0;2025
763;1.03.02.1.02.0008;Peningkatan Jaringan Irigasi Permukaan;14;18501741900;2025
763;1.03.02.1.02.0014;Rehabilitasi Jaringan Irigasi Permukaan;14;30625723700;2025
763;1.03.02.1.02.0015;Rehabilitasi Bendung Irigasi;14;402267700;2025
763;1.03.02.1.02.0021;Operasi dan Pemeliharaan Jaringan Irigasi Permukaan;14;18879826392;2025
763;1.03.02.1.02.0022;Operasi dan Pemeliharaan Bendung Irigasi;14;189889728;2025
763;1.03.02.1.02.0030;Penguatan Kapasitas Kelembagaan Pengelola Irigasi Kewenangan Provinsi;14;500000000;2025
763;1.03.02.1.02.0032;Penyusunan Rencana Teknis dan Dokumen Lingkungan Hidup untuk Konstruksi Irigasi dan Rawa;14;6000000000;2025
763;1.03.02.1.02.0034;Operasional Kelembagaan Pengelola Irigasi;14;919338880;2025
764;1.03.03.1.01.0014;Pembinaan Pengelolaan dan Pengembangan Sistem Penyediaan Air Minum (SPAM) Kabupaten/Kota;14;106000000;2025
764;1.03.03.1.01.0015;Penyusunan Rencana, Kebijakan, Strategi dan Teknis Sistem Penyediaan Air Minum (SPAM);14;308382000;2025
764;1.03.03.1.01.0016;Pembinaan dan Pemberdayaan Masyarakat dalam Pengelolaan dan Pengembangan Sistem Penyediaan Air Minum (SPAM);14;449400000;2025
764;1.03.03.1.01.0018;Peningkatan Sistem Penyediaan Air Minum (SPAM) Lintas Kabupaten/Kota;14;0;2025
764;1.03.03.1.01.0019;Operasi dan Pemeliharaan Sistem Penyediaan Air Minum (SPAM);14;5000000000;2025
764;1.03.03.1.01.0020;Optimalisasi Sistem Penyediaan Air Minum (SPAM) Lintas Kabupaten/Kota;14;0;2025
765;1.03.04.1.01.0009;Pembinaan Pengembangan TPA/TPST/SPA/TPS-3R/TPS Kabupaten/Kota;14;100000000;2025
765;1.03.04.1.01.0014;Pembinaan dan Pemberdayaan Masyarakat dalam Pengembangan Sistem Pengelolaan Persampahan;14;100000000;2025
765;1.03.04.1.01.0016;Penyusunan Rencana, Kebijakan, Strategi dan Teknis Sistem Pengelolaan Persampahan;14;0;2025
766;1.03.05.1.01.0010;Pembinaan Pengembangan Sistem Pengelolaan Air Limbah Domestik (SPALD) Kabupaten/Kota;14;100000000;2025
766;1.03.05.1.01.0014;Pembinaan dan Pemberdayaan Masyarakat dalam Pengembangan Sistem Pengelolaan Air Limbah Domestik (SPALD);14;0;2025
766;1.03.05.1.01.0015;Penyusunan Rencana, Kebijakan, Strategi dan Teknis Sistem Pengelolaan Air Limbah Domestik (SPALD);14;2300000000;2025
767;1.03.06.1.01.0007;Peningkatan Sistem Drainase Perkotaan;14;0;2025
767;1.03.06.1.01.0008;Pembangunan Sistem Drainase Perkotaan;14;200000000;2025
767;1.03.06.1.01.0010;Operasi dan Pemeliharaan Sistem Drainase Perkotaan;14;0;2025
767;1.03.06.1.01.0012;Penyusunan Rencana, Kebijakan, Strategi dan Teknis Sistem Drainase Perkotaan;14;0;2025
767;1.03.06.1.01.0013;Supervisi Pembangunan/Peningkatan/Rehabilitasi Sistem Drainase Perkotaan;14;0;2025
768;1.03.07.1.01.0007;Pembangunan TPA/TPST/SPA/TPS-3R/TPS di Kawasan Strategis Provinsi;14;0;2025
768;1.03.07.1.01.0019;Pembangunan Sistem Pengelolaan Air Limbah Domestik (SPALD) Setempat (IPLT) di Kawasan Strategis Provinsi;14;2616568000;2025
768;1.03.07.1.01.0024;Peningkatan Sistem Penyediaan Air Minum (SPAM) Jaringan Perpipaan di Kawasan Strategis Provinsi;14;0;2025
768;1.03.07.1.01.0026;Pembangunan Sistem Penyediaan Air Minum (SPAM) Jaringan Perpipaan di Kawasan Strategis Provinsi;14;10000000000;2025
768;1.03.07.1.01.0030;Optimalisasi Sistem Penyediaan Air Minum (SPAM) Jaringan Perpipaan di Kawasan Strategis Provinsi;14;0;2025
769;1.03.08.1.01.0012;Pembinaan Penyelenggaraan Bangunan Gedung kepada Penyelenggara Bangunan Gedung, dan Masyarakat;14;200000000;2025
769;1.03.08.1.01.0016;Pengubahsuaian Bangunan Gedung untuk Kepentingan Strategis Daerah Provinsi;14;0;2025
769;1.03.08.1.01.0019;Pembangunan, Pemanfaatan,  Pelestariaan dan Pembongkaran Bangunan Gedung untuk Kepentingan Strategis Daerah Provinsi;14;35000000000;2025
769;1.03.08.1.01.0020;Pemeliharaan, Perawatan, dan Pemeriksaan Berkala Bangunan Gedung untuk Kepentingan Strategis Daerah Provinsi;14;16015000000;2025
770;1.03.09.1.01.0008;Penataan Bangunan dan Lingkungan Kawasan Cagar Budaya, Kawasan Pariwisata, Kawasan Sistem Perkotaan Nasional dan Kawasan Strategis Lainnya;14;1000000000;2025
770;1.03.09.1.01.0009;Penyusunan Rencana dan Teknis  Penataan Bangunan dan Lingkungan di Kawasan Strategis Daerah Provinsi dan Lintas Daerah Kabupaten/Kota;14;1900000000;2025
770;1.03.09.1.01.0012;Pembinaan Penataan Bangunan dan Lingkungan kepada Pemerintah Kabupaten/Kota;14;300000000;2025
771;3.29.01.1.01.0001;Penyusunan Dokumen Perencanaan Perangkat Daerah;36;91998820;2025
771;3.29.01.1.01.0006;Koordinasi dan Penyusunan Laporan Capaian Kinerja dan Ikhtisar Realisasi Kinerja SKPD;36;71115700;2025
771;3.29.01.1.01.0007;Evaluasi Kinerja Perangkat Daerah;36;94782300;2025
772;3.29.01.1.02.0001;Penyediaan Gaji dan Tunjangan ASN;36;11939133785;2025
772;3.29.01.1.02.0005;Koordinasi dan Penyusunan Laporan Keuangan Akhir Tahun SKPD;36;29704600;2025
772;3.29.01.1.02.0007;Koordinasi dan Penyusunan Laporan Keuangan Bulanan/ Triwulanan/Semesteran SKPD;36;57480650;2025
773;3.29.01.1.03.0004;Pembinaan, Pengawasan, dan Pengendalian Barang Milik Daerah pada SKPD;36;60602800;2025
773;3.29.01.1.03.0005;Rekonsiliasi dan Penyusunan Laporan Barang Milik Daerah pada SKPD;36;17211950;2025
774;3.29.01.1.05.0002;Pengadaan Pakaian Dinas Beserta Atribut Kelengkapannya;36;0;2025
774;3.29.01.1.05.0004;Koordinasi dan Pelaksanaan Sistem Informasi Kepegawaian;36;58634800;2025
774;3.29.01.1.05.0005;Monitoring, Evaluasi, dan Penilaian Kinerja Pegawai;36;71365000;2025
774;3.29.01.1.05.0009;Pendidikan dan Pelatihan Pegawai Berdasarkan Tugas dan Fungsi;36;93040000;2025
774;3.29.01.1.05.0010;Sosialisasi Peraturan Perundang-Undangan;36;0;2025
775;3.29.01.1.06.0002;Penyediaan Peralatan dan Perlengkapan Kantor;36;233899665;2025
775;3.29.01.1.06.0003;Penyediaan Peralatan Rumah Tangga;36;0;2025
775;3.29.01.1.06.0005;Penyediaan Barang Cetakan dan Penggandaan;36;72693750;2025
775;3.29.01.1.06.0006;Penyediaan Bahan Bacaan dan Peraturan Perundang-Undangan;36;12600000;2025
775;3.29.01.1.06.0008;Fasilitasi Kunjungan Tamu;36;12000000;2025
775;3.29.01.1.06.0009;Penyelenggaraan Rapat Koordinasi dan Konsultasi SKPD;36;666693500;2025
776;3.29.01.1.07.0002;Pengadaan Kendaraan Dinas Operasional atau Lapangan;36;23708400;2025
776;3.29.01.1.07.0005;Pengadaan Mebel;36;0;2025
776;3.29.01.1.07.0006;Pengadaan Peralatan dan Mesin Lainnya;36;92071237;2025
777;3.29.01.1.08.0002;Penyediaan Jasa Komunikasi, Sumber Daya Air dan Listrik;36;479697300;2025
777;3.29.01.1.08.0003;Penyediaan Jasa Peralatan dan Perlengkapan Kantor;36;0;2025
777;3.29.01.1.08.0004;Penyediaan Jasa Pelayanan Umum Kantor;36;2039754675;2025
778;3.29.01.1.09.0001;Penyediaan Jasa Pemeliharaan, Biaya Pemeliharaan dan Pajak Kendaraan Perorangan Dinas atau Kendaraan Dinas Jabatan;36;261052300;2025
778;3.29.01.1.09.0002;Penyediaan Jasa Pemeliharaan, Biaya Pemeliharaan, Pajak dan Perizinan Kendaraan Dinas Operasional atau Lapangan;36;366114250;2025
778;3.29.01.1.09.0006;Pemeliharaan Peralatan dan Mesin Lainnya;36;80960000;2025
778;3.29.01.1.09.0009;Pemeliharaan/Rehabilitasi Gedung Kantor dan Bangunan Lainnya;36;22096000;2025
779;3.29.02.1.01.0001;Pengumpulan dan Pengolahan Data Zona Konservasi Air Tanah pada Cekungan Air Tanah;36;0;2025
779;3.29.02.1.01.0002;Penentuan dan Penetapan Zona Konservasi Air Tanah pada Cekungan Air Tanah;36;57975000;2025
779;3.29.02.1.01.0003;Pengendalian dan Pengawasan Pemanfaatan Zona Konservasi Air Tanah pada Cekungan Air Tanah;36;214637200;2025
780;3.29.02.1.03.0002;Penghitungan, Perumusan dan Penetapan Nilai Perolehan Air Tanah;36;127387900;2025
780;3.29.02.1.03.0003;Pengendalian dan Pengawasan Pemanfaatan Air Tanah;36;110995200;2025
781;3.29.03.1.01.0001;Pengumpulan dan Pengolahan Data dan Informasi Wilayah Izin Usaha Pertambangan Mineral Bukan Logam dan Batuan dalam 1 (satu) Daerah Provinsi dan Wilayah Laut sampai dengan 12 Mil;36;70368350;2025
782;3.29.03.1.03.0002;Koordinasi dan Sinkronisasi dalam rangka Penyusunan Usulan Wilayah Usaha Pertambangan dalam Penetapan Wilayah Pertambangan oleh Pemerintah Pusat;36;59944400;2025
782;3.29.03.1.03.0004;Pengendalian dan Pengawasan Pelaksanaan Perizinan Usaha Pertambangan Mineral Bukan Logam dan Batuan dalam rangka Penanaman Modal Dalam Negeri pada Wilayah Izin Usaha Pertambangan Daerah yang Berada dalam 1 (satu) Daerah Provinsi termasuk Wilayah Laut sampai dengan 12 Mil Laut;36;152714750;2025
782;3.29.03.1.03.0005;Pengawasan Teknis Kaidah Pertambangan yang baik Perizinan Usaha Pertambangan Mineral Bukan Logam dan Batuan dalam rangka Penanaman Modal Dalam Negeri pada Wilayah Izin Usaha Pertambangan Daerah yang Berada dalam 1 (satu) Daerah Provinsi Termasuk Wilayah Laut sampai dengan 12 Mil Laut;36;247613650;2025
783;3.29.03.1.04.0002;Koordinasi dan Sinkronisasi dalam Rangka Penyusunan Usulan WPR dalam penetapan Wilayah Pertambangan oleh Pemerintah Pusat;36;44243500;2025
784;3.29.03.1.24.0002;Pengawasan Pelaksanaan Izin Usaha Pertambangan;36;98198450;2025
785;3.29.05.1.05.0001;Penyusunan dan pemuktahiran data potensi biomassa;36;65999000;2025
785;3.29.05.1.05.0006;Penyusunan dan pemutakhiran data potensi biogas;36;65149800;2025
786;3.29.05.1.07.0002;Pembinaan dan pengawasan aneka EBT (kapasitas terpasang, investasi) di daerah;36;66608100;2025
786;3.29.05.1.07.0006;Perencanaan kegiatan pemanfaatan aneka EBT;36;65199850;2025
786;3.29.05.1.07.0007;Pelaksanaan kegiatan pemanfaatan aneka EBT;36;6828911630;2025
786;3.29.05.1.07.0010;Penyusunan dan pemutakhiran data potensi aneka EBT di daerah;36;66531975;2025
787;3.29.05.1.10.0005;Sosialisasi konservasi energi kepada perangkat daerah provinsi dan kabupaten/kota;36;69599750;2025
788;3.29.06.1.01.0002;Penyusunan Rekomendasi Perizinan dan Informasi Izin Usaha Penyediaan Tenaga Listrik Non Badan Usaha Milik Negara dan Penjualan Tenaga Listrik serta Penyewaan Jaringan kepada Penyedia Tenaga Listrik dalam Daerah Provinsi;36;0;2025
788;3.29.06.1.01.0003;Pengendalian dan Pengawasan Pelaksanaan Perizinan Usaha Penyediaan Tenaga Listrik Non Badan Usaha Milik Negara dan Penjualan Tenaga Listrik serta Penyewaan Jaringan kepada Penyedia Tenaga Listrik dalam Daerah Provinsi;36;30363000;2025
789;3.29.06.1.02.0003;Pengendalian dan Pengawasan Pelaksanaan Perizinan Operasi yang Fasilitas Instalasinya dalam Daerah Provinsi;36;328851550;2025
790;3.29.06.1.04.0003;Pengendalian dan Pengawasan Pelaksanaan Harga Jual Tenaga Listrik dan Sewa Jaringan Tenaga Listrik, Rencana Usaha Penyediaan Tenaga Listrik, Penjualan Kelebihan Tenaga Listrik dari Pemegang Izin yang Ditetapkan oleh Daerah Provinsi;36;35202700;2025
791;3.29.06.1.05.0003;Pengendalian dan Pengawasan Pelaksanaan Perizinan Usaha Jasa Penunjang Tenaga Listrik bagi Badan Usaha Dalam Negeri/Mayoritas Sahamnya Dimiliki oleh Penanam Modal Dalam Negeri;36;29030000;2025
792;3.29.06.1.06.0001;Pengumpulan dan Pengolahan Data dan Informasi Penerima Manfaat dari Kelompok Masyarakat Tidak Mampu;36;59992205;2025
792;3.29.06.1.06.0005;Koordinasi dan Sinkronisasi Penyediaan Tenaga Listrik Belum Berkembang, Daerah Terpencil dan Perdesaan;36;0;2025
792;3.29.06.1.06.0006;Pembangunan Sarana Penyediaan Tenaga Listrik Belum Berkembang, Daerah Terpencil dan Perdesaan;36;2100000095;2025
792;3.29.06.1.06.0007;Pengendalian dan Pengawasan Pembangunan Sarana Penyediaan Tenaga Listrik Belum Berkembang, Daerah Terpencil dan Perdesaan;36;23204000;2025
793;2.22.01.1.01.0001;Penyusunan Dokumen Perencanaan Perangkat Daerah;11;1000209000;2025
794;2.22.01.1.02.0001;Penyediaan Gaji dan Tunjangan ASN;11;9815219524;2025
794;2.22.01.1.02.0002;Penyediaan Administrasi Pelaksanaan Tugas ASN;11;589800000;2025
794;2.22.01.1.02.0004;Koordinasi dan Pelaksanaan Akuntansi SKPD;11;100812500;2025
795;2.22.01.1.06.0002;Penyediaan Peralatan dan Perlengkapan Kantor;11;26486700;2025
795;2.22.01.1.06.0009;Penyelenggaraan Rapat Koordinasi dan Konsultasi SKPD;11;125076000;2025
796;2.22.01.1.08.0004;Penyediaan Jasa Pelayanan Umum Kantor;11;2057615500;2025
797;2.22.01.1.09.0009;Pemeliharaan/Rehabilitasi Gedung Kantor dan Bangunan Lainnya;11;0;2025
798;2.22.02.1.01.0002;Pembinaan Sumber Daya Manusia, Lembaga, dan Pranata Kebudayaan;11;414111500;2025
799;2.22.02.1.02.0001;Pelindungan, Pengembangan, Pemanfaatan Objek Pemajuan Tradisi Budaya;11;23691750;2025
799;2.22.02.1.02.0002;Pembinaan Sumber Daya Manusia, Lembaga, dan Pranata Tradisional;11;163432500;2025
800;2.22.03.1.01.0001;Peningkatan Pendidikan dan Pelatihan Sumber Daya Manusia Kesenian Tradisional;11;24978500;2025
800;2.22.03.1.01.0002;Standardisasi dan Sertifikasi Sumber Daya Manusia Kesenian Tradisional sesuai dengan Kebutuhan dan Tuntutan;11;47162000;2025
800;2.22.03.1.01.0003;Peningkatan Kapasitas Tata Kelola Lembaga Kesenian Tradisional;11;50315500;2025
801;2.22.04.1.01.0003;Peningkatan Akses Masyarakat terhadap Data dan Informasi Sejarah;11;37150000;2025
802;2.22.05.1.01.0001;Pendaftaran Objek Diduga Cagar Budaya;11;91470000;2025
802;2.22.05.1.01.0002;Penetapan Cagar Budaya;11;111200000;2025
803;2.22.05.1.02.0001;Pelindungan Cagar Budaya;11;221400000;2025
803;2.22.05.1.02.0002;Pengembangan Cagar Budaya;11;195500000;2025
803;2.22.05.1.02.0003;Pemanfaatan Cagar Budaya;11;43280000;2025
804;2.22.06.1.01.0001;Pelindungan, Pengembangan, dan Pemanfataan Koleksi Secara Terpadu;11;0;2025
804;2.22.06.1.01.0002;Pembinaan dan Peningkatan Mutu dan Kapasitas Sumber Daya Manusia Permuseuman;11;0;2025
804;2.22.06.1.01.0003;Peningkatan Pelayanan dan Akses Masyarakat terhadap Museum;11;0;2025
804;2.22.06.1.01.0004;Penyediaan dan Pemeliharaan Sarana dan Prasarana Museum;11;0;2025
805;3.28.01.1.01.0001;Penyusunan Dokumen Perencanaan Perangkat Daerah;34;215062000;2025
805;3.28.01.1.01.0006;Koordinasi dan Penyusunan Laporan Capaian Kinerja dan Ikhtisar Realisasi Kinerja SKPD;34;313945000;2025
806;3.28.01.1.02.0001;Penyediaan Gaji dan Tunjangan ASN;34;57388347112;2025
806;3.28.01.1.02.0004;Koordinasi dan Pelaksanaan Akuntansi SKPD;34;0;2025
806;3.28.01.1.02.0005;Koordinasi dan Penyusunan Laporan Keuangan Akhir Tahun SKPD;34;89899750;2025
807;3.28.01.1.03.0002;Pengamanan Barang Milik Daerah SKPD;34;62430000;2025
807;3.28.01.1.03.0006;Penatausahaan Barang Milik Daerah pada SKPD;34;0;2025
808;3.28.01.1.05.0002;Pengadaan Pakaian Dinas Beserta Atribut Kelengkapannya;34;74366699;2025
808;3.28.01.1.05.0004;Koordinasi dan Pelaksanaan Sistem Informasi Kepegawaian;34;216320850;2025
808;3.28.01.1.05.0005;Monitoring, Evaluasi, dan Penilaian Kinerja Pegawai;34;64600000;2025
808;3.28.01.1.05.0009;Pendidikan dan Pelatihan Pegawai Berdasarkan Tugas dan Fungsi;34;0;2025
809;3.28.01.1.06.0004;Penyediaan Bahan Logistik Kantor;34;844441538;2025
809;3.28.01.1.06.0005;Penyediaan Barang Cetakan dan Penggandaan;34;134283372;2025
809;3.28.01.1.06.0009;Penyelenggaraan Rapat Koordinasi dan Konsultasi SKPD;34;1155849000;2025
810;3.28.01.1.07.0001;Pengadaan Kendaraan Perorangan Dinas atau Kendaraan Dinas Jabatan;34;0;2025
810;3.28.01.1.07.0005;Pengadaan Mebel;34;306747414;2025
810;3.28.01.1.07.0006;Pengadaan Peralatan dan Mesin Lainnya;34;1135994469;2025
810;3.28.01.1.07.0009;Pengadaan Gedung Kantor atau Bangunan Lainnya;34;149089520;2025
810;3.28.01.1.07.0011;Pengadaan Sarana dan Prasarana Pendukung Gedung Kantor atau Bangunan Lainnya;34;0;2025
811;3.28.01.1.08.0002;Penyediaan Jasa Komunikasi, Sumber Daya Air dan Listrik;34;932745594;2025
811;3.28.01.1.08.0004;Penyediaan Jasa Pelayanan Umum Kantor;34;4644339000;2025
812;3.28.01.1.09.0001;Penyediaan Jasa Pemeliharaan, Biaya Pemeliharaan dan Pajak Kendaraan Perorangan Dinas atau Kendaraan Dinas Jabatan;34;308740000;2025
812;3.28.01.1.09.0002;Penyediaan Jasa Pemeliharaan, Biaya Pemeliharaan, Pajak dan Perizinan Kendaraan Dinas Operasional atau Lapangan;34;962144800;2025
812;3.28.01.1.09.0006;Pemeliharaan Peralatan dan Mesin Lainnya;34;441329200;2025
812;3.28.01.1.09.0009;Pemeliharaan/Rehabilitasi Gedung Kantor dan Bangunan Lainnya;34;105774600;2025
812;3.28.01.1.09.0010;Pemeliharaan/Rehabilitasi Sarana dan Prasarana Gedung Kantor atau Bangunan Lainnya;34;465708380;2025
812;3.28.01.1.09.0011;Pemeliharaan/Rehabilitasi Sarana dan Prasarana Pendukung Gedung Kantor atau Bangunan Lainnya;34;0;2025
813;3.28.03.1.01.0001;Penyusunan Rancang Bangun Tata Hutan Wilayah Kesatuan Pengelolaan Hutan;34;0;2025
813;3.28.03.1.01.0002;Pembagian Blok/Petak Pengelolaan Hutan Kesatuan Pengelolaan Hutan;34;0;2025
813;3.28.03.1.01.0004;Koordinasi dan Sinkronisasi Usulan Perubahan Fungsi dan Peruntukan Hutan;34;52848000;2025
813;3.28.03.1.01.0009;Pelaksanaan monitoring dan evaluasi penatagunaan Kawasan hutan;34;116000000;2025
814;3.28.03.1.02.0001;Penyusunan Rencana Pengelolaan Kesatuan Pengelolaan Hutan;34;332168200;2025
814;3.28.03.1.02.0002;Pelaksanaan inventarisasi hutan pada KPHL/P;34;48800000;2025
814;3.28.03.1.02.0005;Konsultasi Publik dalam Rangka Penyusunan Rencana Pengelolaan Hutan;34;0;2025
815;3.28.03.1.03.0001;Penyediaan Data dan Informasi Wilayah Usaha di Kawasan Hutan Produksi;34;0;2025
815;3.28.03.1.03.0011;Pelayanan Perizinan Berusaha Pemanfaatan Hutan Melalui Sistem Pelayanan Perizinan Berusaha Terintegrasi Secara Elektronik, di Kawasan Hutan Produksi dan Hutan Lindung pada Blok Pemanfaatan Kecuali pada Wilayah Perum Perhutani;34;0;2025
815;3.28.03.1.03.0013;Koordinasi dan Sinkronisasi Pengendalian Perizinan Berusaha Pemanfaatan Hutan di Kawasan Hutan Produksi;34;116000000;2025
816;3.28.03.1.04.0001;Penyusunan Rencana Tahunan Rehabilitasi Lahan (RTnRL);34;115000000;2025
816;3.28.03.1.04.0002;Pembangunan Hutan Rakyat di Luar Kawasan Hutan Negara;34;994967002;2025
816;3.28.03.1.04.0004;Pembangunan Penghijauan Lingkungan di Luar Kawasan Hutan Negara;34;1552426800;2025
816;3.28.03.1.04.0008;Pembinaan dan/atau Pengawasan dalam rangka Pengembangan Rehabilitasi Lahan;34;185000000;2025
816;3.28.03.1.04.0009;Rehabilitasi Mangrove di luar kawasan hutan;34;62235000;2025
816;3.28.03.1.04.0010;Pembangunan Sumur resapan;34;6313900;2025
816;3.28.03.1.04.0012;Pembangunan gully plug;34;21178800;2025
816;3.28.03.1.04.0013;Pembangunan Dam Penahan;34;200265000;2025
817;3.28.03.1.05.0004;Koordinasi, Sinkronisasi dan Pelaksanaan Perlindungan Hutan;34;107864900;2025
817;3.28.03.1.05.0005;Koordinasi, Sinkronisasi dan Pelaksanaan Pencegahan/Penanggulangan Kebakaran Hutan dan Lahan;34;175407798;2025
817;3.28.03.1.05.0007;Pencegahan dan Pemberantasan Kerusakan Kawasan Hutan;34;726942650;2025
818;3.28.03.1.06.0007;Fasilitasi Pelayanan Perizinan Berusaha Pengolahan Hasil Hutan (PBPHH) Kayu dan/atau HHBK  skala kecil dan menengah yang menjadi kewenangan provinsi;34;36000000;2025
819;3.28.03.1.07.0004;Pembinaan dan Pengawasan PBPHH (Kayu dan/atau HHBK) skala kecil dan menengah yang menjadi kewenangan provinsi;34;261925600;2025
820;3.28.03.1.09.0005;Pengawasan Peredaran Benih dan/atau Bibit;34;100000000;2025
820;3.28.03.1.09.0006;Pembangunan Sumber Benih;34;5960000;2025
820;3.28.03.1.09.0007;Pembuatan dan Pengadaan Bibit untuk Rehabilitasi Lahan;34;400885000;2025
821;3.28.04.1.01.0006;Pemanfaatan Jasa Lingkungan TAHURA Provinsi;34;40200000;2025
821;3.28.04.1.01.0007;Kerja Sama Penyelenggaraaan TAHURA Provinsi;34;2700000;2025
821;3.28.04.1.01.0008;Penguatan Kapasitas dan Pemberdayaan Masyarakat di sekitar TAHURA Provinsi;34;31200000;2025
821;3.28.04.1.01.0011;Perencanaan Pengelolaan TAHURA;34;15000000;2025
821;3.28.04.1.01.0013;Pengelolaan jenis tumbuhan dan satwa beserta habitatnya di Tahura Provinsi;34;2700000;2025
821;3.28.04.1.01.0014;Pemulihan Ekosistem TAHURA Provinsi;34;101910000;2025
821;3.28.04.1.01.0015;Pengamanan Kawasan TAHURA Provinsi;34;31200000;2025
821;3.28.04.1.01.0016;Penataan kawasan Tahura Provinsi;34;13900000;2025
822;3.28.04.1.02.0001;Pengendalian dan Pengawasan Tumbuhan dan Satwa Liar yang tidak Dilindungi dan/atau Tidak Masuk dalam Lampiran CITES;34;0;2025
823;3.28.04.1.03.0001;Perencanaan Pemanfaatan Ekosistem Karst;34;0;2025
823;3.28.04.1.03.0002;Pengendalian Kerusakan dan Pemeliharaan Ekosistem Karst;34;0;2025
823;3.28.04.1.03.0004;Pengendalian Kerusakan dan Pemeliharaan Ekosistem Lahan Basah;34;0;2025
823;3.28.04.1.03.0005;Penguatan Kapasitas dan Pemberdayaan Masyarakat di Kawasan Bernilai Ekosistem Penting Kewenangan Daerah Provinsi;34;83960250;2025
823;3.28.04.1.03.0006;Pengelolaan Daerah Penyangga di Kawasan Bernilai Ekosistem Penting Kewenangan Daerah Provinsi;34;52290000;2025
824;3.28.05.1.01.0002;Penguatan dan Pendampingan Kelembagaan Kelompok Tani Hutan;34;744967900;2025
824;3.28.05.1.01.0004;Peningkatan Kapasitas dan Kompetensi Penyuluh Kehutanan;34;190581800;2025
824;3.28.05.1.01.0006;Pengembangan Usaha Perhutanan Sosial;34;361597150;2025
824;3.28.05.1.01.0007;Peningkatan Kapasitas dan Kompetensi SDM Bidang Kehutanan;34;0;2025
824;3.28.05.1.01.0008;Penyiapan Perhutanan Sosial;34;486084064;2025
825;3.28.06.1.01.0004;Pemberdayaan Masyarakat dalam Kegiatan Pengelolaan DAS;34;50000000;2025
825;3.28.06.1.01.0005;Pengembangan Kelembagaan Pengelolaan DAS;34;0;2025
825;3.28.06.1.01.0008;Peningkatan Koordinasi  dan Sinkronisasi Optimalisasi Fungsi dan Daya Dukung Wilayah DAS;34;100000000;2025
826;3.25.01.1.01.0001;Penyusunan Dokumen Perencanaan Perangkat Daerah;31;547278000;2025
826;3.25.01.1.01.0007;Evaluasi Kinerja Perangkat Daerah;31;345622000;2025
827;3.25.01.1.02.0001;Penyediaan Gaji dan Tunjangan ASN;31;20242297889;2025
827;3.25.01.1.02.0002;Penyediaan Administrasi Pelaksanaan Tugas ASN;31;718630100;2025
827;3.25.01.1.02.0003;Pelaksanaan Penatausahaan dan Pengujian/Verifikasi Keuangan SKPD;31;78912000;2025
827;3.25.01.1.02.0005;Koordinasi dan Penyusunan Laporan Keuangan Akhir Tahun SKPD;31;87480000;2025
827;3.25.01.1.02.0007;Koordinasi dan Penyusunan Laporan Keuangan Bulanan/ Triwulanan/Semesteran SKPD;31;90317790;2025
828;3.25.01.1.05.0002;Pengadaan Pakaian Dinas Beserta Atribut Kelengkapannya;31;73500000;2025
828;3.25.01.1.05.0010;Sosialisasi Peraturan Perundang-Undangan;31;134585000;2025
829;3.25.01.1.06.0002;Penyediaan Peralatan dan Perlengkapan Kantor;31;957693257;2025
829;3.25.01.1.06.0005;Penyediaan Barang Cetakan dan Penggandaan;31;151650000;2025
829;3.25.01.1.06.0009;Penyelenggaraan Rapat Koordinasi dan Konsultasi SKPD;31;145517600;2025
830;3.25.01.1.08.0002;Penyediaan Jasa Komunikasi, Sumber Daya Air dan Listrik;31;4922129817;2025
830;3.25.01.1.08.0004;Penyediaan Jasa Pelayanan Umum Kantor;31;3556967034;2025
831;3.25.01.1.09.0002;Penyediaan Jasa Pemeliharaan, Biaya Pemeliharaan, Pajak dan Perizinan Kendaraan Dinas Operasional atau Lapangan;31;580540000;2025
831;3.25.01.1.09.0006;Pemeliharaan Peralatan dan Mesin Lainnya;31;1113426781;2025
831;3.25.01.1.09.0009;Pemeliharaan/Rehabilitasi Gedung Kantor dan Bangunan Lainnya;31;335882500;2025
832;3.25.02.1.01.0002;Pengelolaan Kawasan Konservasi di Wilayah Pesisir dan Pulau-Pulau Kecil Berdasarkan Penetapan dari Pemerintah Pusat;31;973255000;2025
832;3.25.02.1.01.0003;Rehabilitasi Wilayah Perairan Pesisir dan Pulau-Pulau Kecil;31;1639290000;2025
833;3.25.02.1.02.0006;Pencatatan dan Pengadministrasian Perizinan Berusaha Pemanfaatan Sumber daya Pesisir dan Laut sebagai database perizinan berusaha;31;250000000;2025
834;3.25.02.1.03.0002;Penguatan dan Pengembangan Kelembagaan Masyarakat Pesisir dan Pulau-Pulau Kecil;31;93661000;2025
834;3.25.02.1.03.0003;Pelibatan Masyarakat dalam Penyusunan Perencanaan, Pelaksanaan, dan Pengawasan Pengelolaan Pesisir dan Pulau-Pulau Kecil;31;142394900;2025
835;3.25.03.1.01.0001;Penyediaan Data dan Informasi Sumber Daya Ikan;31;800000000;2025
835;3.25.03.1.01.0002;Penyediaan Prasarana Usaha Perikanan Tangkap;31;200000000;2025
835;3.25.03.1.01.0010;Penyediaan Sarana Usaha Perikanan Tangkap;31;6149900000;2025
836;3.25.03.1.03.0005;Penyediaan Data dan Informasi Usaha Perikanan Tangkap untuk kapal penangkap dan pengangkut ikan ukuran diatas 5 GT - 30 GT dan beroperasi sampai dengan 12 mil;31;100058000;2025
837;3.25.03.1.06.0001;Penentuan Lokasi Pembangunan Pelabuhan Perikanan;31;100000000;2025
837;3.25.03.1.06.0002;Penyediaan Sarana dan Prasarana Pelabuhan Perikanan;31;2602942992;2025
838;3.25.04.1.05.0002;Penyediaan Prasarana Pembudidayaan Ikan di Laut;31;1240000000;2025
838;3.25.04.1.05.0004;Penjaminan Ketersediaan Sarana Pembudidayaan Ikan di Laut;31;300000000;2025
839;3.25.04.1.06.0003;Penyediaan Sarana Pembudidayaan Ikan di Air Payau dan Air Tawar Lintas Daerah Kabupaten/Kota;31;2096725110;2025
839;3.25.04.1.06.0004;Penyediaan Prasarana Pembudidayaan Ikan di Air Payau dan Air Tawar  Lintas Daerah Kabupaten/Kota;31;1068696000;2025
840;3.25.05.1.01.0008;Penanganan perkara sanksi administratif bidang kelautan dan perikanan izin provinsi;31;62445000;2025
840;3.25.05.1.01.0013;Pengawasan Usaha Pembudidayaan Ikan di Laut sampai dengan 12 Mil sesuai kewenangan provinsi;31;161640000;2025
840;3.25.05.1.01.0014;Pengawasan Usaha penangkapan ikan dan/atau usaha pengangkutan ikan  sampai dengan 12 Mil sesuai kewenangan provinsi;31;458139000;2025
840;3.25.05.1.01.0016;Pengawasan usaha pemanfaatan sumber daya kelautan kewenangan provinsi;31;486069000;2025
840;3.25.05.1.01.0017;Penumbuhan dan Pengembangan Kelompok Masyarakat Pengawas (POKMASWAS);31;1140320000;2025
841;3.25.05.1.02.0004;Pengawasan Usaha Pemasaran hasil perikanan dan/atau usaha Pengolahan Hasil Perikanan sesuai kewenangan provinsi;31;163388000;2025
842;3.25.06.1.01.0004;Penyediaan Data dan Informasi Usaha Pemasaran dan Pengolahan Hasil Perikanan Lintas Daerah Kabupaten/Kota dalam 1 (Satu) Daerah Provinsi;31;118800000;2025
842;3.25.06.1.01.0007;Penerbitan Rekomendasi Perizinan Berusaha Untuk Menunjang Kegiatan Usaha Subsektor Pengolahan Ikan dan Subsektor Pemasaran Ikan Skala Usaha Menengah dan Besar;31;60000000;2025
843;3.25.06.1.02.0003;Pelaksanaan Pembinaan, Fasilitasi, Pemantauan, dan Evaluasi terhadap Mutu dan Keamanan Hasil Perikanan, dan Daya Saing serta Pemberdayaan Usaha dalam rangka Menghasilkan Produk yang Aman dan Bermutu untuk dikonsumsi atau digunakan, dan Berdaya Saing;31;1060000009;2025
843;3.25.06.1.02.0004;Pelaksanaan Bimbingan dan Penerapan Persyaratan atau Standar Pada Usaha Pengolahan dan Pemasaran Skala Menengah dan Besar;31;164844110;2025
844;3.25.06.1.03.0001;Pemetaaan dan Pemantauan Kebutuhan Bahan Baku Usaha Pengolahan/Distribusi Ikan Lintas Daerah Kabupaten/Kota dalam 1 (Satu) Daerah Provinsi;31;191200000;2025
844;3.25.06.1.03.0002;Pemberian Insentif dan Fasilitasi bagi Pelaku Usaha Perikanan Lintas Daerah Kabupaten/Kota dalam 1 (Satu) Daerah Provinsi;31;480000000;2025
845;2.12.01.1.01.0001;Penyusunan Dokumen Perencanaan Perangkat Daerah;22;21603900;2025
845;2.12.01.1.01.0007;Evaluasi Kinerja Perangkat Daerah;22;265486050;2025
846;2.12.01.1.02.0001;Penyediaan Gaji dan Tunjangan ASN;22;5801306096;2025
846;2.12.01.1.02.0005;Koordinasi dan Penyusunan Laporan Keuangan Akhir Tahun SKPD;22;15975000;2025
847;2.12.01.1.03.0006;Penatausahaan Barang Milik Daerah pada SKPD;22;46935000;2025
848;2.12.01.1.05.0010;Sosialisasi Peraturan Perundang-Undangan;22;150000050;2025
849;2.12.01.1.06.0001;Penyediaan Komponen Instalasi Listrik/Penerangan Bangunan Kantor;22;19162150;2025
849;2.12.01.1.06.0002;Penyediaan Peralatan dan Perlengkapan Kantor;22;306145715;2025
849;2.12.01.1.06.0005;Penyediaan Barang Cetakan dan Penggandaan;22;66673150;2025
849;2.12.01.1.06.0009;Penyelenggaraan Rapat Koordinasi dan Konsultasi SKPD;22;908322000;2025
850;2.12.01.1.08.0002;Penyediaan Jasa Komunikasi, Sumber Daya Air dan Listrik;22;201001800;2025
850;2.12.01.1.08.0004;Penyediaan Jasa Pelayanan Umum Kantor;22;1167490000;2025
851;2.12.01.1.09.0001;Penyediaan Jasa Pemeliharaan, Biaya Pemeliharaan dan Pajak Kendaraan Perorangan Dinas atau Kendaraan Dinas Jabatan;22;667405000;2025
851;2.12.01.1.09.0006;Pemeliharaan Peralatan dan Mesin Lainnya;22;113800000;2025
852;2.12.02.1.01.0002;Pendataan Penduduk Non Permanen dan Rentan Administrasi Kependudukan Lintas Kabupaten/Kota dalam Satu Provinsi;22;149999900;2025
853;2.12.02.1.02.0001;Fasilitasi Terkait Pendaftaran Penduduk;22;149999900;2025
854;2.12.02.1.03.0001;Pembinaan dan Pengawasaan terkait Pendaftaran Penduduk;22;200000150;2025
855;2.12.03.1.02.0001;Fasilitasi terkait Pencatatan Sipil;22;150000050;2025
856;2.12.03.1.03.0001;Pembinaan dan Pengawasaan terkait Pencatatan Sipil;22;200000150;2025
857;2.12.04.1.02.0005;Penyelenggaraan Pemanfaatan Data Kependudukan;22;111997000;2025
858;2.12.04.1.03.0001;Pembinaan dan Pengawasan tekait Pengelolaan Informasi Administrasi Kependudukan;22;94667900;2025
858;2.12.04.1.03.0002;Bimbingan Teknis Terkait Pengelolaan Informasi Administrasi Kependudukan dan Pendayagunaan Data Kependudukan;22;8210000;2025
859;2.12.05.1.01.0001;Penyediaan Data Kependudukan Provinsi;22;115000000;2025
859;2.12.05.1.01.0002;Penyusunan Profil Data Perkembangan dan Proyeksi kependudukan serta Kebutuhan yang lain;22;170124950;2025
860;1.02.01.1.01.0001;Penyusunan Dokumen Perencanaan Perangkat Daerah;12;500000000;2025
860;1.02.01.1.01.0006;Koordinasi dan Penyusunan Laporan Capaian Kinerja dan Ikhtisar Realisasi Kinerja SKPD;12;350000000;2025
861;1.02.01.1.02.0001;Penyediaan Gaji dan Tunjangan ASN;12;167492217845;2025
861;1.02.01.1.02.0002;Penyediaan Administrasi Pelaksanaan Tugas ASN;12;12936956000;2025
861;1.02.01.1.02.0003;Pelaksanaan Penatausahaan dan Pengujian/Verifikasi Keuangan SKPD;12;137055950;2025
861;1.02.01.1.02.0005;Koordinasi dan Penyusunan Laporan Keuangan Akhir Tahun SKPD;12;149147000;2025
861;1.02.01.1.02.0006;Pengelolaan dan Penyiapan Bahan Tanggapan Pemeriksaan;12;99631950;2025
862;1.02.01.1.03.0001;Penyusunan Perencanaan Kebutuhan Barang Milik Daerah SKPD;12;149135850;2025
862;1.02.01.1.03.0006;Penatausahaan Barang Milik Daerah pada SKPD;12;99975850;2025
863;1.02.01.1.05.0002;Pengadaan Pakaian Dinas Beserta Atribut Kelengkapannya;12;199850000;2025
863;1.02.01.1.05.0003;Pendataan dan Pengolahan Administrasi Kepegawaian;12;127600000;2025
863;1.02.01.1.05.0011;Bimbingan Teknis Implementasi Peraturan Perundang-Undangan;12;172390000;2025
864;1.02.01.1.06.0002;Penyediaan Peralatan dan Perlengkapan Kantor;12;1494202892;2025
864;1.02.01.1.06.0004;Penyediaan Bahan Logistik Kantor;12;199990000;2025
864;1.02.01.1.06.0005;Penyediaan Barang Cetakan dan Penggandaan;12;4904791;2025
864;1.02.01.1.06.0009;Penyelenggaraan Rapat Koordinasi dan Konsultasi SKPD;12;447384000;2025
865;1.02.01.1.07.0002;Pengadaan Kendaraan Dinas Operasional atau Lapangan;12;5343000000;2025
865;1.02.01.1.07.0006;Pengadaan Peralatan dan Mesin Lainnya;12;408519833;2025
865;1.02.01.1.07.0009;Pengadaan Gedung Kantor atau Bangunan Lainnya;12;0;2025
865;1.02.01.1.07.0011;Pengadaan Sarana dan Prasarana Pendukung Gedung Kantor atau Bangunan Lainnya;12;1175140689;2025
866;1.02.01.1.08.0002;Penyediaan Jasa Komunikasi, Sumber Daya Air dan Listrik;12;7510472887;2025
866;1.02.01.1.08.0003;Penyediaan Jasa Peralatan dan Perlengkapan Kantor;12;345560000;2025
866;1.02.01.1.08.0004;Penyediaan Jasa Pelayanan Umum Kantor;12;1299840000;2025
867;1.02.01.1.09.0001;Penyediaan Jasa Pemeliharaan, Biaya Pemeliharaan dan Pajak Kendaraan Perorangan Dinas atau Kendaraan Dinas Jabatan;12;154150000;2025
867;1.02.01.1.09.0002;Penyediaan Jasa Pemeliharaan, Biaya Pemeliharaan, Pajak dan Perizinan Kendaraan Dinas Operasional atau Lapangan;12;808963388;2025
867;1.02.01.1.09.0009;Pemeliharaan/Rehabilitasi Gedung Kantor dan Bangunan Lainnya;12;819937850;2025
867;1.02.01.1.09.0010;Pemeliharaan/Rehabilitasi Sarana dan Prasarana Gedung Kantor atau Bangunan Lainnya;12;3671000;2025
867;1.02.01.1.09.0011;Pemeliharaan/Rehabilitasi Sarana dan Prasarana Pendukung Gedung Kantor atau Bangunan Lainnya;12;245250000;2025
868;1.02.01.1.10.0001;Pelayanan dan Penunjang Pelayanan BLUD;12;270158685143;2025
869;1.02.02.1.01.0004;Pengembangan Fasilitas Kesehatan Lainnya;12;656650596;2025
869;1.02.02.1.01.0008;Rehabilitasi dan Pemeliharaan Fasilitas Kesehatan Lainnya;12;18300000;2025
869;1.02.02.1.01.0010;Pengadaan Alat Kesehatan/Alat Penunjang Medik Fasilitas Layanan Kesehatan;12;5001163360;2025
869;1.02.02.1.01.0025;Distribusi  Alat Kesehatan, Obat, Bahan Habis Pakai, Bahan Medis Habis Pakai, Vaksin, Makanan dan Minuman  ke Fasilitas Kesehatan;12;150000000;2025
869;1.02.02.1.01.0027;Pengadaan Obat, Bahan Habis Pakai, Bahan Medis Habis Pakai,, Vaksin, Makanan dan Minuman di Fasilitas Kesehatan;12;500000000;2025
870;1.02.02.1.02.0001;Pengelolaan Pelayanan Kesehatan bagi Penduduk Terdampak Krisis Kesehatan Akibat Bencana dan/atau Berpotensi Bencana;12;100907800;2025
870;1.02.02.1.02.0002;Pengelolaan Pelayanan Kesehatan bagi Penduduk pada Kondisi Kejadian Luar Biasa (KLB);12;500000000;2025
870;1.02.02.1.02.0003;Pengelolaan Pelayanan Kesehatan Ibu dan Anak;12;499999900;2025
870;1.02.02.1.02.0004;Pengelolaan Pelayanan Kesehatan Usia Produktif;12;249999750;2025
870;1.02.02.1.02.0005;Pengelolaan Pelayanan Kesehatan Usia Lanjut;12;159999850;2025
870;1.02.02.1.02.0006;Pengelolaan Pelayanan Kesehatan Gizi Masyarakat;12;899996335;2025
870;1.02.02.1.02.0007;Pengelolaan Pelayanan Kesehatan Kerja dan Olahraga;12;150000000;2025
870;1.02.02.1.02.0008;Pengelolaan Pelayanan Kesehatan Lingkungan;12;250000000;2025
870;1.02.02.1.02.0009;Pengelolaan Pelayanan Promosi Kesehatan;12;150000150;2025
870;1.02.02.1.02.0010;Pengelolaan Pelayanan Kesehatan Tradisonal, Akupuntur, Asuhan Mandiri dan Tradisional Lainnya;12;149999800;2025
870;1.02.02.1.02.0011;Pengelolaan Pelayanan Kesehatan Penyakit Menular dan Tidak Menular;12;2136465966;2025
870;1.02.02.1.02.0012;Pengelolaan Pelayanan Kesehatan Haji;12;149999700;2025
870;1.02.02.1.02.0013;Pengelolaan Pelayanan Kesehatan Orang dengan Masalah Kesehatan Jiwa (ODMK);12;100000000;2025
870;1.02.02.1.02.0014;Pengelolaan Pelayanan Kesehatan Orang dengan Kecanduan NAPZA;12;100000000;2025
870;1.02.02.1.02.0016;Pengelolaan Jaminan Kesehatan Masyarakat;12;40149999800;2025
870;1.02.02.1.02.0017;Pengelolaan Surveilans Kesehatan;12;300000000;2025
870;1.02.02.1.02.0018;Koordinasi dan Sinkronisasi Penerapan SPM Bidang Kesehatan Lintas Kabupaten/Kota;12;200000000;2025
870;1.02.02.1.02.0019;Pembinaan Pelaksanaan Upaya Pelayanan Kesehatan;12;1800000000;2025
870;1.02.02.1.02.0020;Verifikasi dan Penilaian Kelayakan Puskesmas untuk Registrasi Puskesmas;12;149999300;2025
870;1.02.02.1.02.0021;Investigasi Lanjutan Kejadian Ikutan Pasca Imunisasi dan Pemberian Obat Massal oleh Kabupaten/Kota;12;200000000;2025
870;1.02.02.1.02.0023;Penyediaan dan Pengelolaan Sistem Penanganan Gawat Darurat Terpadu (SPGDT);12;250000000;2025
870;1.02.02.1.02.0024;Pengelolaan Rujukan dan Rujuk Balik;12;149999750;2025
870;1.02.02.1.02.0026;Upaya Pengurangan Risiko Krisis Kesehatan;12;168356800;2025
871;1.02.02.1.03.0002;Pengelolaan Sistem Informasi Kesehatan;12;399999830;2025
872;1.02.02.1.04.0003;Peningkatan Mutu Pelayanan Fasilitas Kesehatan;12;788984850;2025
873;1.02.03.1.01.0001;Pemenuhan Kebutuhan Sumber Daya Manusia Kesehatan;12;150000200;2025
873;1.02.03.1.01.0002;Distribusi dan Pemerataan Sumber Daya Manusia Kesehatan;12;150050800;2025
874;1.02.03.1.02.0001;Peningkatan Kompetensi dan Kualifikasi Sumber Daya Manusia Kesehatan;12;222861000;2025
874;1.02.03.1.02.0002;Pembinaan dan Pengawasan Sumber Daya Manusia Kesehatan;12;150000233;2025
875;1.02.04.1.01.0001;Pengendalian dan Pengawasan serta Tindak Lanjut Penerbitan Pengakuan PBF Cabang dan Cabang PAK;12;599999900;2025
876;1.02.05.1.01.0001;Peningkatan Upaya Advokasi Kesehatan, Pemberdayaan, Penggalangan Kemitraan, Peran serta Masyarakat dan Lintas Sektor Tingkat Daerah Provinsi;12;300000250;2025
877;1.02.05.1.02.0001;Penyelenggaraan Promosi Kesehatan dan Perilaku Hidup Bersih dan Sehat;12;150000150;2025
878;1.02.05.1.03.0001;Bimbingan Teknis dan Supervisi UKBM;12;150000000;2025
879;2.16.01.1.01.0001;Penyusunan Dokumen Perencanaan Perangkat Daerah;26;6335850;2025
879;2.16.01.1.01.0002;Koordinasi dan Penyusunan Dokumen RKA- SKPD;26;254415850;2025
879;2.16.01.1.01.0006;Koordinasi dan Penyusunan Laporan Capaian Kinerja dan Ikhtisar Realisasi Kinerja SKPD;26;0;2025
879;2.16.01.1.01.0007;Evaluasi Kinerja Perangkat Daerah;26;66946000;2025
879;2.16.01.1.01.0008;Pelaksanaan Pengumpulan Data Statistik Sektoral Daerah;26;9100000;2025
879;2.16.01.1.01.0009;Pelaksanaan Forum Perangkat Daerah Berdasarkan Bidang Urusan yang Diampu dalam Rangka Penyusunan Dokumen Perencanaan Perangkat Daerah;26;0;2025
879;2.16.01.1.01.0011;Penyusunan Dokumen Perencanaan Urusan Selain Renstra PD dan Renja PD;26;0;2025
880;2.16.01.1.02.0001;Penyediaan Gaji dan Tunjangan ASN;26;7123838119;2025
880;2.16.01.1.02.0002;Penyediaan Administrasi Pelaksanaan Tugas ASN;26;254400000;2025
880;2.16.01.1.02.0005;Koordinasi dan Penyusunan Laporan Keuangan Akhir Tahun SKPD;26;21500000;2025
880;2.16.01.1.02.0007;Koordinasi dan Penyusunan Laporan Keuangan Bulanan/ Triwulanan/Semesteran SKPD;26;0;2025
881;2.16.01.1.03.0005;Rekonsiliasi dan Penyusunan Laporan Barang Milik Daerah pada SKPD;26;86195000;2025
881;2.16.01.1.03.0006;Penatausahaan Barang Milik Daerah pada SKPD;26;19850000;2025
882;2.16.01.1.05.0002;Pengadaan Pakaian Dinas Beserta Atribut Kelengkapannya;26;233503000;2025
882;2.16.01.1.05.0004;Koordinasi dan Pelaksanaan Sistem Informasi Kepegawaian;26;0;2025
882;2.16.01.1.05.0005;Monitoring, Evaluasi, dan Penilaian Kinerja Pegawai;26;146600000;2025
882;2.16.01.1.05.0009;Pendidikan dan Pelatihan Pegawai Berdasarkan Tugas dan Fungsi;26;0;2025
882;2.16.01.1.05.0010;Sosialisasi Peraturan Perundang-Undangan;26;20519850;2025
882;2.16.01.1.05.0011;Bimbingan Teknis Implementasi Peraturan Perundang-Undangan;26;42330000;2025
883;2.16.01.1.06.0001;Penyediaan Komponen Instalasi Listrik/Penerangan Bangunan Kantor;26;20446825;2025
883;2.16.01.1.06.0002;Penyediaan Peralatan dan Perlengkapan Kantor;26;284780700;2025
883;2.16.01.1.06.0003;Penyediaan Peralatan Rumah Tangga;26;0;2025
883;2.16.01.1.06.0005;Penyediaan Barang Cetakan dan Penggandaan;26;25667400;2025
883;2.16.01.1.06.0009;Penyelenggaraan Rapat Koordinasi dan Konsultasi SKPD;26;1282067340;2025
883;2.16.01.1.06.0011;Dukungan Pelaksanaan Sistem Pemerintahan Berbasis Elektronik pada SKPD;26;0;2025
884;2.16.01.1.07.0001;Pengadaan Kendaraan Perorangan Dinas atau Kendaraan Dinas Jabatan;26;672840000;2025
884;2.16.01.1.07.0002;Pengadaan Kendaraan Dinas Operasional atau Lapangan;26;40192000;2025
884;2.16.01.1.07.0005;Pengadaan Mebel;26;65000000;2025
884;2.16.01.1.07.0006;Pengadaan Peralatan dan Mesin Lainnya;26;268589581;2025
884;2.16.01.1.07.0011;Pengadaan Sarana dan Prasarana Pendukung Gedung Kantor atau Bangunan Lainnya;26;0;2025
885;2.16.01.1.08.0002;Penyediaan Jasa Komunikasi, Sumber Daya Air dan Listrik;26;850598922;2025
885;2.16.01.1.08.0004;Penyediaan Jasa Pelayanan Umum Kantor;26;1169850000;2025
886;2.16.01.1.09.0001;Penyediaan Jasa Pemeliharaan, Biaya Pemeliharaan dan Pajak Kendaraan Perorangan Dinas atau Kendaraan Dinas Jabatan;26;806620600;2025
886;2.16.01.1.09.0006;Pemeliharaan Peralatan dan Mesin Lainnya;26;62200000;2025
886;2.16.01.1.09.0011;Pemeliharaan/Rehabilitasi Sarana dan Prasarana Pendukung Gedung Kantor atau Bangunan Lainnya;26;70400000;2025
887;2.16.02.1.01.0014;Relasi Media;26;300627000;2025
887;2.16.02.1.01.0015;Penyusunan Konten;26;149600000;2025
887;2.16.02.1.01.0016;Penguatan Kapasitas Sumber Daya Manusia Komunikasi Publik;26;77850000;2025
887;2.16.02.1.01.0017;Sosialisasi Peraturan Bidang Informasi dan Komunikasi Publik;26;124160000;2025
887;2.16.02.1.01.0018;Diseminasi Informasi;26;180000000;2025
887;2.16.02.1.01.0019;Penyusunan Strategi Komunikasi Publik;26;16250000;2025
887;2.16.02.1.01.0020;Dukungan Administratif, Keuangan, dan Tata Kelola Komisi Informasi di Daerah dalam Rangka Penyelesaian Sengketa Informasi Publik;26;1200000000;2025
887;2.16.02.1.01.0021;Kemitraan Komunikasi dengan Komunitas Informasi Masyarakat;26;1598550000;2025
887;2.16.02.1.01.0023;Monitoring Informasi Kebijakan, Opini, dan Aspirasi Publik;26;197771000;2025
887;2.16.02.1.01.0024;Pengelolaan Media Komunikasi Publik;26;4000000;2025
888;2.16.03.1.01.0004;Pengelolaan Nama Domain dan Sub Domain Penyelenggaraan Pemerintah Daerah;26;115409550;2025
889;2.16.03.1.02.0013;Koordinasi Pengelolaan Data dan Informasi;26;237396000;2025
889;2.16.03.1.02.0014;Penyelenggaran Sistem Penghubung Layanan Pemerintah Daerah;26;307580750;2025
889;2.16.03.1.02.0015;Koordinasi penyusunan dan/atau reviu arsitektur dan peta rencana SPBE Pemerintah Daerah;26;97617750;2025
889;2.16.03.1.02.0016;Fasilitasi penyelenggaraan SPBE di lingkungan Pemda;26;76450000;2025
889;2.16.03.1.02.0017;Pembangunan dan/atau Pengembangan Aplikasi Khusus yang sesuai dengan arsitektur dan peta rencana SPBE pemerintah daerah;26;368599700;2025
889;2.16.03.1.02.0018;Koordinasi dan Fasilitasi Penyelenggaraan Provinsi Cerdas;26;88091000;2025
889;2.16.03.1.02.0019;Keterhubungan Jaringan Intra Pemerintah Daerah Kab/Kota ke Jaringan Intra Pemerintah Daerah Provinsi;26;73036000;2025
889;2.16.03.1.02.0020;Koordinasi Pemanfaatan Pusat Data Nasional;26;221946000;2025
889;2.16.03.1.02.0023;Koordinasi pelaksanaan Manajemen SPBE;26;59291000;2025
889;2.16.03.1.02.0024;Fasilitasi penyelenggaraan Audit TIK sesuai kewenangan Dinas Kominfo;26;62946000;2025
889;2.16.03.1.02.0025;Koordinasi penyusunan proses bisnis;26;88091000;2025
889;2.16.03.1.02.0026;Penyediaan Akses Internet untuk Perangkat Daerah dalam rangka penyelenggaraan SPBE;26;5617151000;2025
889;2.16.03.1.02.0027;Koordinasi pemanfaatan Aplikasi Umum SPBE;26;0;2025
889;2.16.03.1.02.0028;Koordinasi dan Fasilitasi Promosi Literasi SPBEdan/atau kolaborasi penyelenggaraan SPBE;26;41103650;2025
889;2.16.03.1.02.0030;Penyelenggaraan Jaringan Intra Pemerintah Daerah Provinsi;26;565535266;2025
890;2.20.02.1.01.0007;Pengingkatan Kapasitas Kelembagaan Statistik Sektoral;26;200844300;2025
890;2.20.02.1.01.0008;Peningkatan Kualitas Data Statistik Sektoral;26;62459200;2025
890;2.20.02.1.01.0009;Peningkatan Peran Statistik Sektoral terhadap Sistem Statistik Nasional;26;309841800;2025
890;2.20.02.1.01.0010;Pelaksanaan Proses Bisnis Statistik Sektoral Sesuai Standar;26;4320000;2025
890;2.20.02.1.01.0011;Penyelenggaraan Statistik Sektoral yang sesuai dengan Prinsip Satu Data Indonesia;26;22530000;2025
891;2.21.02.1.01.0001;Penetapan Kebijakan Tata Kelola Keamanan Informasi dan Jaring Komunikasi Sandi Pemerintah Daerah Provinsi;26;8199000;2025
891;2.21.02.1.01.0002;Pelaksanaan Analisis Kebutuhan dan Pengelolaan Sumber Daya Keamanan Informasi Pemerintah Daerah Provinsi;26;163530000;2025
891;2.21.02.1.01.0003;Pelaksanaan Keamanan Informasi Pemerintahan Daerah Provinsi Berbasis Elektronik dan Non Elektronik;26;244645000;2025
891;2.21.02.1.01.0004;Penyediaan Layanan Keamanan Informasi Pemerintah Daerah Provinsi;26;130738000;2025
892;2.21.02.1.02.0001;Operasionalisasi Jaring Komunikasi Sandi Pemerintah Daerah Provinsi;26;52888000;2025
893;2.17.01.1.01.0001;Penyusunan Dokumen Perencanaan Perangkat Daerah;27;147860000;2025
893;2.17.01.1.01.0002;Koordinasi dan Penyusunan Dokumen RKA- SKPD;27;30349800;2025
893;2.17.01.1.01.0003;Koordinasi dan Penyusunan Dokumen Perubahan RKA-SKPD;27;26992300;2025
893;2.17.01.1.01.0004;Koordinasi dan Penyusunan DPA-SKPD;27;12720000;2025
893;2.17.01.1.01.0005;Koordinasi dan Penyusunan Perubahan DPA- SKPD;27;13450450;2025
893;2.17.01.1.01.0006;Koordinasi dan Penyusunan Laporan Capaian Kinerja dan Ikhtisar Realisasi Kinerja SKPD;27;17293350;2025
893;2.17.01.1.01.0007;Evaluasi Kinerja Perangkat Daerah;27;139510900;2025
894;2.17.01.1.02.0001;Penyediaan Gaji dan Tunjangan ASN;27;10197471179;2025
894;2.17.01.1.02.0002;Penyediaan Administrasi Pelaksanaan Tugas ASN;27;1597620000;2025
894;2.17.01.1.02.0003;Pelaksanaan Penatausahaan dan Pengujian/Verifikasi Keuangan SKPD;27;5158900;2025
894;2.17.01.1.02.0004;Koordinasi dan Pelaksanaan Akuntansi SKPD;27;4963950;2025
894;2.17.01.1.02.0005;Koordinasi dan Penyusunan Laporan Keuangan Akhir Tahun SKPD;27;30250000;2025
894;2.17.01.1.02.0006;Pengelolaan dan Penyiapan Bahan Tanggapan Pemeriksaan;27;5959750;2025
894;2.17.01.1.02.0007;Koordinasi dan Penyusunan Laporan Keuangan Bulanan/ Triwulanan/Semesteran SKPD;27;6750000;2025
894;2.17.01.1.02.0008;Penyusunan Pelaporan dan Analisis Prognosis Realisasi Anggaran;27;5207900;2025
895;2.17.01.1.03.0001;Penyusunan Perencanaan Kebutuhan Barang Milik Daerah SKPD;27;2634950;2025
895;2.17.01.1.03.0002;Pengamanan Barang Milik Daerah SKPD;27;29000800;2025
895;2.17.01.1.03.0003;Koordinasi dan Penilaian Barang Milik Daerah SKPD;27;19250450;2025
895;2.17.01.1.03.0005;Rekonsiliasi dan Penyusunan Laporan Barang Milik Daerah pada SKPD;27;2277900;2025
895;2.17.01.1.03.0006;Penatausahaan Barang Milik Daerah pada SKPD;27;6028700;2025
896;2.17.01.1.05.0004;Koordinasi dan Pelaksanaan Sistem Informasi Kepegawaian;27;49850100;2025
896;2.17.01.1.05.0005;Monitoring, Evaluasi, dan Penilaian Kinerja Pegawai;27;55675850;2025
897;2.17.01.1.06.0001;Penyediaan Komponen Instalasi Listrik/Penerangan Bangunan Kantor;27;14505395;2025
897;2.17.01.1.06.0002;Penyediaan Peralatan dan Perlengkapan Kantor;27;89359035;2025
897;2.17.01.1.06.0003;Penyediaan Peralatan Rumah Tangga;27;13860746;2025
897;2.17.01.1.06.0005;Penyediaan Barang Cetakan dan Penggandaan;27;20759200;2025
897;2.17.01.1.06.0008;Fasilitasi Kunjungan Tamu;27;77385000;2025
897;2.17.01.1.06.0009;Penyelenggaraan Rapat Koordinasi dan Konsultasi SKPD;27;202452000;2025
898;2.17.01.1.07.0005;Pengadaan Mebel;27;45000000;2025
898;2.17.01.1.07.0006;Pengadaan Peralatan dan Mesin Lainnya;27;64782580;2025
899;2.17.01.1.08.0002;Penyediaan Jasa Komunikasi, Sumber Daya Air dan Listrik;27;674425364;2025
899;2.17.01.1.08.0004;Penyediaan Jasa Pelayanan Umum Kantor;27;31240000;2025
900;2.17.01.1.09.0001;Penyediaan Jasa Pemeliharaan, Biaya Pemeliharaan dan Pajak Kendaraan Perorangan Dinas atau Kendaraan Dinas Jabatan;27;210250000;2025
900;2.17.01.1.09.0002;Penyediaan Jasa Pemeliharaan, Biaya Pemeliharaan, Pajak dan Perizinan Kendaraan Dinas Operasional atau Lapangan;27;6420000;2025
900;2.17.01.1.09.0006;Pemeliharaan Peralatan dan Mesin Lainnya;27;76240000;2025
900;2.17.01.1.09.0009;Pemeliharaan/Rehabilitasi Gedung Kantor dan Bangunan Lainnya;27;130000000;2025
901;2.17.02.1.01.0002;Fasilitasi Izin Usaha Simpan Pinjam untuk Koperasi Dengan Wilayah Keanggotaan Lintas Daerah Kabupaten/Kota dalam 1 (satu) Daerah Provinsi;27;89661350;2025
902;2.17.02.1.02.0003;Fasilitasi Izin Usaha Pembukaan Kantor Cabang, Cabang Pembantu dan Kantor Kas Koperasi Simpan Pinjam untuk Koperasi dengan Wilayah Keanggotaan Lintas Daerah Kabupaten/Kota dalam 1 (satu) Daerah Provinsi;27;73132600;2025
903;2.17.03.1.01.0003;Penguatan Tata Kelola Kelembagaan Koperasi;27;169238150;2025
904;2.17.03.1.02.0002;Pelaksanaan Pemeriksaan dan Pengawasan Koperasi yang Wilayah Keanggotaannya Lintas Daerah Kabupaten/Kota dalam 1 (satu) Daerah Provinsi;27;50241250;2025
905;2.17.04.1.01.0003;Penilaian Kesehatan Koperasi Meliputi Tata Kelola, Profil Risiko, Kinerja Keuangan, dan Permodalan;27;191136550;2025
906;2.17.05.1.01.0001;Peningkatan Pemahaman dan Pengetahuan Perkoperasian serta Kapasitas dan Kompetensi SDM Koperasi;27;468942950;2025
907;2.17.06.1.01.0002;Peningkatan Produktivitas, Nilai Tambah, Akses Pasar, Akses Pembiayaan, Penguatan Kelembagaan, Penataan Manajemen, Standarisasi, dan Restrukturisasi Usaha;27;18390350;2025
907;2.17.06.1.01.0003;Penumbuhan Kesadaran Keluarga dalam Peningkatan Taraf Hidup Keluarga Melalui Kehidupan Berkoperasi dan Pengembangan Ekonomi Lainnya;27;207031800;2025
907;2.17.06.1.01.0004;Pembinaan dan Pendampingan Bagi Keluarga dan Kelompok Masyarakat yang Akan Membentuk Koperasi Dalam Pengembangan Ekonomi;27;215210700;2025
907;2.17.06.1.01.0006;Fasilitasi Kemitraan Koperasi yang Keanggotaannya Lintas Daerah Kabupaten/Kota dalam 1 (satu) Daerah Provinsi;27;55843000;2025
907;2.17.06.1.01.0007;Fasilitasi Pelaporan Koperasi yang Keanggotaannya Lintas Daerah Kabupaten/Kota dalam 1 (satu) Daerah Provinsi;27;357994200;2025
907;2.17.06.1.01.0008;Fasilitasi Akses Permodalan Koperasi yang Keanggotaannya Lintas Daerah Kabupaten/Kota dalam 1 (satu) Daerah Provinsi;27;111909000;2025
907;2.17.06.1.01.0009;Pemberdayaan  Koperasi dengan Keanggotaan Lintas Daerah Kabupaten/Kota dalam 1 (satu) Daerah Provinsi;27;64354500;2025
908;2.17.07.1.01.0001;Menumbuhkembangkan UMKM untuk Menjadi Usaha yang Tangguh dan Mandiri Sehingga dapat Meningkatkan Penciptaan Lapangan Kerja, Pemerataan Pendapatan, Pertumbuhan Ekonomi, dan Pengentasan Kemiskinan;27;87029750;2025
908;2.17.07.1.01.0002;Peningkatan Pemahaman dan Pengetahuan UMKM serta Kapasitas dan Kompetensi SDM UMKM dan Kewirausahaan;27;63626700;2025
908;2.17.07.1.01.0004;Fasilitasi Pengadaan Barang/Jasa Pemerintah;27;5387800;2025
908;2.17.07.1.01.0005;Penyusunan Basis Data Usaha Kecil;27;114644000;2025
909;2.17.08.1.01.0001;Produksi dan Pengolahan, Pemasaran, Sumber Daya Manusia, serta Desain dan Teknologi;27;356768350;2025
909;2.17.08.1.01.0002;Peningkatan Pemahaman dan Pengetahuan Literasi Hukum dan Bantuan Penyelesaian Perkara bagi Pelaku UMKM;27;55994000;2025
909;2.17.08.1.01.0003;Pengembangan Usaha Kecil;27;200827000;2025
909;2.17.08.1.01.0005;Penumbuhan dan Pengembangan Kewirausahaan;27;490350;2025
909;2.17.08.1.01.0006;Fasilitasi Inkubator Usaha Kecil;27;66660000;2025
910;2.11.01.1.01.0001;Penyusunan Dokumen Perencanaan Perangkat Daerah;21;18850000;2025
910;2.11.01.1.01.0007;Evaluasi Kinerja Perangkat Daerah;21;7250000;2025
911;2.11.01.1.02.0001;Penyediaan Gaji dan Tunjangan ASN;21;7527086768;2025
911;2.11.01.1.02.0002;Penyediaan Administrasi Pelaksanaan Tugas ASN;21;1129500000;2025
911;2.11.01.1.02.0005;Koordinasi dan Penyusunan Laporan Keuangan Akhir Tahun SKPD;21;25677085;2025
912;2.11.01.1.03.0005;Rekonsiliasi dan Penyusunan Laporan Barang Milik Daerah pada SKPD;21;16175000;2025
913;2.11.01.1.05.0002;Pengadaan Pakaian Dinas Beserta Atribut Kelengkapannya;21;0;2025
913;2.11.01.1.05.0004;Koordinasi dan Pelaksanaan Sistem Informasi Kepegawaian;21;32615000;2025
913;2.11.01.1.05.0010;Sosialisasi Peraturan Perundang-Undangan;21;10950000;2025
914;2.11.01.1.06.0001;Penyediaan Komponen Instalasi Listrik/Penerangan Bangunan Kantor;21;6435579;2025
914;2.11.01.1.06.0002;Penyediaan Peralatan dan Perlengkapan Kantor;21;309953026;2025
914;2.11.01.1.06.0005;Penyediaan Barang Cetakan dan Penggandaan;21;35919100;2025
914;2.11.01.1.06.0006;Penyediaan Bahan Bacaan dan Peraturan Perundang-Undangan;21;18000000;2025
914;2.11.01.1.06.0009;Penyelenggaraan Rapat Koordinasi dan Konsultasi SKPD;21;409674000;2025
915;2.11.01.1.07.0005;Pengadaan Mebel;21;64905170;2025
915;2.11.01.1.07.0006;Pengadaan Peralatan dan Mesin Lainnya;21;121006730;2025
915;2.11.01.1.07.0009;Pengadaan Gedung Kantor atau Bangunan Lainnya;21;0;2025
916;2.11.01.1.08.0002;Penyediaan Jasa Komunikasi, Sumber Daya Air dan Listrik;21;255876000;2025
916;2.11.01.1.08.0004;Penyediaan Jasa Pelayanan Umum Kantor;21;19675000;2025
917;2.11.01.1.09.0001;Penyediaan Jasa Pemeliharaan, Biaya Pemeliharaan dan Pajak Kendaraan Perorangan Dinas atau Kendaraan Dinas Jabatan;21;397217000;2025
917;2.11.01.1.09.0006;Pemeliharaan Peralatan dan Mesin Lainnya;21;84710000;2025
917;2.11.01.1.09.0009;Pemeliharaan/Rehabilitasi Gedung Kantor dan Bangunan Lainnya;21;27000000;2025
918;2.11.02.1.01.0002;Pengendalian Pelaksanaan RPPLH Provinsi;21;0;2025
919;2.11.02.1.02.0002;Pembuatan dan Pelaksanaan KLHS RPJPD/RPJMD;21;0;2025
919;2.11.02.1.02.0006;Pemantauan dan Evaluasi KLHS;21;62779300;2025
920;2.11.03.1.01.0001;Koordinasi, Sinkronisasi dan Pelaksanaan Pencegahan Pencemaran Lingkungan Hidup Dilaksanakan terhadap Media Tanah, Air, Udara, dan Laut;21;200834000;2025
920;2.11.03.1.01.0002;Koordinasi, Sinkronisasi dan Pelaksanaan Pengendalian Emisi Gas Rumah Kaca, Mitigasi dan Adaptasi Perubahan Iklim;21;97329800;2025
920;2.11.03.1.01.0004;Pengambilan contoh uji dan pengujian parameter kualitas lingkungan;21;0;2025
920;2.11.03.1.01.0009;Pelaksanaan pemantauan kualitas Lingkungan Hidup terhadap Media Tanah, Air, Udara, dan Laut;21;0;2025
920;2.11.03.1.01.0011;Pelaksanaan inventarisasi GRK dan penyusunan profil emisi GRK;21;0;2025
920;2.11.03.1.01.0012;Penyusunan dokumen status lingkungan hidup daerah;21;0;2025
920;2.11.03.1.01.0015;Pengelolaan Laboratorium Lingkungan Hidup Provinsi;21;98449000;2025
921;2.11.03.1.02.0001;Pemberian Informasi Peringatan Pencemaran dan/atau Kerusakan Lingkungan Hidup pada Masyarakat;21;45734710;2025
922;2.11.03.1.03.0001;Koordinasi dan Sinkronisasi Penghentian Sumber Pencemaran;21;52350000;2025
922;2.11.03.1.03.0008;Pelaksanaan Restorasi;21;160254000;2025
922;2.11.03.1.03.0009;Koordinasi dan Sinkronisasi rehabilitasi;21;49991000;2025
923;2.11.04.1.01.0006;Pengembangan Kapasitas Kelembagaan dan SDM dalam Pengelolaan Keanekaragaman Hayati;21;50034000;2025
923;2.11.04.1.01.0008;Pengelolaan Taman Keanekaragaman Hayati di Luar Kawasan Hutan;21;50011000;2025
924;2.11.05.1.01.0002;Koordinasi dan Sinkronisasi Pengelolaan Limbah B3 dengan Pemerintah Pusat dalam rangka Pengangkutan, Pemanfaatan, Pengolahan, dan/atau Penimbunan;21;149999900;2025
925;2.11.06.1.01.0001;Fasilitasi Pemenuhan Ketentuan dan Kewajiban Izin Lingkungan dan/atau Izin PPLH;21;316050000;2025
925;2.11.06.1.01.0006;Pengawasan Perizinan Berusaha atau Persetujuan Pemerintah terkait Persetujuan Lingkungan yang diterbitkan oleh Pemerintah Daerah Provinsi dan Peraturan Perundang-undangan di bidang Perlindungan dan Pengelolaan Lingkungan Hidup;21;282975750;2025
926;2.11.07.1.02.0001;Pemberdayaan, Kemitraan, Pendampingan dan Penguatan Kelembagaan MHA, Kearifan Lokal, Pengetahuan Tradisional dan Hak MHA terkait dengan PPLH;21;99999850;2025
927;2.11.08.1.01.0002;Pendampingan Gerakan Peduli Lingkungan Hidup;21;105000200;2025
927;2.11.08.1.01.0003;Penyelengaraan Penyuluhan dan Kampanye Lingkungan Hidup Tingkat Daerah Provinsi;21;24999950;2025
927;2.11.08.1.01.0004;Penumbuhan Kesadaran Keluarga dalam Peningkatan Kualitas Kelestarian Lingkungan Hidup;21;30000300;2025
927;2.11.08.1.01.0005;Peningkatan Kapasitas dan Kompetensi Sumber Daya Manusia Bidang lingkungan hidup untuk Lembaga pendidikan formal/lembaga masyarakat/komunitas/kelompok masyarakat;21;39999850;2025
928;2.11.09.1.01.0001;Penilaian Kinerja Masyarakat/Lembaga Masyarakat/Dunia Usaha/Dunia Pendidikan/ Filantropi dalam Perlindungan dan Pengelolaan Lingkungan Hidup;21;35000500;2025
929;2.11.10.1.01.0007;Pengelolaan Pengaduan permasalahan Pencemaran dan Perusakan Lingkungan Hidup tingkat Provinsi;21;49818300;2025
930;2.11.11.1.01.0005;Koordinasi dan Sinkronisasi Penyediaan Prasarana dan Sarana Penanganan Sampah di TPA/TPST Regional;21;299999900;2025
930;2.11.11.1.01.0010;Pelaksanaan pemantauan, pembinaan, verifikasi dan pengawasan atas penerapan Rencana, Kebijakan dan Teknis pengelolaan Sampah Regional;21;51999800;2025
930;2.11.11.1.01.0013;Pelaksanaan Penanganan Sampah pada Kondisi Khusus yang menjadi kewenangan provinsi;21;75000000;2025
930;2.11.11.1.01.0014;Koordinasi, sinkronisasi dan pemantauan pelaksanaan pengelolaan sampah di kabupaten/kota;21;80000200;2025
931;2.09.01.1.01.0001;Penyusunan Dokumen Perencanaan Perangkat Daerah;19;240746950;2025
931;2.09.01.1.01.0002;Koordinasi dan Penyusunan Dokumen RKA- SKPD;19;16449875;2025
931;2.09.01.1.01.0003;Koordinasi dan Penyusunan Dokumen Perubahan RKA-SKPD;19;12849750;2025
931;2.09.01.1.01.0004;Koordinasi dan Penyusunan DPA-SKPD;19;17722625;2025
931;2.09.01.1.01.0005;Koordinasi dan Penyusunan Perubahan DPA- SKPD;19;17050625;2025
931;2.09.01.1.01.0006;Koordinasi dan Penyusunan Laporan Capaian Kinerja dan Ikhtisar Realisasi Kinerja SKPD;19;192654950;2025
931;2.09.01.1.01.0007;Evaluasi Kinerja Perangkat Daerah;19;240140950;2025
932;2.09.01.1.02.0001;Penyediaan Gaji dan Tunjangan ASN;19;8401158638;2025
932;2.09.01.1.02.0002;Penyediaan Administrasi Pelaksanaan Tugas ASN;19;2149170000;2025
932;2.09.01.1.02.0005;Koordinasi dan Penyusunan Laporan Keuangan Akhir Tahun SKPD;19;75330000;2025
933;2.09.01.1.03.0001;Penyusunan Perencanaan Kebutuhan Barang Milik Daerah SKPD;19;6444050;2025
933;2.09.01.1.03.0005;Rekonsiliasi dan Penyusunan Laporan Barang Milik Daerah pada SKPD;19;70374000;2025
934;2.09.01.1.05.0002;Pengadaan Pakaian Dinas Beserta Atribut Kelengkapannya;19;0;2025
934;2.09.01.1.05.0011;Bimbingan Teknis Implementasi Peraturan Perundang-Undangan;19;0;2025
935;2.09.01.1.06.0001;Penyediaan Komponen Instalasi Listrik/Penerangan Bangunan Kantor;19;15656835;2025
935;2.09.01.1.06.0002;Penyediaan Peralatan dan Perlengkapan Kantor;19;189997065;2025
935;2.09.01.1.06.0005;Penyediaan Barang Cetakan dan Penggandaan;19;10000000;2025
935;2.09.01.1.06.0009;Penyelenggaraan Rapat Koordinasi dan Konsultasi SKPD;19;234988772;2025
936;2.09.01.1.07.0005;Pengadaan Mebel;19;13676920;2025
936;2.09.01.1.07.0006;Pengadaan Peralatan dan Mesin Lainnya;19;12654100;2025
937;2.09.01.1.08.0002;Penyediaan Jasa Komunikasi, Sumber Daya Air dan Listrik;19;249981800;2025
937;2.09.01.1.08.0004;Penyediaan Jasa Pelayanan Umum Kantor;19;60000000;2025
938;2.09.01.1.09.0001;Penyediaan Jasa Pemeliharaan, Biaya Pemeliharaan dan Pajak Kendaraan Perorangan Dinas atau Kendaraan Dinas Jabatan;19;366069800;2025
938;2.09.01.1.09.0006;Pemeliharaan Peralatan dan Mesin Lainnya;19;443132000;2025
938;2.09.01.1.09.0009;Pemeliharaan/Rehabilitasi Gedung Kantor dan Bangunan Lainnya;19;440000000;2025
939;2.09.02.1.01.0003;Penyediaan Infrastruktur Pendukung Kemandirian Pangan Lainnya;19;65000050;2025
939;2.09.02.1.01.0004;Koordinasi dan Sinkronisasi dalam rangka Penyediaan Infrastruktur Logistik;19;60000000;2025
939;2.09.02.1.01.0006;Penyediaan Infrastruktur Cadangan Pangan Pemerintah Provinsi;19;274999683;2025
940;2.09.03.1.01.0002;Penyediaan Pangan Berbasis Sumber Daya Lokal;19;49999000;2025
940;2.09.03.1.01.0003;Koordinasi, Sinkronisasi dan Pelaksanaan Distribusi Pangan Pokok dan Pangan Lainnya;19;70000000;2025
940;2.09.03.1.01.0006;Peningkatan Ketahanan Pangan Keluarga;19;214183690;2025
940;2.09.03.1.01.0007;Pengembangan usaha Pengolahan Pangan Berbasis Sumber Daya Lokal;19;99950598;2025
940;2.09.03.1.01.0008;Koordinasi dan Sinkronisasi Pemantauan Stok, Pasokan dan Harga Pangan Pokok Strategis;19;50000300;2025
940;2.09.03.1.01.0009;Stabilisasi Pasokan dan Harga Pangan Tingkat Produsen dan Konsumen di Provinsi;19;278500000;2025
940;2.09.03.1.01.0010;Penyusunan Prognosa Neraca Pangan Wilayah Provinsi;19;69999700;2025
940;2.09.03.1.01.0011;Pengembangan Kelembagaan Distribusi Pangan Provinsi;19;70000000;2025
940;2.09.03.1.01.0012;Penyediaan Informasi Harga Pangan Tingkat Produsen dan Konsumen Wilayah Provinsi;19;69999900;2025
940;2.09.03.1.01.0013;Penyusunan Neraca Bahan Makanan (NBM);19;70000000;2025
941;2.09.03.1.02.0006;Penyaluran Cadangan Pangan Pemerintah Provinsi;19;70000000;2025
941;2.09.03.1.02.0007;Pengadaaan Cadangan Pangan Pemerintah Provinsi;19;569996000;2025
942;2.09.03.1.03.0001;Koordinasi dan Sinkronisasi Penentuan Harga Minimum Pangan Pokok Lokal;19;0;2025
943;2.09.03.1.04.0001;Promosi Penganekaragaman Konsumsi Pangan Berbasis Sumber Daya Lokal;19;35794000;2025
943;2.09.03.1.04.0002;Koordinasi dan Sinkronisasi Pelaksanaan Advokasi, Edukasi, dan Sosialisasi Konsumsi Pangan Beragam, Bergizi, Seimbang dan Aman (B2SA);19;100000000;2025
943;2.09.03.1.04.0003;Koordinasi dan Sinkronisasi Pemantauan dan Evaluasi Konsumsi per Kapita per Tahun;19;160000050;2025
944;2.09.04.1.01.0001;Penyusunan, Pemutakhiran dan Analisis Peta Ketahanan dan Kerentanan Pangan Provinsi dan Kabupaten/Kota;19;70000000;2025
945;2.09.04.1.02.0002;Pelaksanaan Pengadaan, Pengelolaan, dan Penyaluran Cadangan Pangan pada Kerawanan Pangan yang Mencakup lebih dari 1 (satu) Daerah Kabupaten/Kota dalam 1 (satu) Daerah Provinsi;19;79996000;2025
945;2.09.04.1.02.0003;Pelaksanaan Intervensi Kewaspadaan Pangan dan Gizi;19;241499960;2025
946;2.09.05.1.01.0006;Sertifikasi Keamanan dan Mutu Pangan Segar Asal Tumbuhan;19;53146501;2025
946;2.09.05.1.01.0007;Rekomendasi Perizinan keamanan pangan segar asal tumbuhan;19;94990000;2025
946;2.09.05.1.01.0008;Rekomendasi Keamanan dan Mutu Pangan Segar Asal Tumbuhan Lintas Daerah Kabupaten/Kota;19;90000000;2025
946;2.09.05.1.01.0009;Penguatan kelembagaan pengawas keamanan dan mutu pangan segar asal tumbuhan;19;314852850;2025
946;2.09.05.1.01.0011;Koordinasi dan sinkronisasi keamanan dan mutu pangan segar asal tumbuhan;19;47000000;2025
947;3.26.01.1.01.0001;Penyusunan Dokumen Perencanaan Perangkat Daerah;20;272153981;2025
948;3.26.01.1.02.0001;Penyediaan Gaji dan Tunjangan ASN;20;8247344304;2025
948;3.26.01.1.02.0002;Penyediaan Administrasi Pelaksanaan Tugas ASN;20;135120000;2025
948;3.26.01.1.02.0005;Koordinasi dan Penyusunan Laporan Keuangan Akhir Tahun SKPD;20;65850000;2025
949;3.26.01.1.03.0006;Penatausahaan Barang Milik Daerah pada SKPD;20;81995000;2025
950;3.26.01.1.05.0002;Pengadaan Pakaian Dinas Beserta Atribut Kelengkapannya;20;0;2025
950;3.26.01.1.05.0004;Koordinasi dan Pelaksanaan Sistem Informasi Kepegawaian;20;0;2025
950;3.26.01.1.05.0005;Monitoring, Evaluasi, dan Penilaian Kinerja Pegawai;20;0;2025
950;3.26.01.1.05.0009;Pendidikan dan Pelatihan Pegawai Berdasarkan Tugas dan Fungsi;20;0;2025
950;3.26.01.1.05.0010;Sosialisasi Peraturan Perundang-Undangan;20;6440000;2025
951;3.26.01.1.06.0001;Penyediaan Komponen Instalasi Listrik/Penerangan Bangunan Kantor;20;5000140;2025
951;3.26.01.1.06.0002;Penyediaan Peralatan dan Perlengkapan Kantor;20;69558860;2025
951;3.26.01.1.06.0005;Penyediaan Barang Cetakan dan Penggandaan;20;27029273;2025
951;3.26.01.1.06.0009;Penyelenggaraan Rapat Koordinasi dan Konsultasi SKPD;20;302325981;2025
952;3.26.01.1.07.0001;Pengadaan Kendaraan Perorangan Dinas atau Kendaraan Dinas Jabatan;20;0;2025
952;3.26.01.1.07.0005;Pengadaan Mebel;20;0;2025
952;3.26.01.1.07.0006;Pengadaan Peralatan dan Mesin Lainnya;20;12750000;2025
953;3.26.01.1.08.0002;Penyediaan Jasa Komunikasi, Sumber Daya Air dan Listrik;20;254060000;2025
953;3.26.01.1.08.0004;Penyediaan Jasa Pelayanan Umum Kantor;20;1730069068;2025
954;3.26.01.1.09.0001;Penyediaan Jasa Pemeliharaan, Biaya Pemeliharaan dan Pajak Kendaraan Perorangan Dinas atau Kendaraan Dinas Jabatan;20;247317700;2025
954;3.26.01.1.09.0006;Pemeliharaan Peralatan dan Mesin Lainnya;20;10330000;2025
954;3.26.01.1.09.0010;Pemeliharaan/Rehabilitasi Sarana dan Prasarana Gedung Kantor atau Bangunan Lainnya;20;5000000;2025
955;3.26.02.1.01.0006;Perencanaan Daya Tarik Wisata Provinsi;20;563697501;2025
956;3.26.02.1.02.0002;Perencanaan Kawasan Strategis Pariwisata Provinsi;20;246020000;2025
956;3.26.02.1.02.0004;Pengadaan/Pemeliharaan/Rehabilitasi Sarana dan Prasarana dalam Pengelolaan Kawasan Strategis Pariwisata Provinsi;20;46125000;2025
957;3.26.02.1.03.0004;Pengadaan/Pemeliharaan/Rehabilitasi Sarana dan Prasarana dalam Pengelolaan Destinasi Pariwisata Provinsi;20;461691750;2025
957;3.26.02.1.03.0010;Peningkatan Kapasitas SDM Pengelola Destinasi Pariwisata Provinsi;20;98363900;2025
957;3.26.02.1.03.0011;Penguatan Jejaring Tata Kelola Destinasi Pariwisata Tingkat Provinsi;20;151046846;2025
958;3.26.03.1.01.0001;Penguatan Promosi Melalui Media Cetak, Elektronik, dan Media Lainnya Baik Dalam dan Luar Negeri;20;354000000;2025
958;3.26.03.1.01.0006;Fasilitasi Kegiatan Pemasaran Pariwisata Baik Dalam dan Luar Negeri;20;722000000;2025
959;3.26.04.1.01.0003;Koordinasi dan Sinkronisasi Pengembangan Ruang Kreasi dan Jaringan Orang Kreatif;20;71000000;2025
959;3.26.04.1.01.0005;Koordinasi dan Sinkronisasi Peningkatan Usaha Kreatif Terutama bagi Usaha Pemula;20;86754000;2025
959;3.26.04.1.01.0006;Perluasan Pasar Produk Kreatif Baik di Pasar Ekspor maupun Pasar Domestik;20;241246000;2025
960;3.26.04.1.02.0008;Perlindungan Hasil Kreativitas;20;90000000;2025
960;3.26.04.1.02.0013;Fasilitasi Kekayaan Intelektual;20;86000000;2025
961;3.26.05.1.01.0015;Diklat Teknis Kepariwisataan Tingkat Lanjutan bagi Pemerintah Daerah;20;155735310;2025
961;3.26.05.1.01.0016;Pengembangan Kapasitas SDM Pariwisata Berbasis SKKNI;20;305698620;2025
962;3.26.05.1.02.0001;Pelatihan, Bimbingan Teknis, dan Pendampingan Ekonomi Kreatif;20;143026905;2025
962;3.26.05.1.02.0003;Standarisasi Usaha dan Sertifikasi Profesi di Bidang Ekonomi Kreatif;20;170539165;2025
963;2.13.01.1.01.0001;Penyusunan Dokumen Perencanaan Perangkat Daerah;23;36900000;2025
963;2.13.01.1.01.0006;Koordinasi dan Penyusunan Laporan Capaian Kinerja dan Ikhtisar Realisasi Kinerja SKPD;23;20740000;2025
963;2.13.01.1.01.0007;Evaluasi Kinerja Perangkat Daerah;23;192395950;2025
964;2.13.01.1.02.0001;Penyediaan Gaji dan Tunjangan ASN;23;20387863529;2025
964;2.13.01.1.02.0002;Penyediaan Administrasi Pelaksanaan Tugas ASN;23;1155350000;2025
964;2.13.01.1.02.0005;Koordinasi dan Penyusunan Laporan Keuangan Akhir Tahun SKPD;23;80000000;2025
965;2.13.01.1.03.0006;Penatausahaan Barang Milik Daerah pada SKPD;23;120000000;2025
966;2.13.01.1.05.0002;Pengadaan Pakaian Dinas Beserta Atribut Kelengkapannya;23;69984000;2025
966;2.13.01.1.05.0005;Monitoring, Evaluasi, dan Penilaian Kinerja Pegawai;23;50000000;2025
966;2.13.01.1.05.0009;Pendidikan dan Pelatihan Pegawai Berdasarkan Tugas dan Fungsi;23;64000000;2025
966;2.13.01.1.05.0010;Sosialisasi Peraturan Perundang-Undangan;23;120000000;2025
966;2.13.01.1.05.0011;Bimbingan Teknis Implementasi Peraturan Perundang-Undangan;23;50000000;2025
967;2.13.01.1.06.0001;Penyediaan Komponen Instalasi Listrik/Penerangan Bangunan Kantor;23;0;2025
967;2.13.01.1.06.0002;Penyediaan Peralatan dan Perlengkapan Kantor;23;123548970;2025
967;2.13.01.1.06.0003;Penyediaan Peralatan Rumah Tangga;23;0;2025
967;2.13.01.1.06.0004;Penyediaan Bahan Logistik Kantor;23;50000000;2025
967;2.13.01.1.06.0005;Penyediaan Barang Cetakan dan Penggandaan;23;25000000;2025
967;2.13.01.1.06.0009;Penyelenggaraan Rapat Koordinasi dan Konsultasi SKPD;23;529306000;2025
968;2.13.01.1.07.0002;Pengadaan Kendaraan Dinas Operasional atau Lapangan;23;0;2025
968;2.13.01.1.07.0005;Pengadaan Mebel;23;29000000;2025
968;2.13.01.1.07.0006;Pengadaan Peralatan dan Mesin Lainnya;23;162000000;2025
968;2.13.01.1.07.0007;Pengadaan Aset Tetap Lainnya;23;0;2025
969;2.13.01.1.08.0001;Penyediaan Jasa Surat Menyurat;23;5000000;2025
969;2.13.01.1.08.0002;Penyediaan Jasa Komunikasi, Sumber Daya Air dan Listrik;23;270068400;2025
970;2.13.01.1.09.0001;Penyediaan Jasa Pemeliharaan, Biaya Pemeliharaan dan Pajak Kendaraan Perorangan Dinas atau Kendaraan Dinas Jabatan;23;181350000;2025
970;2.13.01.1.09.0006;Pemeliharaan Peralatan dan Mesin Lainnya;23;197857500;2025
970;2.13.01.1.09.0009;Pemeliharaan/Rehabilitasi Gedung Kantor dan Bangunan Lainnya;23;0;2025
970;2.13.01.1.09.0010;Pemeliharaan/Rehabilitasi Sarana dan Prasarana Gedung Kantor atau Bangunan Lainnya;23;0;2025
971;2.13.02.1.01.0001;Identifikasi, Inventarisasi dan Fasilitasi Penataan Kesatuan Masyarakat Hukum Adat dan Desa Adat yang menjadi kewenangan Provinsi;23;0;2025
971;2.13.02.1.01.0002;Fasilitasi Kelembagaan Desa dan Desa Adat;23;0;2025
971;2.13.02.1.01.0003;Fasilitasi Kabupaten/Kota dan Desa dalam rangka Penataan Desa;23;100000200;2025
971;2.13.02.1.01.0004;Penyediaan Prasarana dan Sarana Pelayanan Pemerintahan Desa;23;2000000;2025
972;2.13.03.1.01.0001;Fasilitasi Kerja Sama antar Desa Lintas Kabupaten/Kota;23;75000100;2025
972;2.13.03.1.01.0002;Fasilitasi Kerja Sama Desa dengan Pihak Ketiga;23;100000200;2025
972;2.13.03.1.01.0003;Fasilitasi Pembangunan Kawasan Perdesaan;23;115000000;2025
973;2.13.04.1.01.0001;Fasilitasi Penyusunan Peraturan Daerah Kabupaten/Kota dan Peraturan Bupati/wali kota yang Mengatur Desa;23;0;2025
973;2.13.04.1.01.0002;Pembinaan Manajemen Pemerintahan Desa;23;85400250;2025
973;2.13.04.1.01.0003;Fasilitasi Penyusunan Produk Hukum Desa;23;0;2025
973;2.13.04.1.01.0004;Fasilitasi Penyusunan, Perencanaan, Pelaksanaan dan Pengawasan Pembangunan Desa;23;100000250;2025
973;2.13.04.1.01.0005;Fasilitasi Pengelolaan Keuangan Desa;23;0;2025
973;2.13.04.1.01.0006;Fasilitasi Pengelolaan Aset Desa;23;0;2025
973;2.13.04.1.01.0007;Fasilitasi Pemilihan, Pengangkatan dan Pemberhentian Kepala Desa;23;0;2025
973;2.13.04.1.01.0008;Fasilitasi Evaluasi Perkembangan Desa serta Lomba Desa dan Kelurahan;23;200000000;2025
973;2.13.04.1.01.0009;Fasilitasi Pelaksanaan Profil Desa dan Kelurahan;23;80000250;2025
973;2.13.04.1.01.0010;Pembinaan Aparatur Pemerintah Desa;23;165000100;2025
973;2.13.04.1.01.0011;Pembinaan Peningkatan Kapasitas Anggota BPD;23;0;2025
973;2.13.04.1.01.0012;Pembinaan Percepatan Pembangunan Desa Melalui Bantuan Keuangan, Bantuan Pendampingan dan Bantuan Teknis;23;100000000;2025
973;2.13.04.1.01.0013;Pelaksanaan Penugasan Urusan/Kewenangan Provinsi yang Dilaksanakan oleh Desa;23;85000000;2025
973;2.13.04.1.01.0014;Pembinaan dan Pengawasan atas Penetapan Rancangan Anggaran Pendapatan dan Belanja Daerah Kabupaten/Kota dalam Pembiayaan Desa;23;0;2025
973;2.13.04.1.01.0015;Pembinaan dan Pengawasan Penetapan Pengaturan BUM Desa Kabupaten/Kota dan Lembaga Kerja Sama antar Desa;23;250000000;2025
973;2.13.04.1.01.0016;Fasilitasi Penetapan dan Penegasan Batas Desa;23;100000150;2025
973;2.13.04.1.01.0017;Fasilitasi Pembinaan Laporan Kepala Desa;23;0;2025
973;2.13.04.1.01.0018;Fasilitasi Pencatatan Data dan Informasi mengenai Pemerintahan Desa di Kabupaten/Kota;23;0;2025
973;2.13.04.1.01.0019;Fasilitasi Peran BPD dalam Penyelenggaraan Pemerintahan Desa;23;70000000;2025
973;2.13.04.1.01.0020;Fasilitasi Pengembangan Inovasi Desa;23;0;2025
973;2.13.04.1.01.0021;Fasilitasi Pekan Inovasi Perkembangan Desa;23;50000000;2025
973;2.13.04.1.01.0022;Fasilitasi Penetapan Kewenangan Desa dan Desa Adat di Kabupaten/Kota;23;0;2025
974;2.13.05.1.01.0001;Identifikasi dan Inventarisasi Masyarakat Hukum Adat;23;0;2025
974;2.13.05.1.01.0002;Fasilitasi Penataan, Pemberdayaan dan Pendayagunaan Kelembagaan Lembaga KeMasyarakatan Desa/Kelurahan (RT, RW, PKK, Posyandu, LPM, dan Karang Taruna), Lembaga Adat Desa/Kelurahan dan Masyarakat Hukum Adat;23;80000300;2025
974;2.13.05.1.01.0003;Peningkatan Kapasitas Kelembagaan Lembaga KeMasyarakatan Desa/Kelurahan (RT, RW, PKK, Posyandu, LPM, dan Karang Taruna), Lembaga Adat Desa/Kelurahan dan Masyarakat Hukum Adat;23;395400400;2025
974;2.13.05.1.01.0004;Fasilitasi Penyediaan Sarana dan Prasarana Kelembagaan Lembaga KeMasyarakatan Desa/Kelurahan (RT, RW, PKK, Posyandu, LPM, dan Karang Taruna), Lembaga Adat Desa/Kelurahan dan Masyarakat Hukum Adat;23;2063600;2025
974;2.13.05.1.01.0005;Fasilitasi Pengembangan Usaha Ekonomi Masyarakat dan Pemerintah Desa dalam Meningkatkan Pendapatan Asli Desa;23;310000000;2025
974;2.13.05.1.01.0006;Fasilitasi Pemerintah Desa dalam Pemanfaatan Teknologi Tepat Guna;23;250000000;2025
974;2.13.05.1.01.0007;Fasilitasi Bulan Bhakti Gotong Royong Masyarakat;23;50000300;2025
974;2.13.05.1.01.0008;Fasilitasi Penyelenggaraan Ketentraman, Ketertiban dan Perlindungan Masyarakat Desa;23;50000268;2025
974;2.13.05.1.01.0009;Fasilitasi Tim Penggerak PKK dalam Penyelenggaraan Gerakan Pemberdayaan Masyarakat dan Kesejahteraan Keluarga;23;500128000;2025
974;2.13.05.1.01.0010;Peningkatan Kesadaran Keluarga Dalam Membangun Kerja Sama Antar-Keluarga, Warga, dan Kelompok Masyarakat;23;0;2025
974;2.13.05.1.01.0011;Peningkatan Kesadaran Keluarga Dalam Peningkatan Pendidikan dan Keterampilan untuk Mewujudkan Sumber Daya Manusia yang Berkualitas dan Berdaya Saing;23;0;2025
975;2.08.01.1.01.0001;Penyusunan Dokumen Perencanaan Perangkat Daerah;18;101953200;2025
975;2.08.01.1.01.0002;Koordinasi dan Penyusunan Dokumen RKA- SKPD;18;76159000;2025
975;2.08.01.1.01.0003;Koordinasi dan Penyusunan Dokumen Perubahan RKA-SKPD;18;76158800;2025
975;2.08.01.1.01.0004;Koordinasi dan Penyusunan DPA-SKPD;18;0;2025
975;2.08.01.1.01.0005;Koordinasi dan Penyusunan Perubahan DPA- SKPD;18;0;2025
975;2.08.01.1.01.0006;Koordinasi dan Penyusunan Laporan Capaian Kinerja dan Ikhtisar Realisasi Kinerja SKPD;18;0;2025
975;2.08.01.1.01.0007;Evaluasi Kinerja Perangkat Daerah;18;143458150;2025
976;2.08.01.1.02.0001;Penyediaan Gaji dan Tunjangan ASN;18;12926932016;2025
976;2.08.01.1.02.0002;Penyediaan Administrasi Pelaksanaan Tugas ASN;18;1221407800;2025
976;2.08.01.1.02.0006;Pengelolaan dan Penyiapan Bahan Tanggapan Pemeriksaan;18;80054300;2025
976;2.08.01.1.02.0007;Koordinasi dan Penyusunan Laporan Keuangan Bulanan/ Triwulanan/Semesteran SKPD;18;110872750;2025
976;2.08.01.1.02.0008;Penyusunan Pelaporan dan Analisis Prognosis Realisasi Anggaran;18;25000000;2025
977;2.08.01.1.05.0001;Peningkatan Sarana dan Prasarana Disiplin Pegawai;18;1500000;2025
977;2.08.01.1.05.0002;Pengadaan Pakaian Dinas Beserta Atribut Kelengkapannya;18;83125723;2025
977;2.08.01.1.05.0003;Pendataan dan Pengolahan Administrasi Kepegawaian;18;0;2025
977;2.08.01.1.05.0004;Koordinasi dan Pelaksanaan Sistem Informasi Kepegawaian;18;0;2025
977;2.08.01.1.05.0005;Monitoring, Evaluasi, dan Penilaian Kinerja Pegawai;18;0;2025
977;2.08.01.1.05.0009;Pendidikan dan Pelatihan Pegawai Berdasarkan Tugas dan Fungsi;18;0;2025
977;2.08.01.1.05.0010;Sosialisasi Peraturan Perundang-Undangan;18;0;2025
977;2.08.01.1.05.0011;Bimbingan Teknis Implementasi Peraturan Perundang-Undangan;18;40136000;2025
978;2.08.01.1.06.0001;Penyediaan Komponen Instalasi Listrik/Penerangan Bangunan Kantor;18;0;2025
978;2.08.01.1.06.0002;Penyediaan Peralatan dan Perlengkapan Kantor;18;0;2025
978;2.08.01.1.06.0005;Penyediaan Barang Cetakan dan Penggandaan;18;90603800;2025
978;2.08.01.1.06.0006;Penyediaan Bahan Bacaan dan Peraturan Perundang-Undangan;18;0;2025
978;2.08.01.1.06.0009;Penyelenggaraan Rapat Koordinasi dan Konsultasi SKPD;18;254748350;2025
979;2.08.01.1.07.0002;Pengadaan Kendaraan Dinas Operasional atau Lapangan;18;88320000;2025
979;2.08.01.1.07.0005;Pengadaan Mebel;18;0;2025
979;2.08.01.1.07.0009;Pengadaan Gedung Kantor atau Bangunan Lainnya;18;245053700;2025
979;2.08.01.1.07.0011;Pengadaan Sarana dan Prasarana Pendukung Gedung Kantor atau Bangunan Lainnya;18;0;2025
980;2.08.01.1.08.0001;Penyediaan Jasa Surat Menyurat;18;38191092;2025
980;2.08.01.1.08.0002;Penyediaan Jasa Komunikasi, Sumber Daya Air dan Listrik;18;211253600;2025
980;2.08.01.1.08.0003;Penyediaan Jasa Peralatan dan Perlengkapan Kantor;18;25835450;2025
980;2.08.01.1.08.0004;Penyediaan Jasa Pelayanan Umum Kantor;18;131377870;2025
981;2.08.01.1.09.0001;Penyediaan Jasa Pemeliharaan, Biaya Pemeliharaan dan Pajak Kendaraan Perorangan Dinas atau Kendaraan Dinas Jabatan;18;32616150;2025
981;2.08.01.1.09.0002;Penyediaan Jasa Pemeliharaan, Biaya Pemeliharaan, Pajak dan Perizinan Kendaraan Dinas Operasional atau Lapangan;18;423550000;2025
981;2.08.01.1.09.0009;Pemeliharaan/Rehabilitasi Gedung Kantor dan Bangunan Lainnya;18;199960878;2025
982;2.08.02.1.01.0005;Penyusunan Kebijakan Penyelenggaraan PUG Kewenangan Provinsi;18;24499750;2025
982;2.08.02.1.01.0006;Koordinasi dan Sinkronisasi Penyelenggaraan PUG Kewenangan Provinsi;18;140000000;2025
982;2.08.02.1.01.0007;Advokasi Kebijakan dan Pendampingan Penyelenggaraan PUG Kewenangan Provinsi;18;45000000;2025
982;2.08.02.1.01.0008;Sosialisasi kebijakan Penyelenggaraan PUG Kewenangan Provinsi;18;114799800;2025
983;2.08.02.1.02.0003;Sosialisasi Peningkatan Partisipasi Perempuan di Bidang Politik, Hukum, Sosial dan Ekonomi Kewenangan Provinsi;18;64999900;2025
983;2.08.02.1.02.0004;Advokasi Kebijakan dan Pendampingan Peningkatan Partisipasi Perempuan dalam Politik, Hukum, Sosial dan Ekonomi Kewenangan Provinsi;18;57399900;2025
984;2.08.02.1.03.0004;Advokasi Kebijakan dan Pendampingan kepada Lembaga Penyedia Layanan Pemberdayaan Perempuan Kewenangan Provinsi;18;106085200;2025
984;2.08.02.1.03.0005;Peningkatan Kapasitas Sumberdaya Lembaga Penyedia Layanan Pemberdayaan Perempuan Kewenangan Provinsi;18;119999650;2025
984;2.08.02.1.03.0006;Pengembangan Komunikasi Informasi dan Edukasi (KIE) Pemberdayaan Perempuan Kewenangan Provinsi;18;64999900;2025
985;2.08.03.1.01.0001;Koordinasi dan Sinkronisasi Pelaksanaan Kebijakan, Program dan Kegiatan Pencegahan Kekerasan terhadap Perempuan Kewenangan Provinsi;18;127595000;2025
985;2.08.03.1.01.0002;Advokasi Kebijakan dan Pendampingan Layanan Perlindungan Perempuan Kewenangan Provinsi;18;112065000;2025
986;2.08.03.1.02.0001;Penyediaan Layanan Pengaduan Masyarakat bagi Perempuan Korban Kekerasan Tingkat Daerah Provinsi dan Lintas Daerah Kabupaten/Kota;18;212182000;2025
986;2.08.03.1.02.0002;Koordinasi dan Sinkronisasi Pelaksanaan Penyediaan Layanan Rujukan Lanjutan bagi Perempuan Korban Kekerasan Kewenangan Provinsi;18;0;2025
987;2.08.03.1.03.0001;Advokasi Kebijakan dan Pendampingan Penyediaan Sarana Prasarana Layanan bagi Perempuan Korban Kekerasan Kewenangan Provinsi;18;0;2025
987;2.08.03.1.03.0002;Peningkatan Kapasitas Sumber Daya Lembaga Penyedia Layanan Penanganan bagi Perempuan Korban Kekerasan Kewenangan Provinsi;18;0;2025
987;2.08.03.1.03.0003;Penyediaan Kebutuhan Spesifik bagi Perempuan dalam Situasi Darurat dan Kondisi Khusus Kewenangan Provinsi;18;0;2025
987;2.08.03.1.03.0004;Penguatan Jejaring Antar Lembaga Penyedia Layanan Perlindungan Perempuan Kewenangan Provinsi dan Lintas Daerah Kabupaten/Kota;18;48234500;2025
988;2.08.04.1.01.0001;Advokasi Kebijakan dan Pendampingan Keluarga untuk Mewujudkan KG dan Perlindungan Anak Kewenangan Provinsi dan Lintas Kabupaten/Kota;18;64999900;2025
988;2.08.04.1.01.0002;Pelaksanaan Komunikasi, Informasi, Edukasi KG dan Perlindungan Anak bagi Keluarga Kewenangan Provinsi;18;0;2025
988;2.08.04.1.01.0003;Pengembangan Kegiatan Masyarakat untuk Peningkatan Kualitas Keluarga Kewenangan Provinsi;18;177216150;2025
989;2.08.04.1.02.0001;Advokasi Kebijakan dan Pendampingan Pengembangan Lembaga Penyedia Layanan Peningkatan Kualitas Keluarga Kewenangan Provinsi;18;0;2025
989;2.08.04.1.02.0002;Peningkatan Kapasitas Sumber Daya Lembaga Penyedia Layanan Peningkatan Kualitas Keluarga Kewenangan Provinsi;18;64999900;2025
989;2.08.04.1.02.0003;Penguatan Jejaring Antar Lembaga Penyedia Layanan Peningkatan Kualitas Keluarga Kewenangan Provinsi;18;64999900;2025
990;2.08.04.1.03.0001;Pelaksanaan Penyediaan Layanan Komprehensif bagi Keluarga dalam Mewujudkan KG dan Perlindungan Anak yang Wilayah Kerjanya Lingkup Daerah Provinsi dan Lintas Daerah Kabupaten/Kota;18;0;2025
991;2.08.05.1.01.0001;Penyediaan Data Gender dan Anak Provinsi;18;330000;2025
991;2.08.05.1.01.0002;Penyajian dan Pemanfaatan Data Gender dan Anak dalam Kelembagaan Data Provinsi;18;43020000;2025
992;2.08.06.1.01.0002;Koordinasi dan Sinkronisasi Pelembagaan Pemenuhan Hak Anak Kewenangan Provinsi;18;52595950;2025
992;2.08.06.1.01.0003;Advokasi, Sosialisasi dan Pendampingan Pelaksanaan Kebijakan Pemenuhan Hak Anak pada Lembaga Pemerintah, Non Pemerintah, Media dan Dunia Usaha Kewenangan Provinsi;18;107766150;2025
993;2.08.06.1.02.0001;Penyediaan Layanan Peningkatan Kualitas Hidup Anak Kewenangan Provinsi;18;119996000;2025
993;2.08.06.1.02.0006;Pengembangan Komunikasi, Informasi dan Edukasi Pemenuhan Hak Anak;18;19641900;2025
993;2.08.06.1.02.0007;Koordinasi dan sinkronisasi pelaksanaan pendampingan peningkatan kualitas hidup anak kewenangan provinsi;18;170000000;2025
994;2.08.07.1.01.0002;Koordinasi dan Sinkronisasi Pencegahan Kekerasan terhadap Anak Kewenangan Provinsi;18;164655550;2025
995;2.08.07.1.02.0005;Penyediaan Layanan Pengaduan Masyarakat bagi Anak yang Memerlukan Perlindungan Khusus Kewenangan Provinsi;18;82660000;2025
995;2.08.07.1.02.0007;Koordinasi Pelaksanaan Layanan AMPK Kewenangan Provinsi;18;31400000;2025
996;2.08.07.1.03.0003;Koordinasi dan Sinkronisasi Penguatan Jejaring Antar Lembaga Penyedia Layanan Anak yang Memerlukan Perlindungan Khusus Kewenangan Provinsi;18;16050000;2025
997;2.19.01.1.01.0001;Penyusunan Dokumen Perencanaan Perangkat Daerah;29;243820400;2025
998;2.19.01.1.02.0001;Penyediaan Gaji dan Tunjangan ASN;29;9838104784;2025
998;2.19.01.1.02.0003;Pelaksanaan Penatausahaan dan Pengujian/Verifikasi Keuangan SKPD;29;69999700;2025
999;2.19.01.1.03.0004;Pembinaan, Pengawasan, dan Pengendalian Barang Milik Daerah pada SKPD;29;119999800;2025
1000;2.19.01.1.05.0005;Monitoring, Evaluasi, dan Penilaian Kinerja Pegawai;29;49935000;2025
1001;2.19.01.1.06.0002;Penyediaan Peralatan dan Perlengkapan Kantor;29;79907584;2025
1001;2.19.01.1.06.0009;Penyelenggaraan Rapat Koordinasi dan Konsultasi SKPD;29;242156000;2025
1002;2.19.01.1.07.0010;Pengadaan Sarana dan Prasarana Gedung Kantor atau Bangunan Lainnya;29;95094500;2025
1003;2.19.01.1.08.0002;Penyediaan Jasa Komunikasi, Sumber Daya Air dan Listrik;29;802827600;2025
1003;2.19.01.1.08.0003;Penyediaan Jasa Peralatan dan Perlengkapan Kantor;29;66570000;2025
1003;2.19.01.1.08.0004;Penyediaan Jasa Pelayanan Umum Kantor;29;1533600000;2025
1004;2.19.01.1.09.0001;Penyediaan Jasa Pemeliharaan, Biaya Pemeliharaan dan Pajak Kendaraan Perorangan Dinas atau Kendaraan Dinas Jabatan;29;313666500;2025
1005;2.19.02.1.01.0005;Perencanaan, Pengadaan, Pemanfaatan, Pemeliharaan, dan Pengawasan Prasarana dan Sarana Kepemudaan Provinsi;29;80000000;2025
1005;2.19.02.1.01.0012;Koordinasi, Sinkronisasi dan Penyelenggaraan Pengembangan kepemimpinan pemuda tingkat provinsi;29;99999737;2025
1005;2.19.02.1.01.0013;Koordinasi, Sinkronisasi dan Penyelenggaraan Pengembangan Kepeloporan Pemuda bagi Pemuda Pelopor Tingkat Provinsi;29;224999750;2025
1005;2.19.02.1.01.0015;Koordinasi, Sinkronisasi, dan Penyelenggaraan Pengembangan Kewirausahaan Pemuda Bagi Wirausaha Muda Tingkat Provinsi;29;117119900;2025
1006;2.19.02.1.02.0003;Koordinasi, Sinkronisasi, dan penyelenggaraan Pemberdayaan organisasi kepemudaan melalui kemitraan berbasis peneguhan kemandirian ekonomi pemuda;29;69999800;2025
1007;2.19.03.1.01.0001;Koordinasi, Sinkronisasi dan Pelaksanaan Pembentukan dan Pengembangan Pusat Pembinaan dan Pelatihan Olahraga serta Sekolah Olahraga yang Diselenggarakan oleh Masyarakat dan Dunia Usaha;29;79999700;2025
1007;2.19.03.1.01.0004;Koordinasi dan sinkronisasi penyediaan prasarana olahraga melalui perencanaan, pengadaan, pemanfaatan, pemeliharaan, dan pengawasan Prasarana Olahraga di tingkat provinsi;29;80000000;2025
1008;2.19.03.1.02.0005;Penyelenggaraan Pekan dan Kejuaraan Paralimpik Pelajar Tingkat Provinsi;29;99999876;2025
1008;2.19.03.1.02.0006;Penyelenggaraan Pekan dan Kejuaraan Olahraga Tingkat Nasional dan Provinsi;29;1999999834;2025
1009;2.19.03.1.03.0008;Penyediaan data Keolahragaan terpadu di provinsi;29;382726957;2025
1010;2.19.03.1.04.0003;Peningkatan Kerja Sama Organisasi Keolahragaan Provinsi dengan Lembaga Terkait;29;10089999850;2025
1011;2.19.04.1.01.0002;Peningkatan Kapasitas Organisasi Kepramukaan Provinsi;29;1569999750;2025
1012;2.18.01.1.01.0001;Penyusunan Dokumen Perencanaan Perangkat Daerah;28;377374752;2025
1012;2.18.01.1.01.0002;Koordinasi dan Penyusunan Dokumen RKA- SKPD;28;0;2025
1012;2.18.01.1.01.0004;Koordinasi dan Penyusunan DPA-SKPD;28;0;2025
1012;2.18.01.1.01.0006;Koordinasi dan Penyusunan Laporan Capaian Kinerja dan Ikhtisar Realisasi Kinerja SKPD;28;44565586;2025
1012;2.18.01.1.01.0007;Evaluasi Kinerja Perangkat Daerah;28;51079140;2025
1013;2.18.01.1.02.0001;Penyediaan Gaji dan Tunjangan ASN;28;10360330101;2025
1013;2.18.01.1.02.0002;Penyediaan Administrasi Pelaksanaan Tugas ASN;28;1639920000;2025
1013;2.18.01.1.02.0003;Pelaksanaan Penatausahaan dan Pengujian/Verifikasi Keuangan SKPD;28;44860000;2025
1013;2.18.01.1.02.0005;Koordinasi dan Penyusunan Laporan Keuangan Akhir Tahun SKPD;28;60013300;2025
1013;2.18.01.1.02.0006;Pengelolaan dan Penyiapan Bahan Tanggapan Pemeriksaan;28;49766300;2025
1013;2.18.01.1.02.0007;Koordinasi dan Penyusunan Laporan Keuangan Bulanan/ Triwulanan/Semesteran SKPD;28;90704600;2025
1014;2.18.01.1.03.0005;Rekonsiliasi dan Penyusunan Laporan Barang Milik Daerah pada SKPD;28;61154300;2025
1015;2.18.01.1.05.0002;Pengadaan Pakaian Dinas Beserta Atribut Kelengkapannya;28;0;2025
1015;2.18.01.1.05.0003;Pendataan dan Pengolahan Administrasi Kepegawaian;28;20489500;2025
1015;2.18.01.1.05.0009;Pendidikan dan Pelatihan Pegawai Berdasarkan Tugas dan Fungsi;28;62055425;2025
1016;2.18.01.1.06.0001;Penyediaan Komponen Instalasi Listrik/Penerangan Bangunan Kantor;28;17611149;2025
1016;2.18.01.1.06.0002;Penyediaan Peralatan dan Perlengkapan Kantor;28;0;2025
1016;2.18.01.1.06.0005;Penyediaan Barang Cetakan dan Penggandaan;28;57672420;2025
1016;2.18.01.1.06.0009;Penyelenggaraan Rapat Koordinasi dan Konsultasi SKPD;28;275359378;2025
1017;2.18.01.1.07.0001;Pengadaan Kendaraan Perorangan Dinas atau Kendaraan Dinas Jabatan;28;22220000;2025
1017;2.18.01.1.07.0005;Pengadaan Mebel;28;89952160;2025
1017;2.18.01.1.07.0006;Pengadaan Peralatan dan Mesin Lainnya;28;89560350;2025
1018;2.18.01.1.08.0002;Penyediaan Jasa Komunikasi, Sumber Daya Air dan Listrik;28;496436816;2025
1018;2.18.01.1.08.0004;Penyediaan Jasa Pelayanan Umum Kantor;28;434313173;2025
1019;2.18.01.1.09.0001;Penyediaan Jasa Pemeliharaan, Biaya Pemeliharaan dan Pajak Kendaraan Perorangan Dinas atau Kendaraan Dinas Jabatan;28;195415000;2025
1019;2.18.01.1.09.0006;Pemeliharaan Peralatan dan Mesin Lainnya;28;55366700;2025
1019;2.18.01.1.09.0009;Pemeliharaan/Rehabilitasi Gedung Kantor dan Bangunan Lainnya;28;0;2025
1019;2.18.01.1.09.0010;Pemeliharaan/Rehabilitasi Sarana dan Prasarana Gedung Kantor atau Bangunan Lainnya;28;58156800;2025
1020;2.18.02.1.01.0001;Penetapan Kebijakan Daerah dalam Pemberian Fasilitas/Insentif dan Kemudahan Penanaman Modal;28;19977250;2025
1020;2.18.02.1.01.0003;Fasilitasi Kemitraan yang dilakukan oleh Pemerintah Provinsi;28;79588900;2025
1020;2.18.02.1.01.0004;Rekomendasi Kebijakan Sektor Usaha yang Regulasinya Diharmonisasi Terkait Perizinan Berusaha Berbasis Resiko;28;68448800;2025
1021;2.18.02.1.02.0001;Penyusunan Rencana Umum Penanaman Modal Daerah Provinsi;28;229873600;2025
1021;2.18.02.1.02.0003;Pemutakhiran data potensi investasi daerah pada Sistem PIR (Potensi Investasi Regional);28;0;2025
1021;2.18.02.1.02.0005;Penyusunan Peta Potensi Investasi Provinsi;28;267211650;2025
1022;2.18.03.1.01.0002;Pelaksanaan Kegiatan Promosi Penanaman Modal Kewenangan Provinsi;28;350229402;2025
1022;2.18.03.1.01.0003;Penyusunan Strategi Promosi Penanaman Modal Kewenangan Provinsi;28;91292850;2025
1023;2.18.04.1.01.0006;Penyediaan Pelayanan Perizinan Berusaha melalui Sistem Perizinan Berusaha Berbasis Risiko Terintegrasi secara Elektronik;28;400698640;2025
1023;2.18.04.1.01.0007;Pemantauan, Analisis, Evaluasi, dan Pelaporan di Bidang Perizinan Berusaha Berbasis Risiko;28;218989700;2025
1023;2.18.04.1.01.0008;Penyediaan dan Pengelolaan Layanan Konsultasi Perizinan Berusaha Berbasis Risiko;28;200009550;2025
1024;2.18.04.1.02.0005;Koordinasi dan Sinkronisasi Penetapan Pemberian Fasilitas/Insentif Daerah;28;30425650;2025
1025;2.18.05.1.01.0004;Pengawasan Penanaman Modal;28;140470800;2025
1025;2.18.05.1.01.0005;Penyelesaian Permasalahan dan Hambatan yang dihadapi Pelaku Usaha dalam merealisasikan Kegiatan Usahanya;28;125268500;2025
1025;2.18.05.1.01.0006;Bimbingan Teknis kepada Pelaku Usaha;28;145495000;2025
1026;2.18.06.1.01.0002;Pengolahan, Penyajian dan Pemanfaatan Data dan Informasi Perizinan  Berbasis Sistem Pelayanan Perizinan Berusaha Terintegrasi secara Elektronik;28;337972700;2025
1027;1.01.01.1.01.0001;Penyusunan Dokumen Perencanaan Perangkat Daerah;10;2346213400;2025
1027;1.01.01.1.01.0002;Koordinasi dan Penyusunan Dokumen RKA- SKPD;10;41250000;2025
1027;1.01.01.1.01.0006;Koordinasi dan Penyusunan Laporan Capaian Kinerja dan Ikhtisar Realisasi Kinerja SKPD;10;3500055000;2025
1027;1.01.01.1.01.0007;Evaluasi Kinerja Perangkat Daerah;10;899999937;2025
1028;1.01.01.1.02.0001;Penyediaan Gaji dan Tunjangan ASN;10;640135415206;2025
1028;1.01.01.1.02.0004;Koordinasi dan Pelaksanaan Akuntansi SKPD;10;133071500;2025
1029;1.01.01.1.03.0005;Rekonsiliasi dan Penyusunan Laporan Barang Milik Daerah pada SKPD;10;399999800;2025
1030;1.01.01.1.06.0002;Penyediaan Peralatan dan Perlengkapan Kantor;10;9812625;2025
1030;1.01.01.1.06.0009;Penyelenggaraan Rapat Koordinasi dan Konsultasi SKPD;10;1693022515;2025
1031;1.01.01.1.08.0004;Penyediaan Jasa Pelayanan Umum Kantor;10;8558890636;2025
1032;1.01.01.1.09.0001;Penyediaan Jasa Pemeliharaan, Biaya Pemeliharaan dan Pajak Kendaraan Perorangan Dinas atau Kendaraan Dinas Jabatan;10;199130000;2025
1032;1.01.01.1.09.0006;Pemeliharaan Peralatan dan Mesin Lainnya;10;95576400;2025
1033;1.01.02.1.01.0014;Pembangunan Sarana, Prasarana dan Utilitas Sekolah;10;605499985;2025
1033;1.01.02.1.01.0038;Pengadaan Perlengkapan Sekolah;10;1349999850;2025
1033;1.01.02.1.01.0043;Pemeliharaan Rutin Sarana, Prasarana dan Utilitas Sekolah;10;500305200;2025
1033;1.01.02.1.01.0045;Penyediaan Biaya Personil Peserta Didik Sekolah Menengah Atas;10;999999950;2025
1033;1.01.02.1.01.0049;Pembinaan Minat, Bakat dan Kreativitas Siswa;10;755137800;2025
1033;1.01.02.1.01.0051;Pengembangan Karir Pendidik dan Tenaga Kependidikan Pada Satuan Pendidikan Sekolah Menengah Atas;10;17760000;2025
1033;1.01.02.1.01.0052;Pembinaan Kelembagaan dan Manajemen Sekolah Menengah Atas;10;2574326700;2025
1033;1.01.02.1.01.0053;Pengelolaan Dana BOS Sekolah Menengah Atas;10;15955717600;2025
1033;1.01.02.1.01.0057;Pembinaan Penggunaan Teknologi, Informasi dan Komunikasi (TIK) untuk Pendidikan;10;116512000;2025
1033;1.01.02.1.01.0060;Koordinasi, Perencanaan, Supervisi dan Evaluasi Layanan di Bidang Pendidikan;10;1699999700;2025
1033;1.01.02.1.01.0068;Rehabilitasi sedang/berat Sarana, Prasarana dan Utilitas Sekolah;10;2499999975;2025
1034;1.01.02.1.02.0004;Pembangunan Ruang Praktik Siswa;10;489882175;2025
1034;1.01.02.1.02.0010;Pembangunan Sarana, Prasarana dan Utilitas Sekolah;10;86754000;2025
1034;1.01.02.1.02.0030;Pengadaan Perlengkapan Sekolah;10;200061050;2025
1034;1.01.02.1.02.0035;Pemeliharaan Rutin Sarana, Prasarana dan Utilitas Sekolah;10;200046800;2025
1034;1.01.02.1.02.0037;Penyediaan Biaya Personil Peserta Didik Sekolah Menengah Kejuruan;10;1049999950;2025
1034;1.01.02.1.02.0041;Pembinaan Minat, Bakat dan Kreativitas Siswa;10;609800150;2025
1034;1.01.02.1.02.0043;Pengembangan Karir Pendidik dan Tenaga Kependidikan pada Satuan Pendidikan Sekolah Menengah Kejuruan;10;517760000;2025
1034;1.01.02.1.02.0045;Pembinaan Kelembagaan dan Manajemen Sekolah Menengah Kejuruan;10;1246669650;2025
1034;1.01.02.1.02.0046;Pengelolaan Dana BOS Sekolah Menengah Kejuruan;10;8044282400;2025
1034;1.01.02.1.02.0050;Pembinaan Penggunaan Teknologi, Informasi dan Komunikasi (TIK) untuk Pendidikan;10;116512000;2025
1034;1.01.02.1.02.0053;Koordinasi, Perencanaan, Supervisi dan Evaluasi Layanan di Bidang Pendidikan;10;199999700;2025
1034;1.01.02.1.02.0054;Sosialisasi dan Advokasi Kebijakan Bidang Pendidikan;10;999999950;2025
1034;1.01.02.1.02.0069;Rehabilitasi sedang/berat Ruang Kelas Sekolah;10;149891800;2025
1035;1.01.02.1.03.0008;Pembangunan Sarana, Prasarana dan Utilitas Sekolah;10;30150100;2025
1035;1.01.02.1.03.0044;Penyediaan Biaya Personil Peserta Didik Pendidikan Khusus;10;258039900;2025
1035;1.01.02.1.03.0048;Pembinaan Minat, Bakat dan Kreativitas Siswa;10;352046100;2025
1035;1.01.02.1.03.0049;Penyediaan Pendidik dan Tenaga Kependidikan bagi Satuan Pendidikan Khusus;10;180756000;2025
1035;1.01.02.1.03.0050;Pengembangan Karir Pendidik dan Tenaga Kependidikan pada Satuan Pendidikan Khusus;10;416952350;2025
1035;1.01.02.1.03.0051;Pembinaan Kelembagaan dan Manajemen Sekolah Pendidikan Khusus;10;5611819300;2025
1035;1.01.02.1.03.0052;Pengelolaan Dana BOS Sekolah Pendidikan Khusus;10;249945000;2025
1035;1.01.02.1.03.0056;Pembinaan Penggunaan Teknologi, Informasi dan Komunikasi (TIK) untuk Pendidikan;10;44302000;2025
1035;1.01.02.1.03.0059;Koordinasi, Perencanaan, Supervisi dan Evaluasi Layanan di Bidang Pendidikan;10;478536300;2025
1036;1.01.03.1.01.0006;Penyusunan model-model pembelajaran inovatif Pendidikan Menengah;10;2365416800;2025
1037;1.01.04.1.01.0001;Perhitungan dan Pemetaan Pendidik dan Tenaga Kependidikan Satuan Pendidikan Menengah dan Pendidikan Khusus;10;277117650;2025
1037;1.01.04.1.01.0002;Penataan Pendistribusian Pendidik dan Tenaga Kependidikan Satuan Pendidikan Menengah dan Pendidikan Khusus;10;357465550;2025
1038;2.14.01.1.01.0001;Penyusunan Dokumen Perencanaan Perangkat Daerah;24;30278350;2025
1039;2.14.01.1.02.0001;Penyediaan Gaji dan Tunjangan ASN;24;7005251131;2025
1039;2.14.01.1.02.0002;Penyediaan Administrasi Pelaksanaan Tugas ASN;24;1016550000;2025
1039;2.14.01.1.02.0005;Koordinasi dan Penyusunan Laporan Keuangan Akhir Tahun SKPD;24;46960000;2025
1040;2.14.01.1.05.0001;Peningkatan Sarana dan Prasarana Disiplin Pegawai;24;0;2025
1040;2.14.01.1.05.0002;Pengadaan Pakaian Dinas Beserta Atribut Kelengkapannya;24;75975400;2025
1040;2.14.01.1.05.0003;Pendataan dan Pengolahan Administrasi Kepegawaian;24;0;2025
1040;2.14.01.1.05.0005;Monitoring, Evaluasi, dan Penilaian Kinerja Pegawai;24;0;2025
1040;2.14.01.1.05.0009;Pendidikan dan Pelatihan Pegawai Berdasarkan Tugas dan Fungsi;24;0;2025
1040;2.14.01.1.05.0010;Sosialisasi Peraturan Perundang-Undangan;24;15500000;2025
1040;2.14.01.1.05.0011;Bimbingan Teknis Implementasi Peraturan Perundang-Undangan;24;136235000;2025
1041;2.14.01.1.06.0002;Penyediaan Peralatan dan Perlengkapan Kantor;24;172922555;2025
1041;2.14.01.1.06.0005;Penyediaan Barang Cetakan dan Penggandaan;24;67283950;2025
1041;2.14.01.1.06.0009;Penyelenggaraan Rapat Koordinasi dan Konsultasi SKPD;24;1143627550;2025
1042;2.14.01.1.07.0002;Pengadaan Kendaraan Dinas Operasional atau Lapangan;24;44440000;2025
1042;2.14.01.1.07.0006;Pengadaan Peralatan dan Mesin Lainnya;24;206292900;2025
1042;2.14.01.1.07.0011;Pengadaan Sarana dan Prasarana Pendukung Gedung Kantor atau Bangunan Lainnya;24;63936333;2025
1043;2.14.01.1.08.0002;Penyediaan Jasa Komunikasi, Sumber Daya Air dan Listrik;24;376969574;2025
1043;2.14.01.1.08.0004;Penyediaan Jasa Pelayanan Umum Kantor;24;0;2025
1044;2.14.01.1.09.0002;Penyediaan Jasa Pemeliharaan, Biaya Pemeliharaan, Pajak dan Perizinan Kendaraan Dinas Operasional atau Lapangan;24;290650000;2025
1044;2.14.01.1.09.0006;Pemeliharaan Peralatan dan Mesin Lainnya;24;26080000;2025
1044;2.14.01.1.09.0010;Pemeliharaan/Rehabilitasi Sarana dan Prasarana Gedung Kantor atau Bangunan Lainnya;24;25000000;2025
1045;2.14.02.1.01.0003;Advokasi dan Sosialisasi GDPK;24;143479650;2025
1045;2.14.02.1.01.0015;Advokasi dan Sosialisasi Pembentukan Rumah Data Kependudukan di Kampung KB Untuk Memperkuat Integrasi Program Bangga Kencana dan Sektor Lain;24;48986000;2025
1045;2.14.02.1.01.0016;Implementasi Pendidikan Kependudukan Jalur Formal, Nonformal dan Informal Pada Jenjang SLTA-MA melalui Sekolah Siaga Kependudukan/SSK dan Pojok Kependudukan/PJK;24;45650000;2025
1046;2.14.02.1.02.0008;Pemetaan Program Pembangunan Keluarga, Kependudukan, dan Keluarga Berencana (Bangga Kencana);24;161175300;2025
1046;2.14.02.1.02.0010;Penyusunan Profil program Pembangunan Keluarga, Kependudukan, dan Keluarga Berencana (Bangga Kencana);24;79164150;2025
1047;2.14.03.1.01.0006;Pengembangan Strategi Operasional Promosi dan Konseling Kesehatan Reproduksi Sesuai dengan Kearifan Budaya Lokal;24;60069050;2025
1047;2.14.03.1.01.0010;Fasilitasi Kerja Sama dengan Stakeholders dan Mitra Kerja dalam Pelaksanaan Advokasi, Promosi dan KIE Program Bangga Kencana;24;62352550;2025
1047;2.14.03.1.01.0011;Penggunaan Media Massa Cetak dan Elektronik Serta Media Luar Ruang untuk Advokasi, Promosi dan KIE Program Bangga Kencana Sesuai Kearifan Budaya Lokal;24;0;2025
1048;2.14.03.1.02.0002;Peningkatan Peran Serta dan Kerja Sama Organisasi KeMasyarakatan dalam Pelayanan dan Pembinaan Kesertaan Ber-KB;24;217918400;2025
1049;2.14.04.1.01.0003;Pembinaan Ketahanan dan Kesejahteraan Keluarga;24;40275200;2025
1049;2.14.04.1.01.0009;Penyediaan Kebijakan dalam rangka Penyiapan Pengasuhan 1000 Hari Pertama Kelahiran (HPK);24;75050000;2025
1049;2.14.04.1.01.0016;Penumbuhan dan Peningkatan Kesadaran Keluarga dalam Keterlibatan Perencanaan Kehidupan Menuju Keluarga Berkualitas;24;26442850;2025
1049;2.14.04.1.01.0017;Pelaksanaan Fasilitasi, Pembimbingan, Pengembangan, dan Penguatan Penyiapan Pengasuhan 1000 HPK;24;35498000;2025
1049;2.14.04.1.01.0018;Pengembangan dan Perbanyakan Materi Substansi Pusat Informasi Konseling-Remaja (PIK-R), Media Promosi, Alat Permainan Edukatif Remaja, dan Sarana Prasarana Lainnya yang Dibutuhkan;24;0;2025
1049;2.14.04.1.01.0019;Sosialisasi dan Pembinaan Remaja tentang Generasi Berencana;24;90389750;2025
1049;2.14.04.1.01.0021;Peningkatan Kapasitas Pengelola dan Pelaksana Pusat Informasi Konseling-Remaja (PIK-R);24;79993700;2025
1049;2.14.04.1.01.0022;Advokasi, Sosialisasi dan Promosi Indeks Pembangunan Keluarga (iBangga) Tingkat Provinsi dan Kabupaten/Kota;24;42241800;2025
1049;2.14.04.1.01.0023;Pelaksanaan Koordinasi Evaluasi Pencapaian iBangga (Indeks Pembangunan Keluarga);24;0;2025
1050;2.14.04.1.02.0001;Pengelolaan Ketahanan Keluarga Melalui Pusat Pelayanan Keluarga Sejahtera (PPKS);24;50448600;2025
1050;2.14.04.1.02.0003;Sosialisasi dan Promosi Tentang Pemberdayaan Ekonomi Keluarga dan Pengelolaan Keuangan Keluarga;24;299999900;2025
1050;2.14.04.1.02.0008;Peningkatan Kapasitas Mitra dan Organisasi Kemasyarakatan dalam Pengelolaan Program Ketahanan Keluarga Melalui Bina Keluarga Balita (BKB), Bina Keluarga Remaja (BKR), Bina Keluarga Lansia (BKL),  Usaha Peningkatan Pendapatan Keluarga Akseptor (UPPKA) dan Pemberdayaan Ekonomi Keluarga;24;0;2025
1051;2.15.01.1.01.0001;Penyusunan Dokumen Perencanaan Perangkat Daerah;25;205708500;2025
1051;2.15.01.1.01.0007;Evaluasi Kinerja Perangkat Daerah;25;38171000;2025
1051;2.15.01.1.01.0011;Penyusunan Dokumen Perencanaan Urusan Selain Renstra PD dan Renja PD;25;1105250000;2025
1052;2.15.01.1.02.0001;Penyediaan Gaji dan Tunjangan ASN;25;12482291611;2025
1052;2.15.01.1.02.0002;Penyediaan Administrasi Pelaksanaan Tugas ASN;25;303840000;2025
1053;2.15.01.1.03.0005;Rekonsiliasi dan Penyusunan Laporan Barang Milik Daerah pada SKPD;25;44290000;2025
1054;2.15.01.1.05.0002;Pengadaan Pakaian Dinas Beserta Atribut Kelengkapannya;25;94600000;2025
1054;2.15.01.1.05.0009;Pendidikan dan Pelatihan Pegawai Berdasarkan Tugas dan Fungsi;25;131416801;2025
1055;2.15.01.1.06.0001;Penyediaan Komponen Instalasi Listrik/Penerangan Bangunan Kantor;25;18901960;2025
1055;2.15.01.1.06.0002;Penyediaan Peralatan dan Perlengkapan Kantor;25;439092193;2025
1055;2.15.01.1.06.0003;Penyediaan Peralatan Rumah Tangga;25;41244643;2025
1055;2.15.01.1.06.0005;Penyediaan Barang Cetakan dan Penggandaan;25;42370250;2025
1055;2.15.01.1.06.0009;Penyelenggaraan Rapat Koordinasi dan Konsultasi SKPD;25;467682500;2025
1056;2.15.01.1.07.0001;Pengadaan Kendaraan Perorangan Dinas atau Kendaraan Dinas Jabatan;25;88880000;2025
1056;2.15.01.1.07.0005;Pengadaan Mebel;25;116478846;2025
1056;2.15.01.1.07.0009;Pengadaan Gedung Kantor atau Bangunan Lainnya;25;2000000000;2025
1056;2.15.01.1.07.0010;Pengadaan Sarana dan Prasarana Gedung Kantor atau Bangunan Lainnya;25;50077200;2025
1056;2.15.01.1.07.0011;Pengadaan Sarana dan Prasarana Pendukung Gedung Kantor atau Bangunan Lainnya;25;0;2025
1057;2.15.01.1.08.0001;Penyediaan Jasa Surat Menyurat;25;16751000;2025
1057;2.15.01.1.08.0002;Penyediaan Jasa Komunikasi, Sumber Daya Air dan Listrik;25;345057516;2025
1057;2.15.01.1.08.0003;Penyediaan Jasa Peralatan dan Perlengkapan Kantor;25;176770000;2025
1057;2.15.01.1.08.0004;Penyediaan Jasa Pelayanan Umum Kantor;25;1270500000;2025
1058;2.15.01.1.09.0002;Penyediaan Jasa Pemeliharaan, Biaya Pemeliharaan, Pajak dan Perizinan Kendaraan Dinas Operasional atau Lapangan;25;467570000;2025
1058;2.15.01.1.09.0006;Pemeliharaan Peralatan dan Mesin Lainnya;25;12790000;2025
1058;2.15.01.1.09.0009;Pemeliharaan/Rehabilitasi Gedung Kantor dan Bangunan Lainnya;25;160760000;2025
1058;2.15.01.1.09.0010;Pemeliharaan/Rehabilitasi Sarana dan Prasarana Gedung Kantor atau Bangunan Lainnya;25;173460000;2025
1059;2.15.02.1.01.0001;Pelaksanaan Penyusunan Rencana Induk Jaringan LLAJ Provinsi;25;0;2025
1059;2.15.02.1.01.0004;Penetapan dan Sosialisasi Rencana Aksi Keselamatan Lalu Lintas dan Angkutan Jalan Provinsi;25;43489010;2025
1060;2.15.02.1.02.0002;Penyediaan Perlengkapan Jalan di Jalan Provinsi;25;4570010473;2025
1060;2.15.02.1.02.0004;Rehabilitasi dan Pemeliharaan Perlengkapan Jalan;25;319000000;2025
1061;2.15.02.1.03.0007;Revitalisasi Terminal Tipe B (Fasilitas Utama dan Penunjang);25;0;2025
1061;2.15.02.1.03.0011;Rehabilitasi dan Pemeliharaan Terminal Tipe B (Fasilitas Utama dan Penunjang);25;0;2025
1062;2.15.02.1.05.0001;Penataan Manajemen dan Rekayasa Lalu Lintas Untuk Jaringan Jalan Provinsi;25;114000000;2025
1062;2.15.02.1.05.0005;Forum Lalu Lintas dan Angkutan Jalan untuk Jaringan Jalan Provinsi;25;45638010;2025
1063;2.15.02.1.06.0004;Pengawasan Pelaksanaan Rekomendasi Andalalin;25;73219000;2025
1064;2.15.02.1.07.0001;Peningkatan Kapasitas Auditor dan Inspektor LLAJ;25;24400000;2025
1064;2.15.02.1.07.0003;Pelaksanaan Inspeksi, Audit dan Pemantauan Terminal;25;43752500;2025
1064;2.15.02.1.07.0004;Pelaksanaan Inspeksi, Audit dan Pemantauan Pemenuhan Persyaratan Penyelenggaraan Kompetensi Pengemudi Kendaraan Bermotor Provinsi;25;304417559;2025
1064;2.15.02.1.07.0005;Pelaksanaan Inspeksi, Audit dan Pemantauan Sistem Manajemen Keselamatan Perusahaan Angkutan Umum;25;481105800;2025
1064;2.15.02.1.07.0015;Pelaksanaan Pengawasan Melalui Uji Petik terhadap Unit Pelaksana Uji Berkala Kendaraan Bermotor Inspeksi, Audit dan Pemantauan Unit Pelaksana Uji Berkala Kendaraan Bermotor;25;43200000;2025
1065;2.15.02.1.08.0002;Pengendalian dan Pengawasan Ketersediaan Angkutan Umum untuk Jasa Angkutan Orang dan/atau Barang Antar Kota dalam 1 (satu) Provinsi;25;16563500;2025
1066;2.15.02.1.10.0001;Perumusan Kebijakan Rencana Umum Jaringan Trayek Antarkota Kewenangan Provinsi;25;14724000;2025
1067;2.15.02.1.15.0001;Analisis Tarif Kelas Ekonomi Angkutan Orang dan Angkutan Perkotaan dan Perdesaan dalam 1 (satu) Daerah Provinsi;25;19710000;2025
1067;2.15.02.1.15.0003;Pengendalian dan Pengawasan Tarif Kelas Ekonomi Angkutan Orang dan Angkutan Perkotaan dan Perdesaan dalam 1 (satu) Daerah Provinsi;25;41032500;2025
1068;2.15.03.1.01.0001;Fasilitasi Pemenuhan Persyaratan Perolehan Izin Usaha Angkutan Laut Kewenangan Provinsi dalam Sistem Pelayanan Perizinan Berusaha Terintegrasi Secara Elektronik;25;25808500;2025
1068;2.15.03.1.01.0002;Koordinasi dan Sinkronisasi Pengawasan Pelaksanaan Izin Usaha Angkutan Laut Kewenangan Provinsi;25;46962000;2025
1069;2.15.03.1.02.0001;Fasilitasi Pemenuhan Persyaratan Perolehan Izin Angkutan Laut Pelayaran Rakyat Kewenangan Provinsi dalam Sistem Pelayanan Perizinan Berusaha Terintegrasi Secara Elektronik;25;15579050;2025
1070;2.15.03.1.03.0002;Koordinasi dan Sinkronisasi Pengawasan Pelaksanaan Izin Usaha Angkutan Sungai dan Danau untuk Kapal yang Melayani Trayek Kewenangan Provinsi;25;9756000;2025
1071;2.15.03.1.05.0004;Pengendalian dan Pengawasan Jaringan Lintas Sungai, Danau dan Penyeberangan dan Persetujuan Pengoperasian Angkutan Sungai, Danau dan Penyeberangan Lintas Pelabuhan antar Daerah Kabupaten/Kota dalam Daerah Provinsi;25;10100000;2025
1072;2.15.03.1.06.0002;Koordinasi dan Sinkronisasi Pengawasan Pelaksanaan Izin Usaha Jasa Terkait Berupa Bongkar Muat Barang, Jasa Pengurusan Transportasi, Angkutan Perairan Pelabuhan, Penyewaan Peralatan Angkutan Laut atau Peralatan Jasa Terkait dengan Angkutan Laut, Tally Mandiri, dan Depo Peti Kemas;25;191644684;2025
1073;2.15.03.1.07.0001;Analisis Tarif Angkutan Penyeberangan Penumpang Kelas Ekonomi dan Kendaraan Beserta Muatannya pada Lintas Penyeberangan antar Daerah Kabupaten/Kota;25;12600000;2025
1074;2.15.03.1.08.0001;Pelaksanaan Penyusunan Rencana Induk dan Daerah Lingkungan Kerja (DLKR)/Daerah Lingkungan Kepentingan (DLKP) Pelabuhan Pengumpan Regional;25;304477500;2025
1074;2.15.03.1.08.0003;Pengendalian Pelaksanaan Rencana Induk dan Daerah Lingkungan Kerja (DLKR)/Daerah Lingkungan Kepentingan (DLKP) Pelabuhan Pengumpan Regional;25;11989700;2025
1075;2.15.03.1.09.0002;Pembangunan Pelabuhan Pengumpan Regional;25;0;2025
1075;2.15.03.1.09.0003;Pengoperasian dan Pemeliharaan Pelabuhan Pengumpan Regional;25;0;2025
1075;2.15.03.1.09.0004;Pengawasan Pengoperasian Pelabuhan Pengumpan Regional;25;32347500;2025
1076;2.15.03.1.10.0003;Pengoperasian dan Pemeliharaan Pelabuhan Sungai dan Danau yang Melayani Trayek Lintas Daerah Kabupaten/Kota dalam 1 (satu) Daerah Provinsi;25;8400000000;2025
1076;2.15.03.1.10.0008;Pengawasan Pengoperasian Pelabuhan Sungai, Danau dan Penyeberangan yang Melayani Trayek antar Daerah Kabupaten/Kota dalam 1 (satu) Daerah Provinsi;25;78116000;2025
1077;2.15.05.1.01.0001;Pelaksanaan Penyusunan Rencana Induk Perkeretaapian;25;0;2025
1078;2.15.05.1.02.0002;Koordinasi dan Sinkronisasi Pengawasan Pelaksanaan Izin Usaha, Izin Pembangunan dan Izin Operasi Prasarana Perkeretaapian Umum yang Jaringan Jalurnya Melintasi Batas Daerah;25;14694000;2025
1079;3.30.01.1.01.0001;Penyusunan Dokumen Perencanaan Perangkat Daerah;35;672484150;2025
1079;3.30.01.1.01.0002;Koordinasi dan Penyusunan Dokumen RKA- SKPD;35;12825000;2025
1079;3.30.01.1.01.0003;Koordinasi dan Penyusunan Dokumen Perubahan RKA-SKPD;35;6050000;2025
1079;3.30.01.1.01.0004;Koordinasi dan Penyusunan DPA-SKPD;35;5725100;2025
1079;3.30.01.1.01.0005;Koordinasi dan Penyusunan Perubahan DPA- SKPD;35;3750200;2025
1079;3.30.01.1.01.0006;Koordinasi dan Penyusunan Laporan Capaian Kinerja dan Ikhtisar Realisasi Kinerja SKPD;35;0;2025
1079;3.30.01.1.01.0007;Evaluasi Kinerja Perangkat Daerah;35;101695900;2025
1080;3.30.01.1.02.0001;Penyediaan Gaji dan Tunjangan ASN;35;12614592400;2025
1080;3.30.01.1.02.0002;Penyediaan Administrasi Pelaksanaan Tugas ASN;35;2093400000;2025
1080;3.30.01.1.02.0003;Pelaksanaan Penatausahaan dan Pengujian/Verifikasi Keuangan SKPD;35;411217850;2025
1080;3.30.01.1.02.0004;Koordinasi dan Pelaksanaan Akuntansi SKPD;35;160825200;2025
1080;3.30.01.1.02.0005;Koordinasi dan Penyusunan Laporan Keuangan Akhir Tahun SKPD;35;49787950;2025
1080;3.30.01.1.02.0006;Pengelolaan dan Penyiapan Bahan Tanggapan Pemeriksaan;35;98649000;2025
1080;3.30.01.1.02.0007;Koordinasi dan Penyusunan Laporan Keuangan Bulanan/ Triwulanan/Semesteran SKPD;35;59528500;2025
1080;3.30.01.1.02.0008;Penyusunan Pelaporan dan Analisis Prognosis Realisasi Anggaran;35;55929500;2025
1081;3.30.01.1.03.0002;Pengamanan Barang Milik Daerah SKPD;35;90340000;2025
1081;3.30.01.1.03.0004;Pembinaan, Pengawasan, dan Pengendalian Barang Milik Daerah pada SKPD;35;68316000;2025
1081;3.30.01.1.03.0005;Rekonsiliasi dan Penyusunan Laporan Barang Milik Daerah pada SKPD;35;32599700;2025
1081;3.30.01.1.03.0006;Penatausahaan Barang Milik Daerah pada SKPD;35;63838000;2025
1082;3.30.01.1.05.0002;Pengadaan Pakaian Dinas Beserta Atribut Kelengkapannya;35;50025000;2025
1082;3.30.01.1.05.0003;Pendataan dan Pengolahan Administrasi Kepegawaian;35;58431100;2025
1082;3.30.01.1.05.0009;Pendidikan dan Pelatihan Pegawai Berdasarkan Tugas dan Fungsi;35;78240000;2025
1082;3.30.01.1.05.0010;Sosialisasi Peraturan Perundang-Undangan;35;6600000;2025
1083;3.30.01.1.06.0001;Penyediaan Komponen Instalasi Listrik/Penerangan Bangunan Kantor;35;16464006;2025
1083;3.30.01.1.06.0002;Penyediaan Peralatan dan Perlengkapan Kantor;35;102018910;2025
1083;3.30.01.1.06.0004;Penyediaan Bahan Logistik Kantor;35;112512210;2025
1083;3.30.01.1.06.0005;Penyediaan Barang Cetakan dan Penggandaan;35;81366900;2025
1083;3.30.01.1.06.0006;Penyediaan Bahan Bacaan dan Peraturan Perundang-Undangan;35;33600000;2025
1083;3.30.01.1.06.0008;Fasilitasi Kunjungan Tamu;35;12805000;2025
1083;3.30.01.1.06.0009;Penyelenggaraan Rapat Koordinasi dan Konsultasi SKPD;35;350656250;2025
1084;3.30.01.1.07.0001;Pengadaan Kendaraan Perorangan Dinas atau Kendaraan Dinas Jabatan;35;344960000;2025
1084;3.30.01.1.07.0002;Pengadaan Kendaraan Dinas Operasional atau Lapangan;35;0;2025
1084;3.30.01.1.07.0005;Pengadaan Mebel;35;27990000;2025
1084;3.30.01.1.07.0006;Pengadaan Peralatan dan Mesin Lainnya;35;136107800;2025
1084;3.30.01.1.07.0009;Pengadaan Gedung Kantor atau Bangunan Lainnya;35;0;2025
1084;3.30.01.1.07.0010;Pengadaan Sarana dan Prasarana Gedung Kantor atau Bangunan Lainnya;35;0;2025
1085;3.30.01.1.08.0001;Penyediaan Jasa Surat Menyurat;35;15798000;2025
1085;3.30.01.1.08.0002;Penyediaan Jasa Komunikasi, Sumber Daya Air dan Listrik;35;729833854;2025
1085;3.30.01.1.08.0003;Penyediaan Jasa Peralatan dan Perlengkapan Kantor;35;0;2025
1085;3.30.01.1.08.0004;Penyediaan Jasa Pelayanan Umum Kantor;35;240485772;2025
1086;3.30.01.1.09.0001;Penyediaan Jasa Pemeliharaan, Biaya Pemeliharaan dan Pajak Kendaraan Perorangan Dinas atau Kendaraan Dinas Jabatan;35;473361200;2025
1086;3.30.01.1.09.0002;Penyediaan Jasa Pemeliharaan, Biaya Pemeliharaan, Pajak dan Perizinan Kendaraan Dinas Operasional atau Lapangan;35;50600000;2025
1086;3.30.01.1.09.0005;Pemeliharaan Mebel;35;0;2025
1086;3.30.01.1.09.0006;Pemeliharaan Peralatan dan Mesin Lainnya;35;361840000;2025
1086;3.30.01.1.09.0009;Pemeliharaan/Rehabilitasi Gedung Kantor dan Bangunan Lainnya;35;0;2025
1086;3.30.01.1.09.0010;Pemeliharaan/Rehabilitasi Sarana dan Prasarana Gedung Kantor atau Bangunan Lainnya;35;88005000;2025
1087;3.30.02.1.01.0001;Fasilitasi Pemenuhan Komitmen SIUP-MB Toko Bebas Bea dan Rekomendasi SIUP-MB bagi Distributor melalui Sistem Pelayanan Perizinan Berusaha Terintegrasi Secara Elektronik;35;0;2025
1088;3.30.02.1.02.0001;Fasilitasi Perizinan Berusaha Terintegrasi secara Elektronik;35;72809000;2025
1089;3.30.02.1.03.0002;Pemeriksaan Sarana Distribusi Bahan Berbahaya;35;0;2025
1089;3.30.02.1.03.0003;Pengawasan Distribusi, Pengemasan dan Pelabelan Bahan Berbahaya;35;0;2025
1090;3.30.02.1.04.0001;Koordinasi dan Sinkronisasi Layanan Penerbitan SKA;35;296500350;2025
1091;3.30.03.1.01.0002;Pembinaan dan Pengendalian Pusat Distribusi Regional dan Pusat Distribusi Provinsi;35;121503900;2025
1091;3.30.03.1.01.0003;Penataan, Pembinaan, dan Pengembangan Pasar Lelang Komoditas;35;55957800;2025
1091;3.30.03.1.01.0004;Pelaksanaan kegiatan fasilitasi dalam rangka implementasi SRG di masing-masing kabupaten/kota dalam provinsi;35;50000000;2025
1092;3.30.04.1.01.0001;Koordinasi dan Sinkronisasi Ketersediaan Barang Kebutuhan Pokok di Tingkat Distributor dan Sub Distributor;35;79266100;2025
1092;3.30.04.1.01.0002;Koordinasi dan Sinkronisasi Ketersediaan Barang Penting di Tingkat Distributor dan Sub Distributor;35;49999700;2025
1093;3.30.04.1.02.0001;Pemantauan Harga dan Stok Barang Kebutuhan Pokok dan Barang Penting pada Pelaku Usaha Distribusi Barang Lintas Kabupaten/Kota;35;261768650;2025
1093;3.30.04.1.02.0002;Operasi Pasar dalam rangka Stabilisasi Harga Pangan Pokok yang Dampaknya Beberapa Daerah Kabupaten/Kota dalam 1 (satu) Daerah Provinsi;35;1217754500;2025
1094;3.30.04.1.03.0004;Koordinasi dan Sinkronisasi Pengawasan Pupuk Bersubsidi dan Pestisida;35;99749800;2025
1095;3.30.05.1.01.0001;Pameran Dagang Internasional/Nasional;35;391337000;2025
1095;3.30.05.1.01.0002;Pameran Dagang Lokal;35;130987400;2025
1095;3.30.05.1.01.0004;Peningkatan Citra Produk Ekspor;35;214915500;2025
1096;3.30.06.1.01.0001;Pemberdayaan Konsumen dan Kelembagaan Perlindungan Konsumen;35;875599800;2025
1096;3.30.06.1.01.0002;Peningkatan Hubungan Kerja dengan Lembaga Perlindungan Konsumen;35;45304700;2025
1096;3.30.06.1.01.0003;Koordinasi dan Sinkronisasi Penanganan dan Penyelesaian Sengketa Konsumen;35;125710000;2025
1097;3.30.06.1.02.0004;Pengembangan Layanan Kalibrasi;35;127487250;2025
1097;3.30.06.1.02.0005;Pengembangan Layanan Pengujian;35;300566064;2025
1097;3.30.06.1.02.0006;Pemantauan Mutu Produk;35;135165825;2025
1097;3.30.06.1.02.0007;Pengembangan Layanan Sertifikasi/Lembaga Inspeksi;35;87006500;2025
1098;3.30.06.1.03.0003;Peningkatan Kapasitas dan Pelaksanaan Pengawasan Barang Beredar dan/atau Jasa serta Kegiatan Perdagangan  sesuai Parameter Ketentuan Perlindungan Konsumen dan Tertib Niaga;35;169890600;2025
1098;3.30.06.1.03.0004;Fasilitasi Penanganan terhadap Pelanggaran Atas Ketentuan Perlindungan Konsumen dan Tertib Niaga;35;78914800;2025
1099;3.30.07.1.01.0002;Fasilitasi Promosi Penggunaan Produk Dalam Negeri di Tingkat Provinsi;35;49999800;2025
1100;3.30.07.1.02.0002;Fasilitasi Pemasaran Penggunaan Produk Dalam Negeri di Tingkat Provinsi;35;203041750;2025
1101;3.30.07.1.03.0002;Sosialisasi Peningkatan Penggunaan Produk Dalam Negeri;35;48472000;2025
1102;3.31.02.1.01.0001;Penyusunan Rencana Pembangunan Industri Provinsi;35;317289200;2025
1102;3.31.02.1.01.0002;Koordinasi, Sinkronisasi, dan Pelaksanaan Kebijakan Percepatan Pengembangan, Penyebaran dan Perwilayahan Industri;35;63725250;2025
1102;3.31.02.1.01.0003;Koordinasi, Sinkronisasi, dan Pelaksanaan Pembangunan Sumber Daya Industri;35;373999850;2025
1102;3.31.02.1.01.0004;Koordinasi, Sinkronisasi, dan Pelaksanaan Pembangunan Sarana dan Prasarana Industri;35;253981000;2025
1102;3.31.02.1.01.0005;Koordinasi, Sinkronisasi, dan Pelaksanaan Pemberdayaan Industri dan Peran Serta Masyarakat;35;1409584498;2025
1102;3.31.02.1.01.0006;Evaluasi terhadap Pelaksanaan Rencana Pembangunan Industri;35;219999900;2025
1103;3.31.03.1.01.0003;Koordinasi dan Sinkronisasi Pengawasan terhadap Perizinan Berusaha sektor perindustrian yang menjadi kewenangan Provinsi;35;145542800;2025
1103;3.31.03.1.01.0004;Fasilitasi verifikasi pemenuhan persyaratan/standar kegiatan usaha sektor perindustrian dalam rangka penerbitan perizinan berusaha berbasis risiko melalui Sistem Informasi Industri Nasional (SIINas) yang terintegrasi dengan Sistem Online Single Submission Risk Base Approach (OSS RBA);35;210457000;2025
1104;3.31.04.1.01.0001;Fasilitasi Pengumpulan, Pengolahan dan Analisis Data Industri, Data Kawasan Industri serta Data Lain Lingkup Provinsi Melalui Sistem Informasi Industri Nasional (SIINas);35;54008650;2025
1104;3.31.04.1.01.0002;Diseminasi dan Publikasi Data Informasi dan Analisis Industri Provinsi melalui SIINas;35;87723300;2025
1104;3.31.04.1.01.0003;Pemantauan dan Evaluasi Kepatuhan Perusahaan Industri dan Perusahaan Kawasan Industri Lingkup Provinsi dalam Penyampaian Data ke SIINas;35;45316550;2025
1105;3.27.01.1.01.0001;Penyusunan Dokumen Perencanaan Perangkat Daerah;33;1225562650;2025
1105;3.27.01.1.01.0006;Koordinasi dan Penyusunan Laporan Capaian Kinerja dan Ikhtisar Realisasi Kinerja SKPD;33;230596000;2025
1105;3.27.01.1.01.0007;Evaluasi Kinerja Perangkat Daerah;33;411859950;2025
1106;3.27.01.1.02.0001;Penyediaan Gaji dan Tunjangan ASN;33;29735773715;2025
1106;3.27.01.1.02.0002;Penyediaan Administrasi Pelaksanaan Tugas ASN;33;93120000;2025
1106;3.27.01.1.02.0005;Koordinasi dan Penyusunan Laporan Keuangan Akhir Tahun SKPD;33;84427500;2025
1107;3.27.01.1.03.0004;Pembinaan, Pengawasan, dan Pengendalian Barang Milik Daerah pada SKPD;33;484420000;2025
1108;3.27.01.1.05.0002;Pengadaan Pakaian Dinas Beserta Atribut Kelengkapannya;33;126688000;2025
1108;3.27.01.1.05.0004;Koordinasi dan Pelaksanaan Sistem Informasi Kepegawaian;33;392860050;2025
1108;3.27.01.1.05.0010;Sosialisasi Peraturan Perundang-Undangan;33;213536950;2025
1109;3.27.01.1.06.0001;Penyediaan Komponen Instalasi Listrik/Penerangan Bangunan Kantor;33;45879170;2025
1109;3.27.01.1.06.0002;Penyediaan Peralatan dan Perlengkapan Kantor;33;405219238;2025
1109;3.27.01.1.06.0005;Penyediaan Barang Cetakan dan Penggandaan;33;73595850;2025
1109;3.27.01.1.06.0009;Penyelenggaraan Rapat Koordinasi dan Konsultasi SKPD;33;574666000;2025
1110;3.27.01.1.07.0005;Pengadaan Mebel;33;98325036;2025
1110;3.27.01.1.07.0006;Pengadaan Peralatan dan Mesin Lainnya;33;266914900;2025
1110;3.27.01.1.07.0009;Pengadaan Gedung Kantor atau Bangunan Lainnya;33;632677272;2025
1111;3.27.01.1.08.0002;Penyediaan Jasa Komunikasi, Sumber Daya Air dan Listrik;33;1065116481;2025
1111;3.27.01.1.08.0003;Penyediaan Jasa Peralatan dan Perlengkapan Kantor;33;120460000;2025
1111;3.27.01.1.08.0004;Penyediaan Jasa Pelayanan Umum Kantor;33;6465930000;2025
1112;3.27.01.1.09.0002;Penyediaan Jasa Pemeliharaan, Biaya Pemeliharaan, Pajak dan Perizinan Kendaraan Dinas Operasional atau Lapangan;33;495065000;2025
1112;3.27.01.1.09.0006;Pemeliharaan Peralatan dan Mesin Lainnya;33;99360000;2025
1112;3.27.01.1.09.0009;Pemeliharaan/Rehabilitasi Gedung Kantor dan Bangunan Lainnya;33;12570000;2025
1112;3.27.01.1.09.0010;Pemeliharaan/Rehabilitasi Sarana dan Prasarana Gedung Kantor atau Bangunan Lainnya;33;169999900;2025
1112;3.27.01.1.09.0011;Pemeliharaan/Rehabilitasi Sarana dan Prasarana Pendukung Gedung Kantor atau Bangunan Lainnya;33;30000000;2025
1113;3.27.02.1.01.0001;Pengawasan Sebaran Pupuk, Pestisida, Alsintan, dan Sarana Pendukung Pertanian;33;399999900;2025
1114;3.27.02.1.02.0001;Pengelolaan Penerbitan Sertifikat Benih;33;475000000;2025
1114;3.27.02.1.02.0005;Pengawasan Mutu dan Peredaran Benih Hortikultura, Tanaman Pangan, dan Perkebunan;33;13300953980;2025
1114;3.27.02.1.02.0006;Perbanyakan Benih Bersertifikat Perkebunan Berbentuk Anakan;33;199987500;2025
1115;3.27.02.1.04.0001;Pemberian Bimbingan Peningkatan Produksi Benih/Bibit Ternak dan Tanaman Pakan Ternak, Bahan Pakan, serta Pakan Kewenangan Provinsi;33;200000000;2025
1115;3.27.02.1.04.0004;Pengembangan     dan     Pelaksanaan     Sistem Manajemen   Produksi Benih/Bibit   Ternak   dan Tanaman  Pakan  Ternak,  Bahan  Pakan,  serta Pakan Kewenangan Provinsi;33;3544954000;2025
1116;3.27.02.1.05.0004;Pengendalian     Penyediaan     dan     Produksi Benih/Bibit Ternak dan Hijauan Pakan Ternak;33;14978160000;2025
1117;3.27.02.1.07.0004;Pengadaan Bibit Ternak yang Sumbernya dari Daerah Provinsi Lain;33;0;2025
1118;3.27.03.1.01.0001;Perencanaan Pengembangan Prasarana, Kawasan dan Komoditas Pertanian;33;68192600;2025
1118;3.27.03.1.01.0003;Koordinasi, Sinkronisasi dan Pelaksanaan Pengelolaan Jalan Usaha Tani;33;209299850;2025
1118;3.27.03.1.01.0004;Koordinasi, Sinkronisasi dan Pelaksanaan Pengelolaan Jaringan Irigasi di Tingkat Usaha Tani;33;190700000;2025
1118;3.27.03.1.01.0013;Pengendalian dan Pemanfaatan Kawasan Pertanian;33;1099999850;2025
1119;3.27.04.1.01.0007;Pemberantasan Penyakit Hewan Menular dan Zoonosis dalam 1 (satu) Daerah Provinsi;33;850000000;2025
1120;3.27.04.1.02.0004;Pengawasan  dan    Pemeriksaan    Kesehatan Hewan, Produk Hewan dan Media Pembawa Penyakit Hewan Lainnya (HPM) di Perbatasan Tempat Pemeriksan HPM;33;999999900;2025
1121;3.27.04.1.03.0001;Pemenuhan Persyaratan Teknis Sertifikasi Zona/Kompartemen Bebas Penyakit;33;1332317070;2025
1122;3.27.04.1.04.0003;Pengelolaan  Penerbitan  Rekomendasi Pemasukan dan Pengeluaran, Sertifikat Veteriner, dan SKKH/SKPH Hewan, Produk Hewan, dan Media Pembawa Penyakit Hewan Lainnya (HPM);33;333521160;2025
1123;3.27.05.1.01.0001;Pengendalian Organisme Pengganggu Tumbuhan (OPT) Tanaman Pangan, Hortikultura, dan Perkebunan;33;1164415900;2025
1123;3.27.05.1.01.0003;Pencegahan, Penanganan Kebakaran Lahan, dan Gangguan Usaha Tanaman Pangan, Hortikultura, dan Perkebunan;33;400000000;2025
1124;3.27.06.1.01.0004;Sertifikasi unit usaha Pembibitan/Budidaya Ternak;33;0;2025
1125;3.27.07.1.02.0002;Pelaksanaan Penyuluhan dan Pemberdayaan Petani;33;374984050;2025
1126;3.27.07.1.03.0005;Pendampingan dan pengawalan korporasi petani;33;24984200;2025
1127;2.23.01.1.01.0001;Penyusunan Dokumen Perencanaan Perangkat Daerah;30;469613950;2025
1127;2.23.01.1.01.0002;Koordinasi dan Penyusunan Dokumen RKA- SKPD;30;9999700;2025
1127;2.23.01.1.01.0004;Koordinasi dan Penyusunan DPA-SKPD;30;10700000;2025
1127;2.23.01.1.01.0006;Koordinasi dan Penyusunan Laporan Capaian Kinerja dan Ikhtisar Realisasi Kinerja SKPD;30;6800000;2025
1127;2.23.01.1.01.0007;Evaluasi Kinerja Perangkat Daerah;30;6550000;2025
1128;2.23.01.1.02.0001;Penyediaan Gaji dan Tunjangan ASN;30;14647849333;2025
1128;2.23.01.1.02.0002;Penyediaan Administrasi Pelaksanaan Tugas ASN;30;0;2025
1128;2.23.01.1.02.0003;Pelaksanaan Penatausahaan dan Pengujian/Verifikasi Keuangan SKPD;30;10000000;2025
1128;2.23.01.1.02.0004;Koordinasi dan Pelaksanaan Akuntansi SKPD;30;133560000;2025
1128;2.23.01.1.02.0005;Koordinasi dan Penyusunan Laporan Keuangan Akhir Tahun SKPD;30;0;2025
1129;2.23.01.1.03.0001;Penyusunan Perencanaan Kebutuhan Barang Milik Daerah SKPD;30;0;2025
1129;2.23.01.1.03.0002;Pengamanan Barang Milik Daerah SKPD;30;0;2025
1129;2.23.01.1.03.0003;Koordinasi dan Penilaian Barang Milik Daerah SKPD;30;106562000;2025
1129;2.23.01.1.03.0004;Pembinaan, Pengawasan, dan Pengendalian Barang Milik Daerah pada SKPD;30;19980000;2025
1129;2.23.01.1.03.0005;Rekonsiliasi dan Penyusunan Laporan Barang Milik Daerah pada SKPD;30;52950000;2025
1129;2.23.01.1.03.0007;Pemanfaatan Barang Milik Daerah SKPD;30;0;2025
1130;2.23.01.1.04.0004;Pendataan dan Pendaftaran Objek Retribusi Daerah;30;0;2025
1131;2.23.01.1.05.0011;Bimbingan Teknis Implementasi Peraturan Perundang-Undangan;30;17372500;2025
1132;2.23.01.1.06.0002;Penyediaan Peralatan dan Perlengkapan Kantor;30;126365450;2025
1132;2.23.01.1.06.0003;Penyediaan Peralatan Rumah Tangga;30;35346240;2025
1132;2.23.01.1.06.0005;Penyediaan Barang Cetakan dan Penggandaan;30;26345000;2025
1132;2.23.01.1.06.0009;Penyelenggaraan Rapat Koordinasi dan Konsultasi SKPD;30;155550000;2025
1133;2.23.01.1.07.0006;Pengadaan Peralatan dan Mesin Lainnya;30;907047325;2025
1134;2.23.01.1.08.0002;Penyediaan Jasa Komunikasi, Sumber Daya Air dan Listrik;30;443184000;2025
1134;2.23.01.1.08.0004;Penyediaan Jasa Pelayanan Umum Kantor;30;1576540000;2025
1135;2.23.01.1.09.0001;Penyediaan Jasa Pemeliharaan, Biaya Pemeliharaan dan Pajak Kendaraan Perorangan Dinas atau Kendaraan Dinas Jabatan;30;109680000;2025
1135;2.23.01.1.09.0002;Penyediaan Jasa Pemeliharaan, Biaya Pemeliharaan, Pajak dan Perizinan Kendaraan Dinas Operasional atau Lapangan;30;116050000;2025
1135;2.23.01.1.09.0006;Pemeliharaan Peralatan dan Mesin Lainnya;30;16060000;2025
1135;2.23.01.1.09.0009;Pemeliharaan/Rehabilitasi Gedung Kantor dan Bangunan Lainnya;30;13560000;2025
1135;2.23.01.1.09.0011;Pemeliharaan/Rehabilitasi Sarana dan Prasarana Pendukung Gedung Kantor atau Bangunan Lainnya;30;20000000;2025
1136;2.23.02.1.01.0002;Pengembangan Perpustakaan di Tingkat Daerah Provinsi;30;136777600;2025
1136;2.23.02.1.01.0004;Pembinaan Perpustakaan pada Satuan Pendidikan Menengah dan Pendidikan Khusus di Seluruh Wilayah Provinsi sesuai dengan Standar Nasional Perpustakaan;30;78091100;2025
1136;2.23.02.1.01.0006;Peningkatan Kapasitas Tenaga Perpustakaan dan Pustakawan Tingkat Daerah Provinsi;30;95226350;2025
1136;2.23.02.1.01.0007;Pengembangan Layanan Perpustakaan Rujukan Tingkat Daerah Provinsi;30;237818950;2025
1136;2.23.02.1.01.0008;Pengembangan Perpustakaan Deposit;30;0;2025
1136;2.23.02.1.01.0015;Pengembangan dan Pemeliharaan Layanan Perpustakaan Elektronik;30;101705000;2025
1136;2.23.02.1.01.0016;Penyusunan Data dan Informasi Perpustakaan;30;54648500;2025
1136;2.23.02.1.01.0017;Pembinaan Perpustakaan Umum dan Khusus Tingkat Provinsi;30;50447700;2025
1137;2.23.02.1.02.0001;Sosialisasi Budaya Baca dan Literasi pada Satuan Pendidikan Tingkat Menengah dan Pendidikan Khusus serta Masyarakat;30;83692800;2025
1137;2.23.02.1.02.0003;Pemberian Penghargaan Gerakan Budaya Gemar Membaca;30;40253510;2025
1137;2.23.02.1.02.0004;Pengembangan Literasi Berbasis Inklusi Sosial;30;371223300;2025
1137;2.23.02.1.02.0006;Pemilihan Duta Baca/Bunda Baca/Bunda Literasi Tingkat  Daerah Provinsi;30;155964200;2025
1138;2.23.03.1.01.0001;Penghimpunan dan Pengelolaan Serah Simpan Karya Cetak dan Karya Rekam;30;135936336;2025
1138;2.23.03.1.01.0002;Pemberian Penghargaan kepada Penerbit dan Produsen Karya Rekam yang Aktif dalam Melaksanakan Serah Simpan Karya Cetak dan Karya Rekam;30;0;2025
1139;2.23.03.1.02.0001;Penerbitan Katalog Induk Daerah;30;0;2025
1139;2.23.03.1.02.0002;Penerbitan Bibliografi Daerah;30;0;2025
1140;2.23.03.1.03.0003;Pengembangan, Pengolahan dan Pengalihmediaan Naskah Kuno yang dimiliki oleh Masyarakat untuk Dilestarikan dan Didayagunakan;30;0;2025
1140;2.23.03.1.03.0004;Peningkatan Peran serta Masyarakat dalam Penyimpanan, Perawatan, Pelestarian, dan Pendaftaran Naskah Kuno;30;120576268;2025
1141;2.23.03.1.04.0001;Seleksi dan Pengadaan Koleksi Budaya Etnis Nusantara;30;150900000;2025
1141;2.23.03.1.04.0002;Pengolahan dan Penyiangan Koleksi Budaya Etnis Nusantara;30;46836646;2025
1142;2.24.02.1.01.0005;Pelaksanaan Alih Media Arsip Dinamis dan Autentikasi;30;1375000;2025
1142;2.24.02.1.01.0006;Penciptaan dan Pemeliharaan Arsip Dinamis;30;94707400;2025
1142;2.24.02.1.01.0012;Penyelenggaraan pengawasan kearsipan yang menjadi kewenangan provinsi;30;175967750;2025
1143;2.24.02.1.02.0001;Pengumpulan dan Penyampaian Salinan Otentik Naskah Asli Arsip Terjaga kepada ANRI;30;20460000;2025
1143;2.24.02.1.02.0005;Akuisisi Arsip Statis;30;16800000;2025
1144;2.24.02.1.03.0001;Penyediaan Informasi, Akses dan Layanan Kearsipan Tingkat Daerah Provinsi Melalui JIKN;30;91133200;2025
1144;2.24.02.1.03.0002;Pemberdayaan Kapasitas Unit Kearsipan dan Lembaga Kearsipan Daerah Provinsi;30;174193000;2025
1145;2.24.03.1.01.0004;Penilaian, Penetapan dan Pelaksanaan Pemusnahan Arsip yang Memiliki Retensi di Bawah 10 (Sepuluh) Tahun;30;26965750;2025
1146;2.24.03.1.02.0001;Evakuasi, Identifikasi, Pemulihan dan Penyimpanan Akibat Bencana;30;29640000;2025
1147;2.24.03.1.03.0001;Pendataan, Penyusunan Daftar dan Penilaian serta Penyerahan Atau Pemusnahan Arsip bagi Penggabungan Perangkat Daerah Provinsi;30;18185000;2025
1148;2.24.03.1.04.0001;Penilaian dan Penetapan Autentisitas Arsip Sesuai Persyaratan Penjaminan Keabsahan Arsip;30;17724000;2025
1148;2.24.03.1.04.0002;Penilaian dan Penetapan Hasil Alih Media Sesuai Persyaratan Penjaminan Keabsahan Arsip;30;5498000;2025
1149;2.24.03.1.05.0001;Penilaian dan Penetapan Autentisitas Arsip Statis yang Dinyatakan Hilang;30;17897950;2025
1149;2.24.03.1.05.0002;Evaluasi dan Penetapan Hasil Alih Media yang dinyatakan Hilang;30;4999500;2025
1149;2.24.03.1.05.0003;Penetapan dan Pengumuman Daftar Pencarian Arsip (DPA);30;9481700;2025
1150;1.04.01.1.01.0001;Penyusunan Dokumen Perencanaan Perangkat Daerah;15;388090000;2025
1151;1.04.01.1.02.0001;Penyediaan Gaji dan Tunjangan ASN;15;8570171948;2025
1151;1.04.01.1.02.0002;Penyediaan Administrasi Pelaksanaan Tugas ASN;15;3620520000;2025
1151;1.04.01.1.02.0005;Koordinasi dan Penyusunan Laporan Keuangan Akhir Tahun SKPD;15;0;2025
1152;1.04.01.1.03.0001;Penyusunan Perencanaan Kebutuhan Barang Milik Daerah SKPD;15;0;2025
1152;1.04.01.1.03.0003;Koordinasi dan Penilaian Barang Milik Daerah SKPD;15;0;2025
1152;1.04.01.1.03.0005;Rekonsiliasi dan Penyusunan Laporan Barang Milik Daerah pada SKPD;15;154520000;2025
1153;1.04.01.1.05.0002;Pengadaan Pakaian Dinas Beserta Atribut Kelengkapannya;15;270717500;2025
1153;1.04.01.1.05.0004;Koordinasi dan Pelaksanaan Sistem Informasi Kepegawaian;15;0;2025
1153;1.04.01.1.05.0009;Pendidikan dan Pelatihan Pegawai Berdasarkan Tugas dan Fungsi;15;0;2025
1153;1.04.01.1.05.0010;Sosialisasi Peraturan Perundang-Undangan;15;0;2025
1153;1.04.01.1.05.0011;Bimbingan Teknis Implementasi Peraturan Perundang-Undangan;15;112880000;2025
1154;1.04.01.1.06.0001;Penyediaan Komponen Instalasi Listrik/Penerangan Bangunan Kantor;15;0;2025
1154;1.04.01.1.06.0002;Penyediaan Peralatan dan Perlengkapan Kantor;15;380142970;2025
1154;1.04.01.1.06.0003;Penyediaan Peralatan Rumah Tangga;15;0;2025
1154;1.04.01.1.06.0004;Penyediaan Bahan Logistik Kantor;15;0;2025
1154;1.04.01.1.06.0005;Penyediaan Barang Cetakan dan Penggandaan;15;211930000;2025
1154;1.04.01.1.06.0008;Fasilitasi Kunjungan Tamu;15;0;2025
1154;1.04.01.1.06.0009;Penyelenggaraan Rapat Koordinasi dan Konsultasi SKPD;15;908390000;2025
1154;1.04.01.1.06.0011;Dukungan Pelaksanaan Sistem Pemerintahan Berbasis Elektronik pada SKPD;15;0;2025
1155;1.04.01.1.07.0001;Pengadaan Kendaraan Perorangan Dinas atau Kendaraan Dinas Jabatan;15;0;2025
1155;1.04.01.1.07.0005;Pengadaan Mebel;15;437855585;2025
1155;1.04.01.1.07.0006;Pengadaan Peralatan dan Mesin Lainnya;15;936714800;2025
1155;1.04.01.1.07.0011;Pengadaan Sarana dan Prasarana Pendukung Gedung Kantor atau Bangunan Lainnya;15;0;2025
1156;1.04.01.1.08.0002;Penyediaan Jasa Komunikasi, Sumber Daya Air dan Listrik;15;327578400;2025
1156;1.04.01.1.08.0003;Penyediaan Jasa Peralatan dan Perlengkapan Kantor;15;106600000;2025
1156;1.04.01.1.08.0004;Penyediaan Jasa Pelayanan Umum Kantor;15;201814000;2025
1157;1.04.01.1.09.0001;Penyediaan Jasa Pemeliharaan, Biaya Pemeliharaan dan Pajak Kendaraan Perorangan Dinas atau Kendaraan Dinas Jabatan;15;739431600;2025
1157;1.04.01.1.09.0006;Pemeliharaan Peralatan dan Mesin Lainnya;15;52050000;2025
1157;1.04.01.1.09.0009;Pemeliharaan/Rehabilitasi Gedung Kantor dan Bangunan Lainnya;15;450000000;2025
1158;1.04.02.1.01.0008;Identifikasi Perumahan di Lokasi yang Berpotensi Terkena Relokasi Program Provinsi;15;1149640000;2025
1158;1.04.02.1.01.0011;Identifikasi Perumahan di Lokasi Rawan Bencana Provinsi;15;723310000;2025
1159;1.04.02.1.02.0006;Koordinasi untuk Menyepakati Penerima dan Jenis Pelayanan;15;500000250;2025
1159;1.04.02.1.02.0009;Sosialisasi Pengembangan Perumahan Baru dan Mekanisme Akses Pembiayaan Perumahan;15;0;2025
1160;1.04.02.1.03.0012;Pembangunan Rumah Khusus beserta PSU bagi Korban Bencana Provinsi;15;18170709264;2025
1161;1.04.02.1.04.0004;Koordinasi dan Sinkronisasi Penyelenggaraan Perumahan;15;500000000;2025
1162;1.04.03.1.01.0008;Penyusunan/Review/Legalisasi Kebijakan Bidang PKP;15;1650820000;2025
1162;1.04.03.1.01.0017;Koordinasi dan Sinkronisasi Penyelenggaraan Kawasan Permukiman;15;763501750;2025
1162;1.04.03.1.01.0018;Penyadaran Publik Pencegahan Tumbuh dan Berkembangnya Permukiman kumuh;15;174859000;2025
1163;1.04.03.1.02.0002;Koordinasi dan Sinkronisasi Pengendalian Penyelenggaraan Pemugaran/ Peremajaan/ Pemukiman Kembali Permukiman Kumuh dan Rumah Tidak Layak Huni untuk Pencegahan Terhadap Tumbuh dan Berkembangnya Permukiman Kumuh dengan Luas 10 (Sepuluh) Ha sampai dengan di Bawah 15 (Lima Belas) Ha;15;174998000;2025
1163;1.04.03.1.02.0003;Perbaikan Rumah Tidak Layak Huni dalam Kawasan Permukiman dengan Luas 10 (Sepuluh) Ha sampai dengan di Bawah 15 (Lima Belas) Ha;15;16365665161;2025
1163;1.04.03.1.02.0013;Pelaksanaan Peremajaan Kawasan Permukiman Kumuh dengan Luas 10 (Sepuluh) Ha sampai dengan di Bawah 15 (Lima Belas) Ha;15;46956241228;2025
1163;1.04.03.1.02.0014;Pelaksanaan Pemugaran Kawasan Permukiman Kumuh dengan Luas 10 (Sepuluh) Ha sampai dengan di Bawah 15 (Lima Belas) Ha;15;400000000;2025
1164;1.04.05.1.01.0001;Perencanaan Penyediaan PSU Permukiman;15;2352530000;2025
1164;1.04.05.1.01.0002;Penyediaan Prasarana, Sarana, dan Utilitas Umum di Permukiman untuk Menunjang Fungsi Permukiman;15;52904234431;2025
1164;1.04.05.1.01.0003;Koordinasi dan Sinkronisasi dalam rangka Penyediaan Prasarana, Sarana, dan Utilitas Umum Permukiman;15;400270000;2025
1164;1.04.05.1.01.0006;Perbaikan Prasarana, Sarana, dan Utilitas Umum Permukiman untuk Menunjang Fungsi Permukiman;15;600000000;2025
1164;1.04.05.1.01.0007;Operasional dan Pemeliharaan Prasarana, Sarana, dan Utilitas Umum di Permukiman;15;299729999;2025
1165;2.10.04.1.01.0003;Koordinasi dan Fasilitasi Penyelesaian Sengketa dan Konflik Pertanahan Potensi TORA dalam 1 (satu) Daerah Provinsi;15;136997000;2025
1166;2.10.06.1.01.0002;Koordinasi Penetapan Redistribusi Tanah Objek Reforma Agraria Lintas Daerah Kabupaten/Kota;15;408917600;2025
1166;2.10.06.1.01.0003;Koordinasi dan Sinkronisasi Penataan Akses dalam Pemanfaatan Redistribusi Tanah Lintas Daerah Kabupaten/Kota;15;320234750;2025
1167;2.10.10.1.01.0001;Koordinasi dan Sinkronisasi Perencanaan Penggunaan Tanah;15;131965000;2025
1168;1.06.01.1.01.0001;Penyusunan Dokumen Perencanaan Perangkat Daerah;16;25600000;2025
1168;1.06.01.1.01.0002;Koordinasi dan Penyusunan Dokumen RKA- SKPD;16;29000000;2025
1168;1.06.01.1.01.0007;Evaluasi Kinerja Perangkat Daerah;16;199999900;2025
1169;1.06.01.1.02.0001;Penyediaan Gaji dan Tunjangan ASN;16;20084569506;2025
1169;1.06.01.1.02.0007;Koordinasi dan Penyusunan Laporan Keuangan Bulanan/ Triwulanan/Semesteran SKPD;16;458901900;2025
1170;1.06.01.1.05.0005;Monitoring, Evaluasi, dan Penilaian Kinerja Pegawai;16;261053888;2025
1171;1.06.01.1.06.0001;Penyediaan Komponen Instalasi Listrik/Penerangan Bangunan Kantor;16;17333426;2025
1171;1.06.01.1.06.0003;Penyediaan Peralatan Rumah Tangga;16;17126950;2025
1171;1.06.01.1.06.0009;Penyelenggaraan Rapat Koordinasi dan Konsultasi SKPD;16;286770000;2025
1172;1.06.01.1.07.0001;Pengadaan Kendaraan Perorangan Dinas atau Kendaraan Dinas Jabatan;16;345038000;2025
1172;1.06.01.1.07.0005;Pengadaan Mebel;16;7175000;2025
1172;1.06.01.1.07.0006;Pengadaan Peralatan dan Mesin Lainnya;16;153551920;2025
1173;1.06.01.1.08.0001;Penyediaan Jasa Surat Menyurat;16;6750000;2025
1173;1.06.01.1.08.0002;Penyediaan Jasa Komunikasi, Sumber Daya Air dan Listrik;16;363089865;2025
1173;1.06.01.1.08.0003;Penyediaan Jasa Peralatan dan Perlengkapan Kantor;16;42850000;2025
1173;1.06.01.1.08.0004;Penyediaan Jasa Pelayanan Umum Kantor;16;1160991247;2025
1174;1.06.01.1.09.0001;Penyediaan Jasa Pemeliharaan, Biaya Pemeliharaan dan Pajak Kendaraan Perorangan Dinas atau Kendaraan Dinas Jabatan;16;240050000;2025
1174;1.06.01.1.09.0009;Pemeliharaan/Rehabilitasi Gedung Kantor dan Bangunan Lainnya;16;150000200;2025
1174;1.06.01.1.09.0011;Pemeliharaan/Rehabilitasi Sarana dan Prasarana Pendukung Gedung Kantor atau Bangunan Lainnya;16;200001163;2025
1175;1.06.02.1.01.0001;Koordinasi dan Sinkronisasi Penerbitan Izin Undian Gratis Berhadiah dan Pengumpulan Uang atau Barang;16;65000000;2025
1176;1.06.02.1.02.0001;Peningkatan Kemampuan Potensi Pekerja Sosial Masyarakat Kewenangan Provinsi;16;66500000;2025
1176;1.06.02.1.02.0002;Peningkatan Kemampuan Potensi Tenaga Kesejahteraan Sosial Kecamatan Kewenangan Provinsi;16;67000000;2025
1176;1.06.02.1.02.0003;Peningkatan Kemampuan Potensi Sumber Kesejahteraan Sosial Keluarga Kewenangan Provinsi;16;66500000;2025
1176;1.06.02.1.02.0004;Peningkatan Kemampuan Potensi Sumber Kesejahteraan Sosial Kelembagaan Masyarakat Kewenangan Provinsi;16;200000000;2025
1177;1.06.03.1.01.0001;Fasilitasi Pemulangan Warga Negara Migran Korban Tindak Kekerasan dari Titik Debarkasi di Daerah Provinsi untuk Dipulangkan ke Daerah Kabupaten/Kota Asal;16;10000000;2025
1178;1.06.04.1.01.0001;Penyediaan Permakanan;16;57695000;2025
1178;1.06.04.1.01.0002;Penyediaan Sandang;16;15180495;2025
1178;1.06.04.1.01.0003;Penyediaan Asrama yang Mudah Diakses;16;4646656;2025
1178;1.06.04.1.01.0004;Penyediaan Alat Bantu;16;66914000;2025
1178;1.06.04.1.01.0005;Penyediaan Perbekalan Kesehatan di dalam Panti;16;4137030;2025
1178;1.06.04.1.01.0006;Pemberian Bimbingan Fisik, Mental, Spiritual dan Sosial;16;206044850;2025
1178;1.06.04.1.01.0007;Pemberian Bimbingan Aktivitas Hidup Sehari-Hari;16;25149000;2025
1178;1.06.04.1.01.0009;Akses ke Layanan Pendidikan dan Kesehatan Dasar;16;1404500;2025
1178;1.06.04.1.01.0010;Pemberian Pelayanan Penelusuran Keluarga;16;6866650;2025
1178;1.06.04.1.01.0011;Pemberian Pelayanan Reunifikasi Keluarga;16;41890000;2025
1178;1.06.04.1.01.0012;Koordinasi dan Sinkronisasi Pelaksanaan Bidang Rehabilitasi Sosial Dasar Penyandang Disabilitas TerlAntar;16;25224700;2025
1179;1.06.04.1.02.0001;Pengasuhan;16;7815000;2025
1179;1.06.04.1.02.0002;Penyediaan Makanan;16;75048000;2025
1179;1.06.04.1.02.0003;Penyediaan Sandang;16;15400000;2025
1179;1.06.04.1.02.0004;Penyediaan Asrama yang Mudah Diakses;16;2606500;2025
1179;1.06.04.1.02.0005;Penyediaan Perbekalan Kesehatan di dalam Panti;16;4114950;2025
1179;1.06.04.1.02.0006;Pemberian Bimbingan Fisik, Mental, Spiritual dan Sosial;16;112930000;2025
1179;1.06.04.1.02.0007;Pemberian Bimbingan Aktivitas Hidup Sehari-Hari;16;39041550;2025
1179;1.06.04.1.02.0008;Fasilitasi Pembuatan Akta Kelahiran, Nomor Induk Kependudukan, dan Kartu Identitas Anak;16;1000000;2025
1179;1.06.04.1.02.0009;Akses ke Layanan Pendidikan dan Kesehatan Dasar;16;2200000;2025
1179;1.06.04.1.02.0010;Pemberian Pelayanan Penelusuran Keluarga;16;15855100;2025
1179;1.06.04.1.02.0011;Pemberian Pelayanan Reunifikasi Keluarga;16;20700000;2025
1179;1.06.04.1.02.0012;Akses Layanan Pengasuhan kepada Keluarga Penganti;16;2000000;2025
1179;1.06.04.1.02.0013;Koordinasi, Sinkronisasi dan Pembinaan Pelaksanaan Rehabilitasi Sosial Dasar Anak TerlAntar di dalam Panti;16;9267600;2025
1180;1.06.04.1.03.0001;Penyediaan Permakanan;16;866629000;2025
1180;1.06.04.1.03.0002;Penyediaan Sandang;16;17683000;2025
1180;1.06.04.1.03.0003;Penyediaan Asrama yang Mudah Diakses;16;42000000;2025
1180;1.06.04.1.03.0004;Penyediaan Alat Bantu;16;33154000;2025
1180;1.06.04.1.03.0005;Penyediaan Perbekalan Kesehatan di dalam Panti Sosial;16;36885600;2025
1180;1.06.04.1.03.0006;Pemberian Bimbingan Fisik, Mental, Spritual dan Sosial;16;57903130;2025
1180;1.06.04.1.03.0007;Pemberian Bimbingan Aktivitas Hidup Sehari-Hari;16;3100400;2025
1180;1.06.04.1.03.0009;Akses ke Layanan Pendidikan dan Kesehatan Dasar;16;4500000;2025
1180;1.06.04.1.03.0010;Pemberian Pelayanan Penelusuran Keluarga;16;4620000;2025
1180;1.06.04.1.03.0011;Pemberian Pelayanan Reunifikasi Keluarga;16;4620000;2025
1180;1.06.04.1.03.0012;Pemulasaraan;16;10000000;2025
1180;1.06.04.1.03.0013;Koordinasi, Sinkronisasi dan Pembinaan Pelaksanaan Rehabilitasi Sosial Dasar Gelandangan dan Pengemis Terlantar di dalam Panti;16;13905750;2025
1181;1.06.04.1.04.0001;Penyediaan Permakanan;16;62040000;2025
1181;1.06.04.1.04.0002;Penyediaan Sandang;16;19887400;2025
1181;1.06.04.1.04.0003;Penyediaan Asrama/Wisma yang Mudah Diakses;16;9302994;2025
1181;1.06.04.1.04.0004;Penyediaan Perbekalan Kesehatan di dalam Panti;16;16533640;2025
1181;1.06.04.1.04.0005;Pemberian Bimbingan Fisik, Mental, Spritual dan Sosial;16;34498125;2025
1181;1.06.04.1.04.0006;Pemberian Bimbingan Aktivitas Hidup Sehari-Hari;16;91526000;2025
1181;1.06.04.1.04.0007;Pemberian Bimbingan Keterampilan Dasar;16;29665375;2025
1181;1.06.04.1.04.0009;Akses Kelayanan Pendidikan dan Kesehatan Dasar;16;13895300;2025
1181;1.06.04.1.04.0010;Pemulangan ke Daerah Asal;16;20830000;2025
1181;1.06.04.1.04.0011;Koordinasi, Sinkronisasi dan Pembinaan Pelaksanaan Rehabilitasi Sosial Dasar Gelandangan dan Pengemis Terlantar di dalam Panti;16;50000000;2025
1182;1.06.04.1.05.0011;Koordinasi, Sinkronisasi dan Pembinaan Pelaksanaan Bidang Rehabilitasi Sosial bagi Penyandang Masalah Kesejahteraan Sosial (PMKS) Lainnya di Luar HIV/AIDS dan NAPZA;16;140000000;2025
1183;1.06.05.1.01.0001;Pengangkatan Anak antar WNI;16;50000000;2025
1184;1.06.05.1.02.0001;Fasilitasi Bantuan Sosial Kesejahteraan Keluarga;16;14829999950;2025
1184;1.06.05.1.02.0002;Pengelolaan Fakir Miskin Lintas Daerah Kabupaten/Kota;16;178241000;2025
1184;1.06.05.1.02.0003;Fasilitasi Bantuan Pengembangan Ekonomi Masyarakat;16;30599999825;2025
1185;1.06.06.1.01.0001;Penyediaan Permakanan;16;99994200;2025
1185;1.06.06.1.01.0002;Penyediaan Sandang;16;20000000;2025
1185;1.06.06.1.01.0003;Penyediaan Tempat Penampungan Pengungsi;16;200000000;2025
1185;1.06.06.1.01.0004;Penanganan Khusus bagi Kelompok Rentan;16;100000000;2025
1185;1.06.06.1.01.0005;Pelayanan Dukungan Psikososial;16;80170000;2025
1186;1.06.07.1.01.0001;Rehabilitasi Sarana dan Prasarana Taman Makam Pahlawan Nasional Provinsi;16;0;2025
1186;1.06.07.1.01.0002;Pemeliharaan Taman Makam Pahlawan Nasional Provinsi;16;135000000;2025
1187;3.27.01.1.01.0001;Penyusunan Dokumen Perencanaan Perangkat Daerah;32;350000000;2025
1187;3.27.01.1.01.0002;Koordinasi dan Penyusunan Dokumen RKA- SKPD;32;35000000;2025
1187;3.27.01.1.01.0003;Koordinasi dan Penyusunan Dokumen Perubahan RKA-SKPD;32;0;2025
1187;3.27.01.1.01.0004;Koordinasi dan Penyusunan DPA-SKPD;32;34999750;2025
1187;3.27.01.1.01.0005;Koordinasi dan Penyusunan Perubahan DPA- SKPD;32;0;2025
1187;3.27.01.1.01.0006;Koordinasi dan Penyusunan Laporan Capaian Kinerja dan Ikhtisar Realisasi Kinerja SKPD;32;49999950;2025
1187;3.27.01.1.01.0007;Evaluasi Kinerja Perangkat Daerah;32;650000000;2025
1188;3.27.01.1.02.0001;Penyediaan Gaji dan Tunjangan ASN;32;40717365998;2025
1188;3.27.01.1.02.0002;Penyediaan Administrasi Pelaksanaan Tugas ASN;32;735774650;2025
1188;3.27.01.1.02.0003;Pelaksanaan Penatausahaan dan Pengujian/Verifikasi Keuangan SKPD;32;74999950;2025
1188;3.27.01.1.02.0004;Koordinasi dan Pelaksanaan Akuntansi SKPD;32;57209250;2025
1188;3.27.01.1.02.0005;Koordinasi dan Penyusunan Laporan Keuangan Akhir Tahun SKPD;32;35000000;2025
1188;3.27.01.1.02.0006;Pengelolaan dan Penyiapan Bahan Tanggapan Pemeriksaan;32;44999700;2025
1188;3.27.01.1.02.0007;Koordinasi dan Penyusunan Laporan Keuangan Bulanan/ Triwulanan/Semesteran SKPD;32;74999800;2025
1188;3.27.01.1.02.0008;Penyusunan Pelaporan dan Analisis Prognosis Realisasi Anggaran;32;28940450;2025
1189;3.27.01.1.03.0001;Penyusunan Perencanaan Kebutuhan Barang Milik Daerah SKPD;32;14999750;2025
1189;3.27.01.1.03.0003;Koordinasi dan Penilaian Barang Milik Daerah SKPD;32;75000000;2025
1189;3.27.01.1.03.0004;Pembinaan, Pengawasan, dan Pengendalian Barang Milik Daerah pada SKPD;32;249999900;2025
1189;3.27.01.1.03.0005;Rekonsiliasi dan Penyusunan Laporan Barang Milik Daerah pada SKPD;32;15499950;2025
1189;3.27.01.1.03.0006;Penatausahaan Barang Milik Daerah pada SKPD;32;15000000;2025
1190;3.27.01.1.05.0001;Peningkatan Sarana dan Prasarana Disiplin Pegawai;32;74999900;2025
1190;3.27.01.1.05.0002;Pengadaan Pakaian Dinas Beserta Atribut Kelengkapannya;32;0;2025
1190;3.27.01.1.05.0003;Pendataan dan Pengolahan Administrasi Kepegawaian;32;50000000;2025
1190;3.27.01.1.05.0004;Koordinasi dan Pelaksanaan Sistem Informasi Kepegawaian;32;74999950;2025
1190;3.27.01.1.05.0005;Monitoring, Evaluasi, dan Penilaian Kinerja Pegawai;32;174986000;2025
1190;3.27.01.1.05.0009;Pendidikan dan Pelatihan Pegawai Berdasarkan Tugas dan Fungsi;32;60000000;2025
1190;3.27.01.1.05.0010;Sosialisasi Peraturan Perundang-Undangan;32;75000000;2025
1191;3.27.01.1.06.0001;Penyediaan Komponen Instalasi Listrik/Penerangan Bangunan Kantor;32;67499861;2025
1191;3.27.01.1.06.0002;Penyediaan Peralatan dan Perlengkapan Kantor;32;549997563;2025
1191;3.27.01.1.06.0003;Penyediaan Peralatan Rumah Tangga;32;50002392;2025
1191;3.27.01.1.06.0004;Penyediaan Bahan Logistik Kantor;32;34998288;2025
1191;3.27.01.1.06.0005;Penyediaan Barang Cetakan dan Penggandaan;32;170200600;2025
1191;3.27.01.1.06.0008;Fasilitasi Kunjungan Tamu;32;75000000;2025
1191;3.27.01.1.06.0009;Penyelenggaraan Rapat Koordinasi dan Konsultasi SKPD;32;751039850;2025
1191;3.27.01.1.06.0010;Penatausahaan Arsip Dinamis pada SKPD;32;49999950;2025
1191;3.27.01.1.06.0011;Dukungan Pelaksanaan Sistem Pemerintahan Berbasis Elektronik pada SKPD;32;25000000;2025
1192;3.27.01.1.07.0002;Pengadaan Kendaraan Dinas Operasional atau Lapangan;32;659592000;2025
1192;3.27.01.1.07.0005;Pengadaan Mebel;32;106361500;2025
1192;3.27.01.1.07.0006;Pengadaan Peralatan dan Mesin Lainnya;32;78600000;2025
1192;3.27.01.1.07.0011;Pengadaan Sarana dan Prasarana Pendukung Gedung Kantor atau Bangunan Lainnya;32;60000000;2025
1193;3.27.01.1.08.0001;Penyediaan Jasa Surat Menyurat;32;12503000;2025
1193;3.27.01.1.08.0002;Penyediaan Jasa Komunikasi, Sumber Daya Air dan Listrik;32;1784943898;2025
1193;3.27.01.1.08.0003;Penyediaan Jasa Peralatan dan Perlengkapan Kantor;32;74950000;2025
1193;3.27.01.1.08.0004;Penyediaan Jasa Pelayanan Umum Kantor;32;4960130000;2025
1194;3.27.01.1.09.0001;Penyediaan Jasa Pemeliharaan, Biaya Pemeliharaan dan Pajak Kendaraan Perorangan Dinas atau Kendaraan Dinas Jabatan;32;404970000;2025
1194;3.27.01.1.09.0002;Penyediaan Jasa Pemeliharaan, Biaya Pemeliharaan, Pajak dan Perizinan Kendaraan Dinas Operasional atau Lapangan;32;394969900;2025
1194;3.27.01.1.09.0006;Pemeliharaan Peralatan dan Mesin Lainnya;32;75000000;2025
1194;3.27.01.1.09.0009;Pemeliharaan/Rehabilitasi Gedung Kantor dan Bangunan Lainnya;32;475081950;2025
1194;3.27.01.1.09.0010;Pemeliharaan/Rehabilitasi Sarana dan Prasarana Gedung Kantor atau Bangunan Lainnya;32;274964000;2025
1194;3.27.01.1.09.0011;Pemeliharaan/Rehabilitasi Sarana dan Prasarana Pendukung Gedung Kantor atau Bangunan Lainnya;32;180074335;2025
1195;3.27.02.1.01.0001;Pengawasan Sebaran Pupuk, Pestisida, Alsintan, dan Sarana Pendukung Pertanian;32;300000000;2025
1195;3.27.02.1.01.0002;Koordinasi dan Sinkronisasi Pengawasan Peredaran Sarana Pertanian;32;299999950;2025
1195;3.27.02.1.01.0004;Pengawasan Sebaran Sarana Pascapanen Tanaman Pangan;32;142315400;2025
1195;3.27.02.1.01.0006;Pengawasan Sebaran Sarana Pascapanen Hortikultura;32;150010000;2025
1195;3.27.02.1.01.0007;Pengawasan Sebaran Sarana Pengolahan Hasil Hortikultura;32;149999784;2025
1195;3.27.02.1.01.0008;Pengawasan Sebaran Sarana Pengolahan Hasil Tanaman Pangan;32;133615350;2025
1196;3.27.02.1.02.0001;Pengelolaan Penerbitan Sertifikat Benih;32;499999950;2025
1196;3.27.02.1.02.0005;Pengawasan Mutu dan Peredaran Benih Hortikultura, Tanaman Pangan, dan Perkebunan;32;887183850;2025
1196;3.27.02.1.02.0007;Perbanyakan Benih Bersertifikat Hortikultura Berbentuk Batang;32;124999890;2025
1196;3.27.02.1.02.0009;Perbanyakan Benih Bersertifikat Tanaman Pangan Berbentuk Setek;32;49999988;2025
1196;3.27.02.1.02.0013;Perbanyakan Benih Bersertifikat Tanaman Pangan Berbentuk Biji/Benih;32;999999791;2025
1196;3.27.02.1.02.0014;Perbanyakan Benih Bersertifikat Hortikultura Berbentuk Umbi;32;399999910;2025
1197;3.27.02.1.03.0002;Penilaian Kultivar SDG Tumbuhan dan Mikroorganisme;32;0;2025
1197;3.27.02.1.03.0004;Pengembangan dan Pelaksanaan Sistem Manajemen Mutu SDG Tumbuhan dan Mikroorganisme;32;0;2025
1198;3.27.03.1.01.0001;Perencanaan Pengembangan Prasarana, Kawasan dan Komoditas Pertanian;32;274999700;2025
1198;3.27.03.1.01.0003;Koordinasi, Sinkronisasi dan Pelaksanaan Pengelolaan Jalan Usaha Tani;32;75000000;2025
1198;3.27.03.1.01.0004;Koordinasi, Sinkronisasi dan Pelaksanaan Pengelolaan Jaringan Irigasi di Tingkat Usaha Tani;32;100000000;2025
1198;3.27.03.1.01.0007;Pembangunan dan Pemeliharaan Laboratorium Pertanian;32;0;2025
1198;3.27.03.1.01.0009;Koordinasi, Sinkronisasi dan Penataan Prasarana Pendukung Pertanian Lainnya;32;0;2025
1198;3.27.03.1.01.0010;Pembangunan, Rehabilitasi dan Pemeliharaan Rutin Gedung UPTD Pertanian serta Sarana Pendukungnya;32;1235000000;2025
1198;3.27.03.1.01.0011;Pengendalian dan Pemanfaatan Prasarana Pengolahan Hasil Hortikultura;32;149986000;2025
1198;3.27.03.1.01.0013;Pengendalian dan Pemanfaatan Kawasan Pertanian;32;0;2025
1198;3.27.03.1.01.0014;Pengendalian dan Pemanfaatan Prasarana Pascapanen Hortikultura;32;200000000;2025
1198;3.27.03.1.01.0015;Penetapan Kawasan, Lahan dan Lahan Cadangan Pertanian Pangan Berkelanjutan secara numerik dan spasial di tingkat provinsi;32;399999700;2025
1198;3.27.03.1.01.0016;Penyusunan Peta Kawasan, Lahan dan Lahan Cadangan Pertanian Pangan Berkelanjutan di tingkat Provinsi;32;350000000;2025
1198;3.27.03.1.01.0018;Pengelolaan Lahan Pertanian Pangan Berkelanjutan/LP2B, Kawasan Pertanian Pangan Berkelanjutan/KP2B dan Lahan Cadangan Pertanian Pangan Berkelanjutan/LCP2B di tingkat Provinsi;32;299999850;2025
1198;3.27.03.1.01.0023;Pengendalian dan Pemanfaatan Prasarana Pascapanen Tanaman Pangan;32;137000000;2025
1198;3.27.03.1.01.0025;Pengendalian dan Pemanfaatan Prasarana Pengolahan Hasil Tanaman Pangan;32;150002000;2025
1199;3.27.05.1.01.0001;Pengendalian Organisme Pengganggu Tumbuhan (OPT) Tanaman Pangan, Hortikultura, dan Perkebunan;32;750000000;2025
1199;3.27.05.1.01.0002;Penanganan Dampak Perubahan Iklim (DPI) Tanaman Pangan, Hortikultura, dan Perkebunan;32;100000000;2025
1199;3.27.05.1.01.0005;Penanggulangan Pasca Bencana Alam Bidang Tanaman Pangan, Hortikultura dan Perkebunan;32;75000000;2025
1200;3.27.07.1.01.0003;Penguatan Kelembagaan penyuluhan pertanian;32;399999700;2025
1200;3.27.07.1.01.0004;Penyediaan dan Peningkatan Kapasitas Penyuluh pertanian;32;1039999450;2025
1201;3.27.07.1.02.0001;Diseminasi Informasi Teknis, Sosial, Ekonomi dan Inovasi Pertanian;32;2249999648;2025
1201;3.27.07.1.02.0002;Pelaksanaan Penyuluhan dan Pemberdayaan Petani;32;6600000000;2025
1202;3.27.07.1.03.0005;Pendampingan dan pengawalan korporasi petani;32;175000000;2025
1202;3.27.07.1.03.0006;Pembentukan   dan   Penguatan   Kelembagaan Korporasi Petani;32;299999700;2025
1203;2.07.01.1.01.0001;Penyusunan Dokumen Perencanaan Perangkat Daerah;17;322338300;2025
1203;2.07.01.1.01.0006;Koordinasi dan Penyusunan Laporan Capaian Kinerja dan Ikhtisar Realisasi Kinerja SKPD;17;118346500;2025
1203;2.07.01.1.01.0007;Evaluasi Kinerja Perangkat Daerah;17;59244700;2025
1204;2.07.01.1.02.0001;Penyediaan Gaji dan Tunjangan ASN;17;29229314223;2025
1204;2.07.01.1.02.0002;Penyediaan Administrasi Pelaksanaan Tugas ASN;17;2007837122;2025
1204;2.07.01.1.02.0003;Pelaksanaan Penatausahaan dan Pengujian/Verifikasi Keuangan SKPD;17;100000000;2025
1204;2.07.01.1.02.0004;Koordinasi dan Pelaksanaan Akuntansi SKPD;17;50000000;2025
1204;2.07.01.1.02.0005;Koordinasi dan Penyusunan Laporan Keuangan Akhir Tahun SKPD;17;30000000;2025
1204;2.07.01.1.02.0006;Pengelolaan dan Penyiapan Bahan Tanggapan Pemeriksaan;17;15000000;2025
1204;2.07.01.1.02.0007;Koordinasi dan Penyusunan Laporan Keuangan Bulanan/ Triwulanan/Semesteran SKPD;17;15000000;2025
1205;2.07.01.1.03.0001;Penyusunan Perencanaan Kebutuhan Barang Milik Daerah SKPD;17;15000000;2025
1205;2.07.01.1.03.0005;Rekonsiliasi dan Penyusunan Laporan Barang Milik Daerah pada SKPD;17;135000000;2025
1206;2.07.01.1.04.0002;Analisa dan Pengembangan Retribusi Daerah, serta Penyusunan Kebijakan Retribusi Daerah;17;25000000;2025
1206;2.07.01.1.04.0007;Pelaporan Pengelolaan Retribusi Daerah;17;15000000;2025
1207;2.07.01.1.05.0005;Monitoring, Evaluasi, dan Penilaian Kinerja Pegawai;17;138100000;2025
1207;2.07.01.1.05.0010;Sosialisasi Peraturan Perundang-Undangan;17;24000000;2025
1207;2.07.01.1.05.0011;Bimbingan Teknis Implementasi Peraturan Perundang-Undangan;17;24000000;2025
1208;2.07.01.1.06.0001;Penyediaan Komponen Instalasi Listrik/Penerangan Bangunan Kantor;17;25208000;2025
1208;2.07.01.1.06.0002;Penyediaan Peralatan dan Perlengkapan Kantor;17;149975900;2025
1208;2.07.01.1.06.0005;Penyediaan Barang Cetakan dan Penggandaan;17;33503000;2025
1208;2.07.01.1.06.0009;Penyelenggaraan Rapat Koordinasi dan Konsultasi SKPD;17;82884100;2025
1209;2.07.01.1.07.0006;Pengadaan Peralatan dan Mesin Lainnya;17;407561000;2025
1209;2.07.01.1.07.0010;Pengadaan Sarana dan Prasarana Gedung Kantor atau Bangunan Lainnya;17;211697370;2025
1210;2.07.01.1.08.0002;Penyediaan Jasa Komunikasi, Sumber Daya Air dan Listrik;17;650946556;2025
1210;2.07.01.1.08.0004;Penyediaan Jasa Pelayanan Umum Kantor;17;251650000;2025
1211;2.07.01.1.09.0001;Penyediaan Jasa Pemeliharaan, Biaya Pemeliharaan dan Pajak Kendaraan Perorangan Dinas atau Kendaraan Dinas Jabatan;17;314170000;2025
1211;2.07.01.1.09.0002;Penyediaan Jasa Pemeliharaan, Biaya Pemeliharaan, Pajak dan Perizinan Kendaraan Dinas Operasional atau Lapangan;17;378085000;2025
1211;2.07.01.1.09.0006;Pemeliharaan Peralatan dan Mesin Lainnya;17;116690000;2025
1211;2.07.01.1.09.0010;Pemeliharaan/Rehabilitasi Sarana dan Prasarana Gedung Kantor atau Bangunan Lainnya;17;65000000;2025
1212;2.07.02.1.01.0001;Penyusunan Rencana Tenaga Kerja Makro;17;79999900;2025
1212;2.07.02.1.01.0004;Fasilitasi Penyusunan Rencana Tenaga Kerja Mikro;17;50000000;2025
1213;2.07.03.1.01.0001;Proses Pelaksanaan Pendidikan dan Pelatihan Keterampilan bagi Pencari Kerja Berdasarkan Klaster Kompetensi;17;486140000;2025
1213;2.07.03.1.01.0002;Koordinasi Lintas Lembaga dan Kerja Sama Dengan Sektor Swasta untuk Penyediaan Instruktur serta Sarana dan Prasarana Lembaga Pelatihan Kerja;17;95000000;2025
1214;2.07.03.1.02.0001;Survey dan Penilaian Akreditasi Kepada Lembaga Pelatihan Kerja;17;93200000;2025
1215;2.07.03.1.04.0001;Pengukuran Kompetensi dan Produktivitas Tenaga Kerja;17;25660000;2025
1216;2.07.04.1.01.0001;Penyediaan Sumber Daya Pelayanan Antar Kerja;17;50000000;2025
1216;2.07.04.1.01.0003;Penyuluhan dan Bimbingan Jabatan bagi Pencari Kerja;17;30000050;2025
1216;2.07.04.1.01.0004;Pembinaan Operasionalisasi Pelayanan Penempatan Tenaga Kerja AKAD (Antar Kerja Antar Daerah) dan AKL (Antar Kerja Lokal);17;50000000;2025
1216;2.07.04.1.01.0005;Perluasan Kesempatan Kerja;17;250000000;2025
1216;2.07.04.1.01.0006;Penyelenggaraan Unit Layanan Disabilitas Ketenagakerjaan;17;59999750;2025
1217;2.07.04.1.02.0002;Pengawasan dan Pengendalian LPTKS;17;0;2025
1218;2.07.04.1.03.0002;Pelayanan dan Penyediaan Informasi Pasar Kerja Online;17;39999750;2025
1218;2.07.04.1.03.0003;Job Fair/Bursa Kerja;17;49999800;2025
1219;2.07.04.1.04.0001;Peningkatan Pelindungan dan Kompetensi Calon Pekerja Migran Indonesia (PMI)/Pekerja Migran Indonesia (PMI);17;100000100;2025
1219;2.07.04.1.04.0003;Penyediaan Layanan Terpadu pada Calon Pekerja Migran;17;0;2025
1219;2.07.04.1.04.0004;Pemberdayaan Pekerja Migran Indonesia Purna Penempatan;17;50000000;2025
1220;2.07.04.1.05.0001;Koordinasi dan Sinkronisasi Pengesahan RPTKA yang tidak Mengandung Perubahan Jabatan, Jumlah TKA, dan Lokasi Kerja dalam 1 (satu) Daerah Provinsi;17;40000650;2025
1221;2.07.05.1.01.0001;Pengesahan Peraturan Perusahaan yang terkait dengan Hubungan Industrial;17;99999800;2025
1221;2.07.05.1.01.0002;Pendaftaran Perjanjian Kerja Bersama yang terkait dengan Hubungan Industrial;17;20650000;2025
1221;2.07.05.1.01.0003;Penyelenggaraan Pendataan dan Informasi Sarana Hubungan Industrial dan Jaminan Sosial Tenaga Kerja;17;22540000;2025
1222;2.07.05.1.02.0001;Pencegahan Perselisihan Hubungan Industrial, Mogok Kerja, dan Penutupan Perusahaan yang Berakibat/Berdampak pada Kepentingan di 1 (satu) Daerah Provinsi;17;79310000;2025
1222;2.07.05.1.02.0004;Pelaksanaan Operasional Lembaga Kerja Sama Tripartit Daerah Provinsi;17;202500000;2025
1223;2.07.05.1.03.0001;Penetapan Upah Minimum Provinsi (UMP);17;100000000;2025
1224;2.07.06.1.01.0001;Pengawasan Pelaksanaan Norma Kerja di Perusahaan;17;447355000;2025
1224;2.07.06.1.01.0002;Penegakan Hukum Ketenagakerjaan di Perusahaan;17;125000000;2025
1224;2.07.06.1.01.0003;Pelayanan Keselamatan dan Kesehatan Kerja di Perusahaan;17;521408080;2025
1225;3.32.02.1.01.0001;Identifikasi Potensi Kawasan Transmigrasi;17;99999900;2025
1225;3.32.02.1.01.0002;Advokasi dan Musyawarah Penetapan Kawasan;17;99999900;2025
1225;3.32.02.1.01.0003;Penyediaan Tanah untuk Pembangunan Kawasan Transmigrasi;17;99999925;2025
1225;3.32.02.1.01.0004;Penatausahaan Pencadangan Tanah untuk Kawasan Transmigrasi;17;199999850;2025
1226;3.32.03.1.01.0001;Koordinasi dan Sinkronisasi Kerjasama Pembangunan Transmigrasi Antar Pemerintah Daerah Kabupaten/kota dalam 1 (Satu) Daerah Provinsi;17;78795750;2025
1226;3.32.03.1.01.0002;Penyiapan Lingkungan Hunian Fisik, Sosial, Ekonomi bagi Penduduk Setempat dan Transmigran;17;81679500;2025
1226;3.32.03.1.01.0005;Penyuluhan Transmigrasi;17;69865750;2025
1226;3.32.03.1.01.0006;Pelatihan Transmigrasi;17;69865750;2025
1226;3.32.03.1.01.0007;Penyesuaian Lingkungan Baru Transmigran di Kawasan Transmigrasi;17;71211500;2025
1226;3.32.03.1.01.0008;Verifikasi Hasil Penjajakan Calon Lokasi Penempatan Transmigran yang Telah Dilakukan oleh Pemerintah Kabupaten/Kota;17;0;2025
1226;3.32.03.1.01.0016;Pendampingan Dari Penampungan Provinsi Sampai Ke Lokasi;17;40049250;2025
1226;3.32.03.1.01.0017;Bantuan Non-Standar Transmigrasi (Dalam Bentuk Barang Sesuai Kearifan Lokal);17;104876050;2025
1226;3.32.03.1.01.0018;Monitoring Dan Evaluasi Ke Lokasi Transmigrasi;17;83656450;2025
1227;3.32.04.1.01.0001;Penguatan SDM dalam rangka Pemantapan Satuan Pemukiman;17;325000000;2025
1227;3.32.04.1.01.0002;Penguatan Infrastruktur Sosial, Ekonomi dan Kelembagaan dalam rangka Pemantapan Satuan Pemukiman;17;375000000;2025
1228;6.01.01.1.01.0001;Penyusunan Dokumen Perencanaan Perangkat Daerah;48;20000000;2025
1228;6.01.01.1.01.0006;Koordinasi dan Penyusunan Laporan Capaian Kinerja dan Ikhtisar Realisasi Kinerja SKPD;48;20000000;2025
1229;6.01.01.1.02.0001;Penyediaan Gaji dan Tunjangan ASN;48;19456751975;2025
1229;6.01.01.1.02.0005;Koordinasi dan Penyusunan Laporan Keuangan Akhir Tahun SKPD;48;250000000;2025
1230;6.01.01.1.03.0005;Rekonsiliasi dan Penyusunan Laporan Barang Milik Daerah pada SKPD;48;50000000;2025
1231;6.01.01.1.05.0004;Koordinasi dan Pelaksanaan Sistem Informasi Kepegawaian;48;100000000;2025
1231;6.01.01.1.05.0009;Pendidikan dan Pelatihan Pegawai Berdasarkan Tugas dan Fungsi;48;4000000000;2025
1231;6.01.01.1.05.0011;Bimbingan Teknis Implementasi Peraturan Perundang-Undangan;48;100000000;2025
1232;6.01.01.1.06.0002;Penyediaan Peralatan dan Perlengkapan Kantor;48;20000000;2025
1232;6.01.01.1.06.0005;Penyediaan Barang Cetakan dan Penggandaan;48;100000000;2025
1232;6.01.01.1.06.0007;Penyediaan Bahan/Material;48;400000000;2025
1232;6.01.01.1.06.0009;Penyelenggaraan Rapat Koordinasi dan Konsultasi SKPD;48;1500000000;2025
1233;6.01.01.1.07.0006;Pengadaan Peralatan dan Mesin Lainnya;48;5000000000;2025
1234;6.01.01.1.08.0002;Penyediaan Jasa Komunikasi, Sumber Daya Air dan Listrik;48;500000000;2025
1234;6.01.01.1.08.0004;Penyediaan Jasa Pelayanan Umum Kantor;48;2000000000;2025
1235;6.01.01.1.09.0001;Penyediaan Jasa Pemeliharaan, Biaya Pemeliharaan dan Pajak Kendaraan Perorangan Dinas atau Kendaraan Dinas Jabatan;48;200000000;2025
1235;6.01.01.1.09.0006;Pemeliharaan Peralatan dan Mesin Lainnya;48;300000000;2025
1235;6.01.01.1.09.0009;Pemeliharaan/Rehabilitasi Gedung Kantor dan Bangunan Lainnya;48;3739999999;2025
1236;6.01.02.1.01.0001;Pengawasan Kinerja Pemerintah Daerah;48;4000000000;2025
1236;6.01.02.1.01.0002;Pengawasan Keuangan Pemerintah Daerah;48;2000000000;2025
1236;6.01.02.1.01.0003;Reviu Laporan Kinerja;48;250000000;2025
1236;6.01.02.1.01.0004;Reviu Laporan Keuangan;48;250000000;2025
1236;6.01.02.1.01.0005;Pengawasan Umum dan Teknis Kabupaten/Kota;48;1000000000;2025
1236;6.01.02.1.01.0006;Kerjasama Pengawasan Internal;48;50000000;2025
1236;6.01.02.1.01.0007;Monitoring dan Evaluasi Tindak Lanjut Hasil Pemeriksaan BPK RI dan Tindak Lanjut Hasil Pemeriksaan APIP;48;1500000000;2025
1237;6.01.02.1.02.0001;Penanganan Penyelesaian Kerugian Negara/Daerah;48;100000000;2025
1237;6.01.02.1.02.0002;Pengawasan dengan Tujuan Tertentu;48;1200000000;2025
1238;6.01.03.1.01.0001;Perumusan Kebijakan Teknis di Bidang Pengawasan;48;50000000;2025
1239;6.01.03.1.02.0001;Pendampingan dan Asistensi Urusan Pemerintahan Daerah;48;300000000;2025
1239;6.01.03.1.02.0003;Koordinasi, Monitoring dan Evaluasi serta Verifikasi Pencegahan dan Pemberantasan Korupsi;48;800000000;2025
1239;6.01.03.1.02.0004;Pendampingan, Asistensi dan Verifikasi Penegakan Integritas;48;200000000;2025
1240;1.05.01.1.01.0001;Penyusunan Dokumen Perencanaan Perangkat Daerah;47;35575000;2025
1240;1.05.01.1.01.0006;Koordinasi dan Penyusunan Laporan Capaian Kinerja dan Ikhtisar Realisasi Kinerja SKPD;47;63715000;2025
1241;1.05.01.1.02.0001;Penyediaan Gaji dan Tunjangan ASN;47;11098645395;2025
1241;1.05.01.1.02.0004;Koordinasi dan Pelaksanaan Akuntansi SKPD;47;110160000;2025
1241;1.05.01.1.02.0005;Koordinasi dan Penyusunan Laporan Keuangan Akhir Tahun SKPD;47;15000000;2025
1242;1.05.01.1.03.0006;Penatausahaan Barang Milik Daerah pada SKPD;47;9950000;2025
1243;1.05.01.1.05.0002;Pengadaan Pakaian Dinas Beserta Atribut Kelengkapannya;47;427808940;2025
1243;1.05.01.1.05.0003;Pendataan dan Pengolahan Administrasi Kepegawaian;47;0;2025
1243;1.05.01.1.05.0009;Pendidikan dan Pelatihan Pegawai Berdasarkan Tugas dan Fungsi;47;98850000;2025
1244;1.05.01.1.06.0002;Penyediaan Peralatan dan Perlengkapan Kantor;47;54479380;2025
1244;1.05.01.1.06.0005;Penyediaan Barang Cetakan dan Penggandaan;47;38384000;2025
1244;1.05.01.1.06.0009;Penyelenggaraan Rapat Koordinasi dan Konsultasi SKPD;47;410700000;2025
1245;1.05.01.1.07.0002;Pengadaan Kendaraan Dinas Operasional atau Lapangan;47;0;2025
1245;1.05.01.1.07.0007;Pengadaan Aset Tetap Lainnya;47;107923400;2025
1246;1.05.01.1.08.0002;Penyediaan Jasa Komunikasi, Sumber Daya Air dan Listrik;47;199920000;2025
1246;1.05.01.1.08.0004;Penyediaan Jasa Pelayanan Umum Kantor;47;2551620000;2025
1247;1.05.01.1.09.0001;Penyediaan Jasa Pemeliharaan, Biaya Pemeliharaan dan Pajak Kendaraan Perorangan Dinas atau Kendaraan Dinas Jabatan;47;248080000;2025
1247;1.05.01.1.09.0007;Pemeliharaan Aset Tetap Lainnya;47;58210000;2025
1247;1.05.01.1.09.0010;Pemeliharaan/Rehabilitasi Sarana dan Prasarana Gedung Kantor atau Bangunan Lainnya;47;20000000;2025
1248;1.05.02.1.01.0006;Kerja Sama Antar Lembaga dan Kemitraan dalam Teknik Pencegahan Kejahatan;47;111650750;2025
1248;1.05.02.1.01.0008;Penyusunan SOP Ketertiban Umum dan Ketenteraman Masyarakat;47;0;2025
1248;1.05.02.1.01.0010;Peningkatan Kapasitas SDM Satuan Pelindungan Masyarakat;47;99042250;2025
1248;1.05.02.1.01.0014;Koordinasi Penyelenggaraan Ketenteraman, Ketertiban Umum dan Perlindungan Masyarakat Tingkat Provinsi;47;199704500;2025
1248;1.05.02.1.01.0015;Penyediaan Layanan Dasar dalam rangka Dampak Penegakan Peraturan Daerah dan Peraturan Kepala Daerah;47;56149900;2025
1248;1.05.02.1.01.0016;Pemberdayaan Perlindungan Masyarakat dalam rangka Ketenteraman dan Ketertiban Umum;47;100000050;2025
1248;1.05.02.1.01.0017;Pencegahan Gangguan Ketenteraman ,Ketertiban Umum dan Perlindungan Masyarakat Melalui Deteksi Dini dan Cegah Dini, Pembinaan dan Penyuluhan, Pelaksanaan Patroli, Pengamanan, dan Pengawalan;47;314705000;2025
1248;1.05.02.1.01.0018;Peningkatan Kapasita SDM Satuan Polisi Pamongpraja melalui pelatihan Teknis termasuk dalam pelaksanaan tugas yang bernuansa Hak Asasi Manusia;47;90811000;2025
1248;1.05.02.1.01.0019;Penindakan atas Gangguan Ketenteraman , Ketertiban Umum dan Perlindungan Masyarakat  Berdasarkan Perda dan Perkada Melalui Penerbitan dan Penanganan Unjuk Rasa dan Kerusuhan Massa;47;54859000;2025
1249;1.05.02.1.02.0001;Sosialisasi Penegakan Peraturan Daerah dan Peraturan Gubernur;47;45698000;2025
1249;1.05.02.1.02.0002;Pengawasan atas Kepatuhan Terhadap Pelaksanaan Peraturan Daerah dan Peraturan Gubernur;47;48846050;2025
1249;1.05.02.1.02.0006;Penyusunan SOP Penegakan Peraturan Daerah dan Peraturan Gubernur;47;18600000;2025
1250;1.05.02.1.03.0001;Pengembangan Kapasitas dan Karier PPNS;47;168976950;2025
1251;1.05.04.1.01.0002;Penyusunan dan Pemutakhiran Rencana Induk Sistem Proteksi Kebakaran;47;57380000;2025
1251;1.05.04.1.01.0022;Penyediaan  Informasi Daerah Rawan Kebakaran dan Peta Rawan Kebakaran;47;22100000;2025
1251;1.05.04.1.01.0023;Pembinaan Aparatur Pemadam Kebakaran dan Penyelamatan Provinsi dan Kabupaten/Kota;47;105420000;2025
1251;1.05.04.1.01.0027;Pengadaan Sarana dan Prasarana Pencegahan, Penanggulangan Kebakaran dan Alat Pelindung Diri;47;9500000;2025
1252;1.05.04.1.02.0004;Pembinaan Penyelenggaraan Pencegahan, Penanggulangan, Penyelamatan Kebakaran dan Penyelamatan Non Kebakaran;47;46180700;2025
1253;4.02.01.1.01.0002;Koordinasi dan Penyusunan Dokumen RKA- SKPD;46;47281100;2025
1253;4.02.01.1.01.0003;Koordinasi dan Penyusunan Dokumen Perubahan RKA-SKPD;46;78937400;2025
1253;4.02.01.1.01.0004;Koordinasi dan Penyusunan DPA-SKPD;46;32575000;2025
1253;4.02.01.1.01.0005;Koordinasi dan Penyusunan Perubahan DPA- SKPD;46;59247600;2025
1253;4.02.01.1.01.0006;Koordinasi dan Penyusunan Laporan Capaian Kinerja dan Ikhtisar Realisasi Kinerja SKPD;46;30918000;2025
1253;4.02.01.1.01.0007;Evaluasi Kinerja Perangkat Daerah;46;129896100;2025
1254;4.02.01.1.02.0001;Penyediaan Gaji dan Tunjangan ASN;46;71430267369;2025
1254;4.02.01.1.02.0005;Koordinasi dan Penyusunan Laporan Keuangan Akhir Tahun SKPD;46;0;2025
1254;4.02.01.1.02.0007;Koordinasi dan Penyusunan Laporan Keuangan Bulanan/ Triwulanan/Semesteran SKPD;46;46514600;2025
1255;4.02.01.1.03.0001;Penyusunan Perencanaan Kebutuhan Barang Milik Daerah SKPD;46;40905000;2025
1255;4.02.01.1.03.0005;Rekonsiliasi dan Penyusunan Laporan Barang Milik Daerah pada SKPD;46;66740050;2025
1256;4.02.01.1.05.0002;Pengadaan Pakaian Dinas Beserta Atribut Kelengkapannya;46;82681500;2025
1256;4.02.01.1.05.0003;Pendataan dan Pengolahan Administrasi Kepegawaian;46;16492000;2025
1256;4.02.01.1.05.0005;Monitoring, Evaluasi, dan Penilaian Kinerja Pegawai;46;24000000;2025
1256;4.02.01.1.05.0010;Sosialisasi Peraturan Perundang-Undangan;46;90837000;2025
1256;4.02.01.1.05.0011;Bimbingan Teknis Implementasi Peraturan Perundang-Undangan;46;554000000;2025
1257;4.02.01.1.06.0002;Penyediaan Peralatan dan Perlengkapan Kantor;46;623276220;2025
1257;4.02.01.1.06.0003;Penyediaan Peralatan Rumah Tangga;46;243446393;2025
1257;4.02.01.1.06.0005;Penyediaan Barang Cetakan dan Penggandaan;46;405880735;2025
1257;4.02.01.1.06.0008;Fasilitasi Kunjungan Tamu;46;998245000;2025
1257;4.02.01.1.06.0009;Penyelenggaraan Rapat Koordinasi dan Konsultasi SKPD;46;1262470850;2025
1257;4.02.01.1.06.0011;Dukungan Pelaksanaan Sistem Pemerintahan Berbasis Elektronik pada SKPD;46;28300000;2025
1258;4.02.01.1.07.0002;Pengadaan Kendaraan Dinas Operasional atau Lapangan;46;1300000000;2025
1258;4.02.01.1.07.0005;Pengadaan Mebel;46;862947770;2025
1258;4.02.01.1.07.0006;Pengadaan Peralatan dan Mesin Lainnya;46;329229996;2025
1258;4.02.01.1.07.0009;Pengadaan Gedung Kantor atau Bangunan Lainnya;46;233176398;2025
1258;4.02.01.1.07.0010;Pengadaan Sarana dan Prasarana Gedung Kantor atau Bangunan Lainnya;46;299511000;2025
1259;4.02.01.1.08.0002;Penyediaan Jasa Komunikasi, Sumber Daya Air dan Listrik;46;3226300000;2025
1259;4.02.01.1.08.0003;Penyediaan Jasa Peralatan dan Perlengkapan Kantor;46;121500000;2025
1259;4.02.01.1.08.0004;Penyediaan Jasa Pelayanan Umum Kantor;46;6993602000;2025
1260;4.02.01.1.09.0001;Penyediaan Jasa Pemeliharaan, Biaya Pemeliharaan dan Pajak Kendaraan Perorangan Dinas atau Kendaraan Dinas Jabatan;46;438650000;2025
1260;4.02.01.1.09.0006;Pemeliharaan Peralatan dan Mesin Lainnya;46;431824800;2025
1260;4.02.01.1.09.0009;Pemeliharaan/Rehabilitasi Gedung Kantor dan Bangunan Lainnya;46;120685000;2025
1260;4.02.01.1.09.0010;Pemeliharaan/Rehabilitasi Sarana dan Prasarana Gedung Kantor atau Bangunan Lainnya;46;761770000;2025
1261;4.02.01.1.15.0001;Penyelenggaraan Administrasi Keuangan DPRD;46;35336754294;2025
1261;4.02.01.1.15.0002;Penyediaan Pakaian Dinas dan Atribut DPRD;46;222843600;2025
1261;4.02.01.1.15.0003;Pelaksanaan Medical Check Up DPRD;46;220000000;2025
1262;4.02.01.1.16.0001;Penyelenggaraan Administrasi Keanggotaan DPRD;46;34176300;2025
1262;4.02.01.1.16.0002;Fasilitasi Fraksi DPRD;46;39499750;2025
1262;4.02.01.1.16.0003;Fasilitasi Rapat Koordinasi dan Konsultasi DPRD;46;497160000;2025
1262;4.02.01.1.16.0004;Penyediaan Kebutuhan Rumah Tangga DPRD;46;495577822;2025
1263;4.02.02.1.01.0001;Penyusunan dan Pembahasan Program Pembentukan Peraturan Daerah;46;1713340700;2025
1263;4.02.02.1.01.0002;Pembahasan Rancangan Perda;46;2261778850;2025
1263;4.02.02.1.01.0003;Penyelenggaraan Kajian Perundang-Undangan;46;1569293800;2025
1263;4.02.02.1.01.0004;Fasilitasi Penyusunan Naskah Akademik;46;136848850;2025
1263;4.02.02.1.01.0005;Penyusunan Tata Tertib DPRD;46;0;2025
1263;4.02.02.1.01.0006;Sosialisasi Peraturan Daerah yang Dilakukan Bersama oleh DPRD dan Pemerintah Daerah;46;475430000;2025
1264;4.02.02.1.02.0001;Pembahasan KUA dan PPAS;46;695664000;2025
1264;4.02.02.1.02.0002;Pembahasan Perubahan KUA dan Perubahan PPAS;46;39500000;2025
1264;4.02.02.1.02.0003;Pembahasan APBD;46;624014000;2025
1264;4.02.02.1.02.0004;Pembahasan Perubahan APBD;46;699164000;2025
1264;4.02.02.1.02.0005;Pembahasan Laporan Semester;46;27800000;2025
1264;4.02.02.1.02.0006;Pembahasan Pertanggungjawaban APBD;46;48600000;2025
1265;4.02.02.1.03.0001;Pengawasan Urusan Pemerintahan Bidang Pemerintahan dan Hukum;46;1224090000;2025
1265;4.02.02.1.03.0002;Pengawasan Urusan Pemerintahan Bidang Infrastruktur;46;521600000;2025
1265;4.02.02.1.03.0003;Pengawasan Urusan Pemerintahan Bidang Kesejahteraan Rakyat;46;538580000;2025
1265;4.02.02.1.03.0004;Pengawasan Urusan Pemerintahan Bidang Perekonomian;46;44530000;2025
1265;4.02.02.1.03.0005;Pengawasan Urusan Pemerintahan Bidang Sumber Daya Alam;46;0;2025
1265;4.02.02.1.03.0006;Pengawasan Tindak Lanjut Hasil Pemeriksaan Laporan Keuangan oleh Badan Pemeriksa Keuangan;46;49250000;2025
1265;4.02.02.1.03.0007;Pengawasan Penggunaan Anggaran;46;1337195000;2025
1265;4.02.02.1.03.0008;Pembahasan Laporan Keterangan Pertanggungjawaban Kepala Daerah;46;895360000;2025
1266;4.02.02.1.04.0001;Orientasi DPRD;46;914356000;2025
1266;4.02.02.1.04.0002;Pendalaman Tugas DPRD;46;1620098000;2025
1266;4.02.02.1.04.0004;Penyediaan Kelompok Pakar dan Tim Ahli;46;1127974500;2025
1266;4.02.02.1.04.0005;Penyediaan Tenaga Ahli Fraksi;46;820480000;2025
1266;4.02.02.1.04.0006;Penyelenggaraan Hubungan Masyarakat;46;141050000;2025
1266;4.02.02.1.04.0007;Penyusunan Program Kerja DPRD;46;140270930;2025
1266;4.02.02.1.04.0008;Publikasi dan Dokumentasi DPRD;46;2101530000;2025
1267;4.02.02.1.05.0001;Kunjungan Kerja dalam Daerah;46;561199900;2025
1267;4.02.02.1.05.0002;Penyusunan Pokok-Pokok Pikiran DPRD;46;17175000;2025
1267;4.02.02.1.05.0003;Pelaksanaan Reses;46;17061740000;2025
1267;4.02.02.1.05.0004;Sosialisasi Rancangan Peraturan Daerah;46;500000000;2025
1268;4.02.02.1.06.0001;Penyusunan Kode Etik DPRD;46;85092000;2025
1268;4.02.02.1.06.0002;Pengawasan Kode Etik DPRD;46;379956000;2025
1269;4.02.02.1.07.0001;Fasilitasi, Verifikasi, dan Koordinasi Persetujuan Kerja Sama Daerah;46;179399900;2025
1269;4.02.02.1.07.0002;Penyusunan Bahan Komunikasi dan Publikasi;46;74749750;2025
1270;4.02.02.1.08.0001;Koordinasi dan Konsultasi Pelaksanaan Tugas DPRD;46;1819692000;2025
1270;4.02.02.1.08.0002;Penyusunan Laporan Kinerja DPRD;46;95965000;2025
1270;4.02.02.1.08.0003;Fasilitasi Pelaksanaan Tugas Badan Musyawarah;46;45310000;2025
1270;4.02.02.1.08.0004;Fasilitasi Tugas Pimpinan DPRD;46;292745000;2025
1270;4.02.02.1.08.0005;Fasilitasi Pelaksanaan Tugas Panitia Khusus;46;326000000;2025
1271;4.01.01.1.06.0009;Penyelenggaraan Rapat Koordinasi dan Konsultasi SKPD;44;496671888;2025
1272;4.01.01.1.08.0003;Penyediaan Jasa Peralatan dan Perlengkapan Kantor;44;1075847750;2025
1273;4.01.01.1.09.0001;Penyediaan Jasa Pemeliharaan, Biaya Pemeliharaan dan Pajak Kendaraan Perorangan Dinas atau Kendaraan Dinas Jabatan;44;379300000;2025
1274;4.01.08.1.01.0001;Pengendalian Administrasi Pelaksanaan Pembangunan APBD;44;114601950;2025
1274;4.01.08.1.01.0002;Pengendalian Administrasi Pelaksanaan Pembangunan APBN;44;111762550;2025
1274;4.01.08.1.01.0003;Pengendalian Administrasi Pelaksanaan Pembangunan Wilayah;44;289375150;2025
1275;4.01.08.1.02.0001;Analisis Capaian Kinerja Pembangunan Daerah;44;585520035;2025
1275;4.01.08.1.02.0002;Pelaporan Pelaksanaan Pembangunan Daerah;44;128420020;2025
1275;4.01.08.1.02.0003;Fasilitasi Perumusan Kebijakan Teknis Pembangunan Daerah;44;198040500;2025
1276;4.01.01.1.01.0001;Penyusunan Dokumen Perencanaan Perangkat Daerah;41;48419000;2025
1277;4.01.01.1.02.0002;Penyediaan Administrasi Pelaksanaan Tugas ASN;41;840030000;2025
1278;4.01.01.1.05.0002;Pengadaan Pakaian Dinas Beserta Atribut Kelengkapannya;41;113350000;2025
1278;4.01.01.1.05.0003;Pendataan dan Pengolahan Administrasi Kepegawaian;41;65609000;2025
1279;4.01.01.1.06.0002;Penyediaan Peralatan dan Perlengkapan Kantor;41;52713200;2025
1279;4.01.01.1.06.0005;Penyediaan Barang Cetakan dan Penggandaan;41;350000000;2025
1280;4.01.01.1.08.0004;Penyediaan Jasa Pelayanan Umum Kantor;41;661178800;2025
1281;4.01.01.1.09.0001;Penyediaan Jasa Pemeliharaan, Biaya Pemeliharaan dan Pajak Kendaraan Perorangan Dinas atau Kendaraan Dinas Jabatan;41;291700000;2025
1281;4.01.01.1.09.0006;Pemeliharaan Peralatan dan Mesin Lainnya;41;27880000;2025
1282;4.01.01.1.13.0001;Penyiapan Materi Pimpinan;41;354074900;2025
1282;4.01.01.1.13.0002;Fasilitasi Komunikasi Pimpinan;41;188748000;2025
1282;4.01.01.1.13.0003;Pengelolaan Dokumentasi Pimpinan;41;157200000;2025
1283;4.01.01.1.14.0001;Fasilitasi dan Koordinasi Pelaksanaan Acara;41;301706000;2025
1283;4.01.01.1.14.0002;Fasilitasi Kunjungan Tamu Kepala Daerah dan Wakil Kepala Daerah;41;1189358000;2025
1283;4.01.01.1.14.0003;Pengelolaan Hubungan Keprotokolan;41;298370000;2025
1284;4.01.01.1.01.0006;Koordinasi dan Penyusunan Laporan Capaian Kinerja dan Ikhtisar Realisasi Kinerja SKPD;42;12400000;2025
1285;4.01.01.1.02.0002;Penyediaan Administrasi Pelaksanaan Tugas ASN;42;605100000;2025
1286;4.01.01.1.05.0002;Pengadaan Pakaian Dinas Beserta Atribut Kelengkapannya;42;47052700;2025
1286;4.01.01.1.05.0010;Sosialisasi Peraturan Perundang-Undangan;42;102947300;2025
1286;4.01.01.1.05.0011;Bimbingan Teknis Implementasi Peraturan Perundang-Undangan;42;45300000;2025
1287;4.01.01.1.06.0002;Penyediaan Peralatan dan Perlengkapan Kantor;42;210304850;2025
1287;4.01.01.1.06.0005;Penyediaan Barang Cetakan dan Penggandaan;42;41569050;2025
1287;4.01.01.1.06.0009;Penyelenggaraan Rapat Koordinasi dan Konsultasi SKPD;42;419162000;2025
1288;4.01.01.1.07.0005;Pengadaan Mebel;42;10140000;2025
1289;4.01.01.1.08.0003;Penyediaan Jasa Peralatan dan Perlengkapan Kantor;42;98341400;2025
1290;4.01.01.1.09.0001;Penyediaan Jasa Pemeliharaan, Biaya Pemeliharaan dan Pajak Kendaraan Perorangan Dinas atau Kendaraan Dinas Jabatan;42;92700000;2025
1290;4.01.01.1.09.0006;Pemeliharaan Peralatan dan Mesin Lainnya;42;30200000;2025
1291;4.01.05.1.01.0001;Fasilitasi Penyusunan Produk Hukum Pengaturan;42;489782700;2025
1291;4.01.05.1.01.0003;Pendokumentasian Produk Hukum dan Naskah Hukum Lainnya;42;170000000;2025
1291;4.01.05.1.01.0004;Fasilitasi dan Evaluasi Produk Hukum Kabupaten/Kota;42;355000000;2025
1292;4.01.05.1.02.0001;Fasilitasi Penyelesaian Masalah Hukum;42;569936000;2025
1292;4.01.05.1.02.0002;Fasilitasi Penyelesaian Masalah Non Litigasi dan HAM;42;200064000;2025
1293;4.01.01.1.01.0006;Koordinasi dan Penyusunan Laporan Capaian Kinerja dan Ikhtisar Realisasi Kinerja SKPD;37;33400000;2025
1294;4.01.01.1.02.0002;Penyediaan Administrasi Pelaksanaan Tugas ASN;37;892470000;2025
1295;4.01.01.1.05.0011;Bimbingan Teknis Implementasi Peraturan Perundang-Undangan;37;61600000;2025
1296;4.01.01.1.06.0009;Penyelenggaraan Rapat Koordinasi dan Konsultasi SKPD;37;347223550;2025
1297;4.01.01.1.07.0006;Pengadaan Peralatan dan Mesin Lainnya;37;50707400;2025
1298;4.01.01.1.08.0003;Penyediaan Jasa Peralatan dan Perlengkapan Kantor;37;71739050;2025
1299;4.01.01.1.09.0006;Pemeliharaan Peralatan dan Mesin Lainnya;37;364860000;2025
1300;4.01.04.1.01.0001;Pengelolaan Sarana dan Prasarana Spiritual;37;17861094000;2025
1300;4.01.04.1.01.0002;Fasilitasi Kelembagaan Bina Spiritual;37;15827644300;2025
1301;4.01.04.1.02.0001;Fasilitasi, Koordinasi, Sinkronisasi, Evaluasi dan Capaian Kinerja Kebijakan Kesejahteraan Rakyat Bidang Pendidikan;37;31989800;2025
1301;4.01.04.1.02.0002;Fasilitasi, Koordinasi dan Sinkronisasi, Evaluasi dan Capaian Kinerja Kebijakan Kesejahteraan Rakyat Bidang Kesehatan;37;238000000;2025
1301;4.01.04.1.02.0003;Fasilitasi, Koordinasi dan Sinkronisasi, Evaluasi dan Capaian Kinerja Kebijakan Kesejahteraan Rakyat Bidang Sosial;37;138000000;2025
1302;4.01.04.1.03.0001;Koordinasi dan Sinkronisasi Kebijakan Kesejahteraan Rakyat Bidang Kepemudaan, Olahraga, Kebudayaan, dan Pariwisata;37;69415000;2025
1302;4.01.04.1.03.0002;Koordinasi dan Sinkronisasi Kebijakan Kesejahteraan Rakyat Bidang Pemberdayaan Perempuan dan Perlindungan Anak, Pengendalian Penduduk dan Keluarga Berencana, Administrasi Kependudukan dan Pencatatan Sipil, Pemberdayaan Masyarakat dan Desa, Transmigrasi dan Tenaga Kerja;37;138000000;2025
1302;4.01.04.1.03.0003;Koordinasi dan Sinkronisasi Kebijakan Kesejahteraan Rakyat Bidang Komunikasi, Informatika, Statistik, Persandian, dan Perhubungan;37;138000000;2025
1303;4.01.01.1.01.0006;Koordinasi dan Penyusunan Laporan Capaian Kinerja dan Ikhtisar Realisasi Kinerja SKPD;40;50243800;2025
1304;4.01.01.1.02.0002;Penyediaan Administrasi Pelaksanaan Tugas ASN;40;335900600;2025
1305;4.01.01.1.05.0002;Pengadaan Pakaian Dinas Beserta Atribut Kelengkapannya;40;54908000;2025
1305;4.01.01.1.05.0009;Pendidikan dan Pelatihan Pegawai Berdasarkan Tugas dan Fungsi;40;29999950;2025
1306;4.01.01.1.06.0002;Penyediaan Peralatan dan Perlengkapan Kantor;40;199999030;2025
1306;4.01.01.1.06.0005;Penyediaan Barang Cetakan dan Penggandaan;40;29999500;2025
1306;4.01.01.1.06.0009;Penyelenggaraan Rapat Koordinasi dan Konsultasi SKPD;40;349999850;2025
1307;4.01.01.1.07.0001;Pengadaan Kendaraan Perorangan Dinas atau Kendaraan Dinas Jabatan;40;22220000;2025
1308;4.01.01.1.08.0001;Penyediaan Jasa Surat Menyurat;40;20000050;2025
1309;4.01.01.1.09.0001;Penyediaan Jasa Pemeliharaan, Biaya Pemeliharaan dan Pajak Kendaraan Perorangan Dinas atau Kendaraan Dinas Jabatan;40;100100000;2025
1309;4.01.01.1.09.0006;Pemeliharaan Peralatan dan Mesin Lainnya;40;56630000;2025
1310;4.01.02.1.01.0001;Fasilitasi Penataan Kelembagaan Provinsi;40;199999950;2025
1310;4.01.02.1.01.0002;Fasilitasi Penataan Kelembagaan Kabupaten/Kota;40;199999800;2025
1310;4.01.02.1.01.0003;Penataan Analisis Jabatan;40;349999850;2025
1311;4.01.02.1.02.0001;Pembinaan Pelaksanaan Reformasi Birokrasi;40;199999800;2025
1311;4.01.02.1.02.0002;Monitoring dan Evaluasi Akuntabilitas Kinerja;40;200000000;2025
1311;4.01.02.1.02.0003;Evaluasi Pelaksanaan Budaya Kerja;40;199999850;2025
1311;4.01.02.1.02.0004;Pengelolaan Tatalaksana Pemerintahan;40;200000000;2025
1311;4.01.02.1.02.0005;Fasilitasi Peningkatan Pelayanan Publik;40;200000000;2025
1312;4.01.01.1.01.0001;Penyusunan Dokumen Perencanaan Perangkat Daerah;38;32550000;2025
1312;4.01.01.1.01.0006;Koordinasi dan Penyusunan Laporan Capaian Kinerja dan Ikhtisar Realisasi Kinerja SKPD;38;19267084;2025
1312;4.01.01.1.01.0007;Evaluasi Kinerja Perangkat Daerah;38;10300000;2025
1313;4.01.01.1.05.0011;Bimbingan Teknis Implementasi Peraturan Perundang-Undangan;38;9220000;2025
1314;4.01.01.1.06.0002;Penyediaan Peralatan dan Perlengkapan Kantor;38;169971116;2025
1314;4.01.01.1.06.0005;Penyediaan Barang Cetakan dan Penggandaan;38;5000000;2025
1314;4.01.01.1.06.0009;Penyelenggaraan Rapat Koordinasi dan Konsultasi SKPD;38;511503950;2025
1315;4.01.01.1.08.0004;Penyediaan Jasa Pelayanan Umum Kantor;38;817267850;2025
1316;4.01.01.1.09.0002;Penyediaan Jasa Pemeliharaan, Biaya Pemeliharaan, Pajak dan Perizinan Kendaraan Dinas Operasional atau Lapangan;38;384920000;2025
1317;4.01.03.1.01.0001;Pengelolaan Administrasi Kebijakan Pemerintahan;38;37280000;2025
1317;4.01.03.1.01.0002;Fasilitasi Pelaksanaan Pemerintahan Umum;38;130000000;2025
1317;4.01.03.1.01.0003;Fasilitasi Penataan Wilayah;38;92720000;2025
1318;4.01.03.1.02.0001;Fasilitasi Administrasi Kepala Daerah dan DPRD;38;130000000;2025
1318;4.01.03.1.02.0002;Pengembangan Otonomi dan Penataan Urusan;38;130000000;2025
1318;4.01.03.1.02.0003;Evaluasi dan Penyelenggaraan Pemerintahan;38;130000000;2025
1319;4.01.03.1.03.0001;Fasilitasi Kerja Sama Antar Pemerintah;38;930000000;2025
1319;4.01.03.1.03.0002;Fasilitasi Kerja Sama Badan Usaha/Swasta;38;130000000;2025
1319;4.01.03.1.03.0003;Evaluasi Pelaksanaan Kerja Sama;38;130000000;2025
1320;4.01.01.1.01.0006;Koordinasi dan Penyusunan Laporan Capaian Kinerja dan Ikhtisar Realisasi Kinerja SKPD;45;6731000;2025
1321;4.01.01.1.02.0002;Penyediaan Administrasi Pelaksanaan Tugas ASN;45;686400000;2025
1322;4.01.01.1.05.0002;Pengadaan Pakaian Dinas Beserta Atribut Kelengkapannya;45;0;2025
1322;4.01.01.1.05.0011;Bimbingan Teknis Implementasi Peraturan Perundang-Undangan;45;0;2025
1323;4.01.01.1.06.0003;Penyediaan Peralatan Rumah Tangga;45;12086900;2025
1323;4.01.01.1.06.0005;Penyediaan Barang Cetakan dan Penggandaan;45;119452900;2025
1323;4.01.01.1.06.0009;Penyelenggaraan Rapat Koordinasi dan Konsultasi SKPD;45;184012000;2025
1324;4.01.01.1.07.0006;Pengadaan Peralatan dan Mesin Lainnya;45;26740000;2025
1325;4.01.01.1.08.0001;Penyediaan Jasa Surat Menyurat;45;0;2025
1325;4.01.01.1.08.0002;Penyediaan Jasa Komunikasi, Sumber Daya Air dan Listrik;45;231529500;2025
1325;4.01.01.1.08.0004;Penyediaan Jasa Pelayanan Umum Kantor;45;64350000;2025
1326;4.01.01.1.09.0001;Penyediaan Jasa Pemeliharaan, Biaya Pemeliharaan dan Pajak Kendaraan Perorangan Dinas atau Kendaraan Dinas Jabatan;45;120936350;2025
1326;4.01.01.1.09.0006;Pemeliharaan Peralatan dan Mesin Lainnya;45;37520000;2025
1326;4.01.01.1.09.0009;Pemeliharaan/Rehabilitasi Gedung Kantor dan Bangunan Lainnya;45;15000000;2025
1327;4.01.07.1.01.0001;Pengelolaan Strategi Pengadaan Barang dan Jasa;45;176949800;2025
1327;4.01.07.1.01.0002;Pelaksanaan Pengadaan Barang dan Jasa;45;118272800;2025
1327;4.01.07.1.01.0003;Pemantauan dan Evaluasi Pengadaan Barang dan Jasa;45;124800000;2025
1328;4.01.07.1.02.0001;Pengelolaan Sistem Pengadaan Secara Elektronik;45;57432400;2025
1328;4.01.07.1.02.0002;Pengembangan Sistem Informasi Pengadaan Barang dan Jasa;45;228135000;2025
1328;4.01.07.1.02.0003;Pengelolaan Informasi Pengadaan Barang dan Jasa;45;55248650;2025
1329;4.01.07.1.03.0001;Pembinaan Sumber Daya Manusia Pengadaan Barang dan Jasa;45;208759900;2025
1329;4.01.07.1.03.0002;Pembinaan Kelembagaan Pengadaan Barang dan Jasa;45;455272800;2025
1329;4.01.07.1.03.0003;Pendampingan, Konsultasi, dan/atau Bimbingan Teknis Pengadaan Barang dan Jasa;45;70370000;2025
1330;4.01.01.1.05.0011;Bimbingan Teknis Implementasi Peraturan Perundang-Undangan;39;56640000;2025
1331;4.01.01.1.06.0009;Penyelenggaraan Rapat Koordinasi dan Konsultasi SKPD;39;326573750;2025
1332;4.01.01.1.08.0003;Penyediaan Jasa Peralatan dan Perlengkapan Kantor;39;966787300;2025
1333;4.01.06.1.01.0001;Fasilitasi Pengelolaan Kebijakan Ekonomi Makro;39;385000000;2025
1333;4.01.06.1.01.0002;Fasilitasi Pengelolaan Kebijakan Ekonomi Mikro;39;249999750;2025
1334;4.01.06.1.02.0001;Koordinasi, Sinkronisasi dan Evaluasi Kebijakan Pertanian, Kehutanan, Kelautan, dan Perikanan;39;174999800;2025
1334;4.01.06.1.02.0002;Koordinasi, Sinkronisasi dan Evaluasi Kebijakan Pertambangan dan Lingkungan Hidup;39;249999950;2025
1334;4.01.06.1.02.0003;Koordinasi, Sinkronisasi dan Evaluasi Kebijakan Energi dan Air;39;175000000;2025
1335;4.01.06.1.03.0001;Koordinasi, Sinkronisasi, Monitoring, dan Evaluasi Kebijakan Pengelolaan Badan Usaha Milik Daerah Jasa Keuangan dan Aneka Usaha;39;189999700;2025
1335;4.01.06.1.03.0002;Koordinasi, Sinkronisasi, Monitoring dan Evaluasi Kebijakan Pengelolaan Badan Usaha Milik Daerah Air Minum, Limbah dan Sanitasi;39;189999700;2025
1335;4.01.06.1.03.0004;Koordinasi, Sinkronisasi, Monitoring dan Evaluasi Kebijakan Pengelolaan Badan Layanan Umum Daerah;39;145000000;2025
1336;4.01.01.1.01.0001;Penyusunan Dokumen Perencanaan Perangkat Daerah;43;29138750;2025
1337;4.01.01.1.02.0001;Penyediaan Gaji dan Tunjangan ASN;43;59856481698;2025
1337;4.01.01.1.02.0002;Penyediaan Administrasi Pelaksanaan Tugas ASN;43;4680090000;2025
1337;4.01.01.1.02.0003;Pelaksanaan Penatausahaan dan Pengujian/Verifikasi Keuangan SKPD;43;81100000;2025
1337;4.01.01.1.02.0004;Koordinasi dan Pelaksanaan Akuntansi SKPD;43;20250000;2025
1337;4.01.01.1.02.0005;Koordinasi dan Penyusunan Laporan Keuangan Akhir Tahun SKPD;43;40100000;2025
1337;4.01.01.1.02.0007;Koordinasi dan Penyusunan Laporan Keuangan Bulanan/ Triwulanan/Semesteran SKPD;43;18850000;2025
1337;4.01.01.1.02.0008;Penyusunan Pelaporan dan Analisis Prognosis Realisasi Anggaran;43;18850000;2025
1338;4.01.01.1.03.0002;Pengamanan Barang Milik Daerah SKPD;43;17725000;2025
1338;4.01.01.1.03.0005;Rekonsiliasi dan Penyusunan Laporan Barang Milik Daerah pada SKPD;43;17500000;2025
1338;4.01.01.1.03.0006;Penatausahaan Barang Milik Daerah pada SKPD;43;28200000;2025
1338;4.01.01.1.03.0007;Pemanfaatan Barang Milik Daerah SKPD;43;5000000;2025
1339;4.01.01.1.05.0002;Pengadaan Pakaian Dinas Beserta Atribut Kelengkapannya;43;875000;2025
1339;4.01.01.1.05.0011;Bimbingan Teknis Implementasi Peraturan Perundang-Undangan;43;12900000;2025
1340;4.01.01.1.06.0001;Penyediaan Komponen Instalasi Listrik/Penerangan Bangunan Kantor;43;23203200;2025
1340;4.01.01.1.06.0002;Penyediaan Peralatan dan Perlengkapan Kantor;43;26357500;2025
1340;4.01.01.1.06.0003;Penyediaan Peralatan Rumah Tangga;43;9809514;2025
1340;4.01.01.1.06.0005;Penyediaan Barang Cetakan dan Penggandaan;43;86250000;2025
1340;4.01.01.1.06.0008;Fasilitasi Kunjungan Tamu;43;161250000;2025
1340;4.01.01.1.06.0009;Penyelenggaraan Rapat Koordinasi dan Konsultasi SKPD;43;12275000;2025
1340;4.01.01.1.06.0010;Penatausahaan Arsip Dinamis pada SKPD;43;12976750;2025
1341;4.01.01.1.07.0001;Pengadaan Kendaraan Perorangan Dinas atau Kendaraan Dinas Jabatan;43;0;2025
1341;4.01.01.1.07.0002;Pengadaan Kendaraan Dinas Operasional atau Lapangan;43;3250000;2025
1341;4.01.01.1.07.0005;Pengadaan Mebel;43;5000000;2025
1341;4.01.01.1.07.0006;Pengadaan Peralatan dan Mesin Lainnya;43;30538600;2025
1342;4.01.01.1.08.0001;Penyediaan Jasa Surat Menyurat;43;9125000;2025
1342;4.01.01.1.08.0002;Penyediaan Jasa Komunikasi, Sumber Daya Air dan Listrik;43;1885013200;2025
1342;4.01.01.1.08.0003;Penyediaan Jasa Peralatan dan Perlengkapan Kantor;43;7425000;2025
1342;4.01.01.1.08.0004;Penyediaan Jasa Pelayanan Umum Kantor;43;26420000;2025
1343;4.01.01.1.09.0001;Penyediaan Jasa Pemeliharaan, Biaya Pemeliharaan dan Pajak Kendaraan Perorangan Dinas atau Kendaraan Dinas Jabatan;43;112240400;2025
1343;4.01.01.1.09.0002;Penyediaan Jasa Pemeliharaan, Biaya Pemeliharaan, Pajak dan Perizinan Kendaraan Dinas Operasional atau Lapangan;43;8350000;2025
1343;4.01.01.1.09.0005;Pemeliharaan Mebel;43;4850000;2025
1343;4.01.01.1.09.0006;Pemeliharaan Peralatan dan Mesin Lainnya;43;3660000;2025
1343;4.01.01.1.09.0009;Pemeliharaan/Rehabilitasi Gedung Kantor dan Bangunan Lainnya;43;11500000;2025
1343;4.01.01.1.09.0010;Pemeliharaan/Rehabilitasi Sarana dan Prasarana Gedung Kantor atau Bangunan Lainnya;43;500000000;2025
1343;4.01.01.1.09.0011;Pemeliharaan/Rehabilitasi Sarana dan Prasarana Pendukung Gedung Kantor atau Bangunan Lainnya;43;1070073230;2025
1344;4.01.01.1.12.0001;Penyediaan Kebutuhan Rumah Tangga Kepala Daerah;43;710113320;2025
1344;4.01.01.1.12.0002;Penyediaan Kebutuhan Rumah Tangga Wakil Kepala Daerah;43;600644324;2025
1344;4.01.01.1.12.0003;Penyediaan Kebutuhan Rumah Tangga Sekretariat Daerah;43;209096024;2025